{"FCTVV_Z1_EM": [5.918363285076982, 0.044789435482317716, 2.6404761689466323e-13, 1.998279445093143e-15, NaN, "zirc"], "Z22POC1_2": [49.84052258909111, 0.37704859843986976, 2.2236335588958286e-12, 1.6822012957966883e-14, NaN, "zirc"], "Z22POC1_3": [20.265357075776418, 0.1522798242430548, 9.041383544113685e-13, 6.793960214288158e-15, NaN, "zirc"], "Z22POC1_6": [30.07085705600921, 0.2236409475708809, 1.3416104691714645e-12, 9.977734789456629e-15, NaN, "zirc"], "Z23TR01_1_NM": [22.06715419086555, 0.16526583348369778, 9.845254836649216e-13, 7.373330663143471e-15, NaN, "zirc"], "Z23TR01_2_NM": [9.554368908006307, 0.0720404970546632, 4.26267908807277e-13, 3.214084815502061e-15, NaN, "zirc"], "Z23TR01_3_Mag": [31.03341104790362, 0.23299060030977417, 1.3845547893237983e-12, 1.0394869291950306e-14, NaN, "zirc"], "FCTVV_Z2_EM": [5.689740719034385, 0.0453763463284266, 2.538476273326664e-13, 2.0244644565194342e-15, NaN, "zirc"], "Z23TR01_4_Mag": [12.413047961807727, 0.09363255889898102, 5.538077969932956e-13, 4.177414067055457e-15, NaN, "zirc"], "Z23TR01_5_Mag": [14.031544146594477, 0.10332408523526863, 6.260169602299667e-13, 4.609801250792747e-15, NaN, "zirc"], "Z23TR01_6_Mag": [4.885228803803563, 0.03677610633697875, 2.1795435012954238e-13, 1.640764983357667e-15, NaN, "zirc"], "Z23TR01_7_Mag": [6.478023254623026, 0.048079217771121396, 2.890168312047393e-13, 2.1450529923762556e-15, NaN, "zirc"], "Z23TR02W_1_Mag": [27.89384534376961, 0.20433604299506822, 1.244483150877559e-12, 9.1164469971923e-15, NaN, "zirc"], "Z23TR02W_2_Mag": [46.70628701710673, 0.34427670614828665, 2.083799724150385e-12, 1.5359895875269324e-14, NaN, "zirc"], "Z23TR02W_3_Mag": [7.413919191120736, 0.05523605415011676, 3.307718029410518e-13, 2.464355052650877e-15, NaN, "zirc"], "Z23TR02W_4_Mag": [10.636079208298884, 0.10214688941610366, 4.745283844159403e-13, 4.557280691358242e-15, NaN, "zirc"], "FCTVV_Z3_EM": [3.3015528762139894, 0.03233202152622255, 1.4729869172008516e-13, 1.44249226047214e-15, NaN, "zirc"], "Z23TR02W_5_Mag": [46.96472252969203, 0.4459930073588518, 2.095329817511021e-12, 1.989796588555598e-14, NaN, "zirc"], "Z23TR02W_6_Mag": [4.227661102295332, 0.041413324388757194, 1.8861698502254536e-13, 1.8476543405352543e-15, NaN, "zirc"], "Z23TR02W_7_Mag": [17.00271980181842, 0.16234188836560354, 7.585758812268411e-13, 7.242878931275254e-15, NaN, "zirc"], "Z23TR03z_1_NM": [19.087144272616825, 0.18150771579204883, 8.51572422263622e-13, 8.09796180030556e-15, NaN, "zirc"], "Z23TR03_2_NM": [21.282379795881525, 0.16422195830843145, 9.495127953904489e-13, 7.326758200608166e-15, NaN, "zirc"], "Z23TR03_3_Mag": [12.878374362400413, 0.09910729327906151, 5.745683216918182e-13, 4.4216691924271215e-15, NaN, "zirc"], "std1521": [6.6573111581021305, 0.051592678769412155, 2.970157561391153e-13, 2.301805959195688e-15, NaN, "zirc"], "Z23TR03_4_Mag": [8.013312167441223, 0.06254263047103746, 3.575137042670305e-13, 2.790337756359305e-15, NaN, "zirc"], "FCTVV_Z4_EM": [3.5216664292355713, 0.029079991977885827, 1.5711905189772335e-13, 1.2974030506775151e-15, NaN, "zirc"], "Z23TR03_5_Mag": [5.490393395682537, 0.04244040827408919, 2.449537519265877e-13, 1.8934776601271164e-15, NaN, "zirc"], "Z23TR03_6_Mag": [13.139103710802395, 0.10247781669503338, 5.862007544749885e-13, 4.572045002901462e-15, NaN, "zirc"], "Z23TR03_7_Mag": [4.994430930410371, 0.03871624329591675, 2.2282640003615466e-13, 1.7273241409795995e-15, NaN, "zirc"], "Z23TR03_8_Mag": [13.347792986334765, 0.11548796403573856, 5.955114208233588e-13, 5.152492372434129e-15, NaN, "zirc"], "Z23TR06_1_Mag": [11.984389853906997, 0.10353000485876973, 5.34683227175292e-13, 4.618988349191119e-15, NaN, "zirc"], "Z23TR06_2_Mag": [8.916260438604587, 0.07859846931033322, 3.9779871681112636e-13, 3.506668569212689e-15, NaN, "zirc"], "Z23TR06_3_Mag": [33.809201618683474, 0.29067734533675793, 1.508396610095631e-12, 1.2968561851376724e-14, NaN, "zirc"], "std1526": [6.650873729430934, 0.05820526946416321, 2.9672855043414533e-13, 2.5968265130794683e-15, NaN, "zirc"], "FCTVV_Z5_EM": [2.77156673610002, 0.022331792518815202, 1.2365337450254395e-13, 9.963323154642276e-16, NaN, "zirc"], "Z23TR06_4_Mag": [7.119236911708932, 0.05664556586186687, 3.1762456106491174e-13, 2.5272403793105588e-15, NaN, "zirc"], "Z23TRO6_5_Mag": [12.334717155628983, 0.09623154075806603, 5.503130702074141e-13, 4.293367571966897e-15, NaN, "zirc"], "23TR06_6_Mag": [7.601476729064213, 0.0558820750720853, 3.3913967739199663e-13, 2.493177258502958e-15, NaN, "zirc"], "23TR06_7_Mag": [17.149892790201054, 0.12483824477601164, 7.651420000981999e-13, 5.569654893192275e-15, NaN, "zirc"], "Z23TR06_8_NM": [6.998612792378767, 0.05222054576989387, 3.122429192637979e-13, 2.3298182283346957e-15, NaN, "zirc"], "Z23TR10_1_Mag": [14.751391521949527, 0.1093108175876269, 6.581329312906901e-13, 4.876899151763491e-15, NaN, "zirc"], "Z23TR10_2_Mag": [18.726851237646073, 0.16809278656473065, 8.35497958313825e-13, 7.499455097917847e-15, NaN, "zirc"], "Z23TR10_3_Mag": [9.23559682088401, 0.08251630402983702, 4.1204590081574064e-13, 3.681462658598957e-15, "800C at 100%", "zirc"], "FCTVV_Z6_EM": [2.734457407913352, 0.02519880094775366, 1.2199774283543106e-13, 1.1242438184953003e-15, NaN, "zirc"], "Z23TR10_4_Mag": [9.03148719548031, 0.08145202907800862, 4.029395554332252e-13, 3.6339800605875175e-15, NaN, "zirc"], "Z23TR10_5_Mag": [5.204033730051591, 0.0470367036767757, 2.3217782323777954e-13, 2.0985412544291824e-15, NaN, "zirc"], "std1559": [6.626297847657381, 0.059249543567385536, 2.9563209813765417e-13, 2.6434167737746735e-15, NaN, "zirc"], "Z23TR10_6_Mag": [10.936032727007726, 0.08892103583002832, 4.879108024898601e-13, 3.967209593558862e-15, NaN, "zirc"], "Z23TR10_7_NM": [18.178660052838328, 0.14786843277077652, 8.110404235227236e-13, 6.59714610380907e-15, NaN, "zirc"], "Z23TR10_8_NM": [89.85619736761667, 0.7261311380873936, 4.00893180010782e-12, 3.2396320964013275e-14, NaN, "zirc"], "Z23TR10_9_NM": [31.921550326555874, 0.25867107137305273, 1.42417909907004e-12, 1.1540602809541034e-14, NaN, "zirc"]}