{"FCTVV_Z1_EM": [5.918363285076982, 0.044789435482317716, 2.6404761689466323e-13, 1.998279445093143e-15, NaN, "zirc"], "Z22POC1_2": [49.84052258909111, 0.37704859843986976, 2.2236335588958286e-12, 1.6822012957966883e-14, NaN, "zirc"], "Z22POC1_3": [20.265357075776418, 0.15227982424305483, 9.041383544113685e-13, 6.79396021428816e-15, NaN, "zirc"], "Z22POC1_6": [30.070857056009213, 0.22364094757088093, 1.3416104691714645e-12, 9.97773478945663e-15, NaN, "zirc"], "Z23TR01_1_NM": [22.06715419086555, 0.16526583348369778, 9.845254836649216e-13, 7.373330663143471e-15, NaN, "zirc"], "Z23TR01_2_NM": [9.554368908006307, 0.0720404970546632, 4.26267908807277e-13, 3.214084815502061e-15, NaN, "zirc"], "Z23TR01_3_Mag": [31.033411047903613, 0.23299060030977417, 1.384554789323798e-12, 1.0394869291950306e-14, NaN, "zirc"], "FCTVV_Z2_EM": [5.689740719034385, 0.0453763463284266, 2.538476273326664e-13, 2.0244644565194342e-15, NaN, "zirc"], "Z23TR01_4_Mag": [12.413047961807727, 0.09363255889898102, 5.538077969932956e-13, 4.177414067055457e-15, NaN, "zirc"], "Z23TR01_5_Mag": [14.031544146594477, 0.10332408523526863, 6.260169602299667e-13, 4.609801250792747e-15, NaN, "zirc"], "Z23TR01_6_Mag": [4.885228803803563, 0.03677610633697875, 2.1795435012954238e-13, 1.640764983357667e-15, NaN, "zirc"], "Z23TR01_7_Mag": [6.478023254623025, 0.04807921777112139, 2.8901683120473923e-13, 2.1450529923762552e-15, NaN, "zirc"], "Z23TR02W_1_Mag": [27.89384534376961, 0.20433604299506822, 1.244483150877559e-12, 9.1164469971923e-15, NaN, "zirc"], "Z23TR02W_2_Mag": [46.70628701710673, 0.34427670614828665, 2.083799724150385e-12, 1.5359895875269324e-14, NaN, "zirc"], "Z23TR02W_3_Mag": [7.413919191120736, 0.05523605415011676, 3.307718029410518e-13, 2.464355052650877e-15, NaN, "zirc"], "Z23TR02W_4_Mag": [10.636079208298884, 0.10214688941610404, 4.745283844159403e-13, 4.5572806913582596e-15, NaN, "zirc"], "FCTVV_Z3_EM": [3.3015528762139903, 0.03233202152622268, 1.472986917200852e-13, 1.4424922604721458e-15, NaN, "zirc"], "Z23TR02W_5_Mag": [46.96472252969203, 0.4459930073588535, 2.095329817511021e-12, 1.9897965885556057e-14, NaN, "zirc"], "Z23TR02W_6_Mag": [4.227661102295332, 0.041413324388757354, 1.8861698502254536e-13, 1.8476543405352614e-15, NaN, "zirc"], "Z23TR02W_7_Mag": [17.00271980181842, 0.16234188836560415, 7.585758812268411e-13, 7.24287893127528e-15, NaN, "zirc"], "Z23TR03_1_NM": [19.087144272616825, 0.18150771579204958, 8.51572422263622e-13, 8.097961800305593e-15, NaN, "zirc"], "Z23TR03_2_NM": [21.290515761065315, 0.16277380729354077, 9.498757812557024e-13, 7.262148982490442e-15, NaN, "zirc"], "Z23TR03_3_Mag": [12.88329759027442, 0.0982272142607228, 5.747879713694306e-13, 4.382404490975408e-15, NaN, "zirc"], "Z23TR03_4_Mag": [8.016375548013622, 0.062002293980615596, 3.5765037690789775e-13, 2.766230658544463e-15, NaN, "zirc"], "FCTVV_Z4_EM": [3.5230127145538477, 0.028849585025259278, 1.5717911638055892e-13, 1.2871234507566378e-15, NaN, "zirc"], "Z23TR03_5_Mag": [5.49249229862201, 0.042065306498857445, 2.4504739442411036e-13, 1.876742504633597e-15, NaN, "zirc"], "Z23TR03_6_Mag": [13.144126611970526, 0.10159308199809135, 5.864248510739058e-13, 4.532572588475566e-15, NaN, "zirc"], "Z23TR03_7_Mag": [4.996340233625162, 0.038375813131150786, 2.229115835471206e-13, 1.7121358584434187e-15, NaN, "zirc"], "Z23TR03_8_Mag": [13.358476320179037, 0.11091729745545365, 5.959880574720726e-13, 4.948572207346017e-15, NaN, "zirc"], "Z23TR06_1_Mag": [11.993981944364219, 0.0994177283767876, 5.35111178029991e-13, 4.435519245863639e-15, NaN, "zirc"], "Z23TR06_2_Mag": [8.923396853366604, 0.07558667755637802, 3.9811710776151527e-13, 3.3722975620762918e-15, NaN, "zirc"], "Z23TR06_3_Mag": [33.836261896608846, 0.2790436392687451, 1.5096039036588222e-12, 1.2449524371765193e-14, NaN, "zirc"], "FCTVV_Z5_EM": [2.77156673610002, 0.022331792518815202, 1.2365337450254395e-13, 9.963323154642276e-16, NaN, "zirc"], "Z23TR06_4_Mag": [7.1192369117089305, 0.05664556586186686, 3.176245610649117e-13, 2.5272403793105584e-15, NaN, "zirc"], "Z23TR06_5_Mag": [12.334717155628983, 0.09623154075806603, 5.503130702074141e-13, 4.293367571966897e-15, NaN, "zirc"], "Z23TR06_6_Mag": [7.601476729064215, 0.05588207507208536, 3.3913967739199673e-13, 2.4931772585029606e-15, NaN, "zirc"], "Z23TR06_7_Mag": [17.149892790201054, 0.12483824477601177, 7.651420000981999e-13, 5.56965489319228e-15, NaN, "zirc"], "Z23TR06_8_NM": [6.998612792378768, 0.05222054576989392, 3.1224291926379797e-13, 2.3298182283346977e-15, NaN, "zirc"], "Z23TR10_1_Mag": [14.751391521949527, 0.10931081758762701, 6.581329312906901e-13, 4.876899151763496e-15, NaN, "zirc"], "Z23TR10_2_Mag": [18.76100910758028, 0.16658527257712824, 8.370219107513286e-13, 7.43219740238816e-15, NaN, "zirc"], "Z23TR10_3_Mag": [9.25244259548697, 0.08176567037737761, 4.1279747459119165e-13, 3.647973158623075e-15, "800C at 100%", "zirc"], "FCTVV_Z6_EM": [2.7394450718454686, 0.024983095742135066, 1.222202673260225e-13, 1.1146201366170725e-15, NaN, "zirc"], "Z23TR10_4_Mag": [9.04796067310988, 0.08072312332543531, 4.0367451918934056e-13, 3.601459950273727e-15, NaN, "zirc"], "Z23TR10_5_Mag": [5.213525913496022, 0.046618688593971926, 2.3260131674382175e-13, 2.0798915228862284e-15, NaN, "zirc"], "Z23TR10_6_Mag": [10.936032727007726, 0.08892103583002832, 4.879108024898601e-13, 3.967209593558862e-15, NaN, "zirc"], "Z23TR10_7_NM": [18.178660052838328, 0.14786843277077652, 8.110404235227236e-13, 6.59714610380907e-15, NaN, "zirc"], "Z23TR10_8_NM": [89.85619736761669, 0.7261311380873938, 4.00893180010782e-12, 3.239632096401328e-14, NaN, "zirc"], "Z23TR10_9_NM": [31.921550326555874, 0.25867107137305273, 1.42417909907004e-12, 1.1540602809541034e-14, NaN, "zirc"]}