{"FCTVV_Z1_EM": [5.918363285076982, 0.044789435482317716, 2.6404761689466323e-13, 1.998279445093143e-15, NaN, "zirc"], "Z22POC1_2": [49.84052258909111, 0.37704859843986976, 2.2236335588958286e-12, 1.6822012957966883e-14, NaN, "zirc"], "Z22POC1_3": [20.265357075776418, 0.1522798242430548, 9.041383544113685e-13, 6.793960214288158e-15, NaN, "zirc"], "Z22POC1_6": [30.07085705600921, 0.2236409475708809, 1.3416104691714645e-12, 9.977734789456629e-15, NaN, "zirc"], "Z23TR01_1_NM": [22.06715419086555, 0.16526583348369778, 9.845254836649216e-13, 7.373330663143471e-15, NaN, "zirc"], "Z23TR01_2_NM": [9.554368908006307, 0.0720404970546632, 4.26267908807277e-13, 3.214084815502061e-15, NaN, "zirc"], "Z23TR01_3_Mag": [31.03341104790362, 0.23299060030977417, 1.3845547893237983e-12, 1.0394869291950306e-14, NaN, "zirc"], "FCTVV_Z2_EM": [5.689740719034385, 0.0453763463284266, 2.538476273326664e-13, 2.0244644565194342e-15, NaN, "zirc"], "Z23TR01_4_Mag": [12.413047961807727, 0.09363255889898102, 5.538077969932956e-13, 4.177414067055457e-15, NaN, "zirc"], "Z23TR01_5_Mag": [14.031544146594477, 0.10332408523526863, 6.260169602299667e-13, 4.609801250792747e-15, NaN, "zirc"], "Z23TR01_6_Mag": [4.885228803803563, 0.03677610633697875, 2.1795435012954238e-13, 1.640764983357667e-15, NaN, "zirc"], "Z23TR01_7_Mag": [6.478023254623026, 0.048079217771121396, 2.890168312047393e-13, 2.1450529923762556e-15, NaN, "zirc"], "Z23TR02W_1_Mag": [27.89384534376961, 0.20433604299506822, 1.244483150877559e-12, 9.1164469971923e-15, NaN, "zirc"], "Z23TR02W_2_Mag": [46.70628701710673, 0.34427670614828665, 2.083799724150385e-12, 1.5359895875269324e-14, NaN, "zirc"], "Z23TR02W_3_Mag": [7.413919191120736, 0.05523605415011676, 3.307718029410518e-13, 2.464355052650877e-15, NaN, "zirc"], "Z23TR02W_4_Mag": [10.636079208298884, 0.10214688941610366, 4.745283844159403e-13, 4.557280691358242e-15, NaN, "zirc"], "FCTVV_Z3_EM": [3.3015528762139894, 0.03233202152622255, 1.4729869172008516e-13, 1.44249226047214e-15, NaN, "zirc"], "Z23TR02W_5_Mag": [46.96472252969203, 0.4459930073588518, 2.095329817511021e-12, 1.989796588555598e-14, NaN, "zirc"], "Z23TR02W_6_Mag": [4.227661102295332, 0.041413324388757194, 1.8861698502254536e-13, 1.8476543405352543e-15, NaN, "zirc"], "Z23TR02W_7_Mag": [17.00271980181842, 0.16234188836560354, 7.585758812268411e-13, 7.242878931275254e-15, NaN, "zirc"], "Z23TR03z_1_NM": [19.087144272616825, 0.18150771579204883, 8.51572422263622e-13, 8.09796180030556e-15, NaN, "zirc"], "Z23TR03_2_NM": [21.290515761065315, 0.16277380729354077, 9.498757812557024e-13, 7.262148982490442e-15, NaN, "zirc"], "Z23TR03_3_Mag": [12.88329759027442, 0.0982272142607228, 5.747879713694306e-13, 4.382404490975408e-15, NaN, "zirc"], "Z23TR03_4_Mag": [8.016375548013622, 0.062002293980615596, 3.5765037690789775e-13, 2.766230658544463e-15, NaN, "zirc"], "FCTVV_Z4_EM": [3.5230127145538477, 0.028849585025259278, 1.5717911638055892e-13, 1.2871234507566378e-15, NaN, "zirc"], "Z23TR03_5_Mag": [5.49249229862201, 0.042065306498857445, 2.4504739442411036e-13, 1.876742504633597e-15, NaN, "zirc"], "Z23TR03_6_Mag": [13.144126611970524, 0.10159308199809132, 5.864248510739057e-13, 4.532572588475565e-15, NaN, "zirc"], "Z23TR03_7_Mag": [4.996340233625161, 0.038375813131150786, 2.2291158354712058e-13, 1.7121358584434187e-15, NaN, "zirc"], "Z23TR03_8_Mag": [13.358476320179037, 0.11091729745545365, 5.959880574720726e-13, 4.948572207346017e-15, NaN, "zirc"], "Z23TR06_1_Mag": [11.993981944364219, 0.0994177283767876, 5.35111178029991e-13, 4.435519245863639e-15, NaN, "zirc"], "Z23TR06_2_Mag": [8.923396853366606, 0.07558667755637803, 3.981171077615153e-13, 3.3722975620762926e-15, NaN, "zirc"], "Z23TR06_3_Mag": [33.83626189660885, 0.27904363926874515, 1.5096039036588226e-12, 1.2449524371765197e-14, NaN, "zirc"], "FCTVV_Z5_EM": [2.77156673610002, 0.022331792518815202, 1.2365337450254395e-13, 9.963323154642276e-16, NaN, "zirc"], "Z23TR06_4_Mag": [7.119236911708932, 0.05664556586186687, 3.1762456106491174e-13, 2.5272403793105588e-15, NaN, "zirc"], "Z23TR06_5_Mag": [12.334717155628983, 0.09623154075806603, 5.503130702074141e-13, 4.293367571966897e-15, NaN, "zirc"], "Z23TR06_6_Mag": [7.601476729064213, 0.0558820750720853, 3.3913967739199663e-13, 2.493177258502958e-15, NaN, "zirc"], "Z23TR06_7_Mag": [17.149892790201054, 0.12483824477601164, 7.651420000981999e-13, 5.569654893192275e-15, NaN, "zirc"], "Z23TR06_8_NM": [6.998612792378767, 0.05222054576989387, 3.122429192637979e-13, 2.3298182283346957e-15, NaN, "zirc"], "Z23TR10_1_Mag": [14.751391521949527, 0.1093108175876269, 6.581329312906901e-13, 4.876899151763491e-15, NaN, "zirc"], "Z23TR10_2_Mag": [18.76100910758028, 0.16658527257712866, 8.370219107513286e-13, 7.432197402388179e-15, NaN, "zirc"], "Z23TR10_3_Mag": [9.25244259548697, 0.08176567037737782, 4.1279747459119165e-13, 3.6479731586230845e-15, "800C at 100%", "zirc"], "FCTVV_Z6_EM": [2.7394450718454686, 0.024983095742135124, 1.222202673260225e-13, 1.114620136617075e-15, NaN, "zirc"], "Z23TR10_4_Mag": [9.04796067310988, 0.0807231233254355, 4.0367451918934056e-13, 3.601459950273735e-15, NaN, "zirc"], "Z23TR10_5_Mag": [5.213525913496023, 0.04661868859397205, 2.326013167438218e-13, 2.079891522886234e-15, NaN, "zirc"], "Z23TR10_6_Mag": [10.936032727007726, 0.08892103583002832, 4.879108024898601e-13, 3.967209593558862e-15, NaN, "zirc"], "Z23TR10_7_NM": [18.178660052838328, 0.14786843277077652, 8.110404235227236e-13, 6.59714610380907e-15, NaN, "zirc"], "Z23TR10_8_NM": [89.85619736761667, 0.7261311380873936, 4.00893180010782e-12, 3.2396320964013275e-14, NaN, "zirc"], "Z23TR10_9_NM": [31.921550326555874, 0.25867107137305273, 1.42417909907004e-12, 1.1540602809541034e-14, NaN, "zirc"]}