{"WRG_DUR1": [2.6417066123407533, 0.02885360923225864, 1.1785966861518486e-13, 1.287302990642395e-15, NaN, "ap"], "WRG_DUR2": [1.0100691012819907, 0.011260740744943496, 4.506420546453068e-14, 5.023976418730925e-16, "bright flash at beginning of lasing", "ap"], "WRG_DUR3": [1.5126035007322463, 0.016704472181214715, 6.74847640194631e-14, 7.452695717504556e-16, "bright flash at beginning of lasing", "ap"], "WRG_DUR4": [0.5906434555328989, 0.00668310466323335, 2.635154169415985e-14, 2.9816653266857095e-16, NaN, "ap"], "WRG_DUR5": [2.107725810285424, 0.02306226585560604, 9.403612966384509e-14, 1.0289223635052217e-15, "very breif flash at beginning", "ap"], "WRG_DUR6": [0.0043642562976700175, 0.0005263354668621699, 1.9471117594673048e-16, 2.3482442529765764e-17, NaN, "ap"], "WRG_DUR7": [3.625451874394785, 0.039530205811202326, 1.6174943670896693e-13, 1.7636390564469673e-15, NaN, "ap"], "WRG_DUR8": [1.348379141484885, 0.015030649527781013, 6.015789870102993e-14, 6.70592019620818e-16, "bright flash at beginning", "ap"]}