,aliquot_type,intercept,error,QST,QRT,notes,time_of_collection,file
lb01_01182023,lb,0.00404180347125153,0.00013121613476812485,6835,0,,1674056848.705947,10000-2946-13670-001.csv
