{"DUR_HG_01": [3.996717028082278, 0.030063377601329763, 1.7831342143670376e-13, 1.3412767735044956e-15, NaN, "ap"], "CTJ1_ap1": [0.03897576173990857, 0.0007237279336662268, 1.7389025492954654e-15, 3.2289102064166446e-17, NaN, "ap"], "CTJ1_ap2": [0.12631690479754829, 0.0015220412804196385, 5.635625269811202e-15, 6.790583030336568e-17, NaN, "ap"], "CTJ1_ap3": [0.01275878360418785, 0.0009913319526921448, 5.692327832688431e-16, 4.42282480901287e-17, NaN, "ap"], "CTJ1_ap4": [0.017065725749763148, 0.0004776814950593531, 7.6138688987968e-16, 2.1311746901907424e-17, NaN, "ap"], "CTJ1_ap5": [0.0261723729906595, 0.0005843792394792277, 1.1676797086936512e-15, 2.607206386540678e-17, NaN, "ap"], "CTJ1_ap6": [0.050042371445112956, 0.001223814576722589, 2.2326390401138998e-15, 5.460045403420135e-17, NaN, "ap"], "CTJ1_ap7": [0.0024224536142174297, 0.0005917626979977741, 1.0807770207091235e-16, 2.6401476666269922e-17, NaN, "ap"], "CTJ1_ap8": [0.03202803731175179, 0.0010064365481007313, 1.4289300130164983e-15, 4.490213920320921e-17, NaN, "ap"], "CTJ1_ap10": [0.021117140112942922, 0.00046412405834315605, 9.421406314331633e-16, 2.0706882231781744e-17, NaN, "ap"], "DUR_HG_2": [3.115311521980421, 0.023801041813843283, 1.3898953876953782e-13, 1.06188283277609e-15, NaN, "ap"], "CTJ1_ap11": [0.00046831459940348296, 0.0005198417085089153, 2.0893843107142097e-17, 2.3192723677563812e-17, NaN, "ap"], "CTJ1_ap12": [0.038518153501712324, 0.0008026297599367632, 1.7184863702022094e-15, 3.58093048959027e-17, NaN, "ap"], "CTJ1_ap13": [0.010024420628381981, 0.0005734524706898249, 4.472392535193173e-16, 2.5584566373241048e-17, NaN, "ap"], "CTJ1_ap14": [0.1336986845956379, 0.0015223440622161054, 5.964963174606848e-15, 6.79193389049748e-17, NaN, "ap"], "CTJ1_ap15": [0.09520692810338291, 0.0011964119705782249, 4.2476545062631796e-15, 5.337788750683612e-17, NaN, "ap"], "CTJ1_ap16": [0.11957771505451548, 0.001412106977033022, 5.3349565028337415e-15, 6.300111434964851e-17, NaN, "ap"], "CTJ1_ap17": [0.029275438040528224, 0.0007024226799652998, 1.306122871443215e-15, 3.133856875012492e-17, NaN, "ap"], "CTJ1_ap18": [0.01382673891063844, 0.0008300635237790942, 6.1687958020159e-16, 3.7033261523114757e-17, NaN, "ap"], "CTJ1_ap19": [0.004384364737640528, 0.0003473204222056561, 1.956083134487609e-16, 1.5495691184333722e-17, NaN, "ap"], "DUR_HG_3": [2.455201489585456, 0.0190407241319493, 1.0953874763921905e-13, 8.495013889510707e-16, NaN, "ap"], "CTJ1_ap20": [0.01061642305246401, 0.00046022967557738097, 4.736514255583122e-16, 2.0533134450672836e-17, NaN, "ap"], "CTJ1_ap21": [0.05704545825973834, 0.0008636989303291752, 2.5450815677584695e-15, 3.853390427095454e-17, NaN, "ap"], "CTJ1_ap22": [0.028160833661535208, 0.0008309470104197954, 1.2563948274085483e-15, 3.707267825554543e-17, NaN, "ap"], "CTJ1_ap23": [0.04264601025121675, 0.0009515018808242717, 1.902650586741177e-15, 4.2451230517724265e-17, NaN, "ap"], "CTJ1_ap24": [0.01784833480694359, 0.000518858248676818, 7.963029716669755e-16, 2.314884664391978e-17, NaN, "ap"], "CTJ1_ap25": [0.00856431914269188, 0.000650746224139002, 3.8209686547211024e-16, 2.903302507981627e-17, "temp 536C laser 100%", "ap"], "CTJ1_ap26": [0.013216020855552981, 0.0005139089400190731, 5.896324107947256e-16, 2.2928033372850587e-17, NaN, "ap"], "CTJ1_ap27": [0.018412607330999958, 0.0004616354563170566, 8.214779749709983e-16, 2.0595853320114954e-17, NaN, "ap"], "CTJ1_ap28": [0.005461063101553752, 0.0006286693326375103, 2.436451816522598e-16, 2.804806516630277e-17, NaN, "ap"], "DUR_HG_4": [2.3208435335875413, 0.01872603919121088, 1.0354437108894178e-13, 8.354617288842187e-16, NaN, "ap"], "CTJ1_ap29": [0.01790371388908155, 0.0006922721186012852, 7.987737079094114e-16, 3.0885701731118284e-17, NaN, "ap"], "CTJ1_ap30": [0.11552642410384549, 0.0015164910105580202, 5.1542082673260235e-15, 6.765820516454092e-17, NaN, "ap"], "CTJ1_ap31": [0.182102573831293, 0.0021813307453957035, 8.124501375537297e-15, 9.732001184062208e-17, NaN, "ap"], "CTJ1_ap32": [0.004951147467725592, 0.0010337770301245635, 2.2089530952643847e-16, 4.6121934064627614e-17, NaN, "ap"], "CTJ1_ap33": [0.021375444700072174, 0.0007610829126976318, 9.53664883558141e-16, 3.395569343703185e-17, NaN, "ap"], "CTJ1_ap34": [0.06097950218738999, 0.0008280753873042518, 2.7205988305251178e-15, 3.694456086839706e-17, NaN, "ap"], "CTJ1_ap35": [0.006961657767468551, 0.0006716680250228376, 3.1059417183316456e-16, 2.9966450656859e-17, NaN, "ap"], "CTJ1_ap36": [0.017681389972446306, 0.0004994727620446512, 7.888547324193051e-16, 2.228396368540426e-17, NaN, "ap"], "CTJ1_ap38": [0.008305083367923478, 0.00045908758212253963, 3.705310684359542e-16, 2.0482179982267314e-17, NaN, "ap"], "DUR_HG_5": [2.517766241049173, 0.020109901335493004, 1.1233007232306473e-13, 8.972027007893728e-16, NaN, "ap"], "CTJ1_ap39": [0.02089918233469804, 0.0007254761286374297, 9.324164510885177e-16, 3.23670977352293e-17, NaN, "ap"], "CTJ1_ap40": [0.04736369134574395, 0.0007818194093072235, 2.1131298003811876e-15, 3.4880851668922254e-17, NaN, "ap"], "CTJ1_ap41": [0.013438830454532083, 0.000371587623694489, 5.995730549893853e-16, 1.6578371718322878e-17, NaN, "ap"], "CTJ1_ap42": [0.06164003017503595, 0.001985871393861455, 2.7500682687175848e-15, 8.859959819137392e-17, NaN, "ap"], "CTJ1_ap43": [0.00038763098508928984, 0.00039081623665282564, 1.7294145850329698e-17, 1.74362557621498e-17, "empty, signal=blank", "ap"], "CTJ1_ap44": [0.0332139574790635, 0.0006147046110194102, 1.4818398090061345e-15, 2.7425029491362993e-17, NaN, "ap"], "CTJ1_ap47": [0.0070361874173741935, 0.0005442897893094843, 3.1391931013537046e-16, 2.4283474137123416e-17, NaN, "ap"], "CTJ1_ap48": [0.006865204642459957, 0.0004857375568049461, 3.062909182858908e-16, 2.1671167877440264e-17, NaN, "ap"], "DUR_HG_6": [2.471434969198831, 0.021117432963206225, 1.1026300389037346e-13, 9.421536969396905e-16, NaN, "ap"], "CTJ2_ap1": [0.030202000044942546, 0.0009280462506043899, 1.3474614100536516e-15, 4.140475821381234e-17, NaN, "ap"], "CTJ2_ap2": [0.05039478450726793, 0.0010585463031024666, 2.2483619392909755e-15, 4.7227014504437697e-17, NaN, "ap"], "CTJ2_ap3": [0.004349910428958915, 0.00048652259514466416, 1.9407113540460938e-16, 2.1706192341601862e-17, NaN, "ap"], "CTJ2_ap5": [0.004228188478410164, 0.0009539133981418854, 1.8864051389355597e-16, 4.255882029721983e-17, NaN, "ap"], "CTJ2_ap7": [0.014561171027260398, 0.0005658965727933473, 6.496462490970106e-16, 2.524746019422447e-17, NaN, "ap"], "CTJ2_ap8": [0.05724754247950211, 0.0008176991109532339, 2.554097549723481e-15, 3.6481623581388143e-17, NaN, "ap"], "CTJ2_ap9": [0.03525367436269444, 0.0007996311047300018, 1.5728417222581619e-15, 3.567551997546184e-17, NaN, "ap"], "CTJ2_ap10": [0.06645865829444872, 0.0011111345489293015, 2.9650512311255784e-15, 4.9573237660805813e-17, NaN, "ap"], "CTJ2_ap11": [0.007347393318297348, 0.0005103522996934168, 3.278037529355469e-16, 2.2769353961515873e-17, NaN, "ap"], "DUR_HG_7": [3.0383864787138086, 0.02288497137548068, 1.3555753005772322e-13, 1.0210123750995215e-15, NaN, "ap"], "CTJ2_ap12": [0.011519754134760066, 0.00048335072055016084, 5.139535172106748e-16, 2.1564679242891083e-17, NaN, "ap"], "CTJ2_ap13": [0.08404786711619194, 0.0012507417208099272, 3.749793304014988e-15, 5.580180783483212e-17, NaN, "ap"], "CTJ2_ap14": [0.005916378571441549, 0.0005986918635433098, 2.6395906894983264e-16, 2.6710621198505834e-17, NaN, "ap"], "CTJ2_ap15": [0.007834873341666097, 0.0005180570609887205, 3.4955266091130976e-16, 2.3113101677019742e-17, NaN, "ap"], "CTJ2_ap16": [0.029480754796168795, 0.0007129780263340182, 1.3152830729083962e-15, 3.1809495241100123e-17, NaN, "ap"], "CTJ2_ap17": [0.009756694500742357, 0.0004901690339564178, 4.3529465962087785e-16, 2.186887810994993e-17, NaN, "ap"], "CTJ2_ap18": [0.005114583087205561, 0.000614276388562099, 2.281869852416151e-16, 2.7405924358084186e-17, NaN, "ap"], "CTJ2_ap20": [0.007047186724430397, 0.0004938033632571156, 3.1441004392033534e-16, 2.2031023612791806e-17, NaN, "ap"],