{"DUR_HG_01": [3.9967170309914253, 0.013087690264613384, 1.7831342156649526e-13, 5.839069449724897e-16, NaN, "ap"], "CTJ1_ap1": [0.03897576168982698, 0.11370632987207528, 1.7389025470610769e-15, 5.073004812709703e-15, NaN, "ap"], "CTJ1_ap2": [0.12631690699556483, 0.06349793630357296, 5.63562536787565e-15, 2.8329587000791003e-15, NaN, "ap"], "CTJ1_ap3": [0.01275878950757311, 0.1877560195164104, 5.692330466482158e-16, 8.376729700919533e-15, NaN, "ap"], "CTJ1_ap4": [0.01706572932868065, 0.18021745240910383, 7.613870495529869e-16, 8.040396734590158e-15, NaN, "ap"], "CTJ1_ap5": [0.026172377407946253, 0.14064375040837473, 1.1676799057707795e-15, 6.274817096831209e-15, NaN, "ap"], "CTJ1_ap6": [0.05004237537687377, 0.1033058291561251, 2.2326392155293017e-15, 4.6089867563186e-15, NaN, "ap"], "CTJ1_ap7": [0.0024224534201674214, 1.6301514224682179, 1.0807769341337652e-16, 7.272916134863112e-14, NaN, "ap"], "CTJ1_ap8": [0.032028046163812524, 0.11582791791875724, 1.4289304079509467e-15, 5.167659405673116e-15, NaN, "ap"], "CTJ1_ap10": [0.021117141723674182, 0.13812631225147937, 9.421407032958946e-16, 6.162501661973738e-15, NaN, "ap"], "DUR_HG_2": [3.115311523689147, 0.014702131547281677, 1.3898953884577258e-13, 6.559351988615006e-16, NaN, "ap"], "CTJ1_ap11": [0.00046831730182358023, 7.408304835601248, 2.0893963675541188e-17, 3.3052131862234533e-13, NaN, "ap"], "CTJ1_ap12": [0.038518155538648666, 0.13005580635371922, 1.7184864610800688e-15, 5.802436260985063e-15, NaN, "ap"], "CTJ1_ap13": [0.010024420021305224, 0.3787148509846486, 4.472392264346045e-16, 1.6896352769904906e-14, NaN, "ap"], "CTJ1_ap14": [0.1336986848405848, 0.05778751688415866, 5.9649631855351475e-15, 2.5781884930917578e-15, NaN, "ap"], "CTJ1_ap15": [0.09520693114233433, 0.06781785886476138, 4.247654641845914e-15, 3.025691927579253e-15, NaN, "ap"], "CTJ1_ap16": [0.11957771710367539, 0.06145287018766072, 5.3349565942569546e-15, 2.7417181309744225e-15, NaN, "ap"], "CTJ1_ap17": [0.02927544057512145, 0.1523841941142495, 1.3061229845240229e-15, 6.79861667325107e-15, NaN, "ap"], "CTJ1_ap18": [0.013826743120259968, 0.3977444703344393, 6.1687976801374e-16, 1.774535871930219e-14, NaN, "ap"], "CTJ1_ap19": [0.004384368538454174, 0.5267424450555392, 1.9560848302195834e-16, 2.3500599850786972e-14, NaN, "ap"], "DUR_HG_3": [2.455201492104597, 0.016576164874251034, 1.0953874775161046e-13, 7.395451447421715e-16, NaN, "ap"], "CTJ1_ap20": [0.010616423911581036, 0.28493728388679734, 4.736514638877949e-16, 1.271246916600327e-14, NaN, "ap"], "CTJ1_ap21": [0.057045458333598836, 0.08705925350274002, 2.5450815710537533e-15, 3.884146225695548e-15, NaN, "ap"], "CTJ1_ap22": [0.028160830954858933, 0.19017124753089593, 1.2563947066502602e-15, 8.484485033055051e-15, NaN, "ap"], "CTJ1_ap23": [0.04264600933820716, 0.1398154222380055, 1.9026505460072793e-15, 6.237861258053248e-15, NaN, "ap"], "CTJ1_ap24": [0.017848333427952567, 0.18716943684223486, 7.963029101433284e-16, 8.350559330875116e-15, NaN, "ap"], "CTJ1_ap25": [0.00856431642827762, 0.5046402545315636, 3.8209674436859197e-16, 2.2514511222073864e-14, "temp 536C laser 100%", "ap"], "CTJ1_ap26": [0.013216019119136042, 0.2544699074558196, 5.896323333245311e-16, 1.1353167995708913e-14, NaN, "ap"], "CTJ1_ap27": [0.018412606440889188, 0.15935402587120165, 8.214779352587305e-16, 7.10957552740259e-15, NaN, "ap"], "CTJ1_ap28": [0.005461061267763747, 0.7667829228077718, 2.4364509983776865e-16, 3.4209999232969205e-14, NaN, "ap"], "DUR_HG_4": [2.3208435327267787, 0.017843835291546095, 1.0354437105053888e-13, 7.961022259099711e-16, NaN, "ap"], "CTJ1_ap29": [0.017903711654140904, 0.25296890923139925, 7.987736081975954e-16, 1.1286201000776267e-14, NaN, "ap"], "CTJ1_ap30": [0.11552642152492859, 0.07101107533162446, 5.154208152267716e-15, 3.168157193344537e-15, NaN, "ap"], "CTJ1_a1": [0.18210257338268077, 0.06130371355832969, 8.124501355522474e-15, 2.735063512016137e-15, NaN, "ap"], "CTJ1_ap32": [0.004951144996649935, 0.26459598815321295, 2.2089519927946525e-16, 1.180494281044048e-14, NaN, "ap"], "CTJ1_ap33": [0.02137544475609578, 0.2320796378165742, 9.536648860576326e-16, 1.0354226725108154e-14, NaN, "ap"], "CTJ1_ap34": [0.06097949787446308, 0.07470838293298983, 2.7205986381040003e-15, 3.3331124713567333e-15, NaN, "ap"], "CTJ1_ap35": [0.006961656858058491, 0.6420323370109878, 3.1059413125985946e-16, 2.8644255242749523e-14, NaN, "ap"], "CTJ1_ap36": [0.01768138964877606, 0.1814327566334064, 7.888547179787658e-16, 8.094617499482752e-15, NaN, "ap"], "CTJ1_ap38": [0.008305079244836264, 0.3656170037564319, 3.7053088448453035e-16, 1.6311992672277676e-14, NaN, "ap"], "DUR_HG_5": [2.5177662415364486, 0.016421038774215465, 1.1233007234480452e-13, 7.326241980108622e-16, NaN, "ap"], "CTJ1_ap39": [0.020899179951987125, 0.22597603334518868, 9.32416344783935e-16, 1.00819145777277e-14, NaN, "ap"], "CTJ1_ap40": [0.04736369206715724, 0.09749950678530563, 2.113129832567022e-15, 4.349937841764326e-15, NaN, "ap"], "CTJ1_ap41": [0.013438827853180043, 0.1773945221072128, 5.995729389301348e-16, 7.914451775997714e-15, NaN, "ap"], "CTJ1_ap42": [0.061640030636787774, 0.20885418716557247, 2.7500682893186297e-15, 9.31802387639745e-15, NaN, "ap"], "CTJ1_ap43": [0.00038762880962834337, 6.731589766510104, 1.7294048792198775e-17, 3.003296942317348e-13, "empty, signal=blank", "ap"], "CTJ1_ap44": [0.03321395683372718, 0.11239795505600515, 1.481839780214472e-15, 5.0146317058983285e-15, NaN, "ap"], "CTJ1_ap47": [0.007036186978395316, 0.5138654615188296, 3.1391929055033975e-16, 2.2926093580745498e-14, NaN, "ap"], "CTJ1_ap48": [0.0068652021965872004, 0.46927423198616347, 3.0629080916334433e-16, 2.0936657088701858e-14, NaN, "ap"], "DUR_HG_6": [2.481398097403049, 0.017347508277178517, 1.107075085840568e-13, 7.739586096715675e-16, NaN, "ap"], "CTJ2_ap1": [0.0303237547533717, 0.19773007770914997, 1.3528934930566474e-15, 8.821722035743284e-15, NaN, "ap"], "CTJ2_ap2": [0.050597945677860814, 0.12916407256413856, 2.257425969387919e-15, 5.762651582231577e-15, NaN, "ap"], "CTJ2_ap3": [0.004367448110509498, 0.744191226508847, 1.9485357858969828e-16, 3.32020713174287e-14, NaN, "ap"], "CTJ2_ap5": [0.004245236642259848, 0.23865602385003362, 1.8940111725974157e-16, 1.0647632009013723e-14, NaN, "ap"], "std1460": [6.729055379635822, 0.01936008560740658, 3.0021662263031236e-13, 8.63749692487132e-16, NaN, "ap"], "CTJ2_ap7": [0.014561175241395096, 0.25466219444219873, 6.496464371105155e-16, 1.1361746874373102e-14, "", "ap"], "CTJ2_ap8": [0.05724754495344277, 0.08152941316967242, 2.554097660098276e-15, 3.63743254973108e-15, "", "ap"], "CTJ2_ap9": [0.0352536742587273, 0.1431063534402128, 1.5728417176196706e-15, 6.384686064076595e-15, "", "ap"], "CTJ2_ap10": [0.06645866129495896, 0.10005697028006888, 2.9650513649932612e-15, 4.464039005981479e-15, "", "ap"], "CTJ2_ap11": [0.007347392738298217, 0.4610552072033495, 3.278037270589014e-16, 2.056996552169847e-14, "", "ap"], "DUR_HG_7": [3.038386480057803, 0.011694046450801644, 1.3555753011768548e-13, 5.217295641474812e-16, "", "ap"], "CTJ2_ap12": [0.011519758352652764, 0.27577870028221557, 5.139537053918427e-16, 1.230385920773693e-14, "", "ap"], "CTJ2_ap13": [0.08404786790892453, 0.08616133279111497, 3.7497933393827305e-15, 3.8440855175834285e-15, "", "ap"], "CTJ2_ap14": [0.005916378109958362, 0.6736371754100123, 2.639590483607728e-16, 3.0054304247792106e-14, "", "ap"], "CTJ2_ap15": [0.007834874626018045, 0.4385693632670157, 3.495527182126369e-16, 1.9566760206434175e-14, "", "ap"], "CTJ2_ap16": [0.02948075900879926, 0.15367642891470362, 1.3152832608547897e-15, 6.856269693704988e-15, "", "ap"], "CTJ2_ap17": [0.009756694490924811, 0.331843912359693, 4.352946591828683e-16, 1.480520711875136e-14, "", "ap"], "CTJ2_ap18": [0.005114583709657053, 0.8001488559807876, 2.281870130122715e-16, 3.569861943342498e-14, "", "ap"], "CTJ2_ap20": [0.007047187367944832, 0.46531970117151983, 3.1441007263071435e-16, 2.0760225804029614e-14, "", "ap"],