,,Raw.Average,Raw.Average,Raw.Average,Raw.Average,Raw.Average,Raw.Average,Raw.Average,Raw.Average,Raw.Average,Raw.Average,Raw.Average,Raw.Average,Raw.Average,Raw.Average,Raw.Average,Raw.Average,Raw.STD,Raw.STD,Raw.STD,Raw.STD,Raw.STD,Raw.STD,Raw.STD,Raw.STD,Raw.STD,Raw.STD,Raw.STD,Raw.STD,Raw.STD,Raw.STD,Raw.STD,Raw.STD,Raw.RSD,Raw.RSD,Raw.RSD,Raw.RSD,Raw.RSD,Raw.RSD,Raw.RSD,Raw.RSD,Raw.RSD,Raw.RSD,Raw.RSD,Raw.RSD,Raw.RSD,Raw.RSD,Raw.RSD,Raw.RSD,Raw.Ratio.Average,Raw.Ratio.Average,Raw.Ratio.Average,Raw.Ratio.Average,Raw.Ratio.Average,Raw.Ratio.Average,Raw.Ratio.Average,Raw.Ratio.Average,Raw.Ratio.Average,Raw.Ratio.Average,Raw.Ratio.Average,Raw.Ratio.Average,Raw.Ratio.Average,Raw.Ratio.STD,Raw.Ratio.STD,Raw.Ratio.STD,Raw.Ratio.STD,Raw.Ratio.STD,Raw.Ratio.STD,Raw.Ratio.STD,Raw.Ratio.STD,Raw.Ratio.STD,Raw.Ratio.STD,Raw.Ratio.STD,Raw.Ratio.STD,Raw.Ratio.STD,Raw.Ratio.RSD,Raw.Ratio.RSD,Raw.Ratio.RSD,Raw.Ratio.RSD,Raw.Ratio.RSD,Raw.Ratio.RSD,Raw.Ratio.RSD,Raw.Ratio.RSD,Raw.Ratio.RSD,Raw.Ratio.RSD,Raw.Ratio.RSD,Raw.Ratio.RSD,Raw.Ratio.RSD,Raw.Ratio,Raw.Ratio,Raw.Ratio,Raw.Ratio,Raw.Ratio,Raw.Ratio,Raw.Ratio,Raw.Ratio,Raw.Ratio,Raw.Ratio,Raw.Ratio,Raw.Ratio,Raw.Ratio,Raw.Ratio,Raw.Ratio,Raw.Ratio,Raw.Ratio,Raw.Ratio,Raw.Ratio,Raw.Ratio,Raw.Ratio,Raw.Ratio,Raw.Ratio,Raw.Ratio,Raw.Ratio,Raw.Ratio,Raw.Ratio,Raw.Ratio,Raw.Ratio,Raw.Ratio,Raw.Ratio,Raw.Ratio,Raw.Ratio,Raw.Ratio,Raw.Ratio,Raw.Ratio,Raw.Ratio,Raw.Ratio,Raw.Ratio,Raw.Ratio,Raw.Ratio,Raw.Ratio,Raw.Ratio,Raw.Ratio,Raw.Ratio,Raw.Ratio,Raw.Ratio,Raw.Ratio,Raw.Ratio,Raw.Ratio,Raw.Ratio,Raw.Ratio,Raw.Ratio,Raw.Ratio,Raw.Ratio,Raw.Ratio,Raw.Ratio,Raw.Ratio,Raw.Ratio,Raw.Ratio,Raw.Ratio,Raw.Ratio,Raw.Ratio,Raw.Ratio,Raw.Ratio,Raw.Ratio,Raw.Ratio,Raw.Ratio,Raw.Ratio,Raw.Ratio,Raw.Ratio,Raw.Ratio,Raw.Ratio,Raw.Ratio,Raw.Ratio,Raw.Ratio,Raw.Ratio,Raw.Ratio,Raw.Ratio,Raw.Ratio,Raw.Ratio,Raw.Ratio,Raw.Ratio,Raw.Ratio,Raw.Ratio,Raw.Ratio,Raw.Ratio,Raw.Ratio,Raw.Ratio,Raw.Ratio,Raw.Ratio,Raw.Ratio,Raw.Ratio,Raw.Ratio,Raw.Ratio,Raw.Ratio,Raw.Ratio,Raw.Ratio,Raw.Ratio,Raw.Ratio,Raw.Ratio,Raw.Ratio,Raw.Ratio,Raw.Ratio,Raw.Ratio,Raw.Ratio,Raw.Ratio,Raw.Ratio,Raw.Ratio,Raw.Ratio,Raw.Ratio,Raw.Ratio,Raw.Ratio,Raw.Ratio,Raw.Ratio,Raw.Ratio,Raw.Ratio,Raw.Ratio,Raw.Ratio,Raw.Ratio,Raw.Ratio,Raw.Ratio,Raw.Ratio,Raw.Ratio,Raw.Ratio,Raw.Ratio,Raw.Ratio,Raw.Ratio,Raw.Ratio,Raw.Ratio,Raw.RawIntensityPerRun,Raw.RawIntensityPerRun,Raw.RawIntensityPerRun,Raw.RawIntensityPerRun,Raw.RawIntensityPerRun,Raw.RawIntensityPerRun,Raw.RawIntensityPerRun,Raw.RawIntensityPerRun,Raw.RawIntensityPerRun,Raw.RawIntensityPerRun,Raw.RawIntensityPerRun,Raw.RawIntensityPerRun,Raw.RawIntensityPerRun,Raw.RawIntensityPerRun,Raw.RawIntensityPerRun,Raw.RawIntensityPerRun,Raw.RawIntensityPerRun,Raw.RawIntensityPerRun,Raw.RawIntensityPerRun,Raw.RawIntensityPerRun,Raw.RawIntensityPerRun,Raw.RawIntensityPerRun,Raw.RawIntensityPerRun,Raw.RawIntensityPerRun,Raw.RawIntensityPerRun,Raw.RawIntensityPerRun,Raw.RawIntensityPerRun,Raw.RawIntensityPerRun,Raw.RawIntensityPerRun,Raw.RawIntensityPerRun,Raw.RawIntensityPerRun,Raw.RawIntensityPerRun,Raw.RawIntensityPerRun,Raw.RawIntensityPerRun,Raw.RawIntensityPerRun,Raw.RawIntensityPerRun,Raw.RawIntensityPerRun,Raw.RawIntensityPerRun,Raw.RawIntensityPerRun,Raw.RawIntensityPerRun,Raw.RawIntensityPerRun,Raw.RawIntensityPerRun,Raw.RawIntensityPerRun,Raw.RawIntensityPerRun,Raw.RawIntensityPerRun,Raw.RawIntensityPerRun,Raw.RawIntensityPerRun,Raw.RawIntensityPerRun,Raw.RawIntensityPerRun,Raw.RawIntensityPerRun,Raw.RawIntensityPerRun,Raw.RawIntensityPerRun,Raw.RawIntensityPerRun,Raw.RawIntensityPerRun,Raw.RawIntensityPerRun,Raw.RawIntensityPerRun,Raw.RawIntensityPerRun,Raw.RawIntensityPerRun,Raw.RawIntensityPerRun,Raw.RawIntensityPerRun,Raw.RawIntensityPerRun,Raw.RawIntensityPerRun,Raw.RawIntensityPerRun,Raw.RawIntensityPerRun,Raw.RawIntensityPerRun,Raw.RawIntensityPerRun,Raw.RawIntensityPerRun,Raw.RawIntensityPerRun,Raw.RawIntensityPerRun,Raw.RawIntensityPerRun,Raw.RawIntensityPerRun,Raw.RawIntensityPerRun,Raw.RawIntensityPerRun,Raw.RawIntensityPerRun,Raw.RawIntensityPerRun,Raw.RawIntensityPerRun,Raw.RawIntensityPerRun,Raw.RawIntensityPerRun,Raw.RawIntensityPerRun,Raw.RawIntensityPerRun,Raw.RawIntensityPerRun,Raw.RawIntensityPerRun,Raw.RawIntensityPerRun,Raw.RawIntensityPerRun,Raw.RawIntensityPerRun,Raw.RawIntensityPerRun,Raw.RawIntensityPerRun,Raw.RawIntensityPerRun,Raw.RawIntensityPerRun,Raw.RawIntensityPerRun,Raw.RawIntensityPerRun,Raw.RawIntensityPerRun,Raw.RawIntensityPerRun,Raw.RawIntensityPerRun,Raw.RawIntensityPerRun,Raw.RawIntensityPerRun,Raw.RawIntensityPerRun,Raw.RawIntensityPerRun,Raw.RawIntensityPerRun,Raw.RawIntensityPerRun,Raw.RawIntensityPerRun,Raw.RawIntensityPerRun,Raw.RawIntensityPerRun,Raw.RawIntensityPerRun,Raw.RawIntensityPerRun,Raw.RawIntensityPerRun,Raw.RawIntensityPerRun,Raw.RawIntensityPerRun,Raw.RawIntensityPerRun,Raw.RawIntensityPerRun,Raw.RawIntensityPerRun,Raw.RawIntensityPerRun,Raw.RawIntensityPerRun,Raw.RawIntensityPerRun,Raw.RawIntensityPerRun,Raw.RawIntensityPerRun,Raw.RawIntensityPerRun,Raw.RawIntensityPerRun,Raw.RawIntensityPerRun,Raw.RawIntensityPerRun,Raw.RawIntensityPerRun,Raw.RawIntensityPerRun,Raw.RawIntensityPerRun,Raw.RawIntensityPerRun,Raw.RawIntensityPerRun,Raw.RawIntensityPerRun,Raw.RawIntensityPerRun,Raw.RawIntensityPerRun,Raw.RawIntensityPerRun,Raw.RawIntensityPerRun,Raw.RawIntensityPerRun,Raw.RawIntensityPerRun,Raw.RawIntensityPerRun,Raw.RawIntensityPerRun,Raw.RawIntensityPerRun,Raw.RawIntensityPerRun,Raw.RawIntensityPerRun,Raw.RawIntensityPerRun,Raw.RawIntensityPerRun,Raw.RawIntensityPerRun,Raw.RawIntensityPerRun,Raw.RawIntensityPerRun,Raw.RawIntensityPerRun,Raw.RawIntensityPerRun,Raw.RawIntensityPerRun,Raw.RawIntensityPerRun,Raw.RawIntensityPerRun,Raw.RawIntensityPerRun,Raw.RawIntensityPerRun,Raw.RawIntensityPerRun,Raw.RawIntensityPerRun,Raw.RawIntensityPerRun,Raw.RawIntensityPerRun,Raw.RawIntensityPerRun,Raw.RawIntensityPerRun,Raw.RawIntensityPerRun,Raw.RawIntensityPerRun,Raw.RawIntensityPerRun,Raw.RawIntensityPerRun,Raw.RawIntensityPerRun,Raw.RawIntensityAverage,Raw.RawIntensityAverage,Raw.RawIntensityAverage,Raw.RawIntensityAverage,Raw.RawIntensityAverage,Raw.RawIntensityAverage,Raw.RawIntensityAverage,Raw.RawIntensityAverage,Raw.RawIntensityAverage,Raw.RawIntensityAverage,Raw.RawIntensityAverage,Raw.RawIntensityAverage,Raw.RawIntensityAverage,Raw.RawIntensityAverage,Raw.RawIntensityAverage,Raw.RawIntensityAverage
,,0,0,0,0,0,0,0,0,0,0,0,0,0,0,0,0,0,0,0,0,0,0,0,0,0,0,0,0,0,0,0,0,0,0,0,0,0,0,0,0,0,0,0,0,0,0,0,0,0,0,0,0,0,0,0,0,0,0,0,0,0,0,0,0,0,0,0,0,0,0,0,0,0,0,0,0,0,0,0,0,0,0,0,0,0,0,0,0,0,0,0,0,0,0,0,0,0,0,0,0,1,1,1,1,1,1,1,1,1,1,1,1,1,2,2,2,2,2,2,2,2,2,2,2,2,2,3,3,3,3,3,3,3,3,3,3,3,3,3,4,4,4,4,4,4,4,4,4,4,4,4,4,5,5,5,5,5,5,5,5,5,5,5,5,5,6,6,6,6,6,6,6,6,6,6,6,6,6,7,7,7,7,7,7,7,7,7,7,7,7,7,8,8,8,8,8,8,8,8,8,8,8,8,8,9,9,9,9,9,9,9,9,9,9,9,9,9,0,0,0,0,0,0,0,0,0,0,0,0,0,0,0,0,1,1,1,1,1,1,1,1,1,1,1,1,1,1,1,1,2,2,2,2,2,2,2,2,2,2,2,2,2,2,2,2,3,3,3,3,3,3,3,3,3,3,3,3,3,3,3,3,4,4,4,4,4,4,4,4,4,4,4,4,4,4,4,4,5,5,5,5,5,5,5,5,5,5,5,5,5,5,5,5,6,6,6,6,6,6,6,6,6,6,6,6,6,6,6,6,7,7,7,7,7,7,7,7,7,7,7,7,7,7,7,7,8,8,8,8,8,8,8,8,8,8,8,8,8,8,8,8,9,9,9,9,9,9,9,9,9,9,9,9,9,9,9,9,0,0,0,0,0,0,0,0,0,0,0,0,0,0,0,0
,,144Sm (KED),146Nd (KED),147Sm (KED),148Sm (KED),149Sm (KED),150Sm (KED),152Sm (KED),154Sm (KED),157Gd (KED),229Th (KED),230Th (KED),232Th (KED),233U (KED),235U (KED),236U (KED),238U (KED),144Sm (KED),146Nd (KED),147Sm (KED),148Sm (KED),149Sm (KED),150Sm (KED),152Sm (KED),154Sm (KED),157Gd (KED),229Th (KED),230Th (KED),232Th (KED),233U (KED),235U (KED),236U (KED),238U (KED),144Sm (KED),146Nd (KED),147Sm (KED),148Sm (KED),149Sm (KED),150Sm (KED),152Sm (KED),154Sm (KED),157Gd (KED),229Th (KED),230Th (KED),232Th (KED),233U (KED),235U (KED),236U (KED),238U (KED),238U (KED) / 235U (KED),238U (KED) / 236U (KED),232Th (KED) / 230Th (KED),152Sm (KED) / 149Sm (KED),144Sm (KED) / 152Sm (KED),147Sm (KED) / 152Sm (KED),148Sm (KED) / 152Sm (KED),150Sm (KED) / 152Sm (KED),154Sm (KED) / 152Sm (KED),238U (KED) / 233U (KED),232Th (KED) / 229Th (KED),230Th (KED) / 236U (KED),232Th (KED) / 238U (KED),238U (KED) / 235U (KED),238U (KED) / 236U (KED),232Th (KED) / 230Th (KED),152Sm (KED) / 149Sm (KED),144Sm (KED) / 152Sm (KED),147Sm (KED) / 152Sm (KED),148Sm (KED) / 152Sm (KED),150Sm (KED) / 152Sm (KED),154Sm (KED) / 152Sm (KED),238U (KED) / 233U (KED),232Th (KED) / 229Th (KED),230Th (KED) / 236U (KED),232Th (KED) / 238U (KED),238U (KED) / 235U (KED),238U (KED) / 236U (KED),232Th (KED) / 230Th (KED),152Sm (KED) / 149Sm (KED),144Sm (KED) / 152Sm (KED),147Sm (KED) / 152Sm (KED),148Sm (KED) / 152Sm (KED),150Sm (KED) / 152Sm (KED),154Sm (KED) / 152Sm (KED),238U (KED) / 233U (KED),232Th (KED) / 229Th (KED),230Th (KED) / 236U (KED),232Th (KED) / 238U (KED),238U (KED) / 235U (KED),238U (KED) / 236U (KED),232Th (KED) / 230Th (KED),152Sm (KED) / 149Sm (KED),144Sm (KED) / 152Sm (KED),147Sm (KED) / 152Sm (KED),148Sm (KED) / 152Sm (KED),150Sm (KED) / 152Sm (KED),154Sm (KED) / 152Sm (KED),238U (KED) / 233U (KED),232Th (KED) / 229Th (KED),230Th (KED) / 236U (KED),232Th (KED) / 238U (KED),238U (KED) / 235U (KED),238U (KED) / 236U (KED),232Th (KED) / 230Th (KED),152Sm (KED) / 149Sm (KED),144Sm (KED) / 152Sm (KED),147Sm (KED) / 152Sm (KED),148Sm (KED) / 152Sm (KED),150Sm (KED) / 152Sm (KED),154Sm (KED) / 152Sm (KED),238U (KED) / 233U (KED),232Th (KED) / 229Th (KED),230Th (KED) / 236U (KED),232Th (KED) / 238U (KED),238U (KED) / 235U (KED),238U (KED) / 236U (KED),232Th (KED) / 230Th (KED),152Sm (KED) / 149Sm (KED),144Sm (KED) / 152Sm (KED),147Sm (KED) / 152Sm (KED),148Sm (KED) / 152Sm (KED),150Sm (KED) / 152Sm (KED),154Sm (KED) / 152Sm (KED),238U (KED) / 233U (KED),232Th (KED) / 229Th (KED),230Th (KED) / 236U (KED),232Th (KED) / 238U (KED),238U (KED) / 235U (KED),238U (KED) / 236U (KED),232Th (KED) / 230Th (KED),152Sm (KED) / 149Sm (KED),144Sm (KED) / 152Sm (KED),147Sm (KED) / 152Sm (KED),148Sm (KED) / 152Sm (KED),150Sm (KED) / 152Sm (KED),154Sm (KED) / 152Sm (KED),238U (KED) / 233U (KED),232Th (KED) / 229Th (KED),230Th (KED) / 236U (KED),232Th (KED) / 238U (KED),238U (KED) / 235U (KED),238U (KED) / 236U (KED),232Th (KED) / 230Th (KED),152Sm (KED) / 149Sm (KED),144Sm (KED) / 152Sm (KED),147Sm (KED) / 152Sm (KED),148Sm (KED) / 152Sm (KED),150Sm (KED) / 152Sm (KED),154Sm (KED) / 152Sm (KED),238U (KED) / 233U (KED),232Th (KED) / 229Th (KED),230Th (KED) / 236U (KED),232Th (KED) / 238U (KED),238U (KED) / 235U (KED),238U (KED) / 236U (KED),232Th (KED) / 230Th (KED),152Sm (KED) / 149Sm (KED),144Sm (KED) / 152Sm (KED),147Sm (KED) / 152Sm (KED),148Sm (KED) / 152Sm (KED),150Sm (KED) / 152Sm (KED),154Sm (KED) / 152Sm (KED),238U (KED) / 233U (KED),232Th (KED) / 229Th (KED),230Th (KED) / 236U (KED),232Th (KED) / 238U (KED),238U (KED) / 235U (KED),238U (KED) / 236U (KED),232Th (KED) / 230Th (KED),152Sm (KED) / 149Sm (KED),144Sm (KED) / 152Sm (KED),147Sm (KED) / 152Sm (KED),148Sm (KED) / 152Sm (KED),150Sm (KED) / 152Sm (KED),154Sm (KED) / 152Sm (KED),238U (KED) / 233U (KED),232Th (KED) / 229Th (KED),230Th (KED) / 236U (KED),232Th (KED) / 238U (KED),238U (KED) / 235U (KED),238U (KED) / 236U (KED),232Th (KED) / 230Th (KED),152Sm (KED) / 149Sm (KED),144Sm (KED) / 152Sm (KED),147Sm (KED) / 152Sm (KED),148Sm (KED) / 152Sm (KED),150Sm (KED) / 152Sm (KED),154Sm (KED) / 152Sm (KED),238U (KED) / 233U (KED),232Th (KED) / 229Th (KED),230Th (KED) / 236U (KED),232Th (KED) / 238U (KED),238U (KED) / 235U (KED),238U (KED) / 236U (KED),232Th (KED) / 230Th (KED),152Sm (KED) / 149Sm (KED),144Sm (KED) / 152Sm (KED),147Sm (KED) / 152Sm (KED),148Sm (KED) / 152Sm (KED),150Sm (KED) / 152Sm (KED),154Sm (KED) / 152Sm (KED),238U (KED) / 233U (KED),232Th (KED) / 229Th (KED),230Th (KED) / 236U (KED),232Th (KED) / 238U (KED),238U (KED) / 235U (KED),238U (KED) / 236U (KED),232Th (KED) / 230Th (KED),152Sm (KED) / 149Sm (KED),144Sm (KED) / 152Sm (KED),147Sm (KED) / 152Sm (KED),148Sm (KED) / 152Sm (KED),150Sm (KED) / 152Sm (KED),154Sm (KED) / 152Sm (KED),238U (KED) / 233U (KED),232Th (KED) / 229Th (KED),230Th (KED) / 236U (KED),232Th (KED) / 238U (KED),144Sm (KED),146Nd (KED),147Sm (KED),148Sm (KED),149Sm (KED),150Sm (KED),152Sm (KED),154Sm (KED),157Gd (KED),229Th (KED),230Th (KED),232Th (KED),233U (KED),235U (KED),236U (KED),238U (KED),144Sm (KED),146Nd (KED),147Sm (KED),148Sm (KED),149Sm (KED),150Sm (KED),152Sm (KED),154Sm (KED),157Gd (KED),229Th (KED),230Th (KED),232Th (KED),233U (KED),235U (KED),236U (KED),238U (KED),144Sm (KED),146Nd (KED),147Sm (KED),148Sm (KED),149Sm (KED),150Sm (KED),152Sm (KED),154Sm (KED),157Gd (KED),229Th (KED),230Th (KED),232Th (KED),233U (KED),235U (KED),236U (KED),238U (KED),144Sm (KED),146Nd (KED),147Sm (KED),148Sm (KED),149Sm (KED),150Sm (KED),152Sm (KED),154Sm (KED),157Gd (KED),229Th (KED),230Th (KED),232Th (KED),233U (KED),235U (KED),236U (KED),238U (KED),144Sm (KED),146Nd (KED),147Sm (KED),148Sm (KED),149Sm (KED),150Sm (KED),152Sm (KED),154Sm (KED),157Gd (KED),229Th (KED),230Th (KED),232Th (KED),233U (KED),235U (KED),236U (KED),238U (KED),144Sm (KED),146Nd (KED),147Sm (KED),148Sm (KED),149Sm (KED),150Sm (KED),152Sm (KED),154Sm (KED),157Gd (KED),229Th (KED),230Th (KED),232Th (KED),233U (KED),235U (KED),236U (KED),238U (KED),144Sm (KED),146Nd (KED),147Sm (KED),148Sm (KED),149Sm (KED),150Sm (KED),152Sm (KED),154Sm (KED),157Gd (KED),229Th (KED),230Th (KED),232Th (KED),233U (KED),235U (KED),236U (KED),238U (KED),144Sm (KED),146Nd (KED),147Sm (KED),148Sm (KED),149Sm (KED),150Sm (KED),152Sm (KED),154Sm (KED),157Gd (KED),229Th (KED),230Th (KED),232Th (KED),233U (KED),235U (KED),236U (KED),238U (KED),144Sm (KED),146Nd (KED),147Sm (KED),148Sm (KED),149Sm (KED),150Sm (KED),152Sm (KED),154Sm (KED),157Gd (KED),229Th (KED),230Th (KED),232Th (KED),233U (KED),235U (KED),236U (KED),238U (KED),144Sm (KED),146Nd (KED),147Sm (KED),148Sm (KED),149Sm (KED),150Sm (KED),152Sm (KED),154Sm (KED),157Gd (KED),229Th (KED),230Th (KED),232Th (KED),233U (KED),235U (KED),236U (KED),238U (KED),144Sm (KED),146Nd (KED),147Sm (KED),148Sm (KED),149Sm (KED),150Sm (KED),152Sm (KED),154Sm (KED),157Gd (KED),229Th (KED),230Th (KED),232Th (KED),233U (KED),235U (KED),236U (KED),238U (KED)
,,Y (cps),Y (cps),Y (cps),Y (cps),Y (cps),Y (cps),Y (cps),Y (cps),Y (cps),Y (cps),Y (cps),Y (cps),Y (cps),Y (cps),Y (cps),Y (cps),Y (cps),Y (cps),Y (cps),Y (cps),Y (cps),Y (cps),Y (cps),Y (cps),Y (cps),Y (cps),Y (cps),Y (cps),Y (cps),Y (cps),Y (cps),Y (cps),Y (%),Y (%),Y (%),Y (%),Y (%),Y (%),Y (%),Y (%),Y (%),Y (%),Y (%),Y (%),Y (%),Y (%),Y (%),Y (%),Y,Y,Y,Y,Y,Y,Y,Y,Y,Y,Y,Y,Y,Y,Y,Y,Y,Y,Y,Y,Y,Y,Y,Y,Y,Y,Y (%),Y (%),Y (%),Y (%),Y (%),Y (%),Y (%),Y (%),Y (%),Y (%),Y (%),Y (%),Y (%),Y,Y,Y,Y,Y,Y,Y,Y,Y,Y,Y,Y,Y,Y,Y,Y,Y,Y,Y,Y,Y,Y,Y,Y,Y,Y,Y,Y,Y,Y,Y,Y,Y,Y,Y,Y,Y,Y,Y,Y,Y,Y,Y,Y,Y,Y,Y,Y,Y,Y,Y,Y,Y,Y,Y,Y,Y,Y,Y,Y,Y,Y,Y,Y,Y,Y,Y,Y,Y,Y,Y,Y,Y,Y,Y,Y,Y,Y,Y,Y,Y,Y,Y,Y,Y,Y,Y,Y,Y,Y,Y,Y,Y,Y,Y,Y,Y,Y,Y,Y,Y,Y,Y,Y,Y,Y,Y,Y,Y,Y,Y,Y,Y,Y,Y,Y,Y,Y,Y,Y,Y,Y,Y,Y,Y,Y,Y,Y,Y,Y,Y (cps),Y (cps),Y (cps),Y (cps),Y (cps),Y (cps),Y (cps),Y (cps),Y (cps),Y (cps),Y (cps),Y (cps),Y (cps),Y (cps),Y (cps),Y (cps),Y (cps),Y (cps),Y (cps),Y (cps),Y (cps),Y (cps),Y (cps),Y (cps),Y (cps),Y (cps),Y (cps),Y (cps),Y (cps),Y (cps),Y (cps),Y (cps),Y (cps),Y (cps),Y (cps),Y (cps),Y (cps),Y (cps),Y (cps),Y (cps),Y (cps),Y (cps),Y (cps),Y (cps),Y (cps),Y (cps),Y (cps),Y (cps),Y (cps),Y (cps),Y (cps),Y (cps),Y (cps),Y (cps),Y (cps),Y (cps),Y (cps),Y (cps),Y (cps),Y (cps),Y (cps),Y (cps),Y (cps),Y (cps),Y (cps),Y (cps),Y (cps),Y (cps),Y (cps),Y (cps),Y (cps),Y (cps),Y (cps),Y (cps),Y (cps),Y (cps),Y (cps),Y (cps),Y (cps),Y (cps),Y (cps),Y (cps),Y (cps),Y (cps),Y (cps),Y (cps),Y (cps),Y (cps),Y (cps),Y (cps),Y (cps),Y (cps),Y (cps),Y (cps),Y (cps),Y (cps),Y (cps),Y (cps),Y (cps),Y (cps),Y (cps),Y (cps),Y (cps),Y (cps),Y (cps),Y (cps),Y (cps),Y (cps),Y (cps),Y (cps),Y (cps),Y (cps),Y (cps),Y (cps),Y (cps),Y (cps),Y (cps),Y (cps),Y (cps),Y (cps),Y (cps),Y (cps),Y (cps),Y (cps),Y (cps),Y (cps),Y (cps),Y (cps),Y (cps),Y (cps),Y (cps),Y (cps),Y (cps),Y (cps),Y (cps),Y (cps),Y (cps),Y (cps),Y (cps),Y (cps),Y (cps),Y (cps),Y (cps),Y (cps),Y (cps),Y (cps),Y (cps),Y (cps),Y (cps),Y (cps),Y (cps),Y (cps),Y (cps),Y (cps),Y (cps),Y (cps),Y (cps),Y (cps),Y (cps),Y (cps),Y (cps),Y (cps),Y (cps),Y (cps),Y (cps),Y (cps),Y (cps),Y (cps),Y (cps),Y (cps),Y (cps),Y (cps),Y (cps),Y (cps),Y (cps),Y (cps)
1,AB1,0.046657383,5.60000512,0.40000032,-0.276440226,0.20000016,0.162653585,1.382109732,0.60498451,1.40000112,0,5.00000528,85.00037072,0,0.20000016,0,11.40001296,6.197384115,4.402023971,1.264912076,2.04533052,0.632456038,2.49496334,1.653221552,1.103779827,1.646546522,0,3.681791883,23.8748632,0,0.632456038,0,6.040612731,13282.75117,78.60749904,316.227766,739.8816547,316.227766,1533.912294,119.6157956,182.4476179,117.6103718,N/A,73.63575989,28.08795185,N/A,316.227766,N/A,52.98777074,3,N/A,20.10747184,0,-11.2902635,0,11.47471228,-8.547022015,-0.606500245,N/A,N/A,N/A,9.322352977,,N/A,10.07631859,,135.75151,0,21.5877167,63.22713923,12.14748377,N/A,N/A,N/A,5.38353464,,N/A,50.11230983,,1202.376809,,188.1329673,739.7563633,2002.881922,N/A,N/A,N/A,57.74866767,N/A,N/A,10.83338222,N/A,-2.367667588,0,-0.010745859,-0.993991932,-0.285901639,N/A,N/A,N/A,7.222256099,N/A,N/A,25.0000896,N/A,0.615474913,0,-0.335078534,1.171904669,0.5,N/A,N/A,N/A,4.545467531,N/A,N/A,19.0000608,N/A,60.17830134,0,52.43979058,51.34729494,10.9,N/A,N/A,N/A,12.66670044,N/A,N/A,14.66671307,N/A,-4.922632266,0,-0.675393742,-0.640489706,1,N/A,N/A,N/A,22.0000696,N/A,N/A,36.0000864,0,N/A,N/A,N/A,N/A,N/A,N/A,N/A,N/A,6.0000144,N/A,N/A,28.0001392,N/A,0.423213569,0,-0.502617801,0.007853403,0.5,N/A,N/A,N/A,11.20005568,N/A,N/A,8.800024704,N/A,-313.0001252,0,0,-156.5,10.9,N/A,N/A,N/A,4.88890157,N/A,N/A,8.666681778,N/A,0.233937847,0,1.347057727,-0.664689902,-0.141100324,N/A,N/A,N/A,5.20001184,3,N/A,N/A,N/A,N/A,N/A,N/A,N/A,N/A,N/A,N/A,N/A,12.0000384,N/A,N/A,30.0000688,N/A,168.5173894,0,39.53468586,37.89594241,-28.225,N/A,N/A,N/A,7.5000142,12.000016,12.0000096,0,4.0000032,0,2.0000016,2.0000016,0,4.0000032,0,12.000016,130.00076,0,0,0,18.0000208,8.0000096,4.0000032,0,0,0,6.0000144,4.0000032,2.0000016,0,0,4.0000032,100.0004384,0,0,0,22.0000336,4.0000032,4.0000032,0,0,0,0,0,0,2.0000016,0,4.0000032,76.000304,0,0,0,6.000008,4.0000064,10.0000144,0,2.0000016,0,2.0000016,2.0000016,2.0000016,0,0,6.0000048,88.0003488,0,0,0,4.0000032,6.0000048,0,0,4.0000032,2.0000016,2.0000016,0,0,0,0,2.0000016,72.0002304,0,0,0,12.0000096,10.0000176,6.0000048,0,0,0,2.0000016,4.0000032,2.0000016,0,0,4.0000032,112.0006464,0,0,0,10.000008,8.0000096,0,0,0,0,4.0000032,0,0,2.0000016,0,10.0000112,88.0003456,0,0,0,18.000024,6.0000048,4.0000032,0,4.0000032,0,0,2.0000016,0,2.0000016,0,6.000008,52.00016,0,0,0,10.000008,12.0000128,4.0000032,4.0000032,0,0,0,0,0,0,0,0,72.000288,0,2.0000016,0,6.0000048,8.0000096,12.0000096,0,2.0000016,0,2.0000016,0,2.0000016,4.0000032,0,2.0000016,60.0001856,0,0,0,8.0000096,7.80000944,5.60000512,0.40000032,1.60000128,0.20000016,2.00000256,1.40000112,0.80000064,1.40000112,0,5.00000528,85.00037072,0,0.20000016,0,11.40001296
2,AB2,1.261900341,4.0000032,0.20000016,1.659688152,1.80000144,0.487609465,0.984665324,0.832844117,1.20000096,0,4.200004,21.40003856,0,0.20000016,0,23.40003952,5.367143527,1.885619592,0.632456038,3.774035238,2.20101163,2.0862102,1.414378926,1.86051526,1.686549435,0,2.573370708,7.244940061,0,0.632456038,0,6.32808277,425.3222979,47.14045208,316.227766,227.3942388,122.2783261,427.8444841,143.6405742,223.3929762,140.5456738,N/A,61.27067279,33.85479909,N/A,316.227766,N/A,27.04304309,7.0000032,N/A,7.353340327,0.397444089,-100.4888563,0,-23.16131584,2.107941411,4.325281094,N/A,N/A,N/A,0.98481815,,N/A,5.263465439,0.550080516,194.7086195,0,86.86384682,28.951709,5.185387713,N/A,N/A,N/A,0.40788542,,N/A,71.57924432,138.4045028,193.7614047,,375.0384798,1373.458904,119.8855658,N/A,N/A,N/A,41.41733377,N/A,N/A,4.0000048,0,N/A,N/A,N/A,N/A,N/A,N/A,N/A,N/A,0.615384596,N/A,N/A,4.5000016,0,N/A,N/A,N/A,N/A,N/A,N/A,N/A,N/A,0.692307257,N/A,N/A,1.199999936,N/A,-3.236294453,0,-0.005372929,0.016118788,2.792786885,N/A,N/A,N/A,0.352940872,N/A,N/A,8.000008,1,0.807737056,0,1.332461533,1.335951134,0.5,N/A,N/A,N/A,1.0000002,7.0000032,N/A,10.0000064,N/A,N/A,N/A,N/A,N/A,N/A,N/A,N/A,N/A,1.42857169,N/A,N/A,16.0000192,N/A,N/A,N/A,N/A,N/A,N/A,N/A,N/A,N/A,1.066666923,N/A,N/A,7.5000044,-0.012779553,-111.3665244,0,-195.4202823,-39.7395288,10.9,N/A,N/A,N/A,1.666668089,N/A,N/A,3.333337067,N/A,-2.181455689,0,2.020586591,0.015910131,-0.141100324,N/A,N/A,N/A,1.00000048,N/A,N/A,16.0000192,N/A,-487.5720743,0,52.43979058,51.34729494,10.9,N/A,N/A,N/A,1.333333511,N/A,N/A,3.000002667,1,0.615474113,0,0.664921466,-0.328097731,1,N/A,N/A,N/A,0.692307882,0,2.0000016,0,0,6.0000048,0,0,0,0,0,4.0000032,16.000032,0,0,0,26.0000528,2.0000016,2.0000016,0,2.0000016,2.0000016,0,0,0,0,0,4.0000032,18.0000208,0,0,0,26.0000464,2.0000016,6.0000048,0,2.0000016,0,2.0000016,2.0000016,6.0000048,4.0000032,0,10.0000112,12.0000128,0,0,0,34.0000656,6.0000048,2.0000016,0,6.000008,4.0000032,6.0000048,4.0000032,2.0000016,0,0,2.0000016,16.0000288,0,0,0,16.0000256,8.0000064,4.0000032,0,0,0,0,0,0,0,0,2.0000016,20.0000288,0,2.0000016,0,14.0000176,10.0000144,6.0000048,2.0000016,0,0,4.0000032,0,0,0,0,2.0000016,32.000064,0,0,0,30.0000528,14.000024,6.0000048,0,12.000016,4.0000032,4.0000032,0,0,4.0000032,0,4.0000064,30.0000656,0,0,0,18.000024,4.0000032,6.0000048,0,6.0000048,0,2.0000016,2.0000016,0,2.0000016,0,6.0000048,20.0000384,0,0,0,20.0000288,18.000024,4.0000032,0,0,0,0,0,0,2.0000016,0,2.0000016,32.000064,0,0,0,24.0000448,4.0000032,2.0000016,0,2.0000016,2.0000016,0,2.0000016,2.0000016,0,0,6.0000048,18.0000304,0,0,0,26.0000368,6.80000832,4.0000032,0.20000016,3.00000336,1.80000144,1.80000144,1.0000008,1.0000008,1.20000096,0,4.200004,21.40003856,0,0.20000016,0,23.40003952
3,AB3,0.754043725,2.2000024,0.60000048,0.062827381,0.60000048,0.678185324,0.794888815,0.544281586,0.40000032,0,1.20000096,16.00002432,0,0,0,8.00000928,5.079246467,3.326663674,1.349898195,0.966672152,0.966092556,2.485155561,1.031752192,1.010655701,0.843274717,0,1.398412916,8.219237445,0,0,0,4.618810159,673.6010519,151.2118202,224.9828526,1538.616026,161.0152972,366.4419552,129.798303,185.686183,210.8185107,N/A,116.5343165,51.37015595,N/A,N/A,N/A,57.73506002,N/A,N/A,7.40000464,0.324813632,-62.55381003,0.4,0.068557583,-15.38123909,2.351779935,N/A,N/A,N/A,3.376668715,N/A,N/A,4.159330735,0.573696716,140.0050853,0.894427191,0.602425789,35.14952251,4.800405321,N/A,N/A,N/A,4.111295923,N/A,N/A,56.20713685,176.6233495,223.8154403,223.6067977,878.7150324,228.5220475,204.117964,N/A,N/A,N/A,121.7559752,N/A,N/A,8.0000096,N/A,1,2,0,0,0,N/A,N/A,N/A,1.600000896,N/A,N/A,N/A,0.987220447,0,0,1.012944984,0,-0.141100324,N/A,N/A,N/A,2.000000533,N/A,N/A,3.0000008,N/A,0,0,0,0,1,N/A,N/A,N/A,0.666666252,N/A,N/A,N/A,N/A,N/A,N/A,N/A,N/A,N/A,N/A,N/A,N/A,5.500004,N/A,N/A,N/A,N/A,N/A,N/A,N/A,N/A,N/A,N/A,N/A,N/A,1,N/A,N/A,14.0000096,N/A,N/A,N/A,N/A,N/A,N/A,N/A,N/A,N/A,14.0000096,N/A,N/A,5,N/A,N/A,N/A,N/A,N/A,N/A,N/A,N/A,N/A,1,N/A,N/A,N/A,N/A,-0.769050174,0,-0.670157068,1.343804538,0,N/A,N/A,N/A,0.666666667,N/A,N/A,N/A,0,N/A,N/A,N/A,N/A,N/A,N/A,N/A,N/A,5.0000048,N/A,N/A,7.0000032,-0.012779553,-313,0,0,-78.25,10.9,N/A,N/A,N/A,2.3333344,2.0000016,0,4.0000032,0,0,0,2.0000016,0,0,0,2.0000016,16.000032,0,0,0,10.0000144,0,0,0,2.0000016,2.0000016,0,2.0000016,0,2.0000016,0,0,12.0000128,0,0,0,6.0000048,0,0,0,0,0,0,2.0000016,2.0000016,0,0,4.0000032,12.0000128,0,0,0,18.0000304,6.000008,4.0000032,0,2.0000016,0,2.0000016,0,0,0,0,0,22.0000336,0,0,0,4.0000032,2.0000016,0,0,0,0,6.0000048,0,2.0000016,0,0,0,12.0000128,0,0,0,12.0000128,4.0000032,10.0000112,2.0000016,4.0000064,0,0,0,2.0000016,0,0,2.0000016,28.0000416,0,0,0,2.0000016,8.0000096,0,0,0,0,0,0,0,0,0,2.0000016,10.000008,0,0,0,10.000008,4.0000064,4.0000032,0,0,0,4.0000032,2.0000016,0,0,0,0,4.0000032,0,0,0,6.0000048,4.0000032,4.0000064,0,0,2.0000016,0,0,0,0,0,0,30.0000688,0,0,0,6.000008,8.0000064,0,0,0,2.0000016,2.0000016,0,0,2.0000016,0,2.0000016,14.0000176,0,0,0,6.0000048,3.800004,2.2000024,0.60000048,0.80000096,0.60000048,1.40000112,0.80000064,0.60000048,0.40000032,0,1.20000096,16.00002432,0,0,0,8.00000928
4,SBU1,0.569518577,3.20000256,1.20000128,0.727749273,0.60000048,0.35008754,1.374442306,2.121407679,2.00000224,0,25559.54678,3314.242758,2.80000224,66.20022448,35294.61193,53.00015248,3.724095937,2.149937119,1.932185995,1.588300746,0.966092556,2.310073999,1.89467921,2.162047465,2.666669867,0,428.14707,103.606309,1.686549435,10.43292067,417.9408175,5.906707269,653.9024519,67.18548124,161.0153278,218.2483452,161.0152972,659.8561028,137.8507633,101.915699,133.333344,N/A,1.675096486,3.126092943,60.23386019,15.75964546,1.184149066,11.14469863,0.832599364,0.001501889,0.129712097,0.65388764,-21.82829841,-38.97446473,-12.74865859,-30.04691482,-23.00558425,20.75930361,N/A,0.724266202,63.19483159,0.255728523,0.000168343,0.004997656,1.143651884,62.37688157,87.565628,16.96351571,68.36510701,45.2574217,9.380894318,N/A,0.014682428,6.891203319,30.7144749,11.20876146,3.852883616,174.9003671,285.7615395,224.6743569,133.0611812,227.5278757,196.7236355,45.18886805,N/A,2.027214239,10.90469449,0.93103441,0.001523178,0.141127168,-0.012779553,60.17830134,0,-25.81020942,-26.90270506,-67.35,27.000056,N/A,0.707236886,65.52768801,0.794117492,0.00153885,0.133020737,N/A,-117.375,-39.125,-39.125,0,-106.475,13.5000304,N/A,0.71434134,61.74884826,0.657894034,0.00141139,0.133682947,N/A,N/A,N/A,N/A,N/A,N/A,12.5000256,N/A,0.723936661,68.56926049,0.789472902,0.001735626,0.127062202,N/A,-0.384525887,0,0.164921466,-0.328097731,0,30.0000688,N/A,0.741814212,54.30694332,0.684209826,0.001476371,0.123902305,N/A,-1.215723286,1.053872077,-0.005517655,-1.037319112,1.520538518,26.0000544,N/A,0.735652897,61.73860713,0.709676973,0.001259999,0.127376657,0,N/A,N/A,N/A,N/A,N/A,7.333346133,N/A,0.741989928,75.00974901,1.523811363,0.001783855,0.126382179,1.974442474,1.012944173,0,1.012944173,0.506472087,0.365371763,32.0000752,N/A,0.735387694,52.10059036,0.787877978,0.00147335,0.129636847,N/A,-96.32182386,-234.7501252,-25.81020942,-183.4027051,10.9,N/A,N/A,0.717850092,63.16207936,0.676470489,0.001279001,0.1270482,N/A,1.307738656,0,0.332460733,0.835951134,0,11.5000232,N/A,0.69909119,69.44349819,0.771428176,0.001537269,0.127881732,N/A,N/A,N/A,N/A,N/A,N/A,27.0000528,N/A,0.725361116,60.3410518,4.0000032,4.0000032,0,2.0000016,2.0000016,2.0000016,0,2.0000016,2.0000016,0,25073.16895,3538.505322,2.0000016,58.0001712,35452.29251,54.0001552,6.0000048,0,2.0000016,2.0000016,0,0,0,6.0000048,4.0000032,0,25067.12899,3334.447982,4.0000032,68.0002208,35091.24781,54.0001648,4.0000032,2.0000016,0,0,0,0,0,6.000008,0,0,25646.29876,3428.472789,4.0000032,76.0002976,35426.16384,50.0001424,4.0000032,4.0000032,0,2.0000016,0,0,4.0000032,0,0,0,25644.34298,3258.426679,2.0000016,76.0003104,34569.765,60.0001856,6.0000048,6.0000048,2.0000016,2.0000016,0,0,2.0000016,4.0000032,8.0000096,0,25910.8727,3210.416856,2.0000016,76.0002976,35221.60085,52.0001504,4.0000032,6.0000048,0,0,2.0000016,0,0,2.0000016,0,0,25910.84935,3300.437357,6.0000048,62.0001968,34920.75617,44.000112,4.0000032,0,0,4.0000032,2.0000016,2.0000016,4.0000064,2.0000016,4.0000064,0,26383.84873,3334.448286,2.0000016,42.0000816,35877.46838,64.0002016,8.0000096,4.0000032,6.000008,2.0000016,0,6.0000048,0,0,2.0000016,0,25335.67176,3284.436615,0,66.0002384,35293.81977,52.0001344,8.0000128,2.0000016,0,2.0000016,0,4.0000032,4.0000032,0,0,0,25143.29143,3194.409917,4.0000032,68.0002016,35965.68199,46.0001296,2.0000016,4.0000032,2.0000016,2.0000016,0,0,0,2.0000016,0,0,25479.99419,3258.425776,2.0000016,70.0002288,35127.32297,54.0001488,5.00000496,3.20000256,1.20000128,1.80000144,0.60000048,1.40000112,1.40000144,2.40000224,2.00000224,0,25559.54678,3314.242758,2.80000224,66.20022448,35294.61193,53.00015248
5,SBU2,-0.738100939,4.0000032,0.40000032,1.059687032,0.80000096,0.887610105,1.387221557,0.860703564,1.0000008,0.20000016,25962.36544,3413.269414,3.80000368,77.60029472,35954.49764,48.40012608,4.99077485,1.885619592,0.843274717,2.017471046,1.39841373,1.043242764,2.128174464,0.99067567,1.699674531,0.632456038,364.1283819,106.4336622,2.394440865,12.64216208,353.0721403,6.586210856,676.1642733,47.14045208,210.8185107,190.3836685,174.8015065,117.5338989,153.4127301,115.1006818,169.9673171,316.227766,1.402523906,3.118232091,63.0115407,16.2913841,0.981997145,13.60783822,0.646264062,0.001345176,0.131513241,1.166666267,49.34533928,0.119047619,-37.22122207,-3.927657276,-6.173809524,15.11113886,1776.253618,0.722119664,71.71511492,0.17619786,0.000173663,0.005111053,1.040832808,79.57744387,0.208927724,65.24017833,9.878113372,15.53174648,8.752795025,,0.010016349,10.0703769,27.264066,12.91005372,3.886340894,89.21427124,161.2663831,175.4992877,175.2768305,251.5014086,251.5747598,57.92280189,,1.387076,14.04219586,0.647058812,0.001219988,0.138933419,1.4999988,1.076986475,0.333333333,0.109947644,0.114601513,0.333333333,11.0000288,N/A,0.704980442,80.28382814,0.488887859,0.001244347,0.138443616,2,0.807737056,0.5,-0.167539267,-0.164048866,0,11.0000136,1776.253618,0.725688506,80.73870098,0.647058201,0.001237399,0.128126628,N/A,-0.384525887,0,-0.335078534,0.671902269,1,22.0000368,N/A,0.72090402,74.64609697,0.524998918,0.00117446,0.134309487,N/A,162.508726,0,0.204842932,-0.614528796,-28.225,N/A,N/A,0.727970756,83.24963304,0.599999264,0.001324927,0.130031579,N/A,15.04457533,0,-104.2650524,-26.28817627,-28.225,6.0000068,N/A,0.713768227,70.05096186,0.41999898,0.001169999,0.132518987,N/A,-2.153576061,0,-0.005235602,0.015706806,1,7.0000048,N/A,0.721967664,81.7730628,0.533332653,0.001333345,0.12671343,0,N/A,N/A,N/A,N/A,N/A,8.000016533,N/A,0.74018224,70.34266218,1,0.001638292,0.134255062,N/A,N/A,N/A,N/A,N/A,N/A,15.0000352,N/A,0.712743582,58.40804361,0.823528756,0.001559217,0.128724203,N/A,N/A,N/A,N/A,N/A,N/A,28.0000528,N/A,0.722107677,59.61502073,0.77777718,0.001549782,0.123075995,N/A,168.517452,0,-156.0904393,-1.229057592,10.9,28.0000544,N/A,0.730883521,58.04313891,12.000032,4.0000032,2.0000016,2.0000016,4.0000064,2.0000016,6.0000048,2.0000016,0,0,25425.85169,3532.500513,4.0000032,68.0002336,36066.03841,44.0001504,6.0000048,2.0000016,2.0000016,0,2.0000016,0,4.0000032,0,0,2.0000016,25660.33865,3552.510077,4.0000032,90.0003728,35359.99047,44.0000896,2.0000016,2.0000016,0,0,0,2.0000016,2.0000016,2.0000016,0,0,25634.29966,3284.436388,2.0000016,68.0002336,35558.54725,44.0001088,0,6.0000048,0,2.0000016,0,2.0000016,0,2.0000016,4.0000032,0,26033.09512,3496.491647,0,80.0003264,35761.18258,42.0000848,2.0000016,2.0000016,0,6.0000048,0,2.0000016,0,2.0000016,4.0000032,0,25858.74948,3362.454015,8.0000096,80.0002848,36228.49614,48.000112,4.0000064,6.0000048,0,2.0000016,0,2.0000016,2.0000016,2.0000016,0,0,25916.85657,3434.475572,6.000008,100.0004448,35897.53096,42.0000848,2.0000016,4.0000032,0,2.0000016,2.0000016,4.0000032,0,0,0,0,26646.40572,3376.457464,6.0000048,90.0003728,35999.79067,48.0001376,6.000008,6.0000048,0,2.0000016,0,4.0000064,0,0,0,0,26103.2515,3504.493644,4.0000032,60.0001888,36623.62193,60.0001888,10.0000112,2.0000016,0,2.0000016,0,2.0000016,0,0,0,0,25934.90625,3338.450127,2.0000016,68.0002368,35915.56642,56.0001504,4.0000032,6.0000048,0,6.000008,0,2.0000016,0,0,2.0000016,0,26409.89976,3250.424694,2.0000016,72.0002528,36134.21154,56.0001536,4.80000704,4.0000032,0.40000032,2.40000224,0.80000096,2.20000208,1.40000112,1.0000008,1.0000008,0.20000016,25962.36544,3413.269414,3.80000368,77.60029472,35954.49764,48.40012608
6,SBU3,-0.615241912,1.60000128,0.40000032,0.863875677,0,0.27504385,0.779553335,-0.022875462,1.6000016,0,25740.50871,3308.239746,4.60000624,71.00026192,35215.00334,67.60024,2.253975334,1.837874637,0.843274717,2.830438583,0,1.54191416,1.395305506,0.739831256,1.577623078,0,242.1856159,95.12527534,3.405883046,8.756005239,610.8706009,12.85136577,366.3559473,114.8670729,210.8185107,327.6442038,N/A,560.6066668,178.9878182,3234.169646,98.6013438,N/A,0.940873464,2.875404525,74.04083535,12.33235625,1.734688465,19.01082861,0.971573114,0.001920376,0.128524931,N/A,43.84072973,0.146604219,18.94115304,7.08821213,6.218313784,18.38893696,N/A,0.731145188,50.67271753,0.239238987,0.000365242,0.003582062,N/A,67.8091454,0.387878303,29.02417731,38.73860179,5.844962153,12.71459493,N/A,0.014114033,10.36986037,24.62387891,19.01928022,2.787056411,N/A,154.671571,264.5751311,153.2334238,546.5214793,93.99593453,69.14263157,N/A,1.930400914,20.46438572,0.885713944,0.001785502,0.125251394,N/A,168.517452,0,78.65968586,77.02094241,10.9,15.5000344,N/A,0.749191235,52.55510465,1.078947757,0.002373675,0.127926114,N/A,N/A,N/A,N/A,N/A,N/A,41.0001408,N/A,0.736411366,39.68793536,1.026316182,0.002275057,0.133585993,N/A,-0.692262944,0,1.832462333,-0.164048866,0.5,39.00012,N/A,0.752943484,44.21107207,0.820511977,0.001816454,0.125338212,N/A,108.3391507,0,26.21989529,-52.57635253,10.9,16.00004,N/A,0.725617594,50.06878016,1.257142879,0.002418996,0.124157638,N/A,N/A,N/A,N/A,N/A,N/A,14.66669173,N/A,0.706355881,36.2545003,1.172414118,0.001906432,0.131613761,N/A,-0.394611812,0,-0.343867479,-0.336703573,-0.285901639,8.500021,N/A,0.724348935,50.00665249,1.296297495,0.001976619,0.132112496,N/A,0,0,0,0,10.9,5.833345467,N/A,0.731935687,48.92084312,0.914285785,0.00182779,0.132669746,N/A,N/A,N/A,N/A,N/A,N/A,N/A,N/A,0.725110136,52.63196079,0.564101679,0.001235376,0.126147632,N/A,1.02622953,1.02622953,0,0,-0.285901874,11.0000096,N/A,0.71899366,73.41841202,0.699999324,0.001587858,0.126446324,N/A,30.08915067,0,26.21989529,25.67364747,10.9,14.0000296,N/A,0.740543904,58.97191434,4.0000032,6.0000048,0,0,0,0,0,0,2.0000016,0,26015.09027,3258.426326,4.0000032,70.0002384,34724.232,62.0001872,6.0000048,2.0000016,0,0,0,4.0000032,0,0,0,0,25439.87592,3254.424479,2.0000016,76.0002944,34545.74046,82.0003472,0,2.0000016,0,8.0000128,0,0,4.0000032,2.0000016,0,0,25814.66005,3448.476991,2.0000016,76.0002656,34284.99031,78.0003024,0,2.0000016,0,0,0,2.0000016,0,0,2.0000016,0,25566.12582,3204.412505,4.0000032,78.0003376,35233.60794,64.0002112,0,0,2.0000016,2.0000016,0,0,0,0,0,0,25696.43871,3190.409136,6.0000144,70.0002864,36378.88404,88.0003616,2.0000016,2.0000016,0,0,0,0,2.0000016,0,4.0000032,0,25836.69694,3400.464851,8.0000096,58.0001968,35668.85472,68.0002496,0,0,0,0,0,0,0,0,2.0000016,0,25920.87595,3424.471621,12.0000192,54.0001488,35414.14418,70.0002576,0,0,0,4.0000032,0,2.0000016,0,0,0,0,25389.78716,3368.456606,0,70.0002256,35015.07689,64.0002112,2.0000016,0,2.0000016,0,0,0,2.0000016,0,4.0000064,0,25608.23437,3230.418117,4.0000064,78.0003152,35616.77354,44.0001088,2.0000016,2.0000016,0,0,0,0,0,0,2.0000016,0,26117.30195,3302.436827,4.0000032,80.0003104,35267.72933,56.0001632,1.60000128,1.60000128,0.40000032,1.40000176,0,0.80000064,0.80000064,0.20000016,1.6000016,0,25740.50871,3308.239746,4.60000624,71.00026192,35215.00334,67.60024
7,SBU4,0.215706733,3.60000352,0.60000048,0.193717858,0.60000048,0.018847973,2.179554459,0.977125382,1.60000128,0,26038.72415,3368.857182,4.80000416,71.60026432,35873.25679,54.20015984,4.928318393,2.95146233,1.349898195,2.03873313,0.966092556,1.400013672,1.478894948,1.355736257,1.264912076,0,281.2031677,66.65630264,2.699797076,8.630738345,404.6000728,10.60193767,2284.730908,81.98498455,224.9828526,1052.423948,161.0152972,7427.927126,67.85308536,138.7474199,79.0569415,N/A,1.07994219,1.978602803,56.24572366,12.05405933,1.127859885,19.56071293,0.770585697,0.001510833,0.129395386,0.987220447,-10.97729548,0.228051002,-20.35370866,5.674269196,-7.133926104,14.55836385,N/A,0.725979974,64.30456511,0.200033539,0.000293751,0.003060237,1,32.06993951,0.684153005,60.73530296,17.13403738,22.59118121,7.966387826,N/A,0.014029603,12.48754779,25.95863634,19.44296225,2.365028233,101.2944984,292.1479117,300,298.3991958,301.9602488,316.6724869,54.7203512,N/A,1.93250547,19.4193799,0.714284898,0.001682333,0.13280572,N/A,N/A,N/A,N/A,N/A,N/A,6.00000928,N/A,0.723419427,57.10772505,0.870967885,0.001521716,0.127191269,N/A,0.307737056,0,0.332460733,-0.164048866,0,13.500028,N/A,0.730784728,61.08199409,0.58974298,0.001299361,0.132321367,N/A,1.63638802,0,-0.33941612,0.680600033,-0.141100324,7.666681067,N/A,0.739997305,75.3581574,0.542855976,0.001056446,0.12709129,-0.012779553,-96.32169866,0,-182.3103346,51.34729494,-67.35,19.0000304,N/A,0.725031674,87.22190181,0.687499291,0.001222164,0.127899427,N/A,1.026229508,2.052459016,0,0,0.740327869,11.00002,N/A,0.719375563,75.28263176,1.156250344,0.002046227,0.129336361,N/A,-0.779009381,0,-0.678832784,-0.664690434,1.884789644,9.2500268,N/A,0.72700639,45.952064,0.666665874,0.001465106,0.127922137,0.987220447,-3.973410054,0,0.328810444,-0.648780303,0.87184466,26.0000544,N/A,0.744551376,65.00866236,0.99999975,0.001788454,0.124077946,N/A,-2.804897105,0,-0.67883224,0.348255082,-0.141100324,10.66669173,N/A,0.736107721,51.06909388,0.595237567,0.0013604,0.132640514,1.987220447,-0.386998722,0,-0.33723338,-0.330207684,-0.070096463,12.5000232,N/A,0.694238808,67.68904459,0.882352407,0.001666124,0.13266783,N/A,2.5,0,0.5,0.5,0,30.0000736,N/A,0.719286753,57.27437615,8.0000096,6.0000048,2.0000016,0,0,4.0000032,0,2.0000016,0,0,25800.64058,3426.47264,10.0000112,84.00032,35664.84342,60.00016,4.0000032,2.0000016,0,2.0000016,0,0,4.0000032,0,0,0,25932.8897,3298.437161,4.0000032,62.000168,35486.35967,54.0001552,6.000008,2.0000016,0,0,0,2.0000016,2.0000016,0,2.0000016,0,26197.46616,3466.484524,6.0000048,78.0002896,35402.11024,46.0001232,8.0000064,4.0000032,0,6.000008,2.0000016,0,0,2.0000016,2.0000016,0,26079.20834,3314.440223,2.0000016,70.0003184,35969.75041,38.0000912,2.0000016,0,4.0000032,0,0,0,2.0000016,2.0000016,4.0000032,0,25898.82188,3312.44447,4.0000032,64.0002336,36001.80938,44.0001152,4.0000032,4.0000064,0,0,0,0,2.0000016,4.0000032,2.0000016,0,26291.64209,3400.465309,8.0000064,64.0002176,36164.25171,74.0002736,6.0000048,10.0000112,0,4.0000064,2.0000016,2.0000016,2.0000016,2.0000016,2.0000016,0,26425.92048,3380.46022,2.0000016,78.0003184,35492.407,52.0001504,0,4.0000032,0,0,0,2.0000016,2.0000016,0,2.0000016,0,26341.76664,3268.432304,6.0000048,64.0002176,35785.20626,64.0002016,4.0000032,4.0000032,0,0,2.0000016,0,4.0000032,0,2.0000016,0,25516.04425,3384.461218,4.0000032,84.0002976,36753.9872,50.0001328,10.000008,0,0,2.0000016,0,2.0000016,4.0000032,0,0,0,25902.84136,3436.473749,2.0000016,68.0002624,36011.84262,60.0001952,5.2000048,3.60000352,0.60000048,1.40000176,0.60000048,1.20000096,2.20000176,1.20000096,1.60000128,0,26038.72415,3368.857182,4.80000416,71.60026432,35873.25679,54.20015984
8,SBU5,-2.753580307,3.00000272,0.20000016,-0.205235874,0.20000016,-0.584293766,0.792333222,0.716422618,0.60000048,0,25936.92306,3368.25775,4.60000528,70.60024688,35749.90336,50.40014752,3.250868442,1.943652735,0.632456038,1.444481055,0.632456038,0.908922994,1.935749721,1.413660189,0.966092556,0,359.0317583,90.26131407,3.533968356,8.946812562,377.4385931,10.36238104,118.0596924,64.78836577,316.227766,703.8150937,316.227766,155.5592488,244.3100538,197.3221047,161.0152972,N/A,1.384249618,2.679762678,76.82531085,12.67249472,1.055775142,20.56021967,0.722791598,0.001408563,0.129868291,0,77.06994381,-15.65,-5.102792345,9.936154753,-9.11,14.16669413,N/A,0.725539143,70.31635782,0.163913735,0.000285528,0.00320509,,104.6883644,34.99446385,53.55272805,14.37242746,33.01015753,9.461933876,N/A,0.009403062,19.62227335,22.67786949,20.27083722,2.467954096,,135.835527,223.6067977,1049.478882,144.6477819,362.3507961,66.78999198,N/A,1.296010241,27.9057021,0.771428035,0.001484872,0.134772174,N/A,108.3391507,0,-52.03010471,25.67364747,-67.35,13.5000264,N/A,0.712981443,64.71268548,0.707316316,0.001643633,0.127586778,N/A,0.615474113,0,-0.335078534,-0.328097731,0,29.000064,N/A,0.734840934,57.04193632,1.00000065,0.001793482,0.129723926,N/A,N/A,N/A,N/A,N/A,N/A,8.0000208,N/A,0.727224215,52.60067696,0.763157729,0.001603442,0.13342396,N/A,N/A,N/A,N/A,N/A,N/A,N/A,N/A,0.717426573,59.69774374,0.756756435,0.001560699,0.125420172,0,N/A,N/A,N/A,N/A,N/A,28.0000656,N/A,0.719162841,57.79303997,0.609755349,0.001396759,0.132041452,N/A,N/A,N/A,N/A,N/A,N/A,8.3333488,N/A,0.738882719,69.84966106,0.727272388,0.001333938,0.12577642,N/A,N/A,N/A,N/A,N/A,N/A,4.000004533,N/A,0.739397748,69.71750188,0.666665973,0.001128217,0.128474156,N/A,-0.461508383,0,0.22164037,-0.109365852,0,20.0000272,N/A,0.717994341,81.76064977,0.36842039,0.000796238,0.132442089,N/A,246.767452,0,78.65968586,-1.229057592,10.9,4.666669867,N/A,0.725828476,120.7305552,0.857142718,0.001344355,0.129021785,N/A,30.08915067,-78.25,-52.03010471,25.67364747,10.9,12.00002,N/A,0.721652142,69.25912782,0,2.0000016,0,2.0000016,0,0,0,2.0000016,2.0000016,0,25928.90323,3494.494645,4.0000032,70.0002416,36366.86968,54.0001488,4.0000032,2.0000016,0,0,0,0,2.0000016,0,0,0,25930.91779,3308.442255,2.0000016,82.0003344,35287.79713,58.0001744,0,6.000008,0,0,0,0,0,0,0,0,25950.9268,3366.456118,8.0000096,64.0002016,35684.9047,64.0002432,0,4.0000032,0,0,0,0,0,2.0000016,0,0,25950.97342,3462.48165,0,76.0002912,36172.30583,58.0002096,2.0000016,4.0000032,0,0,2.0000016,0,0,0,0,0,25804.62422,3236.42041,2.0000016,74.000264,35881.47602,56.000176,4.0000032,2.0000016,0,2.0000016,0,2.0000016,0,0,0,0,26449.96903,3492.492329,6.0000048,82.0003184,35797.24947,50.0001328,0,0,0,0,0,0,0,4.0000064,0,0,26606.3394,3346.45013,12.0000224,66.0002288,35983.79826,48.000144,0,2.0000016,0,2.0000016,0,0,6.000008,0,0,0,25455.96058,3270.433055,2.0000016,60.000192,35454.26351,40.0000864,2.0000016,6.0000048,0,0,0,2.0000016,0,0,2.0000016,0,25524.06569,3380.460569,6.0000048,76.0002496,35165.42344,28.0000416,2.0000016,2.0000016,2.0000016,2.0000016,0,0,0,0,2.0000016,0,25766.55043,3324.446336,4.0000032,56.0001472,35704.94556,48.0001184,1.40000112,3.00000272,0.20000016,0.80000064,0.20000016,0.40000032,0.80000096,0.80000096,0.60000048,0,25936.92306,3368.25775,4.60000528,70.60024688,35749.90336,50.40014752
9,SBS1,7.369526331,3.2000032,107.2005478,221.9299097,28064.11517,171.1514461,133.5752594,58.5215882,2.00000192,0,7.80000944,10.2000168,0,0.40000032,0.20000016,10.20001232,3.461548594,3.011093681,18.16484172,19.96620458,302.6102157,12.96200457,15.75631422,13.83003392,2.6666696,0,4.263546934,5.846188228,0,0.843274717,0.632456038,5.202571282,46.97111373,94.09658343,16.94472844,8.996626278,1.078281691,7.573412242,11.79583277,23.63236259,133.333352,N/A,54.66079198,57.31547646,N/A,210.8185107,316.227766,51.0055392,3.5000008,3.0000016,1.351667136,0.004758281,0.055772632,0.809647181,1.680273343,1.289212629,0.441746255,N/A,N/A,4,1.4691674,0.707107913,,0.602692191,0.000542731,0.027292616,0.149383121,0.233255495,0.104429574,0.110582858,N/A,N/A,,1.192932786,20.2030786,,44.58880259,11.40602763,48.93549924,18.45039726,13.881997,8.100259913,25.03311717,N/A,N/A,,81.19788026,N/A,N/A,1.600000768,0.004100666,0.04908686,0.776032183,1.948623995,1.448870156,0.359745445,N/A,N/A,N/A,1.0000004,N/A,N/A,0.666666756,0.004674447,0.076922734,0.799999626,1.50769616,1.369234175,0.261537606,N/A,N/A,N/A,4.0000016,N/A,N/A,1,0.00453242,0.062524623,0.812823274,1.860124938,1.406814369,0.573999462,N/A,N/A,N/A,0.166666667,N/A,N/A,0.5,0.004840641,0.041858902,0.838234015,1.794048656,1.323761814,0.544116134,N/A,N/A,N/A,0.12499995,4.0000016,N/A,0.7500009,0.005932655,0.026558746,0.571427048,1.325357594,1.099331912,0.3214269,N/A,N/A,N/A,1.5000018,N/A,3.0000016,1.5000016,0.004565472,0.09237987,0.585074284,1.90920258,1.277930798,0.561098753,N/A,N/A,4,2.000001067,N/A,N/A,2.333335467,0.004586992,0.093749573,0.79687408,1.81250833,1.296877768,0.515623762,N/A,N/A,N/A,1.400000832,3,N/A,1.666666667,0.004520995,0.052122627,1.032471274,1.763755946,1.199342198,0.497854894,N/A,N/A,N/A,1.666666667,N/A,N/A,1.9999984,0.004365126,0.007575317,1.00042012,1.552452995,1.257703769,0.405437652,N/A,N/A,N/A,2.5000018,N/A,N/A,1.5000008,0.005463395,0.054947069,0.883115904,1.328962232,1.212259331,0.376621938,N/A,N/A,N/A,0.333333215,14.0000176,6.000008,90.0003728,228.0022432,28282.0023,170.0013808,116.0006112,42.0000912,2.0000016,0,10.0000112,16.0000256,0,0,0,16.0000192,10.0000112,0,104.0005312,196.0015936,27810.93041,178.0014352,130.0007248,34.0000784,0,0,12.0000128,8.0000096,0,0,0,2.0000016,8.0000064,0,104.0004896,238.0024176,28229.8829,180.0014688,128.0008128,74.0002448,4.0000032,0,2.0000016,2.0000016,0,0,0,12.0000096,14.0000144,6.000008,114.0005744,246.0026928,28095.63506,182.0013776,136.0008928,74.00028,0,0,4.0000032,2.0000016,0,0,0,16.0000192,10.0000112,4.0000032,96.0004736,224.0020832,28318.06173,186.0015568,168.0012768,54.0001296,0,0,16.0000192,12.0000288,0,2.0000016,0,8.0000096,12.0000096,0,76.0002912,248.0026144,28452.37825,166.001336,130.0007696,74.0002832,8.0000096,0,8.0000064,12.0000224,0,0,2.0000016,6.000008,12.0000128,0,102.000456,232.0023712,27905.15382,166.001288,128.00072,66.0002128,0,0,6.0000048,14.000024,0,0,0,10.0000112,12.000016,4.0000032,128.0007328,220.0021408,27422.08318,150.0009648,124.0006624,62.0002064,2.0000016,0,6.0000048,10.000008,0,2.0000016,0,6.0000048,12.0000224,8.0000064,122.0007792,192.001568,27937.23091,156.0011872,122.000664,50.0001264,4.0000032,0,10.0000272,20.0000384,0,0,0,8.0000096,14.0000144,4.0000032,136.0007776,206.001896,28187.79318,188.0016032,154.0010512,58.0001744,0,0,4.0000032,6.000008,0,0,0,18.0000304,11.8000136,3.2000032,107.2005478,223.0021621,28064.11517,172.2013599,133.6008186,58.80018272,2.00000192,0,7.80000944,10.2000168,0,0.40000032,0.20000016,10.20001232
10,SBS2,7.200241531,2.6000024,104.4005088,220.7309441,28439.7565,171.5482821,122.3853756,65.23307996,1.20000096,0,12.80001664,12.80001568,0,0,16.20002352,7.00000816,3.851798256,2.319005687,19.68210706,14.3150097,477.1874925,18.85443175,14.78011456,12.21867452,1.398412916,0,6.408340144,5.181169378,0,0,5.92172265,3.018466483,53.49540344,89.1924441,18.85250109,6.485275437,1.677888812,10.99074355,12.07669993,18.73079506,116.5343165,N/A,50.06509229,40.47783618,N/A,N/A,36.55379045,43.1208995,N/A,0.51295558,1.421591085,0.004303382,0.060433679,0.864333584,1.825601437,1.418805011,0.54742257,N/A,N/A,0.896787223,2.025000421,N/A,0.326120983,1.125713439,0.000514614,0.034045723,0.197054806,0.228419905,0.216851289,0.150881079,N/A,N/A,0.589403414,0.877963086,N/A,63.57684672,79.18686683,11.95836134,56.33567834,22.79846685,12.51203576,15.28407971,27.56208588,N/A,N/A,65.72388621,43.35619277,N/A,0.7500003,1.333333244,0.005283016,0.03487873,0.680113938,1.355765341,1.062473119,0.331530862,N/A,N/A,0.7499999,1.333332533,N/A,0.28571409,1.25,0.004638339,0.086391462,0.984614656,1.625619299,1.656496423,0.399998799,N/A,N/A,0.57142818,2.5,N/A,0.076922982,0.37500005,0.004860942,0.012091698,0.642855251,1.757075821,1.200225931,0.41428434,N/A,N/A,0.615384104,3.0000016,N/A,1.2500004,1.166667422,0.004312214,0.030275449,0.803445613,1.787179184,1.295611669,0.39124019,N/A,N/A,1.5000004,1.400000832,N/A,0.599999424,0.727272992,0.003758237,0.055555347,0.88888904,2.000008889,1.759264995,0.722221401,N/A,N/A,2.199998848,2.6666688,N/A,0.272727299,0.363635835,0.004217304,0.066666366,0.983332855,1.75000688,1.366669748,0.649999077,N/A,N/A,1.000001018,1.333332622,N/A,0.363636536,2.3333344,0.004284208,0.083064269,0.651056743,1.942542067,1.418734678,0.551355945,N/A,N/A,0.272727074,1.7499987,N/A,0.599999616,3.666666311,0.00419461,0.045104119,0.913994072,1.839463861,1.304977709,0.601178435,N/A,N/A,0.599999936,3.666668267,N/A,0.555555457,2.6666672,0.0039077,0.131471301,1.290911347,2.060552584,1.515345771,0.709090165,N/A,N/A,0.333333274,1.60000032,N/A,0.3749997,0.333333393,0.003577253,0.058838044,0.804122321,2.137800439,1.608250071,0.703326485,N/A,N/A,1.1249995,1.000000533,8.0000096,2.0000016,102.00044,204.0017664,28388.23892,160.001152,150.0010768,50.0001072,2.0000016,0,12.0000128,16.000016,0,0,16.0000192,12.0000192,14.0000144,2.0000016,128.0007072,212.0019904,28027.45064,216.00208,130.0008144,52.0001696,0,0,8.0000064,10.000008,0,0,14.0000208,4.0000032,10.0000112,6.0000048,90.000344,248.002752,28801.19607,170.0013552,140.0009472,58.0002,0,0,16.0000192,6.000008,0,0,26.0000528,2.0000016,12.000016,6.0000048,98.00044,220.0020128,28285.9826,160.0010816,122.00076,48.0001952,2.0000016,0,12.0000128,14.000024,0,0,8.0000064,10.0000112,6.0000048,0,96.0004544,216.0019456,28737.00911,190.0014864,108.0004928,78.0002672,0,0,22.0000272,16.0000256,0,0,10.0000176,6.0000048,8.0000096,0,118.000616,210.002024,28454.35884,164.0013056,120.0006848,78.0003344,0,0,22.0000496,8.0000064,0,0,22.0000272,6.000008,16.0000192,4.0000032,82.0003344,246.0027056,29398.56969,180.0014528,126.0007152,70.000248,4.0000032,0,6.0000048,14.0000176,0,0,22.0000336,8.000016,8.0000064,2.0000016,106.0005072,214.0020688,27648.58875,152.0010496,116.000608,70.0002928,2.0000016,0,6.000008,22.0000272,0,0,10.0000144,6.0000048,20.0000256,4.0000064,142.000936,228.0021984,28149.68462,168.0012352,110.0005328,78.000296,0,0,6.0000048,16.000016,0,0,18.0000176,10.000008,6.0000048,0,82.0003088,218.0020272,28506.48579,164.0011712,102.0004784,72.000256,2.0000016,0,18.0000208,6.000008,0,0,16.0000256,6.0000048,10.80001216,2.6000024,104.4005088,221.6021491,28439.7565,172.401337,122.400711,65.40023664,1.20000096,0,12.80001664,12.80001568,0,0,16.20002352,7.00000816
11,SBS3,7.061906926,4.0000048,95.20044192,203.261576,28685.34647,167.6888742,130.5905816,60.08875117,0.80000064,0,2.40000192,14.80002144,0,0,0.20000016,11.60001344,5.447093177,2.828431399,13.50567406,27.03646326,330.7193515,17.71597548,16.4126437,7.514370761,1.398412916,0,1.577622538,5.006673335,0,0,0.632456038,3.098392736,77.13346033,70.71070012,14.18656656,13.30131538,1.152920889,10.56478885,12.56801486,12.50545337,174.8014747,N/A,65.73421981,33.82882488,N/A,N/A,316.227766,26.71025126,N/A,5,6.222226341,0.004553682,0.053809091,0.738683424,1.58630831,1.309679285,0.474456064,N/A,N/A,1,1.304286136,N/A,,2.538594044,0.000578305,0.040732414,0.130052035,0.336966702,0.279424569,0.138602655,N/A,N/A,,0.374937714,N/A,,40.79880584,12.69973442,75.69801678,17.60592296,21.24219481,21.33534307,29.21295884,N/A,N/A,,28.74658431,N/A,N/A,10.000008,0.003183914,0.083617639,0.891303662,2.260766155,2.043827773,0.847824876,N/A,N/A,N/A,1.428572245,N/A,N/A,N/A,0.004854864,0.123077528,0.628569715,1.495217308,1.166742321,0.371426811,N/A,N/A,N/A,1.333333156,N/A,N/A,5.0000016,0.004295757,-0.018911057,0.754097778,1.983529924,1.164192661,0.491802163,N/A,N/A,N/A,1.00000032,N/A,N/A,7.0000048,0.005225606,0.074872541,0.666665422,1.595537822,1.182293472,0.426665237,N/A,N/A,N/A,1.7500012,N/A,N/A,9.0000112,0.004311265,0.013875792,0.950819423,1.803200519,1.229767266,0.508195438,N/A,N/A,N/A,1.500001467,N/A,N/A,2.000001067,0.004856166,0.05575532,0.869725302,1.362498681,1.014908018,0.403851589,N/A,N/A,N/A,0.666666548,N/A,N/A,4,0.004574672,0.044784415,0.61205548,1.283830368,1.313685474,0.460693911,N/A,N/A,N/A,0.799999744,N/A,5,8.0000032,0.004772236,0.061317831,0.65217246,1.541016507,1.338318578,0.434781115,N/A,N/A,1,1.60000064,N/A,N/A,6.0000056,0.004368207,0.079396917,0.778093017,1.33387766,1.397394385,0.424320479,N/A,N/A,N/A,1.714286139,N/A,N/A,5.0000016,0.005094128,0.02030398,0.583331985,1.203608159,1.245662906,0.374999022,N/A,N/A,N/A,1.2499999,16.0000256,6.000008,82.0003248,210.001944,28895.39091,190.0016336,92.0004352,78.0002576,0,0,2.0000016,20.000032,0,0,0,14.0000144,20.0000288,2.0000016,88.0003776,210.0020496,28837.2628,164.0012672,140.0009824,52.0001184,0,0,0,16.0000192,0,0,0,12.000016,6.0000048,6.000008,92.000432,244.002448,28400.26929,144.0008704,122.0006672,60.000192,0,0,2.0000016,10.0000112,0,0,0,10.000008,14.0000144,2.0000016,100.0005184,240.0025184,28705.00479,178.0014672,150.0010576,64.0002368,0,0,2.0000016,14.0000208,0,0,0,8.0000064,10.0000176,6.0000048,116.0005888,222.0021104,28298.10716,152.0009952,122.0006512,62.0001744,0,0,2.0000016,18.0000368,0,0,0,12.0000128,16.0000224,6.0000048,120.0006624,190.00172,28412.40412,142.000888,138.00092,56.0001632,2.0000016,0,6.0000048,12.000016,0,0,0,18.0000272,6.0000048,0,82.0003088,172.0015424,29286.31777,176.0013888,134.0008464,62.0001936,2.0000016,0,2.0000016,8.0000064,0,0,0,10.0000112,14.0000208,4.0000032,90.0003536,214.0019024,28917.43937,186.0014928,138.0008496,60.0001632,0,0,2.0000016,16.0000192,0,0,2.0000016,10.000008,10.0000112,0,98.0005168,168.0013792,28833.25123,176.0012864,126.0007344,54.0001904,4.0000032,0,4.0000032,24.0000416,0,0,0,14.0000208,14.0000208,8.000016,84.000336,176.0013024,28268.01725,182.0013776,144.0009088,54.0002,0,0,2.0000016,10.0000112,0,0,0,8.0000096,12.60001712,4.0000048,95.20044192,204.6018917,28685.34647,169.0012667,130.6008053,60.20018896,0.80000064,0,2.40000192,14.80002144,0,0,0.20000016,11.60001344
12,SBS4,7.554053128,2.20000208,105.0005403,207.2647097,28189.41963,173.2795488,122.5981422,60.77234023,0.20000016,0,0.40000032,9.40001232,0,0.20000016,0,6.00000576,7.091368958,3.047771202,14.94450012,21.57685225,261.6094161,13.95547942,15.60178909,10.37738557,0.632456038,0,0.843274717,2.836277385,0,0.632456038,0,3.887306019,93.87502096,138.5349236,14.23278402,10.41028754,0.928041157,8.053737165,12.72595882,17.07583669,316.227766,N/A,210.8185107,30.17312412,N/A,316.227766,N/A,64.78837146,1,N/A,6.0000048,0.004350596,0.062604708,0.859598708,1.702149123,1.437625158,0.502415726,N/A,N/A,N/A,2.366668036,,N/A,2.26E-06,0.000567251,0.060018396,0.103538498,0.186528277,0.239787173,0.10598953,N/A,N/A,N/A,1.777432098,,N/A,3.77E-05,13.0384725,95.86882178,12.04498066,10.95839811,16.67939457,21.09598177,N/A,N/A,N/A,75.10272127,N/A,N/A,N/A,0.00378446,-0.055143724,0.867923714,2.119341889,1.610561852,0.716979977,N/A,N/A,N/A,0.5,N/A,N/A,N/A,0.004501084,0.047618817,0.809523083,1.698418682,1.238096648,0.476189157,N/A,N/A,N/A,2.5000008,N/A,N/A,N/A,0.004212846,0.149999383,1.016667386,1.666671849,1.466670468,0.366665537,N/A,N/A,N/A,5.0000016,1,N/A,N/A,0.004361325,0.059269794,0.885245776,1.666643688,1.306099437,0.524588975,N/A,N/A,N/A,2.0000016,N/A,N/A,6.0000032,0.003754889,0.075471453,0.830188696,1.490570344,1.792461075,0.584905214,N/A,N/A,N/A,1.5000008,N/A,N/A,N/A,0.005551601,-0.009861194,0.756533434,1.414721423,1.030218122,0.485471583,N/A,N/A,N/A,2.0000008,N/A,N/A,N/A,0.004066122,0.06233548,0.965516391,1.75284886,1.73572693,0.551723372,N/A,N/A,N/A,0.666666489,N/A,N/A,N/A,0.004336798,0.122829681,0.983871463,1.736536976,1.414065919,0.483869643,N/A,N/A,N/A,1.5000008,N/A,N/A,6.0000064,0.005028578,0.071428171,0.771427131,1.700006137,1.242858731,0.34285584,N/A,N/A,N/A,6.0000064,N/A,N/A,N/A,0.003908256,0.102099218,0.709090004,1.775731381,1.539492399,0.490907965,N/A,N/A,N/A,2.000001067,8.0000096,10.0000112,92.0003872,228.0021856,28009.42358,174.001416,106.0005456,76.0002688,0,0,0,6.000008,0,0,0,12.000016,6.0000048,0,102.0004848,214.0019632,27993.41425,156.0010592,126.000712,60.0001728,0,0,0,10.0000112,0,0,0,4.0000032,18.0000272,0,122.0007728,200.0017472,28484.46761,176.0014464,120.0006752,44.000112,0,0,0,10.0000112,0,0,0,2.0000016,10.000008,2.0000016,108.0005696,204.0017888,27973.30155,160.0011904,122.0006608,64.0002016,0,0,0,4.0000064,0,2.0000016,0,2.0000016,8.0000096,0,88.0003936,158.00116,28229.98993,190.00172,106.000472,62.0002288,0,0,2.0000016,12.000016,0,0,0,8.0000064,4.0000032,4.0000032,118.0006928,222.0022192,28095.59312,162.0011952,156.0010752,76.0002752,2.0000016,0,0,8.0000096,0,0,0,4.0000032,10.0000112,2.0000016,112.000544,204.001792,28528.57734,202.0016752,116.0006656,64.0002784,0,0,0,8.0000064,0,0,0,12.0000128,18.000024,2.0000016,122.0007792,216.0020096,28592.69227,176.0014016,124.0007296,60.0001888,0,0,0,12.000016,0,0,0,8.0000064,10.000008,0,108.0004896,238.0023824,27841.05286,174.001336,140.000896,48.0001248,0,0,2.0000016,12.0000224,0,0,0,2.0000016,14.000024,2.0000016,78.0002896,196.001584,28145.68383,170.0012048,110.0005488,54.0001456,0,0,0,12.000016,0,0,0,6.0000048,10.60001296,2.20000208,105.0005403,208.0018832,28189.41963,174.0013645,122.6006981,60.80019968,0.20000016,0,0.40000032,9.40001232,0,0.20000016,0,6.00000576
13,SBS5,6.538577686,1.20000096,98.6004856,213.1998898,28434.96409,167.4075395,123.9955887,58.14447199,0.40000032,0,1.0000008,8.2000104,0,0,0,4.8000048,3.674634207,1.398412916,16.41286367,23.03783163,428.7204429,18.09618758,12.75422296,10.47135638,0.843274717,0,1.054093397,5.116431708,0,0,0,2.859685391,56.19928957,116.5343165,16.64582438,10.80574275,1.507722822,10.80966104,10.2860296,18.00920367,210.8185107,N/A,105.4092553,62.3954295,N/A,N/A,N/A,59.57671939,N/A,N/A,3.20000064,0.004363198,0.052312948,0.798559296,1.74042497,1.354936575,0.473294314,N/A,N/A,N/A,1.93333408,N/A,N/A,2.16794845,0.000476194,0.02862244,0.13692231,0.286710174,0.132408907,0.096420228,N/A,N/A,N/A,1.106101115,N/A,N/A,67.7483755,10.9138861,54.71387271,17.14616692,16.47357274,9.7723325,20.37215002,N/A,N/A,N/A,57.21210453,N/A,N/A,2.0000016,0.004710933,0.086972188,0.811744807,1.782947695,1.246609784,0.490824444,N/A,N/A,N/A,1,N/A,N/A,1,0.004071269,0.086206539,0.551723327,1.948284176,1.241380852,0.41379222,N/A,N/A,N/A,0.5,N/A,N/A,N/A,0.00549242,0.047571779,0.736840743,1.232434579,1.258842418,0.315788283,N/A,N/A,N/A,4.0000056,N/A,N/A,6,0.004296667,0.04287651,0.868852474,1.51910142,1.224131419,0.50819616,N/A,N/A,N/A,3,N/A,N/A,N/A,0.004303346,0.049180118,0.622949718,1.737711685,1.491807108,0.5245888,N/A,N/A,N/A,2,N/A,N/A,5.0000016,0.003936142,0.071428247,0.982142624,2.053580185,1.482145695,0.642855937,N/A,N/A,N/A,1.6666672,N/A,N/A,N/A,0.003878348,0.029378945,0.927487788,2.121682463,1.448919229,0.45211647,N/A,N/A,N/A,2,N/A,N/A,2,0.004027355,0.010611575,0.896551447,1.908023614,1.35641444,0.44827491,N/A,N/A,N/A,2,N/A,N/A,N/A,0.004416339,0.01587294,0.85714224,1.698419591,1.571433426,0.571427762,N/A,N/A,N/A,0.499999733,N/A,N/A,N/A,0.00449916,0.083030642,0.730157793,1.402064296,1.227681382,0.36507816,N/A,N/A,N/A,2.666668267,12.0000096,0,112.0006944,246.0026576,29288.30486,172.0012992,138.0008112,68.0002208,2.0000016,0,2.0000016,4.0000064,0,0,0,4.0000064,10.0000112,0,64.0002432,226.0021552,28492.49213,144.0009376,116.0006112,48.0001504,0,0,2.0000016,2.0000016,0,0,0,4.0000032,10.0000144,2.0000016,112.0005664,188.0015072,27674.6948,192.0015648,152.0010496,48.0001504,0,0,0,16.0000352,0,0,0,4.0000032,8.000016,2.0000016,106.0005648,186.0015152,28394.25213,150.0010224,122.000648,62.0002608,0,0,2.0000016,12.0000096,0,0,0,4.0000032,6.000008,0,76.0002912,212.0020128,28350.19179,182.0014864,122.0006832,64.000192,0,0,0,4.0000032,0,0,0,2.0000016,8.0000064,0,110.0005616,230.0022096,28454.41211,166.0012048,112.0005984,72.0002496,0,0,2.0000016,10.0000112,0,0,0,6.0000048,6.0000048,2.0000016,102.0005104,234.00228,28356.15674,160.001152,110.0006032,50.0001232,2.0000016,0,0,8.0000064,0,0,0,4.0000032,4.0000032,2.0000016,104.0005216,222.0020752,28803.17971,158.0011088,116.0006176,52.0001664,0,0,2.0000016,4.0000032,0,0,0,2.0000016,2.0000016,0,108.0005216,214.002056,28530.57853,198.0017104,126.0006992,72.0002976,0,0,0,6.0000048,0,0,0,12.000016,16.0000256,4.0000032,92.0003808,178.0013744,28005.3781,156.0010848,126.0006832,46.0000976,0,0,0,16.0000224,0,0,0,6.0000048,8.20001008,1.20000096,98.6004856,213.6019843,28434.96409,167.8012571,124.0007005,58.20019088,0.40000032,0,1.0000008,8.2000104,0,0,0,4.8000048
14,SN1,623.7861595,5.80000592,3353.052826,2744.961414,31137.99,1853.2362,6762.207822,6054.337953,2.40000224,0,25910.6609,48352.62028,8.8000128,228.202301,35857.01714,24941.69096,30.56917944,5.116428873,57.33402591,85.71333736,331.7518036,78.97660874,130.099461,101.3858357,2.065593046,0,383.3099909,467.7849636,3.011096751,31.47479145,434.3848819,251.2739398,4.900586358,88.21420087,1.709905238,3.122569845,1.065424594,4.261551157,1.923919886,1.674598222,86.06629658,N/A,1.479352427,0.96744491,34.21695877,13.79249522,1.211436189,1.007445486,111.3530034,0.69565963,1.866416002,0.217198776,0.092242243,0.495949614,0.406041466,0.274109069,0.895771715,3207.064157,N/A,0.722702783,1.938727906,16.76649223,0.009491883,0.027382051,0.005126695,0.004049238,0.009420284,0.014245221,0.011777412,0.028773857,1299.83655,N/A,0.01362281,0.020223109,15.05706331,1.364443534,1.46709261,2.360369966,4.389787327,1.899443711,3.508316734,4.296615382,3.212186405,40.53041929,N/A,1.884980947,1.043112281,97.50749685,0.695071627,1.909707076,0.207275176,0.091814394,0.502856805,0.428609011,0.282092302,0.951061951,6143.031665,N/A,0.712474187,1.957520555,108.5245714,0.700110488,1.850896753,0.217150554,0.099862455,0.49463787,0.376014086,0.280436838,0.896150969,2496.087576,N/A,0.727934727,1.924456276,93.50554789,0.70126727,1.880895081,0.216110281,0.087362147,0.49786738,0.416255588,0.269369547,0.913547528,4145.453799,N/A,0.734377674,1.969701731,127.2382091,0.706649034,1.851218996,0.221842208,0.093334195,0.493692218,0.398096454,0.265163878,0.855951866,4156.478904,N/A,0.737313026,1.931549912,89.26076385,0.686371435,1.809120118,0.217043926,0.093501929,0.510637125,0.412144296,0.26857879,0.894071233,2463.624441,N/A,0.741760267,1.955112571,110.0129216,0.686244092,1.883527215,0.215120951,0.089841084,0.494430809,0.405118434,0.280394381,0.89387674,3135.39379,N/A,0.704007649,1.932282671,143.2122912,0.713760871,1.875236389,0.212738727,0.093781351,0.507762185,0.406820735,0.293044137,0.911740227,2549.195336,N/A,0.729136606,1.915632466,125.6998687,0.690435084,1.849550067,0.224575692,0.092676715,0.485631439,0.408209332,0.284087016,0.850577328,1777.767977,N/A,0.718733412,1.925356145,113.7673823,0.689226407,1.880899318,0.216884208,0.085358297,0.479742789,0.394567524,0.253715185,0.905073466,2085.751088,N/A,0.718640447,1.961170252,104.8009813,0.687459997,1.873109005,0.223246033,0.094889862,0.492237525,0.414579201,0.264208615,0.885665841,3117.856998,N/A,0.702649839,1.914496477,620.0160612,16.0000224,3274.429809,2796.315085,31415.5062,1842.137199,6511.705683,6193.544084,4.0000064,0,25187.36098,48100.48149,4.0000032,252.0026368,35351.96284,24572.14632,682.0191446,2.0000016,3364.455829,2558.264026,31323.22898,1908.147336,6801.856531,6095.490319,0,0,25952.93254,48036.19857,10.0000176,230.002472,35652.82927,24960.9197,598.0145492,4.0000032,3376.45885,2824.320734,31381.40332,1828.134608,6781.843891,6195.536722,0,0,26047.12562,48991.91047,6.000008,266.0029968,35468.29724,24872.75596,646.0173717,2.0000016,3402.468809,2744.304184,31066.59765,1828.134519,6891.908171,5899.398376,2.0000016,0,26021.07985,48170.71731,6.0000048,196.0016064,35291.76746,24938.89338,632.0164324,2.0000016,3436.475343,2774.310462,31006.53307,1808.132279,6729.830791,6017.459598,4.0000032,0,26624.37946,48166.70049,10.0000144,276.0034624,35893.50986,24636.27988,612.0152964,6.0000048,3322.443242,2724.298362,31237.00136,1886.144086,6719.810119,6007.449207,6.0000048,0,25732.47356,48467.81425,8.0000128,228.0022208,36551.41189,25083.19045,626.0160788,2.0000016,3374.458426,2704.297361,31239.00348,1948.153046,6645.771392,6059.472408,2.0000016,0,26041.12657,48833.26816,10.0000112,178.0013552,35715.0174,25491.98191,662.0179669,10.0000112,3396.463049,2858.330514,31142.77827,1990.160277,6993.962091,5949.419296,4.0000032,0,25908.88027,47919.77124,14.0000176,198.0016624,36047.96969,24888.78297,596.014458,12.0000096,3256.426687,2682.289892,31297.15923,1726.120228,6787.859578,6143.511593,0,0,26097.23613,49086.27365,12.0000288,220.0021888,36314.73327,25029.07312,644.0168196,2.0000016,3326.44822,2802.318093,30270.68842,1786.128113,6757.836678,5985.441063,2.0000016,0,25494.01401,47753.06721,8.0000096,238.002408,36282.6725,24942.88592,631.8164179,5.80000592,3353.052826,2746.904871,31137.99,1855.139169,6762.238493,6054.672267,2.40000224,0,25910.6609,48352.62028,8.8000128,228.202301,35857.01714,24941.69096
15,SN2,638.4943834,5.00000528,3353.65287,2746.829485,31111.13729,1938.112056,6816.24275,6159.071832,1.80000176,0,26172.80781,48843.91949,10.80001248,220.2021583,35782.80993,25111.63394,22.75545762,2.708017069,120.642797,61.00297473,451.3944741,37.72451504,120.1915618,138.2121162,1.988860194,0,373.2462247,502.8986958,3.552781776,16.06821743,491.5572871,343.1162202,3.563924478,54.16028418,3.597354934,2.220850441,1.450909589,1.946456859,1.763311054,2.24404131,110.492125,N/A,1.426084001,1.029603482,32.89608954,7.297029946,1.373724669,1.366363579,114.5939447,0.701802906,1.866500203,0.219104623,0.093692946,0.491998353,0.403086028,0.284418168,0.903566978,2723.130658,N/A,0.731552093,1.945269119,8.624077736,0.006058628,0.029504491,0.003174064,0.003599576,0.014984783,0.010999538,0.007481501,0.010839431,1447.193048,N/A,0.014021771,0.023297224,7.525770893,0.863294767,1.580738688,1.448652138,3.841885409,3.045697843,2.72883131,2.630458064,1.199626697,53.14445869,N/A,1.916715336,1.197634996,115.8681965,0.710885446,1.846017875,0.219075476,0.09675147,0.494648987,0.393261466,0.29315436,0.893066311,2104.959044,N/A,0.741512359,1.925549435,101.5395758,0.691307205,1.809561215,0.21813574,0.091138369,0.492386607,0.400589499,0.285709234,0.911620579,2436.971916,N/A,0.749920269,1.962986389,115.655423,0.706934924,1.867621768,0.216626744,0.088861165,0.512317743,0.406976723,0.282552612,0.912243231,1546.904196,N/A,0.749809859,1.980891263,109.9577492,0.701794595,1.888244477,0.223152149,0.097301455,0.505903262,0.416802489,0.29062237,0.896676813,2485.067278,N/A,0.726922938,1.95585465,116.7463762,0.707863584,1.882201479,0.217976873,0.100372274,0.47715971,0.409680344,0.284954563,0.886209241,6304.358297,N/A,0.735315948,1.955197015,100.9031866,0.701177063,1.880166892,0.216742123,0.0932089,0.491097857,0.403251624,0.290483629,0.923714714,2118.98718,N/A,0.710903346,1.906247375,118.5116222,0.699352783,1.879164,0.215137424,0.091913562,0.485487751,0.418270963,0.289749397,0.898227027,1811.549807,N/A,0.713610246,1.917473865,115.0973465,0.70515116,1.876115473,0.223330838,0.090828235,0.508741442,0.40432811,0.278986234,0.908163292,2110.136128,N/A,0.728423724,1.938034137,123.1334615,0.694964656,1.829168951,0.223841824,0.091302412,0.489527902,0.381712243,0.268023395,0.901941559,2113.807731,N/A,0.739497902,1.946381862,128.5265097,0.698597641,1.906739902,0.217027044,0.095251621,0.462712272,0.395986815,0.279945884,0.903807015,4198.565004,N/A,0.719604335,1.964075196,662.0176757,2.0000016,3370.456928,2680.289171,31102.68574,1998.161836,6813.861255,6085.485701,2.0000016,0,26347.78618,48638.48426,12.0000128,218.0023184,35532.49769,25259.53548,624.0159044,6.0000048,3326.444647,2708.296093,30970.43053,1932.150969,6755.834454,6159.523599,6.000008,0,26435.96441,47837.49589,10.0000144,240.0025216,35251.70008,24369.75425,604.0148772,6.000008,3434.477013,2730.302083,30946.32947,1896.145522,6703.802584,6115.498526,0,0,26251.59108,49028.04294,16.0000192,214.0020432,35010.99749,24750.49683,658.0176885,4.0000032,3392.462604,2796.315095,30050.14115,1950.154388,6705.804686,6013.450927,4.0000032,0,25740.50074,48604.35835,10.0000112,226.0022672,35410.21943,24850.70062,680.0189573,4.0000032,3206.414212,2754.307195,30828.00642,1916.147909,6719.817994,5955.420751,2.0000016,0,26195.43661,49305.08954,4.0000032,216.0020224,35624.7361,25217.45336,636.0164804,2.0000016,3336.445928,2740.301822,31345.32158,1974.158843,6793.85153,6275.580625,0,0,25780.59949,48471.82962,12.000016,252.0027456,36264.56342,25427.88006,632.0165957,6.0000048,3294.435378,2840.324428,31541.8202,1968.157565,6785.851503,6095.490857,2.0000016,0,25878.77588,48630.464,14.0000208,214.0020912,36264.58004,25361.73498,642.0168533,2.0000016,3580.514881,2846.325521,31513.7199,1964.157258,7037.985477,6391.640062,0,0,26157.36086,49074.22944,12.0000096,220.002064,35909.54002,25321.65379,652.0171205,8.0000064,3436.475016,2682.292114,31361.33235,1884.143077,7019.977828,6331.609744,0,0,26991.15189,49371.377,12.0000128,206.0018416,36499.29476,25365.71983,664.0180485,10.0000176,3158.402092,2706.295276,31451.58559,1914.1481,6825.870217,6169.52488,2.0000016,0,25948.91093,49477.82388,6.0000048,196.0016672,36059.97027,25191.41018,645.4170201,5.00000528,3353.65287,2748.50488,31111.13729,1939.752547,6816.265753,6159.322567,1.80000176,0,26172.80781,48843.91949,10.80001248,220.2021583,35782.80993,25111.63394
16,SN3,624.8325564,6.2000056,3485.489315,2769.832323,31774.40638,1937.517987,6913.09146,6194.86211,2.00000224,0,26072.60818,48247.2212,8.00000864,215.8020274,36186.17742,24746.90979,44.64316629,3.326663674,82.3359081,93.54637458,466.2393874,73.15672392,106.8736561,96.08135983,1.333335467,0,410.3641701,718.1743895,3.527672446,14.7409616,584.6387775,291.0565256,7.144820774,53.65581725,2.362248186,3.377329876,1.467342558,3.77579586,1.545960395,1.550984641,66.66669867,N/A,1.573928344,1.488530058,44.09585796,6.830779944,1.615641162,1.17613281,115.105109,0.684019247,1.850781438,0.21759256,0.090424211,0.504339008,0.400858314,0.280362423,0.896151872,4162.557791,N/A,0.72061994,1.949764341,7.168790258,0.012587864,0.032748293,0.003610651,0.006974252,0.015883226,0.017991317,0.012413882,0.009634934,3143.757626,N/A,0.012853924,0.030246732,6.228038287,1.840279281,1.769430607,1.65936325,7.712814399,3.149315379,4.488198535,4.427798083,1.075145224,75.52466016,N/A,1.783731333,1.551301948,126.2566764,0.674147213,1.862961823,0.212800548,0.104331866,0.533717859,0.40955074,0.309679583,0.89182856,4124.416681,N/A,0.717496652,1.982755169,120.3319731,0.698657009,1.896148925,0.218887251,0.091604579,0.482475838,0.393137515,0.268438275,0.894643938,2065.716483,N/A,0.71881975,1.950870426,111.0737161,0.702724923,1.865784732,0.216733563,0.082038877,0.493932255,0.411160606,0.275304311,0.895360327,3110.090754,N/A,0.714271709,1.896442273,114.5753205,0.682065405,1.859929538,0.220251245,0.089968127,0.517998621,0.39533094,0.285497851,0.908156719,6187.122029,N/A,0.722881756,1.971231969,115.646151,0.664828408,1.829718319,0.219442312,0.094055406,0.498199591,0.397603769,0.269524077,0.883988441,4124.74469,N/A,0.695084694,1.912988649,101.7710254,0.690216874,1.866479636,0.212825655,0.088887103,0.516925634,0.387317177,0.277316149,0.895098106,3154.93118,N/A,0.713508956,1.929465922,115.9112935,0.690171186,1.856396894,0.222010326,0.083182565,0.486131906,0.383051596,0.272970542,0.88617392,2086.4205,N/A,0.720721758,1.938570692,123.6147997,0.672620406,1.83399096,0.212929391,0.098150595,0.512991546,0.442960719,0.280366799,0.903202992,2039.660462,N/A,0.724776838,1.976202563,108.8881381,0.672872672,1.773422939,0.218339263,0.084309608,0.499354351,0.405852861,0.290768779,0.914053489,2417.335964,N/A,0.741487843,1.954265055,112.9819961,0.691888371,1.862980613,0.221706049,0.087713381,0.501662479,0.382617218,0.273757863,0.889012223,12315.13917,N/A,0.737149438,1.984850693,716.0211078,4.0000032,3634.531625,2790.314101,32001.03134,2110.179873,6809.86256,6073.48572,2.0000016,0,26337.78621,49066.29021,6.0000048,196.0016736,36707.88723,24746.51988,662.0183861,8.0000064,3428.473464,2796.31594,32464.20379,1910.147255,7106.025885,6357.61871,2.0000016,0,25504.0062,48359.39395,12.0000128,206.001976,35480.39158,24788.62424,566.0131027,4.0000032,3374.457171,2810.316325,31521.75304,1882.1424,6831.872962,6117.499427,4.0000064,0,25289.58269,47184.91726,8.0000096,224.002192,35406.10997,24880.75589,626.0161204,6.0000048,3556.508284,2716.299093,31172.87439,1962.158114,6865.889939,6235.559465,2.0000016,0,26229.51513,48785.04998,4.0000032,216.0020832,36284.65503,24748.50792,666.0185525,10.0000112,3454.479393,2760.30614,31597.94726,1872.141144,6933.926594,6129.51096,0,0,25874.80339,47343.60176,6.000008,214.001944,37225.39658,24748.50114,634.0164084,12.0000128,3590.520465,2694.29235,32636.63389,1930.151012,6945.938534,6217.552143,2.0000016,0,26091.21207,48698.71601,8.0000096,248.002608,36567.46259,25239.47973,596.014474,8.0000064,3418.470576,2696.292371,31674.11917,1922.148589,7031.981511,6231.55862,0,0,26145.34398,48536.13536,12.0000128,216.0020128,36276.61255,25037.07271,670.0182581,6.0000048,3458.483331,2988.360396,31662.11096,1892.14379,6741.819567,6089.487116,2.0000016,0,26373.86958,48369.43839,12.0000128,198.0017904,36388.95199,24475.95166,586.0139155,2.0000016,3454.480059,2808.3169,31684.1465,2012.163546,6917.918738,6323.602995,2.0000016,0,26638.43118,47241.20492,10.0000112,222.0020208,35925.64792,24173.38671,612.0159204,2.0000016,3484.488779,2658.284506,31329.2435,1902.146221,6945.933903,6175.531887,4.0000064,0,26241.53133,48887.46413,2.0000016,218.0019728,35598.65879,24630.29804,633.4166246,6.2000056,3485.489315,2771.909812,31774.40638,1939.552194,6913.117019,6195.140704,2.00000224,0,26072.60818,48247.2212,8.00000864,215.8020274,36186.17742,24746.90979
17,SN4,650.4034122,6.80000736,3419.070594,2750.827318,31646.67736,1956.324165,6922.707411,6220.759171,1.40000112,0,26078.60646,50860.98589,11.60001408,212.4020042,35956.70071,26332.15558,43.22082761,4.131187021,98.82475638,103.3705496,411.7784539,73.89836517,220.3977009,207.1402333,1.646546522,0,328.2837786,657.3176519,3.373100978,18.49477903,448.566187,414.6040056,6.645233835,60.75268456,2.890398243,3.75779857,1.301174367,3.777409004,3.183692273,3.329822416,117.6103718,N/A,1.258824083,1.29238087,29.07842141,8.707440921,1.247517648,1.574516011,124.9123805,0.732371267,1.950411861,0.218754698,0.094065599,0.494044982,0.397444439,0.282751502,0.89885208,2465.4369,N/A,0.725365304,1.931999815,12.12968259,0.010873373,0.023120117,0.006547509,0.0073336,0.010940455,0.011558156,0.011508964,0.024322002,828.4801115,N/A,0.011948912,0.041962514,9.710552742,1.484680445,1.185396669,2.993082793,7.796261471,2.214465308,2.908118786,4.070345902,2.70589598,33.60378484,N/A,1.647295767,2.171972987,119.7385064,0.732356469,1.930752884,0.228772526,0.087692264,0.476499969,0.403274643,0.263269403,0.87727478,2610.321289,N/A,0.742140633,1.956547429,110.4512277,0.736163596,1.951339295,0.222346222,0.097012794,0.479264579,0.405307234,0.275018959,0.926502074,2190.635176,N/A,0.718483354,1.904474507,107.2427488,0.724775279,1.917009872,0.209246873,0.1007708,0.503907269,0.398839283,0.277895979,0.934887381,2573.850302,N/A,0.744188036,1.968356057,128.9670635,0.748730843,1.942405169,0.213584441,0.083640925,0.491782384,0.411650685,0.288560648,0.876572136,4513.882922,N/A,0.720029788,1.867947066,138.3332877,0.721271046,1.97892743,0.223092578,0.082849601,0.484977877,0.395812627,0.279581372,0.897757144,2656.020063,N/A,0.704343892,1.932484961,134.624067,0.720267566,1.974524517,0.227116117,0.093741177,0.505901695,0.385222087,0.275487883,0.886606426,2176.438273,N/A,0.722975313,1.98194747,120.9429866,0.728047129,1.957527488,0.213877936,0.102286029,0.505591633,0.380968284,0.285774714,0.926251079,1647.862603,N/A,0.731256627,1.966156984,118.4791398,0.729168198,1.978196113,0.219484287,0.096695645,0.495603173,0.380295377,0.299233332,0.889760032,2152.389929,N/A,0.720228633,1.95394353,124.7441406,0.730059149,1.954766745,0.212330052,0.092983286,0.493409518,0.409682383,0.301448243,0.908894685,2644.596172,N/A,0.7193251,1.926025837,145.6006371,0.752873394,1.918669095,0.217695947,0.102983473,0.503511719,0.403391789,0.281244488,0.86401506,1488.372275,N/A,0.730681662,1.862114312,642.0170293,4.0000032,3458.482777,2928.346608,31726.25954,1912.147138,7258.122107,6367.623648,2.0000016,0,26451.97721,51072.23127,10.0000112,218.0020688,35642.80951,26103.24212,690.0195286,10.0000112,3340.449815,2828.321656,31347.28008,1920.149183,6969.949293,6457.672473,0,0,25656.32045,50064.18625,12.0000192,238.0024624,35708.99773,26287.66417,660.0178597,0,3300.438209,2612.275095,31301.27341,1820.133507,6549.719143,6123.504475,2.0000016,0,26427.92601,50662.59505,10.0000112,240.0025376,35512.43065,25738.53185,586.014866,8.0000096,3380.458744,2832.322773,32183.48426,1986.159365,6873.891487,6025.461746,0,0,26045.14981,50590.2336,6.000008,210.0019408,36172.32267,27083.33364,604.0151172,12.0000128,3438.476263,2810.318694,31780.37232,1986.159368,7090.0163,6365.624079,4.0000032,0,25936.89317,51327.22934,10.000008,192.0016672,36824.1898,26560.22188,686.0200118,8.0000096,3642.531695,2776.309728,31702.189,1986.159045,7200.078059,6383.635472,0,0,26215.47848,51763.10498,12.000016,194.001672,36260.54447,26117.2941,716.0217799,8.0000096,3484.489349,2628.277732,32223.54219,1972.156877,6891.904689,6383.634155,0,0,26482.0635,51839.36724,16.0000192,218.002168,36214.4595,26365.83328,676.0186085,4.0000032,3436.476012,2638.280537,31591.9043,2076.174348,6933.926581,6169.530737,0,0,25512.04806,50467.83432,12.0000128,218.0021456,35422.15193,25828.70669,630.01629,2.0000016,3328.445033,2764.308156,31770.37939,2034.167651,6745.831857,6131.506087,2.0000016,0,26057.15629,50935.6626,10.0000112,212.001872,36224.45026,26445.99134,708.0208934,12.0000128,3380.458043,2712.297569,30840.08907,1892.145842,6713.813507,5801.348999,4.0000032,0,26001.05162,49887.4142,18.000024,184.0015072,35584.65059,26790.73667,659.8181984,6.80000736,3419.070594,2753.105855,31646.67736,1958.555232,6922.725302,6220.954187,1.40000112,0,26078.60646,50860.98589,11.60001408,212.4020042,35956.70071,26332.15558
18,SN5,629.9249027,4.40000544,3484.088681,2813.245643,32119.68367,1985.516677,7058.583937,6325.212646,1.40000112,0,26240.75098,49920.97144,8.00000832,226.2022245,36148.45545,25742.71482,44.9149161,2.951464113,126.9651408,108.7686556,661.6220291,116.5554764,165.5976459,190.4394311,1.646546522,0,427.2037982,480.9897912,2.981428025,26.15301798,464.4331356,257.7146283,7.130201697,67.0786469,3.644142053,3.866304951,2.059864711,5.870284432,2.346046281,3.010798873,117.6103718,N/A,1.628016662,0.963502467,37.26781155,11.56178638,1.284793859,1.001116744,115.2739632,0.712202651,1.902718831,0.219767815,0.089213055,0.493552672,0.398596458,0.281096081,0.89623723,3637.371431,N/A,0.725913443,1.939268827,14.27145434,0.008305678,0.025265061,0.003274904,0.005561841,0.011786258,0.013524259,0.010683592,0.023648188,1346.022085,N/A,0.006945348,0.012410652,12.38046645,1.166195829,1.327839969,1.490165261,6.234335697,2.388044636,3.392970126,3.800690588,2.638608091,37.00535154,N/A,0.956773584,0.639965536,116.445452,0.712096785,1.875829234,0.217609746,0.087612675,0.487899494,0.417894478,0.280631186,0.929219857,4269.702593,N/A,0.727640041,1.9167738,118.9081368,0.71609167,1.899879386,0.220288139,0.084066513,0.49286645,0.403152861,0.292898115,0.881521053,6421.093988,N/A,0.734475927,1.948655084,98.06036632,0.712592968,1.94660605,0.223394714,0.096925315,0.481802627,0.400028797,0.281062118,0.880634605,4249.32757,N/A,0.712705021,1.946912149,126.3940241,0.703080433,1.901480379,0.220283396,0.088938074,0.500639953,0.395084676,0.286606734,0.911650058,1841.754867,N/A,0.718818859,1.944044934,138.0804423,0.709708948,1.873944413,0.219328579,0.09644987,0.514915238,0.397822217,0.290462044,0.884472992,4372.582124,N/A,0.732588788,1.934357274,102.2948324,0.701419934,1.882247608,0.221478711,0.094080395,0.506574651,0.3790682,0.278150418,0.894479841,4296.425898,N/A,0.724269107,1.943562947,133.3833194,0.730971934,1.919949073,0.215053989,0.090775405,0.496189754,0.400296795,0.282932823,0.91280814,2614.332994,N/A,0.73270867,1.924510732,97.68693138,0.716746008,1.935999969,0.223845129,0.082576666,0.48353787,0.373968477,0.289186445,0.850408297,3199.277999,N/A,0.725163644,1.958736814,114.7194006,0.707013082,1.882703096,0.214242968,0.081025228,0.494722699,0.406404394,0.256079817,0.893990376,2546.791905,N/A,0.729768648,1.943298829,106.7667269,0.71230475,1.908549102,0.222152778,0.089680413,0.476377984,0.412243685,0.272951115,0.923187077,2562.424371,N/A,0.720995726,1.931835702,622.0160308,2.0000016,3448.476901,2954.351135,32480.19374,1984.159303,7068.006712,6567.732188,0,0,26177.41679,49104.36368,6.0000048,220.002032,35975.7783,25618.23605,622.015826,2.0000016,3630.529532,2970.355693,33438.71687,2158.188434,7366.178259,6493.697282,2.0000016,0,26343.7933,50050.02983,4.0000032,216.0020096,35867.47003,25684.3965,690.0197206,4.0000064,3402.465461,2826.323185,31611.97791,1986.158667,7061.999874,6219.553642,4.0000032,0,25499.995,49638.44455,6.0000048,260.0029632,35779.17125,25495.98582,632.0168485,4.0000032,3526.501907,2784.312096,31976.93659,2020.166833,7043.98817,6421.652221,0,0,26361.78771,50126.42208,14.0000176,204.0017376,36673.7564,25784.60055,712.0211174,12.0000192,3712.55603,2872.332391,32873.20498,2098.178196,7210.084451,6377.636941,4.0000032,0,27081.31764,50748.88389,6.000008,190.0017648,36966.60129,26235.52772,674.0188085,6.0000048,3584.515614,2684.292106,31948.83567,1970.157314,7076.012503,6329.606274,2.0000016,0,26618.32851,50102.28515,6.0000048,252.00272,36751.98658,25778.57601,634.0164788,2.0000016,3450.477623,2784.313149,32335.82316,1968.156262,6953.947743,6347.620104,0,0,26205.46556,50313.1593,10.000008,196.0016512,35765.19104,26143.35085,590.0142452,4.0000032,3422.472246,2648.282395,31619.99472,2048.168792,7078.007367,6019.453051,2.0000016,0,25894.83973,50132.40891,8.0000096,262.0028528,35708.96025,25594.25471,550.0124563,4.0000064,3324.44381,2732.301669,31365.38213,1722.120765,6719.812563,6007.447756,0,0,26287.6461,49491.83271,10.0000112,222.0020976,36021.89017,25467.94757,634.0167093,4.0000064,3338.447691,2890.336083,31545.7709,1914.148525,7007.980643,6469.677165,0,0,25936.91942,49501.88428,10.0000112,240.002416,35973.74919,25624.27241,636.0168241,4.40000544,3484.088681,2814.71999,32119.68367,1986.960309,7058.601828,6325.407663,1.40000112,0,26240.75098,49920.97144,8.00000832,226.2022245,36148.45545,25742.71482
19,APT_STD_3,-370.7267503,6948.340074,1023.842717,1057.02259,27454.59528,928.8803307,2037.996185,1699.480224,1453.485632,0.40000032,25072.95843,11146.57849,5.4000056,131.400788,34069.62196,8835.930407,264.8699566,204.7539691,38.93850217,115.0457966,435.8155404,77.53901673,64.07913197,72.83430074,57.35581821,1.264912076,452.3346047,202.1809923,2.319006454,19.18469866,555.798728,220.8553576,71.44614097,2.946804085,3.803172255,10.88394872,1.587404716,8.347578711,3.144222371,4.285680983,3.946087732,316.227766,1.804073524,1.81383904,42.94451943,14.60013973,1.631361595,2.499514453,68.52684106,0.259353679,0.4445916,0.074231165,-0.18304274,0.502730326,0.518802254,0.456182276,0.834456807,1962.393814,2748.708297,0.736020292,1.262104831,9.997832274,0.005131453,0.005230407,0.001986506,0.130652416,0.022915246,0.056470866,0.040527468,0.040519483,977.2296378,,0.013211012,0.035030638,14.58965877,1.978554269,1.17645203,2.676108054,71.37809214,4.558158636,10.88485363,8.884051383,4.855791477,49.79783521,,1.79492492,2.775572789,88.76520038,0.257248147,0.448841743,0.072052293,-0.150728147,0.515980369,0.545498034,0.448449093,0.825818182,1449.837382,2748.708297,0.724397789,1.263915678,70.26968459,0.256301075,0.444663528,0.075336533,-0.076217254,0.512583304,0.547873482,0.494634418,0.815271042,1071.616871,N/A,0.753493417,1.307255701,72.45818619,0.260654414,0.435541146,0.072483768,-0.211268413,0.475821764,0.624002369,0.491236201,0.87589756,2173.756542,N/A,0.733605975,1.225820743,54.12863828,0.262749437,0.448493766,0.072783239,-0.233266044,0.523067084,0.505602455,0.465446886,0.905454282,2219.285948,N/A,0.729964636,1.245995394,62.92007274,0.258785259,0.450368189,0.076352423,-0.179340132,0.47579724,0.511178183,0.438404681,0.827312637,2170.754187,N/A,0.745478439,1.297368234,70.69707347,0.260529063,0.444115164,0.07771381,-0.030279551,0.479732102,0.524280497,0.403410429,0.776993352,904.9268887,N/A,0.729357702,1.243311636,69.67106584,0.262289402,0.440910308,0.073006107,-0.487239838,0.512098512,0.435455869,0.392162367,0.846591765,1509.547303,N/A,0.741993069,1.247295506,73.55068712,0.269611953,0.440271763,0.075040845,-0.095498265,0.501318415,0.569086796,0.480987012,0.856573059,2316.857883,N/A,0.737366492,1.204107022,68.47676651,0.251027584,0.451785597,0.072160597,-0.267867805,0.544156916,0.461218988,0.431643687,0.839842335,1460.843699,N/A,0.711195901,1.279971149,54.3310355,0.254340454,0.440924798,0.075382035,-0.098721953,0.486747556,0.463825865,0.515447984,0.774813856,4346.51144,N/A,0.753349501,1.306007248,9037.268032,6743.821707,1026.043325,3344.450029,27598.45147,3104.387844,2008.162314,1856.139236,1536.094851,4.0000032,24496.03261,10994.84198,6.0000048,98.0004688,33815.71975,8699.03125,9267.438157,6807.856621,1064.045938,3418.469663,27554.35775,3260.429059,2094.176724,1892.143905,1434.083395,0,25203.39728,11207.03156,8.0000096,122.0006224,33448.72923,8572.945256,8949.208434,6765.839117,942.0359102,3502.492564,27313.81695,3192.410005,1998.160866,1934.151559,1436.083064,0,24471.97483,10658.55196,4.0000032,120.0007008,33358.47261,8695.033122,9271.443054,7035.984723,1054.044887,3376.458946,27686.64511,3246.423683,2034.166422,2032.167876,1490.091617,0,24662.32267,11060.89797,4.0000064,164.0011328,33785.64038,8877.157995,9205.395208,6925.924258,1018.042499,3414.474101,28023.42193,3210.415317,2158.187599,1972.157181,1450.084445,0,25013.04356,11265.07912,4.0000032,138.0008528,33553.00736,8683.023696,9565.665325,6955.940131,1030.042807,3456.479817,27628.56274,3148.399126,2166.189106,1876.14244,1492.089669,0,25333.68555,11251.0739,10.0000112,128.0007584,34734.24012,9049.279022,9239.427879,7392.201907,1046.044932,3366.457981,27979.35106,3226.420422,2060.17244,1920.149708,1370.075827,0,25622.25973,11297.11844,6.0000048,130.0007536,34531.6699,9057.291064,9181.375052,6769.840999,1006.041309,3410.466686,26742.64996,3186.409904,2026.166038,1930.1505,1516.092678,0,25345.68245,11158.98831,4.0000032,126.000712,34373.24954,9267.438945,9387.539135,7160.066805,1068.046376,3304.444282,27199.80818,3196.412217,1980.161108,1838.137449,1362.075628,0,24832.66789,11219.04169,6.000008,128.0006976,34916.7759,8765.073883,9389.539267,6925.924469,984.039192,3258.427892,26818.88766,3314.441872,2040.1682,1768.126073,1448.085144,0,25748.51772,11353.15997,2.0000016,160.0011808,34178.71476,8693.029835,9249.429954,6948.340074,1023.842717,3385.262196,27454.59528,3208.614945,2056.571082,1901.946593,1453.485632,0.40000032,25072.95843,11146.57849,5.4000056,131.400788,34069.62196,8835.930407
20,IWH21_01,11.34000637,16.80002624,114.2006078,251.5735048,31474.05099,188.6896095,139.5319008,72.24807079,5.40000528,0.40000032,25740.71826,3358.253651,6.40000608,71.4002488,34947.2537,82.00034016,13.00594845,6.124649412,13.14717452,17.06239427,579.1769779,12.28043275,27.41905067,14.07886718,2.503333941,0.843274717,498.2683407,103.8378644,3.098389247,10.79307543,690.4226715,13.06404915,114.6908391,36.45618956,11.51235074,6.782269968,1.840172967,6.508271855,19.65073974,19.48684169,46.35799061,210.8185107,1.935720424,3.092019698,48.412286,15.11629946,1.975613527,15.93170117,1.179630647,0.002349776,0.130471057,0.004432455,0.095705478,0.846791538,1.874884102,1.396613319,0.535190753,15.51909491,1684.226652,0.736616932,42.02975817,0.291572774,0.000391779,0.003396105,0.000864348,0.110753442,0.202855692,0.435279562,0.274010644,0.141487243,8.452144778,38.19473041,0.009277386,7.60381295,24.71729391,16.67302602,2.602956687,19.50044479,115.7232008,23.9558005,23.21634502,19.61964992,26.4367876,54.46287189,2.267790404,1.259458747,18.09149822,1.027777975,0.002189118,0.133730034,0.004908062,0.145749395,0.827229319,1.792155958,1.219168725,0.366152252,37.0000992,1657.2189,0.733191185,44.7895799,1.297298433,0.002823024,0.129471429,0.00359165,0.09722346,0.860033754,2.456982713,1.633142581,0.556764674,12.0000384,N/A,0.744618835,34.15020633,1.048780896,0.002503124,0.129696058,0.003633188,0.190986695,0.910921598,2.232479592,1.875997006,0.729821329,14.33338329,N/A,0.738876933,38.28393507,1.65517525,0.002752732,0.128788823,0.003345193,0.265738605,1.321393775,2.592298637,1.686847206,0.730944236,16.0000592,N/A,0.753087085,35.23380072,0.875000035,0.001957767,0.13345864,0.00421656,0.033832972,0.78818234,1.757866884,1.25925489,0.662700478,11.66670027,N/A,0.739024274,50.37839888,0.717390822,0.001844861,0.134991073,0.003786649,0.238702236,1.017390053,1.989423712,1.549141103,0.503969791,11.00002347,N/A,0.723597115,52.9466278,1.406251616,0.002557298,0.130871687,0.004490267,-0.057982617,0.685409978,1.663008957,1.362476966,0.499565188,15.00005173,1711.234405,0.743072484,38.02730008,1.500003575,0.002716488,0.123778979,0.005127311,0.050707164,0.720072667,1.484690178,1.204832459,0.51629724,6.857173257,N/A,0.734833757,33.48330171,1.033332937,0.001752306,0.127322604,0.005271265,0.003672073,0.702700193,1.496574514,1.127937041,0.30468655,10.33335307,N/A,0.72285781,52.52286246,1.235294931,0.002401044,0.132601241,0.0059544,-0.011575206,0.634581705,1.283359874,1.047335208,0.481005789,21.0000672,N/A,0.733009843,40.48156878,44.0001024,16.0000192,124.0006944,274.0033168,30541.34309,188.0015168,150.0010512,56.0001664,8.0000064,2.0000016,24784.563,3314.440451,2.0000016,72.0002368,33803.68383,74.0002576,36.0000768,18.0000304,98.0004528,286.00348,31726.23386,192.0016192,114.0006608,64.0002688,4.0000032,0,25321.68109,3278.434233,8.0000096,74.0002608,34006.23229,96.0004224,38.0000688,12.000016,102.0004496,254.0028592,30820.0382,214.0019504,112.0005632,82.0003408,2.0000016,0,25385.76979,3292.434281,6.000008,82.0003632,34357.23687,86.0004144,42.0001136,10.000008,140.0008672,278.0032528,31672.13147,182.001416,106.0005104,78.0002864,4.0000032,0,26263.61515,3382.46009,6.0000048,58.0001616,34874.60572,96.000432,46.0001296,30.000072,104.0004896,242.002536,31293.23138,176.0013664,132.0009024,88.0003744,4.0000064,0,26423.92359,3526.500899,6.0000048,80.0002912,35755.14975,70.0002576,42.000088,10.000008,120.0006848,238.002392,31148.78872,186.0014544,118.0006544,60.000192,4.0000032,0,25886.81952,3494.489549,6.000008,92.0003808,35775.18345,66.0002288,22.0000272,22.0000336,100.0004288,250.0025936,32492.21318,206.0017872,146.0009424,74.0002928,8.0000096,2.0000016,26151.35195,3422.471549,6.0000048,64.0001984,35193.54101,90.0003824,36.0001152,20.000032,118.0007248,250.002744,31960.87612,204.001904,164.001152,86.0003344,10.0000112,0,25968.97964,3214.413786,14.0000112,64.0001824,35339.93832,96.0005024,20.0000224,14.0000208,118.0006192,256.00272,31856.5947,194.001704,168.0012352,52.0001376,6.0000048,0,25576.18358,3256.426296,6.0000048,60.0001856,35382.03951,62.000168,20.000032,16.0000224,118.0006672,244.0024352,31229.05916,200.0018816,186.001432,90.0003664,4.0000032,0,25644.29528,3400.465379,4.0000032,68.0002272,34984.92625,84.000336,34.6000776,16.80002624,114.2006078,257.202833,31474.05099,194.20166,139.6009104,73.000276,5.40000528,0.40000032,25740.71826,3358.253651,6.40000608,71.4002488,34947.2537,82.00034016
21,IWH21_02,-98.90920108,1513.492882,334.2047302,409.0953011,30298.74528,340.8551825,562.5277112,451.5965229,413.6072363,1.0000008,26114.08747,4918.371586,6.20000816,79.20031488,35568.61507,1491.6906,50.20508361,39.97197208,20.94391626,35.51123527,464.4085316,33.55981815,39.12827578,40.05497969,24.79860414,1.414214694,261.0446214,81.41008012,3.457686101,14.11708115,588.9866489,59.58264032,50.75875961,2.6410413,6.266792288,8.680430983,1.532764896,9.845770248,6.955795243,8.869638638,5.995689137,141.4213562,0.999631413,1.655224269,55.76905726,17.82452655,1.655916734,3.994302862,19.4366821,0.041944459,0.188352557,0.018563296,-0.17999067,0.597202467,0.730816976,0.608579032,0.807075762,283.6003977,2151.548918,0.734375273,3.301497646,3.962444252,0.001701184,0.003265173,0.001207249,0.099714679,0.061945477,0.08528255,0.072570375,0.098698974,200.5113701,593.9122768,0.014487866,0.131759772,20.38642311,4.055800855,1.733543102,6.503419805,55.39991542,10.3726091,11.66948128,11.92456056,12.2292081,70.70207646,27.6039402,1.972815079,3.990909171,20.64816464,0.040080961,0.18511248,0.018187108,-0.307592146,0.658541684,0.80980462,0.646200347,0.694715498,140.4077535,N/A,0.74651844,3.447768638,20.91545501,0.04273092,0.183341618,0.020157217,-0.10299888,0.536374498,0.662529071,0.524464359,0.77252533,183.010635,N/A,0.764893441,3.281857777,14.38541886,0.041728018,0.191508581,0.018047665,-0.149212215,0.601193437,0.736634311,0.725973644,0.88762856,149.6088773,2452.48048,0.714360497,3.278520574,18.44009326,0.042591274,0.189665821,0.017740701,-0.20763815,0.584596441,0.716240252,0.620326633,0.9398105,N/A,N/A,0.730511599,3.25308612,26.89816548,0.043105711,0.191230548,0.019617779,-0.079920795,0.5113989,0.688529502,0.542635483,0.769496083,195.0119876,2481.495219,0.717083142,3.18120729,16.08976288,0.040008509,0.19035226,0.019200916,-0.126829224,0.569912588,0.771296253,0.65707306,0.644495162,362.0210293,1261.754882,0.732547054,3.485308257,17.37308014,0.041847714,0.192153879,0.017843149,-0.147444511,0.66625938,0.745164595,0.683677188,0.851619842,186.760985,N/A,0.732749719,3.364597159,24.97033758,0.045321263,0.189745154,0.020463332,-0.103463285,0.535693278,0.583957736,0.500099382,0.731152402,399.5263402,N/A,0.739078035,3.094275567,16.8454064,0.04229063,0.184885855,0.017360447,-0.394021371,0.61055044,0.696143042,0.578995061,0.905703693,758.0459565,2410.465092,0.727353923,3.179840314,17.80093674,0.039739586,0.185529373,0.017014643,-0.180786122,0.697504027,0.897870373,0.606345156,0.873610552,178.0100154,N/A,0.738656879,3.448514767,1928.1494,1514.093092,360.0055873,950.0367294,30058.15576,850.0294458,552.0128643,438.0079666,418.0072433,0,26151.35107,4840.941461,10.0000144,68.0002112,35031.08519,1404.079557,1952.153129,1454.085357,318.0042225,880.0311851,29412.65228,788.0250792,598.01469,514.0110706,402.0068561,0,26207.4963,4804.924773,8.0000096,70.0002384,34262.9377,1464.086837,1946.153934,1464.086786,326.0043889,890.0328893,30046.10632,874.0315132,548.0129603,544.0121539,450.0083314,2.0000016,25612.24593,4904.964885,10.0000144,104.000512,35853.39062,1496.090927,1968.155654,1502.091348,314.0043505,888.0327724,30276.71252,826.0288763,542.0119827,558.0129299,382.0065393,0,25934.92727,4918.969284,0,82.0002992,35502.41683,1512.093164,2076.172914,1534.095425,306.0039025,926.0353438,30501.22891,828.0280522,604.0150372,522.0110642,442.0083154,2.0000016,25952.93716,4962.994408,8.0000096,58.0001552,36192.36826,1560.097773,1960.155526,1470.088538,338.0048145,950.0369247,30888.20618,872.0308235,598.0148404,436.0079297,386.0061297,4.0000032,26514.12472,5047.023567,4.0000032,90.0004112,36194.43224,1448.085276,2058.171213,1544.096153,360.0053121,920.0342797,30282.66381,876.0312619,546.0123027,522.0116883,444.0081634,0,26161.39688,5027.01389,8.000016,86.000344,35703.04593,1494.090868,2072.173403,1544.096515,340.0047649,888.0318348,31016.47687,824.0278666,640.0168357,522.0113523,416.0071009,0,26061.17849,4944.982327,4.0000032,64.0002016,35261.74132,1598.106639,1974.157051,1574.1002,318.0042577,890.0322204,30002.0194,818.0273913,526.0114899,528.0113762,404.0069057,2.0000016,26075.19136,4820.934041,2.0000016,90.0003888,35849.38576,1516.093126,2030.166518,1534.095406,362.0057009,980.0385935,30503.2307,818.0273241,524.0112642,508.010685,392.0067777,0,26470.0255,4910.967226,8.0000096,80.0003872,35835.34689,1424.081832,1996.560874,1513.492882,334.2047302,916.2342773,30298.74528,837.4287634,567.8134267,509.2108217,413.6072363,1.0000008,26114.08747,4918.371586,6.20000816,79.20031488,35568.61507,1491.6906
22,IWH21_03,-45.59597751,664.2182464,199.6017319,325.2472288,29664.63786,251.480756,324.4997161,236.9005481,196.0016771,0.20000016,25864.97087,4455.599316,3.40000304,78.2003128,35516.03823,551.4125784,68.38576458,43.87544363,18.80455489,44.74450875,637.4836782,24.31533616,31.49895838,17.59247143,22.23146395,0.632456038,318.3391672,128.2659156,2.836276081,14.68041263,480.038528,35.62990853,149.9820123,6.605576384,9.421037943,13.75707609,2.148968348,9.668865542,9.706929411,7.42609993,11.34248659,316.227766,1.230773345,2.878757861,83.41981015,18.77283108,1.351610574,6.461569781,7.259694332,0.015522778,0.172263296,0.01093822,-0.143781116,0.619841765,1.006009989,0.78344229,0.734316158,199.1858644,2218.393968,0.728354527,8.102193801,1.359103091,0.000925861,0.004409982,0.001042097,0.21999639,0.079005658,0.131973326,0.125051076,0.065954532,93.5344172,,0.011571095,0.420987344,18.72121647,5.964534399,2.560023878,9.527116328,153.0078474,12.74610104,13.11849059,15.96174701,8.98176238,46.95836097,,1.588662532,5.195967346,8.800157422,0.014990253,0.171614743,0.008817795,0.04084288,0.713936091,1.154612525,1.062976661,0.80397578,132.0027345,N/A,0.721726731,8.262632033,5.977885526,0.015360788,0.167596921,0.01144526,-0.254285435,0.612210348,0.953983725,0.774061467,0.746085643,269.0058529,N/A,0.736062555,8.030956075,8.939585252,0.016832973,0.172977072,0.011344773,0.092105528,0.562188018,0.837954472,0.652371995,0.670459068,147.5034785,N/A,0.741346306,7.618138138,6.743713365,0.014862405,0.170119856,0.012525983,0.117424973,0.616279192,1.05905745,0.66911743,0.60092551,263.0055873,N/A,0.723275193,8.278839987,7.540681477,0.015594268,0.175352372,0.01004392,-0.603943361,0.770813875,0.894033748,0.729862227,0.827306397,55.80119881,N/A,0.723995032,8.141083911,6.837954202,0.014482766,0.171644516,0.010897718,-0.053357474,0.586265363,1.055200409,0.891479187,0.777713616,253.0050385,2218.393968,0.739828538,8.768180987,8.943055463,0.017390404,0.175377644,0.011859069,-0.315468529,0.512252357,0.958940634,0.675203587,0.738742149,313.0077282,N/A,0.717674904,7.237562579,5.181910733,0.015679156,0.180540855,0.01046942,-0.162752141,0.59192663,1.163545823,0.810748534,0.695128855,N/A,N/A,0.722919505,8.324204821,7.743006788,0.015284196,0.164565691,0.010509658,-0.060880618,0.554514261,1.162393304,0.835571605,0.748545257,271.0059313,N/A,0.745863009,8.030743864,5.888993097,0.014750567,0.172843286,0.011468605,-0.237496978,0.678031519,0.820377794,0.733030212,0.73427931,88.33522938,N/A,0.710853498,8.329595617,880.0312971,628.016378,184.0015008,508.0110755,29228.19843,480.0098658,260.0030304,232.0023552,178.0013968,0,25421.84604,4362.763579,4.0000032,60.0002176,35223.64485,528.0113602,880.0315948,698.0198102,208.0018976,558.0127731,29685.2671,492.0104386,342.0048241,278.0032592,176.0013344,0,25780.61588,4320.751834,2.0000016,90.000408,35025.0338,538.0121363,948.0372015,662.0178197,192.0015808,508.0108354,30104.22117,440.0082594,344.0048193,256.0027776,194.0016016,0,25985.01082,4494.811096,4.0000032,66.0001968,35051.10989,590.014386,890.0322012,612.0153892,224.002128,590.0142099,29017.68852,444.0083714,366.0054513,246.002504,198.001624,0,25598.22194,4354.76583,2.0000016,78.0002896,35392.09168,526.0115955,762.0238936,676.0188357,222.0020496,484.009997,28675.05328,432.0078145,290.0035536,260.0029632,156.0011136,0,25906.84949,4542.827506,10.0000112,74.0002896,35783.18682,558.0126131,852.0305676,628.0165189,192.0017696,556.0127427,30052.14307,498.010021,330.0045809,282.0034992,196.0016864,2.0000016,25848.72259,4436.791486,2.0000016,74.0002736,34938.8017,506.0104818,918.0342077,744.0229543,182.0014192,590.0142772,29959.88924,484.0096482,358.0056913,292.0036864,212.0019296,0,25834.70481,4530.829665,2.0000016,70.000232,35997.78212,626.0159572,892.0321964,682.0195542,190.0015184,602.0146996,30659.60609,484.0098562,324.0042977,256.0026784,236.0023872,0,26281.62071,4744.90627,0,110.0005744,36354.83692,570.0131571,828.0277897,612.0153764,176.0013152,574.0136819,30200.53241,466.0090066,320.0043265,266.0030896,204.001808,0,26449.99639,4352.761923,2.0000016,70.0002352,35462.2713,542.0122963,890.0328445,700.0198278,226.0021392,508.0107586,29063.77927,474.0092754,336.0047233,274.003368,210.0018896,0,25542.12004,4414.783969,6.0000048,90.0004112,35931.6232,530.0118003,874.0313794,664.2182464,199.6017319,547.8125051,29664.63786,469.4092557,327.0045298,264.2030181,196.0016771,0.20000016,25864.97087,4455.599316,3.40000304,78.2003128,35516.03823,551.4125784
23,IWH21_04,-75.64663972,1269.865175,236.6024287,356.5206793,29885.95008,301.381339,398.4572225,293.6543671,230.8023603,1.80000176,25935.51941,4501.214163,3.20000288,81.80032752,35415.95779,490.8099922,85.43896804,38.95066356,24.94573117,32.46602329,558.7681322,35.57270832,17.9969206,24.68012258,21.33792814,1.988859836,449.6589914,89.34496047,1.686550025,12.52384818,428.3125649,37.26573358,112.9448292,3.067307013,10.54331154,9.106350674,1.869668291,11.80322194,4.516650617,8.404480011,9.245108284,110.4921051,1.733757417,1.98490801,52.70464085,15.31026654,1.209377331,7.592700673,6.164664274,0.013858897,0.173558643,0.013327687,-0.186360229,0.594186263,0.895574852,0.757397958,0.73827539,189.7037397,1335.837542,0.732336502,9.210814612,1.256468439,0.001042266,0.002129405,0.000404201,0.212238529,0.061396851,0.080418509,0.09093447,0.068654108,80.77370026,512.476199,0.011131292,0.60984353,20.38178209,7.520555575,1.226908352,3.032792222,113.8861708,10.33293009,8.979540769,12.00616779,9.299254599,42.57886555,38.36366196,1.519969611,6.620951082,5.088962995,0.013091602,0.173969193,0.013153124,0.069298414,0.703730955,0.90083657,0.811077704,0.692804672,229.0041409,1104.695378,0.726021763,9.647820112,4.816396218,0.013441683,0.174004454,0.012553731,-0.12288407,0.623270031,0.893438716,0.823694809,0.844710923,118.0021928,1092.190483,0.7149927,9.255679549,7.937639703,0.014607095,0.174208608,0.013257544,-0.198153016,0.562127503,0.900446532,0.816207309,0.723882392,254.0050801,2252.405776,0.743529951,8.867561921,7.90638567,0.014195126,0.172578093,0.013100592,-0.250238136,0.649478205,1.028299786,0.612261381,0.704639588,84.33497586,1109.696634,0.721537057,8.77212988,4.63271811,0.012791005,0.175999228,0.013017961,0.186534234,0.506984963,0.978893598,0.781218997,0.767025503,227.0040769,N/A,0.736492522,10.13384878,5.750088672,0.012769535,0.171801892,0.013561932,-0.482192404,0.523537601,0.832656092,0.595932735,0.671839924,76.66806669,1120.19944,0.723997511,9.740694611,6.024491994,0.014078677,0.175120588,0.013764702,-0.106022019,0.59746241,0.895588852,0.724542869,0.631769912,247.0048465,N/A,0.741570052,9.224175018,5.31826445,0.013221293,0.17008211,0.013284361,-0.475164675,0.638059445,0.803649242,0.835821707,0.801648607,117.002188,N/A,0.735607306,9.463041184,7.314420544,0.014201235,0.176671655,0.013864256,-0.174978206,0.592644039,0.764051597,0.727253063,0.723317992,256.0053393,N/A,0.728896396,9.067896668,6.857274387,0.016191721,0.171150605,0.013718669,-0.309802415,0.544567474,0.957887539,0.845969007,0.821114386,288.0064898,N/A,0.750719758,7.935298393,1722.119066,1224.060384,278.0032112,766.0245464,30034.07356,722.0211094,398.0067825,306.0041265,232.0023104,4.0000032,25399.81341,4418.785047,2.0000016,90.0003888,34984.92013,458.0086482,1728.120322,1280.066115,224.0023232,750.0232247,28628.82157,716.0214791,362.0055665,332.0047169,204.0018112,4.0000032,25107.20457,4368.765427,4.0000032,98.0004816,35115.32994,472.009149,1714.118487,1294.067829,220.0020448,786.0256409,29520.84712,744.0229735,394.0065329,312.0041633,206.0019088,2.0000016,25858.74033,4504.815156,2.0000016,64.0002048,34778.34389,508.0105666,1634.107465,1252.062998,258.0028016,828.0277001,30322.77346,654.0175861,400.0066913,310.0039249,216.00208,4.0000032,25720.47242,4438.790088,6.000008,64.0002336,35646.77956,506.0105298,1730.12081,1198.057796,194.0017424,776.0247048,29394.60209,692.019575,386.0060657,330.0045521,262.0030608,0,26141.32861,4600.853657,2.0000016,98.0004624,35494.35713,454.008517,1636.10826,1324.070477,214.0019088,784.0251784,30140.34336,678.0187573,412.0073377,310.0040049,254.0027024,4.0000064,26081.23161,4480.804929,6.0000048,80.0002912,36023.92442,460.0087682,1742.122862,1290.067538,248.0027072,804.0269673,30156.36671,724.0212006,418.0071729,294.0035728,228.002176,0,26021.12956,4556.835514,2.0000016,82.0002896,35089.24005,494.0100882,1576.100234,1276.065869,256.0027808,750.0231479,30202.49947,754.0234488,404.0068641,352.0052481,218.002184,0,26039.12683,4428.789639,4.0000032,88.0003488,35398.13517,468.0091266,1658.113082,1250.063566,246.0025904,736.0221927,29939.8203,712.020919,418.0071025,332.0045473,228.002336,0,26279.61815,4642.863641,2.0000016,70.0002256,36053.98285,512.0110883,1684.115093,1310.069173,228.002176,840.0291018,30519.35318,784.0251688,422.0076177,380.0058657,260.0030336,0,26706.52864,4570.838527,2.0000016,84.0003488,35574.56474,576.0134403,1682.514568,1269.865175,236.6024287,782.0252405,29885.95008,718.0212218,401.4067734,325.8044722,230.8023603,1.80000176,25935.51941,4501.214163,3.20000288,81.80032752,35415.95779,490.8099922
24,SN1,486.1976984,4.200004,2708.375432,2194.43949,25403.22639,1522.341116,5452.262907,4875.081147,3.80000368,0,21291.13237,39999.56943,6.00000608,181.8018639,29615.18238,20513.59656,262.1157326,3.583918303,1449.957226,1176.945461,13627.72347,818.6169241,2913.927304,2610.15142,4.848831414,0,11377.07633,21364.60549,5.577740395,101.8046478,15780.00461,10916.34678,53.91134789,85.33130689,53.53605002,53.63307881,53.64564038,53.77355414,53.44436528,53.54067638,127.6007031,N/A,53.43575029,53.41208868,92.96224571,55.99758198,53.28349629,53.21517729,115.2617762,0.692946583,1.879079511,0.214861653,0.089074525,0.496665811,0.402341778,0.278928171,0.893903233,5235.637013,N/A,0.718551207,1.948363362,16.31579158,0.009816866,0.031545216,0.004188955,0.006418451,0.009329279,0.012858465,0.00850871,0.018301118,3607.034167,N/A,0.013576993,0.031566525,14.15542265,1.416684373,1.678758966,1.94960563,7.205709111,1.878381476,3.195905874,3.05050212,2.047326572,68.8938931,N/A,1.88949547,1.620155955,N/A,N/A,N/A,N/A,N/A,N/A,N/A,N/A,N/A,N/A,N/A,N/A,N/A,N/A,N/A,N/A,N/A,N/A,N/A,N/A,N/A,N/A,N/A,N/A,N/A,N/A,146.6985752,0.70291615,1.881867689,0.221029071,0.088278262,0.501026868,0.39558021,0.270503974,0.879899525,5427.880964,N/A,0.700928049,1.876545087,123.0833172,0.697365563,1.908643687,0.216182355,0.083161828,0.476945679,0.394975742,0.267340742,0.894408876,2510.91964,N/A,0.715789536,1.959068891,93.87191788,0.678239846,1.837202267,0.216591001,0.096403173,0.501637477,0.403097576,0.287136179,0.879979557,12672.84709,N/A,0.727097501,1.969546887,122.6105023,0.680045621,1.919307596,0.216775817,0.088783763,0.494991027,0.39436054,0.275203351,0.888066777,6621.02372,N/A,0.694608929,1.960409937,105.7423089,0.703918616,1.910949167,0.212768822,0.087856171,0.490442053,0.413821434,0.289269237,0.924208743,4476.471052,N/A,0.728450949,1.977547832,106.684281,0.688453721,1.845057377,0.207097368,0.097631219,0.499932127,0.421383075,0.283338194,0.920437809,6614.49054,N/A,0.726214244,1.946255653,104.1878627,0.694117884,1.872901538,0.211887819,0.092129035,0.501764759,0.412869958,0.286158541,0.885247873,1653.999166,N/A,0.726396637,1.959997587,119.2154448,0.698515259,1.856706769,0.216560969,0.078352746,0.506586497,0.382645687,0.272475147,0.878976707,1907.46393,N/A,0.728923813,1.937535021,2.0000016,0,0,0,0,0,0,0,0,0,0,2.0000016,0,0,0,0,2.0000016,0,0,0,0,0,0,0,0,0,0,2.0000016,0,0,0,0,494.0110771,4.0000032,2772.348208,2190.217108,25034.4101,1498.100796,5533.357966,4869.055152,2.0000016,0,21650.13314,40742.68603,4.0000032,148.0010368,30887.81105,21711.54123,550.0122579,0,3154.403596,2612.274221,30593.42485,1768.127139,6613.758624,5915.404419,0,0,25772.5867,49190.6849,10.000008,204.0017856,36005.8165,25109.21648,684.019607,4.0000032,3530.503588,2838.324199,32494.23171,2022.164812,7037.983741,6193.537919,2.0000016,0,27171.51722,49919.57302,2.0000016,270.00316,37369.83992,25345.71447,640.0167428,8.0000096,3506.49604,2796.314452,32678.73189,1952.153987,7084.009917,6291.58565,4.0000032,0,27051.2785,51919.72431,4.0000032,216.0020192,38944.61672,26484.11607,622.0158644,8.0000096,3410.466113,2880.337576,32682.70914,2014.162997,6953.938189,6427.655389,6.0000048,0,27794.90797,53114.65624,6.0000048,254.0028496,38156.18336,26858.8478,686.019935,4.0000032,3484.48714,2938.346817,33655.28254,1976.157056,6969.945978,6415.656871,2.0000016,0,27909.15896,51493.99962,4.0000032,248.00264,38431.02667,26457.98333,660.0178149,4.0000032,3564.509862,2934.346296,33526.92127,2034.167276,7104.022899,6289.589063,6.0000048,0,27694.68738,51869.42259,16.0000224,254.0029424,38126.12281,26464.0237,580.0138243,10.000008,3660.539776,2768.307545,33366.55237,1972.157213,7226.09738,6353.620306,16.0000192,0,27867.05388,51740.94755,14.0000144,224.0022048,38230.40679,26704.52249,492.0127127,4.200004,2708.375432,2195.846821,25403.22639,1523.719128,5452.311469,4875.610477,3.80000368,0,21291.13237,39999.56943,6.00000608,181.8018639,29615.18238,20513.59656
25,IWH21_05,-26.82682295,780.8249003,206.8018816,358.578306,30737.42779,262.4244149,362.8222761,269.4647099,217.8020623,0.80000064,27097.97585,4409.182133,4.8000064,76.60031184,37095.62151,749.2231025,62.84505943,33.15100724,17.86896487,41.32311158,605.1541205,53.65382315,32.22952065,27.07256802,18.74896758,1.032796385,347.4272027,146.9090527,3.552781696,9.38327258,525.1932726,56.19511148,234.2620278,4.245639096,8.640620063,11.52415271,1.968785822,20.4454388,8.883004923,10.04679538,8.608259899,129.0994449,1.282114961,3.33188896,74.01618664,12.24965324,1.415782378,7.500450972,9.90830843,0.020200334,0.1627286,0.011804407,-0.081927404,0.575927168,0.991563401,0.727637549,0.748612978,158.7339912,2252.906699,0.730542568,5.921899809,1.408530904,0.001542999,0.005562977,0.001026703,0.174478369,0.086739134,0.107356207,0.16433397,0.10796833,99.64422237,65.36618481,0.008165193,0.577828368,14.21565461,7.638484895,3.418561461,8.69762776,212.9670407,15.06078184,10.82696341,22.58459174,14.42244973,62.77434443,2.901415528,1.117688941,9.757483017,9.235497531,0.017043297,0.16729349,0.012622361,0.051262214,0.466680537,0.949066456,0.910496953,0.557235202,104.6691099,N/A,0.72395435,7.106186599,9.641282286,0.020666259,0.165888529,0.011278766,-0.116331821,0.597797736,0.899436881,0.693249483,0.717459387,N/A,N/A,0.744604558,5.976957606,9.070011534,0.021543842,0.157678529,0.012968777,0.234317997,0.478387121,1.160526716,0.735767376,0.715360568,130.0040695,N/A,0.730201047,5.344312652,11.91465152,0.022534751,0.166828754,0.011679003,-0.167251666,0.660428425,0.999854516,0.651479439,0.820015276,139.0045367,2236.399538,0.724403932,5.362890541,8.883956404,0.020145392,0.158868259,0.011961971,-0.262816912,0.591174574,1.022502237,0.685517299,0.710946735,191.005745,2175.379822,0.722099858,5.694540294,8.34165992,0.018382979,0.165686301,0.010987869,-0.352935579,0.64499542,1.06881349,0.763249565,0.757109942,N/A,2267.411326,0.735566326,6.629679767,11.36394506,0.019896201,0.172241278,0.012224639,0.014567846,0.522364714,0.893706756,0.732052926,0.734601406,62.50182512,2332.43611,0.718453211,6.219644682,12.29066568,0.020520309,0.159762337,0.009952906,-0.219243883,0.729676104,1.126929837,1.053773318,0.987433687,127.0038316,N/A,0.736713409,5.735735033,9.500253948,0.020400293,0.158151866,0.011046784,0.008228909,0.576307052,0.975688883,0.450115699,0.777104595,126.6703955,N/A,0.736377401,5.708715105,8.841160419,0.020870018,0.154886654,0.013320996,-0.009071149,0.491459998,0.81910824,0.600673433,0.708862988,389.0124164,N/A,0.733051591,5.440335806,1036.044316,734.0218007,180.0013664,612.015338,30557.33727,592.0147972,388.0060865,240.0024928,180.0013568,0,26676.4718,4462.800069,6.0000144,68.0002528,36848.27889,628.0161668,1094.048989,818.0275129,198.0018096,572.0138051,29366.5766,498.0101874,334.0047025,268.0030432,218.0020112,0,27095.3698,4494.811038,0,78.0003344,36388.93896,752.0232423,1100.049253,728.0214278,188.0015808,700.020295,30302.81611,528.0117475,396.0064769,314.0043377,236.0023616,0,26437.95391,4168.697695,6.0000048,86.0004464,36206.40372,780.0250408,1034.04321,790.0250712,236.0024,622.0158836,30597.42571,492.0099362,360.0056001,322.0044113,208.001856,2.0000016,26810.7418,4472.802653,6.000008,70.0002288,37010.76237,834.0283322,984.0394736,782.0253625,222.0021008,646.0172597,31393.41648,514.0111027,378.0064017,294.0036784,194.001704,2.0000016,27385.98099,4350.763125,4.0000032,86.000376,37925.47623,764.0235911,1026.042999,828.0279978,220.002224,642.0172213,31042.52116,532.0117731,344.0049089,290.0035568,228.0022816,2.0000016,27369.95313,4534.826281,0,82.0003344,37209.36121,684.0189029,1066.046036,766.0238776,196.0016768,592.0147876,30693.74752,526.0115795,378.0059473,306.0041841,218.0020624,2.0000016,27083.37983,4664.875951,12.000016,66.0002224,37696.79003,750.0229015,1032.043816,794.0256984,224.002064,612.0152996,30844.09199,584.0141636,310.0043569,336.0051009,236.0024416,0,27357.93589,4370.767785,6.000008,62.0002224,37135.11328,762.0240056,1116.051119,804.0263945,200.0017152,608.0152516,31415.4954,420.0074785,350.0050865,302.0037872,232.0022944,0,27434.11818,4338.756986,6.000008,80.0003232,37255.51347,760.0233863,1054.045437,764.02386,204.0018784,596.0145476,31160.84966,500.0101666,418.0073233,326.0045169,228.0022528,0,27327.85321,4232.719742,2.0000016,88.0003776,37279.57697,778.0254553,1054.245465,780.8249003,206.8018816,620.2159689,30737.42779,518.6112932,365.6056891,299.8039109,217.8020623,0.80000064,27097.97585,4409.182133,4.8000064,76.60031184,37095.62151,749.2231025
26,IWH21_06,-13.005124,423.4075273,219.0020965,310.9338295,30741.80982,235.0868361,349.3988809,254.4935598,282.2034309,0.40000032,26948.06103,3965.231472,6.40000736,71.4002536,36591.33231,447.0084208,31.60308393,21.89027668,17.91992645,44.7697834,364.570049,27.64220076,27.95543552,28.93704502,23.40893782,0.843274717,515.0071151,82.90256781,2.951463824,13.26824783,506.148458,27.4762193,243.0048642,5.170025394,8.182536484,14.39849227,1.185909519,11.75829375,8.001008891,11.37044295,8.295057839,210.8185107,1.911110096,2.090737158,46.11656921,18.58291414,1.383246868,6.146689418,6.477385453,0.01222476,0.147174961,0.011369062,-0.042747531,0.628953716,0.886537184,0.67398728,0.732700528,67.00303251,2021.326672,0.736553253,8.902767758,1.354547215,0.000876033,0.003447739,0.000948012,0.093648128,0.055341205,0.077226601,0.072800889,0.108324269,18.20546575,24.05010223,0.015793995,0.611576743,20.91194394,7.16605167,2.34261223,8.338520979,219.0726036,8.798931192,8.71103917,10.80152271,14.78424876,27.17110714,1.189817686,2.144311342,6.869512487,6.189284375,0.012544973,0.150156675,0.012267362,-0.047595914,0.550666385,0.885504801,0.647518698,0.661270011,57.25104882,N/A,0.72392257,8.664969638,4.500060923,0.01141,0.148218569,0.010673374,-0.116612424,0.685367179,0.885006055,0.75960394,0.720414657,41.40066043,N/A,0.730119296,9.484420686,8.666810867,0.012886149,0.151650253,0.011875559,0.020499171,0.668198574,1.019700391,0.618788717,0.619080595,78.0014411,N/A,0.7354469,8.655084634,6.833447447,0.013617707,0.146108206,0.012179459,0.068805942,0.648469666,0.890980389,0.596014104,0.721093005,61.50119103,2004.320682,0.759369035,8.147484004,7.03458188,0.01098413,0.147211435,0.010457919,-0.114612951,0.657585168,0.849977594,0.616240558,0.765827663,102.0016736,N/A,0.733816363,9.834748909,5.225069322,0.011184485,0.144606081,0.0106433,-0.050347046,0.577842698,0.920758101,0.670708041,0.708236418,69.66775166,N/A,0.742466059,9.599468101,8.250136103,0.012689427,0.145763376,0.011268484,-0.147207993,0.675629714,0.86729806,0.835030211,0.66093344,46.20081973,N/A,0.719147789,8.260846664,5.341548662,0.01178354,0.152019433,0.011520387,0.073988708,0.555996555,0.922789923,0.65001473,0.701045658,73.00137016,2038.332663,0.721438751,9.30728039,7.161398177,0.012079888,0.145134236,0.012901084,0.058619461,0.583279376,0.912970279,0.691486914,0.755432383,74.00133603,N/A,0.732697312,8.803017175,5.571516775,0.013067303,0.140881341,0.009903693,-0.173012259,0.68650184,0.71038625,0.654466884,1.013671446,N/A,N/A,0.767108452,8.270357381,572.0133667,426.0077714,206.0018576,474.0094866,30495.19288,382.0060625,378.0061681,290.003656,306.0039569,0,26429.94043,3968.631973,8.0000064,74.0002768,36509.34715,458.008757,560.0128963,432.0077921,224.0022976,434.0078993,30621.56935,390.0062801,330.0048273,270.0031536,248.0029472,0,26492.09034,3926.619713,10.0000176,92.000384,36284.60511,414.0073329,564.0131619,402.0068881,242.0025712,504.0104386,30497.22756,356.0052705,366.0055505,266.0030896,300.0037312,0,26710.52371,4050.657686,6.0000048,54.0001424,36318.76578,468.009021,624.0159652,432.0078529,244.0024864,480.0096034,30894.1752,366.0056017,380.0060001,312.0040321,292.0034976,2.0000016,27436.13564,4008.644571,8.0000096,72.0002784,36130.17438,492.0101186,602.015074,462.0085874,216.0019296,434.0076721,31409.45106,354.0051249,332.0046945,290.0036144,276.003264,0,27257.70992,4012.646604,4.0000032,58.0001808,37145.13782,408.0070209,562.0129459,418.0072881,192.0015424,446.0083506,31218.98514,360.0054337,336.0047073,276.0031744,292.0039905,0,27748.80206,4012.645509,6.000008,80.0002912,37373.83239,418.0070673,548.0123107,432.0077057,230.00244,440.0079841,30210.52064,426.0073841,344.0050849,264.003088,280.0032896,0,26183.42467,3816.584371,10.0000144,56.0001504,36408.96219,462.0088626,594.0143091,410.0070865,198.0016816,466.0088338,30912.18483,366.0058609,360.0053729,292.003488,304.0039105,2.0000016,26816.75956,4076.668587,6.0000048,82.000296,37171.22141,438.0085714,552.0127395,382.0062609,230.0022704,488.0100898,30565.3439,398.0067121,398.0066353,338.0047345,288.0033856,0,26931.02212,3908.613319,6.0000048,62.0002352,36755.99964,444.0083714,554.0128147,438.0080402,208.001888,362.0056721,30593.44764,342.0051217,306.0041041,340.0048321,236.002336,0,27474.20182,3870.60239,0,84.0003008,35815.27717,468.009085,573.2135584,423.4075273,219.0020965,452.8086031,30741.80982,374.0058852,353.0053145,293.8036863,282.2034309,0.40000032,26948.06103,3965.231472,6.40000736,71.4002536,36591.33231,447.0084208
27,IWH21_07,-19.62357359,396.4065787,179.6014794,290.9801838,31421.28744,239.5457467,274.5860385,184.9936367,142.200925,0.40000032,25671.17293,4086.87062,3.60000352,71.6002624,35327.71993,329.4046127,56.47134416,32.88880232,22.34717654,32.60260666,388.9529572,25.36547665,36.00846147,18.69720508,13.99858721,0.843274717,323.561247,44.15966025,3.373099797,12.60696268,394.6939786,29.51611591,287.7729885,8.296734738,12.44264614,11.20440789,1.237864483,10.58899062,13.11372627,10.10694498,9.844230766,210.8185107,1.260406947,1.080525036,93.69712497,17.60742524,1.117235925,8.960444018,4.708246358,0.009322919,0.159226978,0.008742563,-0.068405624,0.66390393,1.08406581,0.891657323,0.684531041,89.1797454,2052.836835,0.726739391,12.49691206,0.726023755,0.000815096,0.002862722,0.00117865,0.203162253,0.120150422,0.23460609,0.185351975,0.118114741,56.24326942,29.00035641,0.012213821,1.127396114,15.42025841,8.742923496,1.797887432,13.48174907,296.9964194,18.09756148,21.64131442,20.78735523,17.25484077,63.06731328,1.412696611,1.680632836,9.021397511,4.750052823,0.009581849,0.160533475,0.007649471,0.173775922,0.68621983,1.364318772,1.07717875,0.930762278,85.50117122,2073.343184,0.723690496,12.12464785,6.181878553,0.007793174,0.158652119,0.007485658,-0.086504689,0.872479044,1.391999148,0.962926627,0.71739769,34.0003716,N/A,0.726813016,14.7963361,4.64710717,0.009084145,0.162420983,0.008598868,0.245024694,0.747773891,1.078703152,0.850771425,0.576239437,N/A,N/A,0.726133011,12.98297629,4.578997665,0.00981281,0.160651103,0.011174476,-0.253287141,0.60259425,0.77074224,0.62423992,0.509515143,87.00118642,N/A,0.71869291,11.76613134,5.250062534,0.01070175,0.158210936,0.008995602,-0.233599542,0.656621345,0.854228034,0.697157979,0.66225453,47.25070351,N/A,0.734869169,10.86404939,3.761941849,0.009081527,0.156751593,0.008806025,-0.043814603,0.578502462,1.090272298,0.964442254,0.651881708,39.50049701,N/A,0.750344529,12.95131328,5.27591544,0.008516286,0.163633598,0.007190323,-0.288867054,0.821122305,1.409924076,1.244436149,0.817130918,N/A,N/A,0.702542781,13.4987958,3.953525273,0.009604614,0.154125545,0.00988248,0.130512224,0.505884891,1.005280755,0.744392968,0.66595391,170.0022256,N/A,0.733980224,11.77820387,4.657943104,0.010027964,0.160407269,0.008866704,-0.012209319,0.532433961,1.026005648,0.933515227,0.672832035,N/A,N/A,0.72415986,11.58365767,4.025039164,0.009025068,0.156883154,0.008776027,-0.315086728,0.635407325,0.849183974,0.817511928,0.641342758,161.0020624,2032.330486,0.726167912,12.62300902,546.0126515,364.0055329,166.001208,452.0083586,31623.98258,380.0061985,244.0026112,248.0025792,164.0012512,2.0000016,25830.6853,4146.689685,4.0000032,72.0002432,35693.00058,342.0049585,514.010757,386.0061201,206.0019024,458.0086802,31541.78164,354.0053041,238.0023888,190.001592,148.000928,0,25367.77098,4024.650627,8.0000064,44.0000864,34902.7472,272.0031904,548.0123555,348.0050593,202.00172,408.0071265,31415.46532,344.0048801,272.0032608,176.0013568,146.0009616,0,25259.52267,4102.676511,0,68.0002208,34786.35771,316.0043137,496.0100706,422.0072081,210.0023472,410.0069905,31186.88589,356.0054081,350.0050929,194.0016944,118.0006096,0,25487.98449,4094.67282,4.0000032,76.0002624,35464.36056,348.0050241,534.0118035,434.0079314,188.001552,390.0063569,31828.50398,342.0048785,288.0034528,208.0017696,132.0008832,0,25956.97133,4106.676741,8.0000096,72.0003008,35321.89457,378.0060817,536.0118915,396.0067009,162.0011344,438.0081202,31800.42614,400.0068161,282.0034064,204.001824,154.0010768,0,26109.28117,4092.671403,8.0000096,84.0003296,34796.3904,316.0043553,514.0108946,418.0071985,184.0015296,456.0086562,31164.86085,416.0072001,226.0023568,204.0018208,150.0009616,0,25243.49912,4130.684583,0,58.0001584,35931.61843,306.0039313,552.0127939,370.0056305,154.001048,430.0076561,30803.9241,348.0054817,306.0038224,220.002064,124.000704,0,25983.00588,4004.644946,2.0000016,86.000392,35400.14435,340.0047233,520.0109762,378.0058929,146.0009232,408.0069217,30926.2776,380.0059553,276.0032928,204.001776,140.0008448,0,25564.14487,4100.674662,0,76.00032,35301.79769,354.0051665,532.0117699,448.0085122,178.0014288,388.0063233,31920.76634,376.0063361,282.0033424,200.0016896,146.0010288,2.0000016,25908.86347,4064.664224,2.0000016,80.0003104,35678.88781,322.0043825,529.2115964,396.4065787,179.6014794,423.807519,31421.28744,369.6058459,276.4033028,204.8018167,142.200925,0.40000032,25671.17293,4086.87062,3.60000352,71.6002624,35327.71993,329.4046127
28,IWH21_08,-13.18307213,484.2097399,234.8024083,345.3624493,31394.84123,263.3393315,400.5479981,275.7629809,317.6043249,0.60000048,27226.6574,3873.202842,6.20000592,78.8003008,37333.52387,397.0066201,41.33636193,32.50358143,20.70365059,39.29932676,605.9855497,33.45060593,27.6088739,10.50480251,26.1592838,0.966092556,307.2573823,89.82845789,1.988860051,10.29354694,579.2852715,27.74979504,313.5563661,6.712707067,8.817477953,11.37915452,1.930207403,12.70247241,6.892775406,3.80935921,8.236438157,161.0152972,1.128516725,2.319229371,32.07835729,13.06282696,1.551649058,6.989756251,5.126534858,0.010635364,0.142249729,0.012760371,-0.031512023,0.589297072,0.86563951,0.659998041,0.69215738,75.36784598,1923.295963,0.72937147,9.795531457,0.846912278,0.000741743,0.002385999,0.000879132,0.100456557,0.072028729,0.109499983,0.090268839,0.064792431,43.84735376,63.28866854,0.009226302,0.676724887,16.52017009,6.974303043,1.677330974,6.88954853,318.788027,12.22282145,12.64960545,13.67713747,9.360939126,58.17779875,3.290635959,1.264966081,6.908506085,5.600071672,0.010816207,0.139653669,0.010890816,0.03993252,0.732201894,0.907882358,0.784364777,0.82579464,49.00073521,1884.284773,0.744571539,9.613549732,4.923137806,0.010422988,0.142083569,0.012340156,-0.127221829,0.550056149,0.8880923,0.62728057,0.719128596,64.00096215,N/A,0.739033148,10.07431516,4.700056473,0.010157164,0.13875354,0.012982286,0.133565973,0.621393094,0.906242098,0.679914487,0.690698728,62.66758508,N/A,0.741086642,10.12373122,4.085156886,0.010303488,0.140111129,0.011986642,-0.020979538,0.602623661,1.000347703,0.686481626,0.772641963,96.00151363,N/A,0.730883167,9.938854309,6.147149686,0.010976522,0.144192161,0.013530394,0.105389389,0.556850982,0.756221236,0.608426681,0.642529359,69.66785709,N/A,0.720185711,9.460659524,4.94449883,0.009348393,0.144187159,0.014063821,-0.153588946,0.50647536,0.868505474,0.723013897,0.680717284,59.33416001,1996.318386,0.727133421,11.21511557,5.805633247,0.011032311,0.146102993,0.012725624,-0.06973785,0.511994005,0.780441805,0.75482295,0.669209471,52.25085482,N/A,0.727391121,9.632978873,4.311163948,0.0104406,0.1411566,0.013319489,-0.141656909,0.531293032,0.671758277,0.47821277,0.610223933,194.0029985,1889.28473,0.720299745,9.738430564,4.234092542,0.01061856,0.141996854,0.012900919,-0.010402961,0.663721266,1.034358944,0.5783471,0.664480737,49.75076731,N/A,0.723100917,9.669677753,6.514387488,0.012237408,0.144259612,0.012863567,-0.070420079,0.616361276,0.842544902,0.679115557,0.646149085,57.00102602,N/A,0.720029288,8.48800186,706.0205398,500.010093,252.002784,480.0095842,31601.96245,434.0079218,348.0050849,326.0043601,300.0036864,2.0000016,26985.1311,3768.572561,8.0000096,70.0002384,36242.49609,392.0063521,622.015762,484.0099106,208.0018048,498.0103218,30643.57514,396.0065025,382.0059697,314.0042321,302.0038929,0,27227.64047,3868.600337,6.000008,78.000312,36842.24524,384.0062849,638.0170773,422.0072625,250.0027568,506.010565,30990.40038,412.0070753,406.0068113,318.0042865,288.003456,0,27434.12358,3806.581771,6.0000048,80.0002752,37018.78031,376.0058113,654.0179253,478.0093138,224.002384,532.0118019,31010.51142,412.0071585,376.0058881,334.0047185,336.0048481,0,27239.68686,3816.583283,4.0000032,94.0003952,37269.55018,384.0063617,712.0207558,482.0098098,236.002288,482.0097074,31323.2472,416.0072129,428.0076289,318.0042289,328.0045057,0,27426.08461,3954.626418,6.0000048,68.0002112,38081.96162,418.0074769,604.0147332,484.0096994,218.001976,536.0117059,30605.45151,470.0090514,434.0078961,332.0045121,280.0033248,2.0000016,27690.67637,3992.639965,6.0000048,72.0002688,38081.97448,356.0052449,644.0170437,486.0100306,212.0018976,486.0098898,32538.36855,472.0091234,418.0072081,320.0043457,308.0040193,0,27560.38178,4026.654266,8.0000064,72.000272,37889.35691,418.0071729,668.0182277,526.0114323,226.002184,462.008629,31936.7682,376.0059841,430.0076913,310.0042897,362.0058001,2.0000016,26768.65614,3778.572482,2.0000016,90.00036,37163.21756,388.0063073,616.0157828,448.0082914,272.003232,574.014242,31766.37757,384.0060833,414.0072049,318.0045585,328.0044993,0,27103.3873,3848.595722,8.0000096,94.0004528,37482.16417,398.0066161,708.0206278,532.0115555,250.002776,520.0109442,31531.7499,450.008373,410.0070097,310.0039697,344.0052161,0,26830.80575,3870.601615,8.0000064,70.0002224,37263.49217,456.008573,657.2178475,484.2097399,234.8024083,507.6107391,31394.84123,422.2074486,404.6068393,320.0043501,317.6043249,0.60000048,27226.6574,3873.202842,6.20000592,78.8003008,37333.52387,397.0066201
29,IWH21_09,-19.22864286,760.0236385,242.6025554,380.1490562,32195.26522,290.4500819,398.0176097,285.2623969,265.2030608,0.40000032,25748.33221,4520.422286,3.60000384,75.80028656,35328.51223,781.8250685,54.74691671,20.59255767,28.83033015,40.95598668,430.2372161,36.23663626,37.34081604,31.6582776,19.53262911,0.843274717,299.0518001,112.2222544,2.796826748,8.715317402,474.9374604,33.12732315,284.7154482,2.709462789,11.88377019,10.77366523,1.336336921,12.47602893,9.381699485,11.0979498,7.365159756,210.8185107,1.161441439,2.482561303,77.68954902,11.49773675,1.344346055,4.237178429,10.43696964,0.022131466,0.175556625,0.012361866,-0.046466798,0.612252065,0.95789374,0.734613251,0.726263237,177.4102886,2225.897505,0.728888875,5.789058119,1.258416107,0.00092839,0.003615067,0.001143702,0.139403147,0.073654856,0.095529692,0.108228287,0.133378612,102.8121629,106.8117516,0.00884553,0.229429263,12.05729393,4.19488548,2.059202558,9.251856086,300.0059267,12.03015238,9.972890268,14.73268923,18.3650508,57.95163498,4.798592538,1.213563606,3.96315356,11.27303312,0.021401919,0.170221813,0.01295468,-0.035498534,0.679110882,0.975711542,0.777728514,0.579849534,N/A,2150.370191,0.726766424,5.78039278,10.41056338,0.023054813,0.174015357,0.012235381,0.167962267,0.557964704,0.964142443,0.859802496,0.655383705,406.0131044,N/A,0.730418455,5.513123252,8.738317316,0.020765611,0.174241617,0.012579238,-0.132604681,0.467255347,1.054143018,0.570748564,0.740789749,183.5053138,N/A,0.716467414,6.011787427,12.02977646,0.023343433,0.173849296,0.012542574,0.049308919,0.61307569,0.856393042,0.687071574,0.791276589,136.3377082,N/A,0.736481487,5.484916929,9.547896169,0.022184695,0.176296662,0.012024823,-0.13821123,0.61675985,0.869948275,0.81720237,0.66375686,N/A,N/A,0.720928212,5.729050424,8.977520753,0.022403354,0.17947431,0.014682374,-0.170236058,0.522987024,0.857364514,0.601296692,0.574945947,131.6708263,N/A,0.727272101,5.826210559,11.27811446,0.022654858,0.182442822,0.011116112,0.137966953,0.661136242,0.945849776,0.646298723,0.945994652,N/A,N/A,0.717635646,5.779222949,9.047864115,0.021196896,0.173073184,0.013240417,0.014048321,0.656180256,0.927330148,0.69457006,0.608066393,126.6704547,N/A,0.732373649,5.979848986,11.24273533,0.021202503,0.178455939,0.011583139,-0.267640848,0.688918397,1.16591468,0.838763301,0.784602099,123.6704364,2301.424818,0.736997103,6.203112308,11.82387531,0.023106581,0.173495247,0.010659918,-0.089763088,0.659132257,0.962139965,0.852650221,0.917966839,134.0041767,N/A,0.743548257,5.582915575,1018.042362,746.0227511,284.003456,658.0177493,32281.68923,570.0136179,422.0073009,284.00352,298.0036784,2.0000016,25265.52706,4300.743822,0,66.0002288,34764.30147,744.0227655,1104.050457,750.0228151,218.0021104,628.0161572,31932.7621,582.0137875,394.0066609,292.0036928,258.0028368,0,25726.48897,4476.804155,2.0000016,78.00028,35221.57577,812.0268585,1026.042749,780.0245928,190.0016304,690.0192565,32325.75652,488.0097282,410.0072401,338.0047121,264.002992,0,25325.65612,4412.783282,4.0000032,84.0003648,35347.95249,734.0218423,1044.044367,740.0225735,242.0024368,586.0139923,31471.61061,514.0109298,398.0066097,348.0050401,256.0029184,0,25808.62912,4486.812006,6.000008,68.0002112,35043.14714,818.0273401,998.0411297,760.0233831,242.0024304,596.0152868,32630.5917,570.0134291,396.0065185,300.0038369,284.0033984,0,26063.16784,4594.849481,0,84.0003232,36152.23739,802.0263641,1022.043223,796.0261897,246.0026576,670.0184437,32037.05597,544.0123491,474.009477,310.0039537,284.003392,0,25646.31912,4602.855432,6.0000048,88.0004192,35263.71916,790.0255896,1094.049108,754.0234872,240.0023584,596.0147204,32656.65133,482.0095122,366.0054289,376.0061409,234.0027696,0,25722.49258,4692.884145,0,72.0002304,35843.38754,812.0268393,1050.044676,754.0230103,284.0034464,654.0176117,32688.78574,548.0122979,436.008077,298.0037873,250.0026736,0,26259.56888,4544.8272,6.000008,84.0003488,35855.42559,760.0237416,988.03988,786.0253848,258.0028112,700.0201414,32331.83736,572.0134979,378.0058065,332.0046113,274.003176,2.0000016,25792.65973,4602.853319,6.0000048,66.0002384,34996.96218,742.023212,986.0396448,734.0221975,222.002216,570.0132691,31595.91167,528.0119843,340.0047425,344.0049121,250.0027728,0,25872.81265,4488.810016,6.000008,68.0002208,34796.41356,804.0261321,1033.043759,760.0236385,242.6025554,634.8166629,32195.26522,539.8121134,401.4067862,322.2044207,265.2030608,0.40000032,25748.33221,4520.422286,3.60000384,75.80028656,35328.51223,781.8250685
30,SN2,684.6050992,6.80000736,3831.590442,3094.70832,34973.32466,2155.556947,7669.331591,6902.208007,2.20000176,0,29112.70785,54759.60243,11.40001552,232.4024087,39892.01803,27902.35721,33.86325542,3.552781656,89.61617421,95.56349602,720.8014708,106.2677825,169.6704579,224.2807747,1.988859443,0,424.6946815,688.1537725,5.168288131,27.71015807,671.2618595,346.0677279,4.94639252,52.24673251,2.338876651,3.087964555,2.061003573,4.929945491,2.212323928,3.249406198,90.40262964,N/A,1.458794846,1.256681462,45.33579908,11.92335235,1.682697173,1.240281333,121.5544451,0.699519209,1.881171483,0.219311945,0.089271095,0.499851605,0.403687458,0.281085673,0.899949693,3267.599828,N/A,0.729914443,1.962709307,13.97923167,0.006978952,0.026952702,0.003633228,0.004042897,0.017046971,0.01495868,0.013085669,0.020381566,2130.324037,N/A,0.012983845,0.027313972,11.50038706,0.997678435,1.432761557,1.656648458,4.528786098,3.410406436,3.705510151,4.655402431,2.264745074,65.19537733,N/A,1.778817402,1.391646318,103.0468338,0.704873683,1.841595227,0.221312237,0.092938719,0.492549265,0.410703062,0.279033215,0.908383203,6955.732505,N/A,0.753120208,1.967646989,135.042416,0.702521587,1.868983234,0.21911586,0.088534702,0.523683446,0.412983537,0.288133929,0.897279804,6954.739197,N/A,0.729806415,1.941571589,139.9380625,0.701538205,1.887332514,0.217157663,0.093949087,0.513327589,0.405434747,0.276085533,0.886199352,2742.806777,N/A,0.725070487,1.950640887,137.1619671,0.691760953,1.860615053,0.22455048,0.088552103,0.497946397,0.414196758,0.310749433,0.864275738,1748.831444,N/A,0.721594622,1.940858052,120.3383549,0.699221213,1.910779955,0.223531934,0.094525665,0.466085794,0.379547516,0.282456054,0.879430676,2386.729767,N/A,0.705680788,1.928432204,120.8585503,0.686287808,1.877981105,0.221033927,0.088933258,0.505382303,0.405138858,0.275361024,0.909804062,2002.815736,N/A,0.725048453,1.984047039,126.0789398,0.708109742,1.853279814,0.215166108,0.084423176,0.498353757,0.41689901,0.284774539,0.922302609,1568.994406,N/A,0.740980583,1.939310075,108.0480326,0.696441586,1.879983578,0.217001947,0.092024845,0.518445591,0.409110794,0.274305017,0.922406917,1975.754784,N/A,0.733436737,1.979848776,124.4425907,0.707848871,1.928394022,0.220985614,0.082876587,0.482817038,0.373052983,0.280963772,0.922474266,4604.417736,N/A,0.740256952,2.016683419,100.5887032,0.696588444,1.902770324,0.213263676,0.08595281,0.49992487,0.409807313,0.258994211,0.886940309,1735.175923,N/A,0.724149187,1.978054036,738.0222135,14.0000176,3808.585159,3180.409151,34938.84691,2162.188236,7732.394366,7023.977161,0,0,29727.35131,54745.74827,4.0000032,270.0029808,39472.25287,27822.95228,682.019167,8.0000096,3968.632722,3132.395708,34585.83367,2186.19149,7578.3047,6799.859755,0,0,28899.42423,54012.53936,4.0000032,206.0017872,39598.75336,27818.97905,700.0206246,4.0000032,3794.576893,2998.360845,34040.31675,2042.168576,7392.192312,6551.723865,6.0000048,0,28348.14214,53502.37037,10.0000112,196.0017024,39097.08454,27428.09849,674.0186485,2.0000016,3774.572329,3140.396905,33757.56945,2356.223413,7580.303974,6551.729312,2.0000016,0,29188.0916,54307.80261,16.0000192,204.0021536,40449.43062,27981.33668,760.0235751,6.0000048,3706.552513,3020.366358,35576.6225,2248.203532,7952.536788,6993.960922,2.0000016,0,28905.41684,55231.8911,12.0000288,238.002472,40961.03697,28640.82595,706.0200694,4.0000032,3980.638929,3192.4127,35634.75811,2170.190895,7876.490539,7166.063083,0,0,29623.0876,55631.59879,14.0000176,232.0022496,40856.70067,28039.45556,658.0178773,10.0000112,3802.579476,3184.407617,35462.28365,2176.190894,7630.33267,7037.985768,4.0000032,0,29552.95886,54769.90209,18.0000336,224.0021376,39883.58069,28241.95203,702.0202582,8.0000096,3892.610647,3074.380074,34599.84478,2062.170947,7508.259233,6925.92527,2.0000016,0,29129.93318,54763.796,14.0000144,256.002768,39717.03585,27660.59542,650.0176565,4.0000032,3754.567086,2902.340781,35189.51478,2186.192473,7776.427652,7174.064426,4.0000032,0,28891.3787,55713.96199,6.0000048,222.0021968,39028.85158,27626.52852,670.0187637,8.0000096,3832.588663,3144.398428,35947.65602,1988.159687,7666.354824,6799.855044,2.0000016,0,28861.29399,54916.4137,16.0000192,276.0036385,39855.45312,27762.84808,694.0198854,6.80000736,3831.590442,3096.986857,34973.32466,2157.788014,7669.359706,6902.514461,2.20000176,0,29112.70785,54759.60243,11.40001552,232.4024087,39892.01803,27902.35721
31,IWH21_10,-14.31604896,240.6025067,155.6010915,291.5850999,31900.51298,213.2625139,226.8955972,146.9379442,86.6003848,1.0000008,30272.65592,4417.984723,4.40000384,88.20038352,41415.77393,334.8047889,44.87822833,25.1233024,15.60079238,21.5557798,663.8317889,21.87801059,24.09006285,20.04708597,18.81032349,1.414214694,406.3633678,82.1793312,2.633124947,14.31248978,463.4935847,18.64813677,313.4819422,10.44182903,10.02614585,7.392620475,2.080943931,10.25872302,10.61724562,13.64323291,21.72083131,141.4213562,1.342344619,1.860108995,59.84369657,16.22724212,1.119123321,5.569853654,3.9088068,0.008085193,0.145938243,0.007112116,-0.058890182,0.689823564,1.292642241,0.952170037,0.654903106,87.03821212,1931.215919,0.730995,13.23141978,0.817067989,0.00046432,0.001728527,0.000729023,0.206891071,0.072286939,0.10762877,0.157901774,0.113945572,51.5598829,566.8888089,0.010547355,0.757421435,20.90325848,5.742841518,1.18442368,10.25044037,351.3167453,10.47904745,8.326261264,16.58335886,17.39884435,59.23821462,29.35398385,1.442876494,5.724415424,3.283052295,0.008499334,0.146806608,0.005734898,0.282581465,0.775941092,1.411422853,1.244723277,0.771214055,174.002528,2187.382024,0.727793806,12.57097841,3.500035105,0.008499851,0.145101334,0.007446718,-0.119670831,0.631464956,1.128385977,0.937096569,0.741166333,N/A,N/A,0.720465541,12.2990986,4.100041657,0.007881458,0.145385685,0.006977191,-0.237218053,0.720493327,1.297365001,0.982056696,0.728999244,82.00111522,1083.687443,0.716422494,13.21552079,3.72096486,0.00767295,0.142886407,0.008080176,-0.260230725,0.560134783,1.126350602,0.689744514,0.482223744,80.00098561,2175.377941,0.730097478,13.59594463,4.432476462,0.007907767,0.14787261,0.008211483,0.012102184,0.698807558,1.212553028,0.788163645,0.518207317,41.00051321,2278.416266,0.742933157,13.89260265,3.565252634,0.00776281,0.144630985,0.006696006,-0.322703116,0.74972048,1.411954161,0.862903007,0.787888134,41.00055361,N/A,0.72110548,13.43510915,2.941200185,0.007266459,0.145230265,0.00646374,-0.243241711,0.76694394,1.400690795,0.978043574,0.637310692,75.00088001,N/A,0.738291154,14.75577314,4.357190697,0.008738106,0.14798627,0.007230526,0.141474774,0.702297329,1.284628,1.117149362,0.561460483,61.00088588,N/A,0.731591471,12.39004072,3.387790047,0.008152093,0.145261074,0.007167533,0.132862469,0.695572539,1.346604557,0.906528472,0.747184941,55.33410828,N/A,0.750308851,13.36965489,5.800064054,0.008471097,0.148221192,0.007112894,0.025141722,0.596859631,1.306467438,1.015291254,0.573376121,174.0023392,N/A,0.73094057,12.78947481,348.0050593,214.002008,142.0008752,330.0045105,31910.71757,298.0037969,184.00152,152.001024,78.0003088,2.0000016,29799.52748,4374.767548,2.0000016,106.0005456,40945.01389,348.0053345,324.0044769,254.0028784,146.0009648,346.0049489,31048.56596,300.0037953,232.0022592,180.0014592,62.000184,0,29667.18748,4304.748487,0,100.0004832,41177.80214,350.0052017,292.0036768,248.00264,156.0010496,364.0055329,31032.5149,294.0037937,218.0022064,174.001304,116.0006368,4.0000032,29815.5436,4334.75324,4.0000032,80.0003392,41617.26332,328.0047233,282.0033552,252.002624,144.000928,374.0058545,31816.46431,260.0028288,258.0027696,134.0007824,72.0002656,2.0000016,30449.07802,4350.759363,4.0000032,86.000328,41705.49676,320.0041985,366.0057841,262.0029808,188.001584,414.0071217,32762.89702,298.0038129,270.0032336,150.0009616,76.0002688,2.0000016,30815.95832,4556.836177,8.0000096,74.00028,41478.77641,328.0044993,306.0040945,272.0030848,164.0011488,400.0069793,32668.68694,278.0033904,220.002128,186.0015056,98.000536,0,30469.11984,4406.778828,8.0000064,92.0004064,42253.34669,328.0046913,312.0043617,262.0029392,160.00112,380.0060033,32275.69103,290.0036464,210.0018608,148.000976,108.0005056,0,30481.16336,4426.787425,4.0000032,102.000456,41286.10128,300.00376,304.003776,196.0016192,162.0012784,362.0053809,31902.70637,322.0042737,232.002432,144.0009536,104.0005856,0,30643.54822,4534.824389,6.0000048,84.0003648,41886.14742,366.0056081,330.0045713,216.0020704,162.0011696,386.0063601,32494.21463,282.0033008,234.0023888,186.0014704,86.0003376,0,30557.33393,4438.791138,6.0000048,98.00044,40726.34073,332.0049153,324.0043457,230.0022224,132.0007968,366.0056593,31092.67105,300.0038657,222.0023152,136.0008512,66.0002192,0,30028.09896,4450.80063,2.0000016,60.000192,41081.45065,348.0049569,318.8043501,240.6025067,155.6010915,372.2058351,31900.51298,292.2036504,228.0023114,159.0011288,86.6003848,1.0000008,30272.65592,4417.984723,4.40000384,88.20038352,41415.77393,334.8047889
32,IWH21_11,-37.11513754,555.8128568,179.8014639,315.7696036,31731.67388,250.8469646,293.5251031,204.5254591,147.0009656,1.80000144,27342.32728,4105.877745,5.00000528,81.40033744,37640.04882,481.0097953,68.77703421,28.69820373,27.67234153,28.9975648,415.5786739,36.71527966,32.64903512,28.42637996,12.86699541,1.135293333,400.011735,84.56277395,3.681791689,11.07759007,468.6590334,38.15041776,185.3072325,5.163285336,15.39049846,9.183140005,1.309665149,14.63652539,11.12308105,13.89869999,8.753000606,63.07180136,1.46297618,2.059554112,73.63575603,13.6087766,1.245107401,7.931318267,5.964045554,0.012782365,0.150183377,0.009255621,-0.113564936,0.617748438,1.091311282,0.867426316,0.706355446,121.3504943,1929.505304,0.726487932,8.58939628,0.585107594,0.001048687,0.003291046,0.001079346,0.221265153,0.109214754,0.179487782,0.177375732,0.136355491,77.98481532,367.1577808,0.012146952,0.762340649,9.810582249,8.20417251,2.191351423,11.66151446,194.8358017,17.67948693,16.4469831,20.44850711,19.30409003,64.26411017,19.02859661,1.672010128,8.875369396,6.68582333,0.012570282,0.148965292,0.009855043,-0.310786908,0.640642739,1.081591039,0.582032281,0.66697309,46.800866,2069.341489,0.746222013,8.843173229,4.85193602,0.014130013,0.148196962,0.008340391,0.096467577,0.540520633,1.173786815,1.091636219,0.767778971,87.33520804,2027.327285,0.737762385,7.737724302,6.317186112,0.013945589,0.151838479,0.010058316,-0.283104089,0.50619237,0.92063041,0.762506851,0.566637823,259.0054897,2066.341262,0.73273696,7.977982489,5.359045147,0.011227876,0.151092389,0.011331815,-0.388961406,0.570854624,0.805198608,0.732607418,0.527328884,104.5016976,2028.328009,0.721173702,9.704761045,5.422304712,0.012883249,0.152704505,0.008969927,-0.092038946,0.606345715,0.959059427,0.682838099,0.651325815,122.0022312,N/A,0.724143699,8.583238968,5.925092202,0.012335307,0.146741523,0.009994935,-0.291340202,0.511914171,0.964745236,0.807819399,0.724704955,237.0044465,1024.66784,0.726864649,8.646823761,6.222317469,0.011731577,0.147414504,0.007480667,-0.219548585,0.697459125,1.323660878,1.03733001,0.866656094,74.66804856,2029.330354,0.72096284,9.059342841,6.357259954,0.01406863,0.147874439,0.008779069,-0.047177929,0.811574154,1.356386189,0.986337131,0.964724825,N/A,N/A,0.703482975,7.394262759,5.97306641,0.011724738,0.157700793,0.009004367,0.264242733,0.524808002,1.207142741,0.929332874,0.589593478,36.83398864,2129.365512,0.716340077,9.634961508,6.526424189,0.013206392,0.149304886,0.008741685,0.136598396,0.767172846,1.120911476,1.06182288,0.737830523,124.0024721,2061.340684,0.735190019,8.311691896,706.0203798,580.01425,200.0018432,532.0115331,31678.13338,372.0056417,314.0040625,228.0022144,142.0008912,2.0000016,27782.88976,4138.686288,10.0000112,70.000232,37231.39932,468.0091842,782.0253176,546.0123987,146.0009232,500.0105346,32385.97137,474.0090962,272.0030432,228.0021696,148.0010464,2.0000016,27359.92531,4054.657814,6.0000048,108.0005312,37085.00986,524.0116675,708.0204358,576.0138659,160.0010976,484.009677,31425.49378,430.0077521,318.0044785,200.001856,150.0009744,2.0000016,27217.64501,4132.685829,2.0000016,82.0003376,37145.1783,518.0113939,718.0212727,618.0155636,202.0017232,492.0100674,31226.98547,462.0088178,356.0054145,210.001864,168.0012512,2.0000016,26848.86571,4056.659263,4.0000032,78.0002992,37229.40206,418.0071249,732.0217831,548.0125219,176.0013024,462.0091922,32359.86192,378.0060753,292.0036288,208.0019968,136.0007872,0,27430.12678,4188.703923,4.0000064,90.0004208,37879.39714,488.0097058,646.0172917,534.0120435,164.0011456,488.009901,32053.08058,434.0079826,322.0042353,250.0027408,128.0008,4.0000032,27931.25319,4098.674638,2.0000016,80.00032,38427.03484,474.0092722,712.0214503,552.0127363,166.0013392,500.0104226,31816.50906,428.0076929,240.0023232,228.0021888,156.0010592,2.0000016,27532.32441,4058.663954,6.0000048,72.000288,38188.27114,448.0086498,754.0230647,554.0124851,224.0022816,560.0133411,31439.50934,454.0087858,278.0032528,288.0038337,156.001008,0,26702.5638,3948.626644,0,84.0003744,37957.65462,534.0122163,800.0264105,524.0114115,148.0010112,516.011085,31319.22619,434.0079538,284.0034464,188.0016576,156.0011072,2.0000016,27005.1554,4258.734431,12.000016,74.0002576,37698.79179,442.008453,766.0241048,526.0112914,212.0019712,486.0098546,31611.96774,466.009221,278.0032112,222.0021872,130.0007312,2.0000016,27612.5234,4122.684666,4.0000032,76.0003136,37558.34912,496.010285,732.4221511,555.8128568,179.8014639,502.0105609,31731.67388,433.2079019,295.4037096,225.0022709,147.0009656,1.80000144,27342.32728,4105.877745,5.00000528,81.40033744,37640.04882,481.0097953
33,IWH21_12,7.89380013,16.40002528,110.0005661,255.9076426,32114.24886,201.8210667,142.5472572,71.41521287,4.20000464,1.20000096,27813.34427,3646.335288,4.40000448,80.2003304,37967.2427,79.000308,14.18544023,7.042745243,13.82442479,26.24798777,438.35129,18.17783303,21.18053407,16.94932369,2.201012793,1.032796385,351.6811468,110.9174775,3.747595652,14.77093031,403.3354831,12.26566464,179.7035647,42.94350236,12.56759422,10.25682059,1.364974444,9.006905636,14.85860513,23.7334918,52.40500861,86.06629658,1.264433156,3.041889151,85.17254174,18.41754297,1.062324926,15.52609724,1.0294145,0.00208084,0.131121963,0.004432821,0.054352459,0.794828092,1.854500813,1.440166018,0.505589865,20.26047445,1819.097959,0.73259096,47.33326035,0.318750059,0.000323067,0.004395246,0.000615692,0.095334328,0.203600237,0.452565047,0.217677801,0.11115101,14.39825423,44.27299716,0.008576798,8.552238092,30.96420917,15.52580196,3.352028747,13.88938995,175.4002104,25.61563175,24.40360466,15.1147714,21.9844222,71.06573081,2.433788513,1.170748549,18.06813651,1.166665886,0.002600256,0.129007312,0.003492795,0.114776583,1.164448731,2.504573825,1.723086281,0.592814097,24.5000872,N/A,0.737644175,36.59697108,1.366666949,0.00216776,0.129023779,0.004173788,-0.04476718,0.761338144,2.010006561,1.324654293,0.535334901,41.00012,1756.246798,0.719684143,42.83516239,0.636363081,0.001482226,0.130407957,0.003512036,0.103578082,1.146254206,2.583447995,1.801834399,0.574619547,14.000028,1819.264909,0.738494673,64.97361682,0.799999136,0.001663242,0.127981066,0.004884072,0.117864349,0.671101545,1.363158581,1.186503299,0.62958724,10.66669013,1794.256908,0.728691167,56.070405,0.880951794,0.001966701,0.134082941,0.004778772,-0.069051067,0.795261755,1.709937484,1.275073953,0.340962545,9.2500178,1890.285291,0.749357995,51.08865248,1.730772154,0.002327895,0.122532726,0.005278628,0.098393638,0.627905875,1.216975801,1.3219525,0.499998381,N/A,N/A,0.734272104,38.64967284,0.933332399,0.002184713,0.130882804,0.004702624,-0.014165312,0.605464997,1.807450663,1.558098417,0.509661806,7.000021867,1823.26586,0.724621418,43.4109563,0.826922536,0.002273024,0.13362027,0.004016966,-0.071030787,0.692715236,2.077839108,1.60191767,0.378408128,43.000128,1831.267987,0.724459058,42.58750083,0.926829497,0.00201085,0.13727202,0.005003759,0.20106267,0.650310466,1.479771597,1.205073161,0.357446232,12.66670258,N/A,0.734083955,50.11273292,1.025641571,0.002131728,0.136408758,0.004484764,0.106863616,0.833479966,1.791846515,1.403466209,0.637065772,N/A,N/A,0.73460091,47.00693282,32.0000672,14.0000144,128.0006976,280.0035232,31471.59909,194.0016656,110.000536,66.0001968,6.000008,0,27800.89551,3586.5188,4.0000032,84.0004224,37688.76167,98.0004272,30.0000656,26.0000624,102.0004624,278.0031792,32099.19715,186.0014416,134.0008016,72.0002176,2.0000016,2.0000016,27223.63605,3512.496407,2.0000016,60.0002112,37827.20004,82.0003056,28.0000384,12.0000128,126.0007696,288.0037089,31299.20038,202.0018992,110.0006096,64.000224,6.000008,2.0000016,27901.15588,3638.53273,4.0000032,88.0003232,37781.12005,56.0001568,38.0000688,14.000024,106.0004848,220.0019968,32339.81421,192.0015648,158.001112,100.0004896,4.0000032,2.0000016,28039.43418,3588.516686,6.0000048,80.0003264,38479.17398,64.000192,28.0000608,28.0000576,124.0006848,276.003136,32628.54374,208.0018528,156.0010432,54.000152,6.0000048,2.0000016,28195.78365,3780.573607,8.0000128,84.000352,37626.58679,74.0002608,28.0000416,8.0000064,108.000576,212.001952,32584.45649,230.0022256,172.0012192,86.0003312,0,0,28388.23281,3478.487562,0,52.0001664,38661.73403,90.00044,20.0000224,16.0000192,92.0003744,280.003296,32311.73925,242.0025424,152.0010656,78.0002736,4.0000032,2.0000016,27861.06759,3646.534637,12.0000096,90.0004432,38449.13619,84.0003296,24.0000544,24.000032,90.0004048,278.0032752,32343.83779,216.0020704,130.0007792,50.00012,6.000008,2.0000016,27410.05457,3662.538904,2.0000016,104.0004608,37835.20166,86.0003248,46.0001104,10.0000112,104.0005408,240.0024416,31960.85876,196.0016384,160.0011232,58.0001744,6.000008,0,27744.79147,3808.583578,6.000008,82.0003216,37795.1204,76.0003168,32.0000672,12.0000128,120.0006656,262.0028816,32103.24172,206.0018768,144.001024,92.0004352,2.0000016,0,27568.39104,3760.569969,0,78.0002768,37528.39217,80.0003264,30.60005968,16.40002528,110.0005661,261.4029391,32114.24886,207.2018778,142.6009314,72.00026144,4.20000464,1.20000096,27813.34427,3646.335288,4.40000448,80.2003304,37967.2427,79.000308
34,APT_STD_4,-254.0625092,3709.15351,569.6133734,682.0923885,32312.75773,588.3672409,1149.544691,964.2054773,759.823815,1.20000096,27669.63672,9188.986612,7.00000848,117.0006472,37792.51389,5917.405831,112.1920292,92.60591642,34.98484457,75.15418195,395.2440163,51.33717233,51.89965682,66.08766891,40.71217857,1.398412916,415.7254567,234.8738122,3.299836764,11.36282758,545.3182253,130.4128962,44.15922268,2.496686,6.141858004,11.01818217,1.223182557,8.725362114,4.514801138,6.854106357,5.358107731,116.5343165,1.502460841,2.556036069,47.14046809,9.711764726,1.442926572,2.203886297,50.98436448,0.156590263,0.332088558,0.035586357,-0.219935803,0.496046615,0.594869836,0.513298887,0.842034916,859.9490522,4108.501054,0.73217316,1.553491631,4.818222897,0.003435704,0.006516584,0.001801827,0.092269842,0.031568715,0.074906629,0.05580833,0.089535864,366.8713848,1079.577899,0.007253724,0.050270707,9.450393167,2.194072337,1.962303174,5.063252549,41.95307946,6.364062231,12.5921041,10.8724821,10.63327217,42.66199071,26.27668546,0.990711579,3.23598186,46.38581229,0.161809612,0.32204372,0.03646231,-0.145414014,0.489557809,0.561380385,0.426776634,0.788576301,593.7406921,2182.761476,0.738853819,1.470513583,52.08337372,0.156249065,0.346794689,0.036292295,-0.105147818,0.514061865,0.52812913,0.542968068,0.859178761,729.1698363,N/A,0.736659434,1.63501509,51.38509469,0.160345056,0.328698039,0.032766363,-0.221831336,0.529125035,0.652241636,0.529893018,0.958647332,606.3470311,4519.63592,0.727227869,1.490774834,57.09150324,0.153954577,0.33226636,0.038653451,-0.357272389,0.44704178,0.538210261,0.483854761,0.728366672,727.9195209,N/A,0.729897291,1.575271877,56.03193515,0.154984288,0.336631695,0.034053551,-0.187387313,0.47770061,0.706963625,0.600861745,0.893804814,1484.852423,4656.734853,0.721939648,1.568080027,44.76067736,0.158350772,0.327746199,0.03649753,-0.133820064,0.503267234,0.523880553,0.472588456,0.740098707,760.9356869,N/A,0.735059381,1.521387712,49.42149332,0.159988659,0.334442049,0.03546397,-0.38414177,0.452564701,0.723056353,0.52810059,0.803890516,1507.363375,4683.752496,0.743214726,1.553624221,49.12801679,0.153706879,0.331480428,0.034224579,-0.22686438,0.486323731,0.614522277,0.564613667,0.934407959,589.5385125,N/A,0.73868531,1.593030346,45.54228288,0.151013146,0.331470453,0.034065441,-0.176673973,0.544033415,0.549726304,0.543673599,0.954133917,N/A,4499.620524,0.726000828,1.593555465,58.01345537,0.155500574,0.329311945,0.037384082,-0.260804975,0.516789973,0.550587835,0.439658334,0.759244183,739.6743928,N/A,0.724193291,1.533663158,4848.942555,3624.529105,570.0133107,1868.141339,31932.78761,1686.114253,1174.055972,1024.042562,760.0235815,4.0000032,27111.39002,8731.05289,10.0000176,128.00072,36693.84839,5937.417371,4876.954171,3610.524683,596.0147588,1822.133976,31946.78793,1814.13421,1170.055185,1112.050073,832.028017,0,27502.26933,9537.640932,8.0000096,112.0005344,37333.76382,5833.365691,4934.977796,3734.561527,562.0129267,1944.15327,32416.02511,1788.129808,1072.04693,1126.051751,774.025084,2.0000016,27500.25253,9039.279072,10.0000112,118.0006992,37815.17968,6063.477102,4993.000095,3922.61881,548.0122147,1974.157691,31714.2062,1880.142238,1236.061946,1004.040859,798.0259417,0,27608.50224,9173.376541,8.0000064,102.0004816,37825.188,5823.360826,4830.937368,3640.534133,534.0115827,2010.164783,32827.0967,1866.141846,1128.05207,1110.049933,796.0258281,2.0000016,27666.66747,9313.477156,4.0000032,106.0005232,38322.68742,5939.414442,5017.011219,3736.561259,588.0144644,1864.140414,32012.96357,1778.126833,1178.055735,970.0388352,756.0233319,0,28257.94187,9261.433042,8.0000064,136.0008544,38443.07356,6087.490365,4720.893491,3728.557568,520.011085,2080.174111,32399.96737,1830.135477,1158.0541,1022.042138,706.020559,2.0000016,28009.37414,9367.512487,4.0000032,122.0007312,37686.78574,6029.458322,4938.978337,3750.564592,544.0123107,1944.151679,32684.74896,1862.14087,1128.053369,1148.053567,738.0230424,0,28332.122,9391.543936,10.0000176,120.0006816,38354.79281,5895.395501,4828.937882,3628.528509,600.0145956,1822.135298,32375.92803,1790.129726,1112.050697,1152.054294,716.0215783,2.0000016,27149.47341,8999.248248,0,124.0007328,37395.92621,5647.27645,4822.932534,3714.554914,634.0164852,1920.14853,32817.06578,1758.125662,1236.062995,1032.043487,722.0211862,0,27558.37421,9075.301812,8.0000096,102.0005136,38053.89326,5917.402243,4881.356545,3709.15351,569.6133734,1924.950109,32312.75773,1805.332092,1159.2549,1070.04675,759.823815,1.20000096,27669.63672,9188.986612,7.00000848,117.0006472,37792.51389,5917.405831
36,SN3,722.7459292,8.000008,3902.613768,3116.311277,35763.55731,2224.575486,7909.665457,7003.295427,3.40000304,0,29040.13193,53167.92817,9.400012,241.602586,39671.32142,27374.78711,32.60228154,2.666669867,101.9162018,92.06029745,473.7868187,80.50166822,158.3296876,190.9824621,2.319005871,0,287.438237,621.9673643,6.186016201,27.88605625,353.7299767,490.2178968,4.510891064,33.33334,2.611485734,2.954143192,1.324775426,3.618742935,2.0017242,2.727037065,68.20599405,N/A,0.989796595,1.169816816,65.80859898,11.54211829,0.891651611,1.790764234,114.5622712,0.690086655,1.830961503,0.221186009,0.091433101,0.493607187,0.393996407,0.281322019,0.88556744,4793.694225,N/A,0.73205739,1.942628725,12.23913196,0.013650352,0.024771907,0.004560793,0.005049435,0.017353648,0.008962361,0.010786005,0.024292753,3875.661656,N/A,0.008569787,0.032596412,10.68338802,1.978063525,1.352945269,2.061971649,5.522546287,3.515679699,2.274731621,3.834042159,2.743185014,80.84916296,N/A,1.17064412,1.677953759,114.4809627,0.699636863,1.832556641,0.224275461,0.08451806,0.487197165,0.391141065,0.296345398,0.867945113,13852.34101,N/A,0.740134888,1.938632993,108.446004,0.66711975,1.853780933,0.224298858,0.093977791,0.488494594,0.387852228,0.282364852,0.884858002,6723.725384,N/A,0.715248575,1.987520486,97.35297577,0.699814468,1.802146619,0.214680309,0.094460018,0.528626252,0.38456875,0.283428999,0.896688623,1728.033744,N/A,0.735837472,1.894912256,104.398061,0.713428261,1.813552783,0.212392781,0.096800195,0.507312001,0.390556304,0.286088667,0.94320301,2818.778983,N/A,0.743310392,1.88951392,131.2768539,0.678806416,1.828566564,0.222765928,0.084871663,0.466840464,0.410907837,0.261496014,0.887985976,1690.200046,N/A,0.727561336,1.959902414,105.3356406,0.697953647,1.823419257,0.226448468,0.090319197,0.484770914,0.397771865,0.269007222,0.887701958,6952.22273,N/A,0.738857555,1.930281617,117.4510648,0.691928025,1.858271316,0.22153058,0.091233549,0.487494455,0.380473701,0.272139118,0.88490797,1385.935584,N/A,0.723751292,1.943737235,126.3701516,0.676727654,1.791029984,0.225087253,0.085091308,0.479532882,0.397039031,0.292575579,0.848553965,2679.069245,N/A,0.731512378,1.936023443,107.3292473,0.692009899,1.868620685,0.220829266,0.095933917,0.506520828,0.402649876,0.287334393,0.873444983,3380.905549,N/A,0.727908311,1.965556458,133.1817507,0.683441565,1.837670246,0.219551189,0.097125311,0.499282316,0.397003412,0.282439951,0.880384799,6725.729977,N/A,0.736451702,1.980206427,686.019695,6.000008,3906.616221,3138.395777,35753.14403,2378.229829,8018.578419,6959.942366,2.0000016,0,29308.373,53709.25359,2.0000016,242.0027184,39598.69135,27704.70419,754.0230935,4.0000032,3890.609323,3090.384722,35508.37501,2250.20386,7964.539097,7047.998111,4.0000032,0,28835.23591,53454.21052,4.0000032,248.002896,40314.98549,26894.92305,748.023332,10.000008,4108.677978,2992.360793,36204.38421,2206.195577,7772.419524,6969.951512,4.0000032,0,29071.77972,52391.60954,16.000016,284.003312,39508.42521,27648.56756,758.0241272,8.0000096,3914.616474,3016.364787,36330.74728,2210.19607,7716.388462,7278.12082,0,0,29368.47573,53261.2809,10.0000112,270.003304,39510.37958,28187.8214,686.0192213,8.0000064,3712.554861,3270.430545,35698.96468,2082.175239,7952.538562,7061.998612,2.0000016,0,28985.62844,53002.151,16.0000352,206.0017392,39839.42932,27043.26023,756.0231879,12.000016,3968.634784,3260.427666,36152.23857,2206.196819,8186.695703,7268.113525,6.0000048,0,29438.66787,53679.03388,4.0000032,264.0028864,39843.49577,27808.91317,740.0222439,4.0000032,3924.619276,3064.379097,36340.77354,2192.193576,8050.59265,7124.033598,0,0,28993.59695,53877.96958,20.0000288,236.0025568,40060.16609,27718.75159,690.0193814,10.0000112,3810.585673,3158.402927,35303.87983,2328.219173,7946.530026,6743.830277,6.000008,0,28959.57475,51867.46672,10.0000112,212.0019808,39588.6326,26790.72245,756.0233703,10.000008,3918.621058,3118.390079,35033.16151,2226.199645,7736.398452,6757.830955,4.0000032,0,28450.35852,53162.92841,8.0000064,252.0027552,39085.08543,27047.26603,764.0238216,8.0000064,3870.602032,3080.382688,35309.90439,2192.192913,7752.408185,6825.870601,6.0000048,0,28989.62839,53273.37752,4.0000032,202.0017104,39363.92341,26902.94143,733.8221474,8.000008,3902.613768,3118.991908,35763.55731,2227.20027,7909.708908,7003.769038,3.40000304,0,29040.13193,53167.92817,9.400012,241.602586,39671.32142,27374.78711
37,SN1,678.3124012,6.00000512,3772.973634,3038.761579,35509.84512,2122.213718,7582.095381,6793.942448,0.80000064,0,29001.25645,54547.27604,11.60001568,229.4022907,40116.92996,28083.96143,40.0811604,2.828430142,108.7584885,77.47930183,530.6473335,50.03662807,133.3865257,198.3557732,1.932185112,0,196.1736071,559.3192194,4.501861075,14.78917974,421.7845773,264.6331385,5.908952915,47.14046214,2.882566885,2.549699929,1.494366792,2.35775632,1.759230384,2.91959749,241.5229458,N/A,0.676431407,1.025384327,38.80909474,6.446831762,1.051387974,0.942292771,122.9154231,0.700109953,1.880898114,0.213550323,0.089474264,0.497629812,0.400894556,0.279927973,0.896128604,2800.58346,N/A,0.722970901,1.942431666,8.56755475,0.008868283,0.019290102,0.00423301,0.005292753,0.011968921,0.012497928,0.006111615,0.024275409,1163.11144,N/A,0.007147749,0.02571486,6.970284551,1.266698561,1.02557931,1.982207098,5.915391532,2.405185646,3.117510141,2.183281232,2.708920195,41.5310401,N/A,0.988663384,1.323848879,133.0331478,0.695639192,1.863102585,0.214356372,0.098928963,0.476252685,0.395332427,0.286982544,0.918441455,1995.512847,N/A,0.723641276,1.938099445,113.7034073,0.701783558,1.875530106,0.217909329,0.088494851,0.509789717,0.407098262,0.271365204,0.852368887,1748.203583,N/A,0.734925766,1.964103298,138.17439,0.707856785,1.88997668,0.206636713,0.090762826,0.501018809,0.416820752,0.285491107,0.905490401,2348.981321,N/A,0.717772301,1.916451095,114.7085987,0.688018403,1.875287291,0.22046552,0.085598023,0.517029743,0.398462743,0.273382702,0.90203578,1966.450762,N/A,0.727944419,1.984111051,116.955154,0.690346493,1.875944467,0.211579866,0.081495751,0.49672494,0.402325309,0.279414996,0.92291337,2806.950979,N/A,0.714307697,1.941056537,128.7314292,0.709626361,1.891230807,0.217109663,0.088299059,0.490228022,0.387509514,0.28293243,0.900737203,1428.93066,N/A,0.72072806,1.920818031,114.5995791,0.690592294,1.844818661,0.213219603,0.097659912,0.502724649,0.419236877,0.285490504,0.926672195,4698.628646,N/A,0.713278842,1.905422533,121.6533467,0.707763982,1.903059544,0.209364382,0.086017308,0.496266546,0.409138841,0.275717662,0.87453906,3527.983211,N/A,0.727317825,1.955636574,127.7697459,0.697631716,1.911850196,0.214588137,0.088642593,0.502424441,0.380290249,0.272910337,0.883885584,2810.957389,N/A,0.719223894,1.971023267,119.8254327,0.711840745,1.878180805,0.210273645,0.088843353,0.483838565,0.392730586,0.28559224,0.874202107,4673.235204,N/A,0.730568928,1.927594826,758.0231959,4.0000032,3622.529055,3008.364211,35484.44712,2184.192692,7606.317344,6985.957171,0,0,29061.79257,54145.10085,14.0000176,210.0019088,40160.496,27937.21498,684.019303,8.0000064,3876.603682,3098.38572,34896.71207,2066.172391,7604.319098,6481.685003,0,0,29292.30111,54938.59259,16.0000448,246.002616,39857.49643,27971.33565,676.0188133,8.0000064,3670.541813,3056.374366,35454.27915,2094.177092,7326.155719,6633.763676,0,0,28582.6703,54020.58033,12.0000192,204.001776,39821.36157,28187.82096,664.0183909,6.0000048,3960.631269,3054.376458,34746.27141,2096.177081,7660.354792,6909.914112,0,0,29127.93686,54623.24982,14.0000144,240.0024,40013.95727,27530.33899,628.0162788,12.0000128,3726.557452,3022.368245,35458.26789,2100.179888,7502.255582,6923.931985,0,0,29043.79635,54484.54906,10.000008,240.0025248,40660.06353,28069.53225,698.0205878,4.0000032,3844.597223,3040.371002,36122.1476,2220.200719,7842.467281,7064.00204,0,0,29025.74642,54894.38582,20.0000256,222.0021168,40272.81306,28578.64979,736.0222151,2.0000016,3774.572691,3148.397388,35213.60451,2144.18479,7508.256348,6957.947297,2.0000016,0,29117.91901,53717.28036,6.0000048,246.0026,40822.63105,28191.79443,666.0182709,6.0000048,3794.585409,3130.394378,36521.32555,2110.178836,7646.341444,6687.792986,6.0000048,0,29003.64748,55195.66815,8.0000064,232.0025632,39877.54252,28223.88827,682.0190869,6.0000048,3818.585685,2892.337419,35418.16633,2076.174021,7600.318321,6717.811796,0,0,28979.61688,55404.68622,10.0000112,220.0020448,40292.9006,28109.60537,674.0194934,4.0000032,3640.532062,2956.351332,35783.22954,2150.185554,7524.270122,6577.732793,0,0,28777.13748,54048.66724,6.0000048,234.0023568,39390.03753,28039.43366,686.6195636,6.00000512,3772.973634,3040.772052,35509.84512,2124.182306,7582.105605,6794.053886,0.80000064,0,29001.25645,54547.27604,11.60001568,229.4022907,40116.92996,28083.96143