{"labFCT18": [3.0620447244179005, 0.023340597224306068, 1.3661304204594897e-13, 1.041340109944948e-15, NaN, "zirc"], "Z22PR43_z4": [0.17033482568326802, 0.08568023495349784, 7.599483612173998e-15, 3.822621350651282e-15, NaN, "zirc"], "labFCT19": [3.527555582930651, 0.01864094919148263, 1.5738179632955523e-13, 8.316654408620784e-16, NaN, "zirc"], "Z22PR43_z5": [0.1943727128673137, 0.06744567425247931, 8.67193329469589e-15, 3.0090869212313424e-15, NaN, "zirc"], "labFCT20": [5.050460557825717, 0.025842021113523416, 2.2532616033843654e-13, 1.1529410686857952e-15, NaN, "zirc"], "22PR44_z2": [4.222618098302583, 0.02113756806170772, 1.8839199153665487e-13, 9.430520238113555e-16, NaN, "zirc"], "22PR44_z3": [1.5437409353576228, 0.03549283278601186, 6.887395981786485e-14, 1.58351176880574e-15, NaN, "zirc"], "22PR44_z4": [1.4121550247212302, 0.0192958625365002, 6.30032579959503e-14, 8.608843819264832e-16, NaN, "zirc"], "22PR44_z5": [0.694159653657239, 0.02830256474805114, 3.096991405627014e-14, 1.2627181559762263e-15, NaN, "zirc"], "22PR46": [13.618289079577123, 0.048934763584159366, 6.075795966617793e-13, 2.183223145541151e-15, NaN, "zirc"], "22PR46_z2": [7.0622881180923525, 0.028947644845916977, 3.1508379218757707e-13, 1.2914983869865698e-15, NaN, "zirc"], "22PR46_z3": [6.819870078836565, 0.02798051294673698, 3.0426831796361934e-13, 1.2483498236252778e-15, NaN, "zirc"], "22PR46_z4": [11.161294383582721, 0.041332286137355546, 4.979608451674275e-13, 1.8440388211544365e-15, NaN, "zirc"], "22PR46_z5": [58.00259517773107, 0.3050397452331479, 2.587784205306106e-12, 1.3609339931879534e-14, NaN, "zirc"], "22PR33_z1": [1.052471122994878, 0.03164060184875419, 4.6955970509274466e-14, 1.411644590378968e-15, NaN, "zirc"], "22PR33_z2": [4.947510656541115, 0.03205973367255136, 2.207330532944193e-13, 1.4303441452909504e-15, NaN, "zirc"], "labFCT21": [6.752421738855517, 0.03826662779477467, 3.012591121109805e-13, 1.7072645576324914e-15, NaN, "zirc"], "22PR33_z4": [1.36366148202991, 0.02357140714834827, 6.083971990853528e-14, 1.051637688424568e-15, NaN, "zirc"], "22PR33_z5": [3.886071657668675, 0.02836501447041281, 1.7337698124692934e-13, 1.2655043486398148e-15, NaN, "zirc"], "22PR31_z1": [19.52584704719424, 0.10345334275425132, 8.711451346120388e-13, 4.6155680714843985e-15, NaN, "zirc"], "22PR31_z2": [5.115640933906652, 0.025683993670609157, 2.2823418104339485e-13, 1.1458906786209136e-15, NaN, "zirc"], "22PR31_z3": [42.19757595103202, 0.17849237610936877, 1.882643702642635e-12, 7.963432502425661e-15, NaN, "zirc"], "22PR31_z4": [38.93186671725493, 0.164468354922253, 1.7369441740543822e-12, 7.337751178828098e-15, NaN, "zirc"], "22PR31_z5": [15.286020664885124, 0.065555371899119, 6.819853959527582e-13, 2.924751133181003e-15, NaN, "zirc"], "22PR48_z1": [2.5339891829258216, 0.019767410370389628, 1.1305385843338189e-13, 8.81922475702223e-16, NaN, "zirc"], "22PR48_z2": [3.061605859592617, 0.027723883490561402, 1.3659346210371271e-13, 1.2369003074222092e-15, NaN, "zirc"], "22PR48_z3": [0.775890207097788, 0.038978596521036135, 3.461632047371232e-14, 1.739029022978323e-15, NaN, "zirc"], "22PR48_z4": [1.4847068184605487, 0.03251048630257735, 6.624015429912326e-14, 1.4504544616122667e-15, NaN, "zirc"], "22PR48_z5": [1.50130899979384, 0.016287797815559845, 6.698086016747746e-14, 7.266796562666121e-16, NaN, "zirc"], "23PR03_z1": [0.2669076538933684, 0.08066423339265015, 1.1908077714525224e-14, 3.598832577525214e-15, NaN, "zirc"], "23PR03_z2": [0.5894201586516477, 0.0317781006732364, 2.6296964337095013e-14, 1.4177790966911928e-15, NaN, "zirc"], "23PR03_z3": [0.35049740947317237, 0.048539408506357296, 1.563743238481183e-14, 2.165584389504653e-15, NaN, "zirc"], "labFCT22": [1.92546040484888, 0.01755298438260994, 8.5904363560671e-14, 7.831259205233309e-16, NaN, "zirc"], "22PR20_z1": [3.272633788396253, 0.0205612944681122, 1.460084674041337e-13, 9.17341593116454e-16, NaN, "zirc"], "22PR20_z2": [0.7996337098999203, 0.03418970300022962, 3.5675636205046857e-14, 1.5253726688779162e-15, NaN, "zirc"], "22PR20_z3": [1.403473749756617, 0.022552599347837612, 6.261594314966613e-14, 1.0061836061317752e-15, NaN, "zirc"], "22PR20_z4": [3.2821100974409996, 0.016116957433308824, 1.4643125267426604e-13, 7.190576172619265e-16, NaN, "zirc"], "22PR20_z5": [4.271884583507546, 0.01715711914930764, 1.9059001443328036e-13, 7.654644039130739e-16, NaN, "zirc"], "22PR30_z1": [0.8165560169104595, 0.018185559729011928, 3.643062447177922e-14, 8.113482523874332e-16, NaN, "zirc"], "labFCT23": [2.5283236823369455, 0.022473077397449182, 1.1280109227879652e-13, 1.002635736479396e-15, NaN, "zirc"], "22PR30_z2": [0.2620837757611793, 0.07846787786251931, 1.1692860522940095e-14, 3.500842235322535e-15, NaN, "zirc"], "22PR30_z3": [0.2618323892856348, 0.06046406718501327, 1.1681644922175192e-14, 2.6976027119217127e-15, NaN, "zirc"], "22PR30_z4": [0.2792613174989122, 0.07973217275837662, 1.2459236080079959e-14, 3.557248717693254e-15, NaN, "zirc"], "22PR30_z5": [0.24405998364672632, 0.06813749077079705, 1.088872952827368e-14, 3.0399522963682094e-15, NaN, "zirc"], "22PR43_z1": [0.16968272894573863, 0.05637729525792437, 7.570390333976025e-15, 2.5152714936166844e-15, NaN, "zirc"], "22PR43_z2": [0.3301368174195821, 0.056485159252481994, 1.472904512445713e-14, 2.5200838427983395e-15, NaN, "zirc"], "22PR43_z3": [1.147180874320027, 0.03358838014981467, 5.118144348710747e-14, 1.498544666271735e-15, NaN, "zirc"], "labFCT24": [4.356718337366764, 0.019770173165640958, 1.9437487005294741e-13, 8.820457377371712e-16, NaN, "zirc"], "23PR03_z4": [0.6721280206548692, 0.037140839988840366, 2.9986973349463244e-14, 1.6570375653091978e-15, NaN, "zirc"], "23PR03_z5": [0.8562074070775265, 0.029382425451799345, 3.819967016496504e-14, 1.3108961118853992e-15, NaN, "zirc"], "22PR33_z6": [0.9840167867932618, 0.03147948711670099, 4.3901882162633246e-14, 1.4044564609931733e-15, NaN, "zirc"], "22PR44_z6": [1.1772292274198823, 0.01985310201579432, 5.2522049942887584e-14, 8.857456061298439e-16, NaN, "zirc"], "23PR02_z1": [2.022569921458907, 0.016855600805413845, 9.02369020013789e-14, 7.520121712061143e-16, NaN, "zirc"], "23PR02_z2": [0.4078818896384936, 0.055401743023904104, 1.819763940566135e-14, 2.4717472572456548e-15, NaN, "zirc"], "23PR02_z3": [0.8972684497687112, 0.03446685913953445, 4.003160746715049e-14, 1.5377379824901601e-15, NaN, "zirc"], "23PR02_z4": [0.7970154883953944, 0.02726468403727659, 3.555882432387768e-14, 1.2164131363110817e-15, NaN, "zirc"], "labFCT25": [6.998049934596935, 0.03007454334613769, 3.122178073791797e-13, 1.3417749329052239e-15, NaN, "zirc"], "23PR02_z5": [0.32120346279713546, 0.040181001767058404, 1.433048375109911e-14, 1.7926743003059873e-15, NaN, "zirc"], "23PR04_z1": [5.791982282902454, 0.02421449150959692, 2.5840913192212253e-13, 1.0803288797000498e-15, NaN, "zirc"], "23PR04_z2": [4.026337333775994, 0.024400811430375518, 1.796349305691083e-13, 1.0886415378948655e-15, NaN, "zirc"], "23PR04_z3": [15.142446791133928, 0.026395960778074355, 6.755798514827308e-13, 1.1776550717441935e-15, NaN, "zirc"], "23PR04_z4": [10.12409847462843, 0.021216528220457054, 4.516863779168569e-13, 9.465748291450456e-16, NaN, "zirc"], "23PR04_z5": [10.802843765302153, 0.02221969415024069, 4.819685805881213e-13, 9.91331049801048e-16, NaN, "zirc"], "23PR05_z1": [0.5046837183638845, 0.044233935207314154, 2.2516450359769984e-14, 1.973495815441873e-15, NaN, "zirc"], "23PR05_z2": [4.228610126589851, 0.01630490901115541, 1.886593257156175e-13, 7.274430717924247e-16, NaN, "zirc"], "labFCT26": [9.985293633107158, 0.01886553220509618, 4.4549360368997755e-13, 8.416852059023904e-16, NaN, "zirc"], "23PR05_z3": [17.346748774250738, 0.029338164153078546, 7.739247244691146e-13, 1.3089213952475482e-15, NaN, "zirc"], "23PR05_z4": [6.79658171510021, 0.017634305311987952, 3.032293082493178e-13, 7.867540515743709e-16, NaN, "zirc"], "23PR05_z5": [11.655971603704888, 0.021148139921003714, 5.200308558804714e-13, 9.435236870261316e-16, NaN, "zirc"],