{"labFCT18": [3.0620447244178997, 0.02542858625016621, 1.3661304204594892e-13, 1.1344956835087985e-15, NaN, "zirc"], "Z22PR43_z4": [0.17033482568326802, 0.0032116625765233235, 7.599483612173998e-15, 1.4328823844576263e-16, NaN, "zirc"], "labFCT19": [3.527555582930651, 0.027970541635540278, 1.5738179632955523e-13, 1.2479049538476077e-15, NaN, "zirc"], "Z22PR43_z5": [0.1943727128673137, 0.002732066325382593, 8.67193329469589e-15, 1.2189106475339488e-16, NaN, "zirc"], "labFCT20": [5.050460557825718, 0.04270318299413071, 2.253261603384366e-13, 1.9052013471103197e-15, NaN, "zirc"], "Z22PR44_z2": [4.222618098302583, 0.034767771176475205, 1.8839199153665487e-13, 1.5511631648289106e-15, NaN, "zirc"], "Z22PR44_z3": [1.5437409353576228, 0.015707359084750617, 6.887395981786485e-14, 7.007833980882759e-16, NaN, "zirc"], "Z22PR44_z4": [1.4121550247212304, 0.012205838821707424, 6.300325799595032e-14, 5.445631668469449e-16, NaN, "zirc"], "Z22PR44_z5": [0.6941596536572388, 0.0064088986483112976, 3.096991405627013e-14, 2.8593283877537684e-16, NaN, "zirc"], "Z22PR46": [13.61828907957712, 0.10880169378952753, 6.075795966617792e-13, 4.85418460736716e-15, NaN, "zirc"], "Z22PR46_z2": [7.062288118092352, 0.05791574308188429, 3.15083792187577e-13, 2.5839093014135937e-15, NaN, "zirc"], "Z22PR46_z3": [6.819870078836563, 0.055818628079265, 3.042683179636193e-13, 2.4903465726449983e-15, NaN, "zirc"], "Z22PR46_z4": [11.161294383582717, 0.09035839879839869, 4.979608451674274e-13, 4.03133750327468e-15, NaN, "zirc"], "Z22PR46_z5": [58.00259517773107, 0.5114791871431543, 2.587784205306106e-12, 2.2819630014417523e-14, NaN, "zirc"], "Z22PR33_z1": [1.052471122994878, 0.010677700269024879, 4.6955970509274466e-14, 4.763853069075077e-16, NaN, "zirc"], "Z22PR33_z2": [4.947510656541115, 0.04605717612402531, 2.207330532944193e-13, 2.0548396593211968e-15, NaN, "zirc"], "labFCT21": [6.752421738855517, 0.061057795184065664, 3.012591121109805e-13, 2.7240918704410487e-15, NaN, "zirc"], "Z22PR33_z4": [1.36366148202991, 0.013016246521398933, 6.083971990853528e-14, 5.807194843133279e-16, NaN, "zirc"], "Z22PR33_z5": [3.886071657668675, 0.03650653406243368, 1.7337698124692934e-13, 1.6287380236652843e-15, NaN, "zirc"], "Z22PR31_z1": [19.52584704719424, 0.17451644288724946, 8.711451346120388e-13, 7.786046349926361e-15, NaN, "zirc"], "Z22PR31_z2": [5.115640933906652, 0.043373495705613906, 2.2823418104339485e-13, 1.935107330490493e-15, NaN, "zirc"], "Z22PR31_z3": [42.19757595103202, 0.3518182158886899, 1.882643702642635e-12, 1.569636012709422e-14, NaN, "zirc"], "Z22PR31_z4": [38.93186671725493, 0.32140508788997935, 1.7369441740543822e-12, 1.4339479249129084e-14, NaN, "zirc"], "Z22PR31_z5": [15.286020664885124, 0.1279343207736357, 6.819853959527582e-13, 5.7077862395661505e-15, NaN, "zirc"], "Z22PR48_z1": [2.5339891829258216, 0.02186955233423094, 1.1305385843338189e-13, 9.757094822089292e-16, NaN, "zirc"], "Z22PR48_z2": [3.061605859592617, 0.028261613855050566, 1.3659346210371271e-13, 1.2608911329994898e-15, NaN, "zirc"], "Z22PR48_z3": [0.775890207097788, 0.008195908310600623, 3.461632047371232e-14, 3.656602262247088e-16, NaN, "zirc"], "Z22PR48_z4": [1.4847068184605487, 0.0148266029159489, 6.624015429912326e-14, 6.614884855870839e-16, NaN, "zirc"], "Z22PR48_z5": [1.50130899979384, 0.012817616690898271, 6.698086016747746e-14, 5.718576198312782e-16, NaN, "zirc"], "Z23PR03_z1": [0.2669076538933684, 0.004215215815323595, 1.1908077714525224e-14, 1.8806173888300143e-16, NaN, "zirc"], "Z23PR03_z2": [0.5894201586516474, 0.005748809236539663, 2.6296964337095004e-14, 2.564829676336068e-16, NaN, "zirc"], "Z23PR03_z3": [0.35049740947317237, 0.004063813332059701, 1.563743238481183e-14, 1.8130692121262162e-16, NaN, "zirc"], "labFCT22": [1.92546040484888, 0.016431962902377688, 8.5904363560671e-14, 7.331115776915182e-16, NaN, "zirc"], "Z22PR20_z1": [3.272633788396253, 0.027786074902015595, 1.460084674041337e-13, 1.2396749755516906e-15, NaN, "zirc"], "Z22PR20_z2": [0.7996337098999203, 0.007871129687629791, 3.5675636205046857e-14, 3.5117023679975865e-16, NaN, "zirc"], "Z22PR20_z3": [1.403473749756617, 0.012456904692706307, 6.261594314966613e-14, 5.557644638487689e-16, NaN, "zirc"], "Z22PR20_z4": [3.2821100974409996, 0.025087255980641186, 1.4643125267426604e-13, 1.1192672428232883e-15, NaN, "zirc"], "Z22PR20_z5": [4.271884583507546, 0.032654846034207895, 1.9059001443328036e-13, 1.4568950671101942e-15, NaN, "zirc"], "Z22PR30_z1": [0.8165560169104595, 0.006498156884324693, 3.643062447177922e-14, 2.899150925459397e-16, NaN, "zirc"], "labFCT23": [2.528323682336946, 0.020320127122087257, 1.1280109227879653e-13, 9.065819185369526e-16, NaN, "zirc"], "Z22PR30_z2": [0.2620837757611793, 0.003922150547769721, 1.1692860522940095e-14, 1.7498663994689573e-16, NaN, "zirc"], "Z22PR30_z3": [0.26183238928563474, 0.0032929667404115893, 1.168164492217519e-14, 1.4691562150493391e-16, NaN, "zirc"], "Z22PR30_z4": [0.27926131749891214, 0.004516887931666344, 1.2459236080079956e-14, 2.015208321435863e-16, NaN, "zirc"], "Z22PR30_z5": [0.24405998364672632, 0.0036077007324986266, 1.088872952827368e-14, 1.6095746999636953e-16, NaN, "zirc"], "Z22PR43_z1": [0.16968272894573863, 0.0021342526541498178, 7.570390333976025e-15, 9.521962408092342e-17, NaN, "zirc"], "Z22PR43_z2": [0.3301368174195821, 0.003923658153071117, 1.472904512445713e-14, 1.7505390171638785e-16, NaN, "zirc"], "Z22PR43_z3": [1.147180874320027, 0.010510197988085305, 5.118144348710747e-14, 4.689121972019856e-16, NaN, "zirc"], "labFCT24": [4.356718337366764, 0.033871554664416756, 1.9437487005294741e-13, 1.5111784895340748e-15, NaN, "zirc"], "Z23PR03_z4": [0.6721280206548692, 0.006543541338847164, 2.9986973349463244e-14, 2.9193991874931574e-16, NaN, "zirc"], "Z23PR03_z5": [0.8562074070775264, 0.0073994158448924255, 3.819967016496504e-14, 3.3012473654378626e-16, NaN, "zirc"], "Z22PR33_z6": [0.9840167867932618, 0.009268954505404783, 4.3901882162633246e-14, 4.1353415300280104e-16, NaN, "zirc"], "Z22PR44_z6": [1.1772292274198821, 0.010125884380920776, 5.252204994288757e-14, 4.517660560774861e-16, NaN, "zirc"], "Z23PR02_z1": [2.022569921458907, 0.01684632165281253, 9.02369020013789e-14, 7.515981820653399e-16, NaN, "zirc"], "Z23PR02_z2": [0.4078818896384936, 0.005783107820574164, 1.819763940566135e-14, 2.5801319802686555e-16, NaN, "zirc"], "Z23PR02_z3": [0.8972684497687112, 0.009375412355101137, 4.003160746715049e-14, 4.1828376706973927e-16, NaN, "zirc"], "Z23PR02_z4": [0.7970154883953945, 0.007302923516721413, 3.555882432387768e-14, 3.2581973394848814e-16, NaN, "zirc"], "labFCT25": [6.998049934596934, 0.05807921854956652, 3.122178073791797e-13, 2.5912027549552297e-15, NaN, "zirc"], "Z23PR02_z5": [0.32120346279713546, 0.003432427586273312, 1.433048375109911e-14, 1.5313766334760916e-16, NaN, "zirc"], "Z23PR04_z1": [5.791982282902454, 0.04710093324108994, 2.5840913192212253e-13, 2.101406854693046e-15, NaN, "zirc"], "Z23PR04_z2": [4.026337333775994, 0.03432753770456114, 1.796349305691083e-13, 1.5315221604604773e-15, NaN, "zirc"], "Z23PR04_z3": [15.142446791133928, 0.11157584440192546, 6.755798514827308e-13, 4.977953261440415e-15, NaN, "zirc"], "Z23PR04_z4": [10.12409847462843, 0.07588419307733527, 4.516863779168569e-13, 3.385571208946875e-15, NaN, "zirc"], "Z23PR04_z5": [10.802843765302153, 0.08123326411931785, 4.819685805881213e-13, 3.624219867909246e-15, NaN, "zirc"], "Z23PR05_z1": [0.5046837183638845, 0.0051721056913928715, 2.2516450359769984e-14, 2.307533546619466e-16, NaN, "zirc"], "Z23PR05_z2": [4.228610126589852, 0.032017571501740914, 1.8865932571561755e-13, 1.4284630811876912e-15, NaN, "zirc"], "labFCT26": [9.985293633107156, 0.07353095114271456, 4.454936036899775e-13, 3.2805813840775655e-15, NaN, "zirc"], "Z23PR05_z3": [17.346748774250734, 0.12725035484234956, 7.739247244691145e-13, 5.677271118156043e-15, NaN, "zirc"], "Z23PR05_z4": [6.79658171510021, 0.0512391383581871, 3.032293082493178e-13, 2.2860327633705318e-15, NaN, "zirc"],