,aliquot_type,intercept,error,QST,QRT,notes,time_of_collection,file
lb_test,lb,0.0049512444958968015,0.00011672974983349675,6720,1010,,1673365204.814572,10000-2829-13440-001.csv
hb_test,hb,0.00387294459040866,9.840402765444033e-05,6721,1010,,1673366088.206553,10000-2830-13442-001.csv
DUR_test,ap,0.1795209778919556,0.0007173204939597989,6722,1010,,1673366868.9044824,10000-2831-13444-001.csv
std_test,std,1.1295689982008883,0.002263934617517072,6723,1011,,1673367516.1846042,10000-2832-13446-001.csv
