{"RS24_GZ8_150_1": [1.502572422960391, 0.025490514893679938, 6.70372277576689e-14, 1.137258628253767e-15, NaN, 150.0, 3600.0, 185.0], "RS24_GZ8_175_1": [1.5396701627562324, 0.020663649486289536, 6.869234240904042e-14, 9.219081594668302e-16, NaN, 175.0, 7200.0, 226.0], "RS24_GZ8_200_1": [1.6635218906641607, 0.017612864028520785, 7.421798387901135e-14, 7.857974492960107e-16, NaN, 200.0, 7200.0, 217.0], "RS24_GZ8_225_1": [2.384259171546186, 0.017362350189155093, 1.0637365805060167e-13, 7.746207811704778e-16, NaN, 225.0, 7200.0, 230.0], "RS24_GZ8_250_1": [3.9382787630625162, 0.01770606412704415, 1.7570619983325224e-13, 7.899555691551774e-16, NaN, 250.0, 7200.0, 245.0], "RS24_GZ8_275_1": [6.339246106242618, 0.027754149545682536, 2.8282529250658596e-13, 1.2382506266477441e-15, NaN, 275.0, 7200.0, 253.0], "RS24_GZ8_300_1": [10.694951757187761, 0.030438829655948116, 4.771549815823932e-13, 1.3580275567033155e-15, NaN, 300.0, 7200.0, 262.0], "RS24_GZ8_325_1": [15.477655617148333, 0.04059560914071821, 6.905351841326105e-13, 1.8111719969982247e-15, NaN, 325.0, 7200.0, 273.0], "RS24_GZ8_350_1": [23.594618505623924, 0.09984481061691573, 1.052673262497721e-12, 4.454573508383855e-15, NaN, 350.0, 7200.0, 280.0], "RS24_GZ8_375_1": [29.40328504630209, 0.12452943440078225, 1.311826762126443e-12, 5.555877326705731e-15, NaN, 375.0, 5400.0, 300.0], "RS24_GZ8_400_1": [32.439229619163825, 0.13681028238901402, 1.4472753466210324e-12, 6.103787025475774e-15, NaN, 400.0, 3600.0, 309.0], "RS24_GZ8_370_2": [16.723476445644923, 0.07094366792283364, 7.461174464908058e-13, 3.1651498136358364e-15, NaN, 370.0, 7200.0, 290.0], "RS24_GZ8_340_2": [4.326607682981364, 0.03130671502439912, 1.930314840270083e-13, 1.396748238797141e-15, NaN, 340.0, 7200.0, 278.0], "RS24_GZ8_310_2": [1.5766372785706382, 0.02036512666227675, 7.034162927503515e-14, 9.085895717978384e-16, NaN, 310.0, 10800.0, 275.0], "RS24_GZ8_280_2": [0.37629491448827285, 0.06458771131730709, 1.6788387368977998e-14, 2.8815789826584762e-15, NaN, 280.0, 12600.0, 263.0], "RS24_GZ8_260_2": [0.15226218276949163, 0.05489323450675545, 6.793173140425253e-15, 2.4490601635921945e-15, NaN, 260.0, 14400.0, 248.0], "RS24_GZ8_295_3": [0.8692343101251259, 0.031389471545886456, 3.878086508990478e-14, 1.4004404187510688e-15, NaN, 295.0, 12600.0, 278.0], "RS24_GZ8_330_3": [4.52108374751983, 0.024455405327069343, 2.0170802835369992e-13, 1.0910772431100804e-15, NaN, 330.0, 12600.0, 265.0], "RS24_GZ8_360_3": [13.33335381731228, 0.08292566676167419, 5.948672176903845e-13, 3.69972636573901e-15, NaN, 360.0, 10800.0, 287.0], "RS24_GZ8_390_3": [31.083523300799104, 0.08162403755329328, 1.3867905461229187e-12, 3.641654214031109e-15, NaN, 390.0, 9000.0, 302.0], "RS24_GZ8_420_3": [57.28707447396168, 0.2961207778067864, 2.555861268580426e-12, 1.3211420442883305e-14, NaN, 420.0, 7200.0, 313.0], "RS24_GZ8_450_3": [107.17697364530204, 0.553777167336452, 4.781697762349515e-12, 2.4706753249596323e-14, NaN, 450.0, 7200.0, 325.0], "RS24_GZ8_475_3": [119.83663927660554, 0.6192024597558851, 5.3465083999556314e-12, 2.7625700890331265e-14, NaN, 475.0, 5400.0, 300.0], "RS24_GZ8_500_3": [121.60809881586987, 0.6282832367724485, 5.4255420190894014e-12, 2.8030839509790687e-14, NaN, 500.0, 3600.0, 262.0], "RS24_GZ8_485_4": [92.63844887699776, 0.26976574984816326, 4.133061875479511e-12, 1.2035591587764935e-14, NaN, 485.0, 5400.0, 319.0], "RS24_GZ8_460_4": [51.154193675610266, 0.14920357109237353, 2.282242958669147e-12, 6.656713263691153e-15, NaN, 460.0, 7200.0, 321.0], "RS24_GZ8_440_4": [25.276188276191686, 0.05990846511448671, 1.1276964520474563e-12, 2.672814540665955e-15, NaN, 440.0, 7200.0, 321.0], "RS24_GZ8_410_4": [10.822078657910769, 0.02810845837204741, 4.828267447983746e-13, 1.2540581052934508e-15, NaN, 410.0, 9000.0, 315.0], "RS24_GZ8_380_4": [4.222608134257879, 0.018338540254328045, 1.8839154699107158e-13, 8.181734743610263e-16, "", 380, 10800, 296], "RS24_GZ8_350_4": [1.4577308364452026, 0.018232459877052788, 6.503662159566353e-14, 8.134407012158823e-16, "", 350, 12600, 280], "RS24_GZ8_385_5": [5.032635906446382, 0.02222353255463919, 2.2453091400224776e-13, 9.915023001088244e-16, "", 385, 10800, 304], "RS24_GZ8_430_5": [21.05088232075694, 0.07839860334480818, 9.391845418380003e-13, 3.4977515546001684e-15, "", 430, 9000, 300], "RS24_GZ8_465_5": [61.973857139618914, 0.4558905432444162, 2.7649619496573084e-12, 2.0339544179727674e-14, "", 465, 9000, 300], "RS24_GZ8_490_5": [93.58786433303783, 0.6883929229810029, 4.17542002021227e-12, 3.071263152409221e-14, "", 490, 7200, 300], "RS24_GZ8_520_5": [137.95366854685759, 0.6388829191324824, 6.154799167790558e-12, 2.8503744049811826e-14, "", 520, 5400, 530]}