{"RS24_GZ8_150_1": [1.5025724222928993, 0.02549052181554438, 6.703722772788878e-14, 1.1372589370725607e-15, NaN, 150.0, 3600.0, 185.0], "RS24_GZ8_175_1": [1.5396701609326315, 0.020663656493129495, 6.869234232768053e-14, 9.219084720768042e-16, NaN, 175.0, 7200.0, 226.0], "RS24_GZ8_200_1": [1.6635218914019958, 0.017612858090552286, 7.421798391192985e-14, 7.857971843737077e-16, NaN, 200.0, 7200.0, 217.0], "RS24_GZ8_225_1": [2.3842591714631673, 0.017362354826423006, 1.063736580468978e-13, 7.746209880620596e-16, NaN, 225.0, 7200.0, 230.0], "RS24_GZ8_250_1": [3.9382787647700943, 0.017706067047365055, 1.7570619990943578e-13, 7.899556994452151e-16, NaN, 250.0, 7200.0, 245.0], "RS24_GZ8_275_1": [6.339246105706431, 0.027754149824273093, 2.8282529248266396e-13, 1.238250639077054e-15, NaN, 275.0, 7200.0, 253.0], "RS24_GZ8_300_1": [10.694951756427141, 0.030438827430449872, 4.771549815484581e-13, 1.3580274574127719e-15, NaN, 300.0, 7200.0, 262.0], "RS24_GZ8_325_1": [15.477655620386999, 0.04059560578762275, 6.905351842771034e-13, 1.811171847399962e-15, NaN, 325.0, 7200.0, 273.0], "RS24_GZ8_350_1": [23.59461851098449, 0.09984480301162757, 1.0526732627368827e-12, 4.45457316907413e-15, NaN, 350.0, 7200.0, 280.0], "RS24_GZ8_375_1": [29.403285048054464, 0.12452942498849925, 1.3118267622046249e-12, 5.5558769067769814e-15, NaN, 375.0, 5400.0, 300.0], "RS24_GZ8_400_1": [32.43922962421773, 0.1368102719840981, 1.4472753468465123e-12, 6.1037865612607334e-15, NaN, 400.0, 3600.0, 309.0], "RS24_GZ8_370_2": [16.723476450257944, 0.07094366802460296, 7.461174466966156e-13, 3.1651498181762717e-15, NaN, 370.0, 7200.0, 290.0], "RS24_GZ8_340_2": [4.3266076851488, 0.03130671732254797, 1.930314841237084e-13, 1.3967483413289894e-15, NaN, 340.0, 7200.0, 278.0], "RS24_GZ8_310_2": [1.5766372775795798, 0.020365118077951935, 7.034162923081912e-14, 9.085891888084203e-16, NaN, 310.0, 10800.0, 275.0], "RS24_GZ8_280_2": [0.37629491323256026, 0.06458766480560829, 1.6788387312954412e-14, 2.8815769075403e-15, NaN, 280.0, 12600.0, 263.0], "RS24_GZ8_260_2": [0.15226218028980001, 0.05489334047694744, 6.7931730297938795e-15, 2.4490648914494257e-15, NaN, 260.0, 14400.0, 248.0], "RS24_GZ8_295_3": [0.869234311943108, 0.03138945850699127, 3.8780865171014e-14, 1.4004398370211149e-15, NaN, 295.0, 12600.0, 278.0], "RS24_GZ8_330_3": [4.521083748981508, 0.024455405029344505, 2.0170802841891261e-13, 1.0910772298270948e-15, NaN, 330.0, 12600.0, 265.0], "RS24_GZ8_360_3": [13.33335381783698, 0.08292566677207472, 5.948672177137939e-13, 3.69972636620303e-15, NaN, 360.0, 10800.0, 287.0], "RS24_GZ8_390_3": [31.083523306649887, 0.08162403173907656, 1.3867905463839512e-12, 3.641653954629988e-15, NaN, 390.0, 9000.0, 302.0], "RS24_GZ8_420_3": [57.287074498357335, 0.2961207746873837, 2.555861269668838e-12, 1.3211420303711237e-14, NaN, 420.0, 7200.0, 313.0], "RS24_GZ8_450_3": [107.17697365168381, 0.5537771613106, 4.7816977626342376e-12, 2.4706752980753098e-14, NaN, 450.0, 7200.0, 325.0], "RS24_GZ8_475_3": [119.83663929464888, 0.6192024530728715, 5.346508400760635e-12, 2.76257005921688e-14, NaN, 475.0, 5400.0, 300.0], "RS24_GZ8_500_3": [121.60809881433114, 0.6282832298887886, 5.425542019020752e-12, 2.8030839202676386e-14, NaN, 500.0, 3600.0, 262.0], "RS24_GZ8_485_4": [92.63844890664146, 0.2697657464450889, 4.1330618768020635e-12, 1.2035591435936863e-14, NaN, 485.0, 5400.0, 319.0], "RS24_GZ8_460_4": [51.15419369961161, 0.14920356922370676, 2.2822429597399664e-12, 6.656713180320637e-15, NaN, 460.0, 7200.0, 321.0], "RS24_GZ8_440_4": [25.276188276255894, 0.05990847165628983, 1.1276964520503207e-12, 2.672814832528323e-15, NaN, 440.0, 7200.0, 321.0], "RS24_GZ8_410_4": [10.822078657475522, 0.02810846050843218, 4.828267447789561e-13, 1.2540582006081994e-15, NaN, 410.0, 9000.0, 315.0], "RS24_GZ8_380_4": [4.222608134635728, 0.018338538457383636, 1.883915470079293e-13, 8.181733941904004e-16, NaN, 380.0, 10800.0, 296.0], "RS24_GZ8_350_4": [1.4577308364447874, 0.018232464560196636, 6.5036621595645e-14, 8.134409101542176e-16, NaN, 350.0, 12600.0, 280.0], "RS24_GZ8_385_5": [5.032635905185375, 0.022223533261218457, 2.2453091394598797e-13, 9.915023316328391e-16, NaN, 385.0, 10800.0, 304.0], "RS24_GZ8_430_5": [21.05088231750603, 0.07839860337472, 9.39184541692961e-13, 3.4977515559346836e-15, NaN, 430.0, 9000.0, 300.0], "RS24_GZ8_465_5": [61.97385712153331, 0.4558905453472446, 2.7649619488504196e-12, 2.0339544273545308e-14, NaN, 465.0, 9000.0, 300.0], "RS24_GZ8_490_5": [93.58786432189228, 0.6883929262674131, 4.175420019715012e-12, 3.071263167071531e-14, NaN, 490.0, 7200.0, 300.0], "RS24_GZ8_520_5": [137.95366855040666, 0.638882919804294, 6.1547991679489e-12, 2.8503744079784685e-14, NaN, 520.0, 5400.0, 530.0], "RS24_GZ8_550_5": [166.95562437561716, 0.8793205290910324, 7.44872063779857e-12, 3.923086147457091e-14, NaN, 550.0, 3600.0, 252.0], "RS24_GZ8_535_6": [98.77713516014616, 0.5202676197949484, 4.4069391969370105e-12, 2.3211725697998948e-14, NaN, 535.0, 3600.0, 253.0], "RS24_GZ8_510_6": [69.51469410149409, 0.36619079532961896, 3.1013961854864856e-12, 1.6337592367699605e-14, NaN, 510.0, 5400.0, 260.0], "RS24_GZ8_480_6": [36.94903874883892, 0.23391623313130125, 1.64848035820643e-12, 1.0436166375091517e-14, NaN, 480.0, 7200.0, 245.0], "RS24_GZ8_455_6": [20.91416146163782, 0.09903027195327892, 9.330847444292773e-13, 4.418232888073477e-15, NaN, 455.0, 9000.0, 241.0], "RS24_GZ8_425_6": [9.174155678742604, 0.04535528202243449, 4.0930470593123065e-13, 2.023524673080864e-15, NaN, 425.0, 10800.0, 239.0], "RS24_GZ8_450_7": [20.96010430953956, 0.08518590888917081, 9.351344833380727e-13, 3.800567006744481e-15, NaN, 450.0, 10800.0, 300.0], "RS24_GZ8_650_fulldegas_1": [963.1544109429256, 6.098185643697208, 4.2971107831842836e-11, 2.7207038653061515e-13, "", 650, 7200, 261], "RS24_GZ8_650_fulldegas_2": [574.4330185017673, 5.396890480751167, 2.5628313487185116e-11, 2.407821219216189e-13, "", 650, 9000, 300], "RS24_GZ8_800_fulldegas_3": [3810.5512584088483, 35.80069720484444, 1.7000764068924992e-10, 1.5972471314733842e-12, "", 800, 7200, 300], "RS24_GZ8_800_fulldegas_4": [887.4451845008447, 2.937048849001505, 3.9593342754566097e-11, 1.310363544660259e-13, "", 800, 3600, 240], "RS24_GZ8_900_fulldegas_5": [1037.7211385716714, 3.4343949159812452, 4.62979003556559e-11, 1.5322543570898745e-13, "", 900, 1800, 240], "RS24_GZ8_900_fulldegas_6": [401.35866536331474, 1.3283495478823886, 1.7906605932154667e-11, 5.926427892756261e-14, "", 900, 3600, 300], "RS24_GZ8_1000_fulldegas_7": [58.79352801374917, 0.1948596025977447, 2.623071652259711e-12, 8.6936558667683e-15, "", 1000, 1800, 180], "RS24_GZ8_1000_fulldegas_8": [6.040079369794235, 0.031667423668954815, 2.6947797670180397e-13, 1.4128412451572593e-15, "", 1000, 3600, 300], "RS24_GZ8_1000_fulldegas_9": [0.6905803177694433, 0.022377245914747212, 3.081022208304824e-14, 9.98360217486714e-16, "", 1000, 3600, 300], "RS24_GZ8_1100_fulldegas_10": [0.042735237505636604, 0.11835015747222899, 1.9066314582687877e-15, 5.2801890547081724e-15, "", 1100, 3600, 300]}