{"RS24_GZ8_150_1": [1.502572422960391, 0.025490514893679938, 6.70372277576689e-14, 1.137258628253767e-15, NaN, 150.0, 3600.0, 185.0], "RS24_GZ8_175_1": [1.5396701627562324, 0.020663649486289536, 6.869234240904042e-14, 9.219081594668302e-16, NaN, 175.0, 7200.0, 226.0], "RS24_GZ8_200_1": [1.6635218906641607, 0.017612864028520785, 7.421798387901135e-14, 7.857974492960107e-16, NaN, 200.0, 7200.0, 217.0], "RS24_GZ8_225_1": [2.384259171546186, 0.017362350189155093, 1.0637365805060167e-13, 7.746207811704778e-16, NaN, 225.0, 7200.0, 230.0], "RS24_GZ8_250_1": [3.9382787630625162, 0.01770606412704415, 1.7570619983325224e-13, 7.899555691551774e-16, NaN, 250.0, 7200.0, 245.0], "RS24_GZ8_275_1": [6.339246106242618, 0.027754149545682536, 2.8282529250658596e-13, 1.2382506266477441e-15, NaN, 275.0, 7200.0, 253.0], "RS24_GZ8_300_1": [10.694951757187761, 0.030438829655948116, 4.771549815823932e-13, 1.3580275567033155e-15, NaN, 300.0, 7200.0, 262.0], "RS24_GZ8_325_1": [15.477655617148333, 0.04059560914071821, 6.905351841326105e-13, 1.8111719969982247e-15, NaN, 325.0, 7200.0, 273.0], "RS24_GZ8_350_1": [23.594618505623924, 0.09984481061691573, 1.052673262497721e-12, 4.454573508383855e-15, NaN, 350.0, 7200.0, 280.0], "RS24_GZ8_375_1": [29.40328504630209, 0.12452943440078225, 1.311826762126443e-12, 5.555877326705731e-15, NaN, 375.0, 5400.0, 300.0], "RS24_GZ8_400_1": [32.439229619163825, 0.13681028238901402, 1.4472753466210324e-12, 6.103787025475774e-15, NaN, 400.0, 3600.0, 309.0], "RS24_GZ8_370_2": [16.723476445644923, 0.07094366792283364, 7.461174464908058e-13, 3.1651498136358364e-15, NaN, 370.0, 7200.0, 290.0], "RS24_GZ8_340_2": [4.326607682981364, 0.03130671502439912, 1.930314840270083e-13, 1.396748238797141e-15, NaN, 340.0, 7200.0, 278.0], "RS24_GZ8_310_2": [1.5766372785706382, 0.02036512666227675, 7.034162927503515e-14, 9.085895717978384e-16, NaN, 310.0, 10800.0, 275.0], "RS24_GZ8_280_2": [0.37629491448827274, 0.0645877113173071, 1.678838736897799e-14, 2.8815789826584766e-15, NaN, 280.0, 12600.0, 263.0], "RS24_GZ8_260_2": [0.15226218276949163, 0.054893234506755435, 6.793173140425253e-15, 2.4490601635921937e-15, NaN, 260.0, 14400.0, 248.0], "RS24_GZ8_295_3": [0.8692343101251259, 0.031389471545886456, 3.878086508990478e-14, 1.4004404187510688e-15, NaN, 295.0, 12600.0, 278.0], "RS24_GZ8_330_3": [4.52108374751983, 0.024455405327069343, 2.0170802835369992e-13, 1.0910772431100804e-15, NaN, 330.0, 12600.0, 265.0], "RS24_GZ8_360_3": [13.33335381731228, 0.08292566676167419, 5.948672176903845e-13, 3.69972636573901e-15, NaN, 360.0, 10800.0, 287.0], "RS24_GZ8_390_3": [31.08352330079911, 0.08162403755329088, 1.3867905461229192e-12, 3.6416542140310015e-15, NaN, 390.0, 9000.0, 302.0], "RS24_GZ8_420_3": [57.28707447396167, 0.29612077780678453, 2.5558612685804257e-12, 1.321142044288322e-14, "", 420, 7200, 313], "RS24_GZ8_450_3": [107.17697364530204, 0.5537771673364487, 4.781697762349515e-12, 2.4706753249596175e-14, "", 450, 7200, 325], "RS24_GZ8_475_3": [119.83663927660554, 0.6192024597558814, 5.3465083999556314e-12, 2.76257008903311e-14, "", 475, 5400, 300], "RS24_GZ8_500_3": [121.60809881586987, 0.6282832367724447, 5.4255420190894014e-12, 2.8030839509790513e-14, "", 500, 3600, 262], "RS24_GZ8_485_4": [92.63844887699776, 0.2697657498481557, 4.133061875479511e-12, 1.2035591587764597e-14, "", 485, 5400, 319], "RS24_GZ8_460_4": [51.154193675610266, 0.14920357109236937, 2.282242958669147e-12, 6.656713263690968e-15, "", 460, 7200, 321], "RS24_GZ8_440_4": [25.325470320068547, 0.05150014673859557, 1.129895169093805e-12, 2.2976776451590777e-15, "", 440, 7200, 321], "RS24_GZ8_410_4": [10.843178918338895, 0.024866963452642252, 4.83768132343129e-13, 1.1094388976819065e-15, "", 410, 9000, 315]}