{"FCTVV_EM_z1": [3.0944225138406867, 0.023930924669267505, 1.3805757623988074e-13, 1.0676775528360625e-15, NaN, "zirc"], "z24TR01_EM_z2": [11.53045430359577, 0.08880285752297822, 5.144309049520731e-13, 3.961937071606059e-15, NaN, "zirc"], "z24TR01_EM_z3": [261.9137273734871, 2.1411720253977538, 1.1685273818751097e-11, 9.552833164083848e-14, NaN, "zirc"], "z24TR01_EM_z4": [15.916137976398952, 0.13247955178481577, 7.10098062657221e-13, 5.910571597430881e-15, "400C and 100%", "zirc"], "z24TR01_EM_z5": [54.6690281483329, 0.44522281837757016, 2.4390572030129782e-12, 1.9863603925116897e-14, NaN, "zirc"], "z24TR01_EM_z6": [21.214330888092746, 0.17203804150985427, 9.464767952214127e-13, 7.675472539923898e-15, NaN, "zirc"], "z24TR01_EM_z7": [14.932143806420916, 0.14131247901585722, 6.661971895431835e-13, 6.304652405454501e-15, NaN, "zirc"], "z24TR03r_EM_z1": [25.73792373347304, 0.2390408952161297, 1.1482967669078718e-12, 1.0664803034537774e-14, NaN, "zirc"], "FCTVV_EM_z2": [2.0220106691665922, 0.019738776257050797, 9.02119509755774e-14, 8.806449655148922e-16, NaN, "zirc"], "z24TR03r_EM_z2": [38.32086867890486, 0.35725155827628596, 1.709684513201787e-12, 1.5938768549847682e-14, NaN, "zirc"], "z24TR03r_EM_z3": [20.343409283109317, 0.18997495113264767, 9.076206515173246e-13, 8.475727274589438e-15, NaN, "zirc"], "z24TR03r_EM_z4": [41.77508120218724, 0.30866086802654324, 1.8637941109211756e-12, 1.3770896226757527e-14, "584 C & 100%", "zirc"], "z24TR03r_EM_z5": [145.54800170270826, 1.0709955796378268, 6.493620134858046e-12, 4.7782438638254064e-14, "1090 C & 100% ", "zirc"], "z24TR03r_EM_z6": [84.00320510284577, 0.6224617253479525, 3.747800709505031e-12, 2.7771112936020007e-14, NaN, "zirc"], "z24TR03r_EM_z7": [26.501724361680882, 0.1973252230719493, 1.1823737111484285e-12, 8.803659457122748e-15, NaN, "zirc"], "z24TR03r_EM_z8": [153.50588079065076, 1.1321597753854757, 6.84866069379186e-12, 5.0511277566943675e-14, NaN, "zirc"], "z24TR03a_EM_z1": [9.930832663717558, 0.07434188340363783, 4.4306382902282314e-13, 3.316761104829028e-15, NaN, "zirc"], "FCTVV_EM_z3": [4.736870195922169, 0.037535617382560005, 2.1133533487651328e-13, 1.6746505479860803e-15, NaN, "zirc"], "z24TR03a_EM_z2": [7.45333074416439, 0.05999820587695866, 3.325301483075038e-13, 2.6768183223413335e-15, NaN, "zirc"], "z24TR03a_EM_z3": [4.994818008344791, 0.03951743437777241, 2.2284366950766443e-13, 1.7630692592920676e-15, NaN, "zirc"], "z24TR03a_EM_z4": [5.150442700689328, 0.04087513542229212, 2.297868609212692e-13, 1.8236430544432993e-15, NaN, "zirc"], "z24TR05g_EM_z1": [3.783896698944415, 0.030563346433462257, 1.6881844824415165e-13, 1.3635828693433682e-15, NaN, "zirc"], "z24TR05g_EM_z2": [23.977868896543523, 0.18886765756392931, 1.0697719682583885e-12, 8.42632540215621e-15, NaN, "zirc"], "z24TR05g_EM_z3": [7.591863563374338, 0.06189070074921443, 3.3871078626636647e-13, 2.761251929562525e-15, NaN, "zirc"], "z24TR05g_EM_z4": [6.7956444726748675, 0.06284932141643675, 3.0318749320401835e-13, 2.8040207645416592e-15, NaN, "zirc"], "FCTVV_EM_z4": [6.739251231661088, 0.061922296917545375, 3.0067151029093813e-13, 2.7626615917527155e-15, NaN, "zirc"], "z24TR05g_EM_z5": [12.186562065592405, 0.112178159186014, 5.437031348974928e-13, 5.0048255191404474e-15, NaN, "zirc"], "z24TR05g_EM_z6": [6.020020637707491, 0.055210251147804305, 2.6858305691565497e-13, 2.4632038524049387e-15, NaN, "zirc"], "z24TR07_EM_z1": [17.01412254989535, 0.15507367026735344, 7.590846145219661e-13, 6.91860757862735e-15, NaN, "zirc"], "z24TR07_EM_z2": [44.293653503007356, 0.4041452318886473, 1.976160145578984e-12, 1.80309285218456e-14, NaN, "zirc"], "z24TR07_EM_z4": [10.028497690172166, 0.09188384922544644, 4.474211515201287e-13, 4.0993954325620786e-15, NaN, "zirc"], "z24TR07_EM_z5": [6.1925798696110155, 0.057223194011607866, 2.762817823508082e-13, 2.5530112434910264e-15, NaN, "zirc"], "z24TR07_EM_z6": [2.5693461665954076, 0.024367712521079075, 1.1463130929755543e-13, 1.0871648309573961e-15, NaN, "zirc"], "FCTVV_EM_z5": [3.7538152006484014, 0.035212333743351275, 1.6747636301634698e-13, 1.5709973116512568e-15, NaN, "zirc"], "z24TR07_EM_z7": [19.865903401799454, 0.18074250992521812, 8.863167396180713e-13, 8.063822161382088e-15, NaN, "zirc"], "z24TR07_EM_z8": [11.690386071748808, 0.10785973863271339, 5.215662564356566e-13, 4.812159303681332e-15, NaN, "zirc"], "z24TR07_EM_z9": [28.491688132833502, 0.2579357119467964, 1.2711558906412734e-12, 1.150779476875151e-14, NaN, "zirc"], "z24UM07_DJ_z1": [3.9616594285860187, 0.02998633800692951, 1.7674932758927537e-13, 1.337839654096971e-15, NaN, "zirc"], "z24UM07_DJ_z2": [4.968840755391305, 0.038214235070103485, 2.2168469507411906e-13, 1.7049270576471616e-15, NaN, "zirc"], "z24UM07_DJ_z3": [4.000433265600328, 0.029734038087462458, 1.7847922127243365e-13, 1.3265833000563244e-15, NaN, "zirc"], "z24UM07_DJ_z4": [3.3464543374267732, 0.02594599117874802, 1.4930196919009427e-13, 1.1575796903162319e-15, "laser shut off", "zirc"], "z24UM07_DJ_z5": [6.351143724988118, 0.046754773970930655, 2.8335610444312113e-13, 2.0859629682756604e-15, NaN, "zirc"], "FCTVV_EM_z6": [9.291841241950241, 0.06781346644992417, 4.1455524413091105e-13, 3.025495960110831e-15, NaN, "zirc"], "z24UM05s_DJ_z1": [10.102067526634354, 0.0790723284601203, 4.5070346777167634e-13, 3.5278097822842995e-15, NaN, "zirc"], "z24UM05s_DJ_z2": [32.538128000395474, 0.25299058020785153, 1.45168769520815e-12, 1.1287167850800907e-14, NaN, "zirc"], "z24UM05s_DJ_z3": [7.6589177863329105, 0.06104074661265963, 3.417024085987735e-13, 2.7233312488917476e-15, NaN, "zirc"], "z24UM05s_DJ_z4": [15.0054247537745, 0.11753426128028466, 6.694666170150129e-13, 5.2437878683093e-15, NaN, "zirc"], "z24UM05s_DJ_z5": [23.2046005749531, 0.18194927182716358, 1.0352726231352324e-12, 8.117661810795198e-15, NaN, "zirc"], "z24UM05s_DJ_z6": [11.249022973948078, 0.09040777791811087, 5.018748538390326e-13, 4.03354055135678e-15, NaN, "zirc"], "FCTVV_EM_z7": [5.2424914362276365, 0.03981934596349272, 2.338936127521922e-13, 1.7765390364724152e-15, NaN, "zirc"], "z24UM07_DJ_z6": [3.110125920582091, 0.024076009070915866, 1.3875818330427815e-13, 1.0741504894671126e-15, NaN, "zirc"], "z24UM07_DJ_z7": [5.3679683225757575, 0.040265732977532796, 2.394917606217434e-13, 1.7964545809553313e-15, NaN, "zirc"], "z24UM07_DJ_z8": [2.284238728802009, 0.01752357637379568, 1.0191124871963992e-13, 7.818138830104257e-16, NaN, "zirc"], "z24UM05s_DJ_z7": [18.860540540391057, 0.14064972707841247, 8.414625029174201e-13, 6.275083745802287e-15, NaN, "zirc"], "z24UM05s_DJ_z8": [0.0004798637363131973, 0.0003920858956323607, 2.14091075360577e-17, 1.749290156296782e-17, NaN, "zirc"], "z24UM04_DJ_z1": [20.026954165324778, 0.1484673477688948, 8.935020150497357e-13, 6.623866680150566e-15, NaN, "zirc"], "z24UM04_DJ_z2": [49.453294014729295, 0.36768022354723423, 2.2063573665891536e-12, 1.6404043167093522e-14, NaN, "zirc"], "FCTVV_EM_z8": [3.648988475213293, 0.027673509944487886, 1.6279952151393294e-13, 1.2346528930350622e-15, NaN, "zirc"], "z24UM04_DJ_z3": [29.014490348048763, 0.21448010585505153, 1.2944806972449701e-12, 9.569024085618431e-15, NaN, "zirc"], "z24UM04_DJ_z4": [11.55839917931798, 0.10332437759061958, 5.156776648218961e-13, 4.609814294218773e-15, "pydiode crashed after 25s", "zirc"], "z24UM04_DJ_z5": [38.29214390437359, 0.3346701970189686, 1.7084029581678229e-12, 1.4931301731907226e-14, NaN, "zirc"], "z24UM04_DJ_z6": [33.84907798280308, 0.29769980364637366, 1.5101756929955865e-12, 1.3281868637743092e-14, NaN, "zirc"], "z24UM04_DJ_z7": [17.734056637284805, 0.15676470927456101, 7.912044542377445e-13, 6.994053237912064e-15, NaN, "zirc"], "z24UM04_DJ_z8": [34.47248542622337, 0.3012231909146576, 1.537988999117666e-12, 1.3439064464828124e-14, NaN, "zirc"], "z24UM04_DJ_z9": [6.71285117425439, 0.059972802033685255, 2.994936724482194e-13, 2.67568493056506e-15, NaN, "zirc"], "z24UM04_DJ_z10": [17.293824049648734, 0.15121413573347836, 7.715634893213497e-13, 6.746414550436261e-15, NaN, "zirc"],