{"EM_FCTVV_Z1": [3.9750933185589794, 0.03108627512193379, 1.7734868022481393e-13, 1.3869133185479515e-15, NaN, "zirc"], "EM_23UM01_Z1": [11.653122315951656, 0.08887127534562016, 5.199037349849047e-13, 3.964989530901229e-15, NaN, "zirc"], "EM_23UM01_Z2": [37.56778995673325, 0.28504318729981554, 1.6760859265072386e-12, 1.2717194043892901e-14, NaN, "zirc"], "EM_23UM01_Z3": [36.61649144778223, 0.2863093723828453, 1.6336437694201048e-12, 1.2773684856912881e-14, NaN, "zirc"], "EM_23UM07_Z1": [15.386693015296377, 0.12033999168871895, 6.864768901265449e-13, 5.368965454123268e-15, NaN, "zirc"], "EM_23UM07_Z2": [38.352245548487616, 0.29540479331388086, 1.7110843913842963e-12, 1.3179476814217937e-14, NaN, "zirc"], "EM_23UM07_Z3": [8.199997827846667, 0.0641925797816982, 3.658426799253443e-13, 2.863950199950843e-15, NaN, "zirc"], "EM_23TR01_Z1": [32.403536141888644, 0.2510391111609633, 1.445682883103803e-12, 1.1200103112383476e-14, NaN, "zirc"], "EM_FCTVV_Z2": [5.582973595695818, 0.04146664380926307, 2.490842150305977e-13, 1.850033185030029e-15, NaN, "zirc"], "EM_23TR01_Z2": [5.0474964325993845, 0.03776016734974158, 2.251939159721328e-13, 1.684668838660729e-15, NaN, "zirc"], "EM_23TR01_Z3": [9.629757257627272, 0.071225063868298, 4.2963135797391234e-13, 3.1777042860845e-15, NaN, "zirc"], "EM_23TR01_Z4": [18.13599888084342, 0.13312620456777075, 8.091370964952003e-13, 5.939421993743675e-15, NaN, "zirc"], "EM_23TR01_Z5": [7.683912099299251, 0.05631367059957021, 3.4281752919154326e-13, 2.512432881215767e-15, NaN, "zirc"], "EM_23TR01_Z6": [19.424446229068185, 0.14482897021850996, 8.666211398709816e-13, 6.461540564759077e-15, NaN, "zirc"], "EM_23TR01_Z7": [23.514131467942043, 0.17195562567637246, 1.0490823355020094e-12, 7.671795559756064e-15, NaN, "zirc"], "EM_23TR01_Z8": [8.492927817175621, 0.06250652708693868, 3.789117434271268e-13, 2.7887270048602963e-15, NaN, "zirc"], "EM_23TR03_Z1": [27.901182771724002, 0.22443808165656912, 1.2448105100260552e-12, 1.0013298904995499e-14, NaN, "zirc"], "EM_FCTVV_Z3": [3.7877382927313636, 0.030772573269106554, 1.6898984084640686e-13, 1.3729175189215022e-15, NaN, "zirc"], "EM_23TR03_Z2": [19.96641099984498, 0.1594960450950504, 8.908008833695449e-13, 7.115911711209529e-15, NaN, "zirc"], "EM_23TR03_Z3": [30.608446537146584, 0.2467141400452598, 1.365595009241839e-12, 1.1007144643761032e-14, NaN, "zirc"], "EM_23TR03_Z4": [0.8014436672023457, 0.00721483231585799, 3.5756387400836335e-14, 3.218895474193803e-16, NaN, "zirc"], "EM_23TR03_Z5": [785.1941828846321, 6.245293943019629, 3.503141710023343e-11, 2.7863361930131296e-13, NaN, "zirc"], "EM_23TR03_Z6": [39.85750817176038, 0.31628199405402574, 1.7782416423556874e-12, 1.4110912557063696e-14, NaN, "zirc"], "EM_23TR03_Z7": [18.083074745037106, 0.14404121654360144, 8.06775887616539e-13, 6.426394955991855e-15, NaN, "zirc"], "EM_23TR03_Z8": [13.07147060606516, 0.09553250578568612, 5.831833053477809e-13, 4.262180145698497e-15, NaN, "zirc"], "EM_23TR06_Z1": [48.37038848361469, 0.3547540361515062, 2.158043565789894e-12, 1.5827341668221028e-14, NaN, "zirc"], "EM_FCTVV_Z4": [4.620308926318547, 0.03480792744081719, 2.0613495700537817e-13, 1.5529547354696703e-15, NaN, "zirc"], "EM_23TR06_Z2": [6.571319881494859, 0.0483958366606161, 2.931792576735459e-13, 2.1591789355142366e-15, NaN, "zirc"], "EM_23TR06_Z3": [26.094320284704775, 0.19256234541973113, 1.164197389341696e-12, 8.591163800291386e-15, NaN, "zirc"], "EM_23TR06_Z4": [133.6650927262156, 0.9717798891391257, 5.963464474266779e-12, 4.335593330682277e-14, NaN, "zirc"], "EM_23TR06_Z5": [32.81418616778737, 0.2438918825859107, 1.4640040228333794e-12, 1.0881229704020286e-14, NaN, "zirc"], "EM_23TR06_Z6": [13.964107977890263, 0.10405865390916758, 6.230082973985126e-13, 4.642574012187364e-15, NaN, "zirc"], "EM_23TR06_Z7": [26.939497938897976, 0.19918790669106323, 1.201904967381903e-12, 8.886763036096332e-15, NaN, "zirc"], "EM_23TR06_Z8": [8.695941074261253, 0.0648190480165775, 3.879691743669694e-13, 2.891900063200566e-15, NaN, "zirc"], "EM_23TR10_Z1": [30.232886411111355, 0.22496078304827669, 1.3488394044396964e-12, 1.0036619213361143e-14, NaN, "zirc"], "EM_FCTVV_Z5": [3.6322333862719236, 0.027423210800618585, 1.6205199367680571e-13, 1.223485803543258e-15, NaN, "zirc"], "EM_23TR10_Z2": [8.84759575650699, 0.0664375465447111, 3.947352438880606e-13, 2.9641093309855934e-15, NaN, "zirc"], "EM_23TR10_Z3": [15.012209435931064, 0.11144400295704887, 6.697693154247819e-13, 4.972071158965328e-15, NaN, "zirc"], "EM_23TR10_Z4": [20.139261576162777, 0.15016255912960488, 8.985126071278119e-13, 6.6994984888732435e-15, NaN, "zirc"], "EM_23TR10_Z5": [14.686756829203421, 0.1106637349794326, 6.552492562328643e-13, 4.937259524379075e-15, NaN, "zirc"], "EM_23TR10_Z6": [0.010745313354543998, 0.0012118745325764252, 4.794018628778441e-16, 5.4067749289570137e-17, NaN, "zirc"], "EM_23TR10_Z7": [10.117003764455854, 0.07518236273960352, 4.5136984761559083e-13, 3.3542590675293795e-15, NaN, "zirc"], "EM_23TR10_Z8": [29.410516534698225, 0.21883328813617406, 1.3121493947844304e-12, 9.763241194618277e-15, NaN, "zirc"], "EM_DUR_1": [4.596790638361302, 0.036002548828421285, 2.0508568922821902e-13, 1.6062527361658464e-15, "", "ap"], "EM_20UM07_A1": [0.010933769160944141, 0.0003985107075180532, 4.878098135515366e-16, 1.7779544370395876e-17, "", "ap"], "EM_20UM07_A2": [0.02765115174628013, 0.0008701709796051074, 1.2336553826305045e-15, 3.882265457326257e-17, "", "ap"], "EM_20UM07_A3": [0.01964785725917133, 0.0005367829451421518, 8.765886168988726e-16, 2.3948556488897645e-17, "", "ap"], "EM_20UM07_A4": [0.0026549983224469615, 0.00045374001566570447, 1.1845267789983767e-16, 2.024359845033035e-17, "", "ap"], "EM_20UM07_A5": [0.020798900186511034, 0.0006573240788949939, 9.279423657763466e-16, 2.932649589073766e-17, "", "ap"], "EM_23UM01_A1": [0.04449386063223422, 0.0008430745085324789, 1.985092381200777e-15, 3.7613746253791327e-17, "", "ap"], "EM_23UM01_A2": [0.011681562762386868, 0.0006317920122545655, 5.211726047286012e-16, 2.818738343243354e-17, "", "ap"], "EM_DUR_2": [5.939061347566722, 0.04556222359518603, 2.6497106038934243e-13, 2.0327573657172315e-15, "", "ap"], "EM_23UM07_A1": [0.029004011288227598, 0.0008609741104202861, 1.294013174276238e-15, 3.841233650487579e-17, "", "ap"], "EM_23UM07_A2": [0.014099798226421496, 0.0007156568236915299, 6.290621141439054e-16, 3.192900971230168e-17, "", "ap"], "EM_23TR01_A1": [0.3829461484845351, 0.003435605409289447, 1.7085131992707018e-14, 1.5327944183498915e-16, "", "ap"], "EM_23TR01_A2": [0.3748207451441487, 0.0038280532247926616, 1.6722617343809614e-14, 1.7078849044314543e-16, "", "ap"], "EM_23TR01_A3": [0.14983813063047105, 0.0015633839883419888, 6.685024120213752e-15, 6.975033409217403e-17, "", "ap"], "EM_23TR06_A1": [0.3282296786236432, 0.0028625511098883073, 1.464395817897935e-14, 1.277126398629565e-16, "", "ap"], "EM_23TR06_A2": [0.23608984156642476, 0.0025784571658921582, 1.0533141856269508e-14, 1.150377962832229e-16, "", "ap"], "EM_23TR06_A3": [0.5136462957725015, 0.004827217255945087, 2.2916315506937696e-14, 2.1536616650062847e-16, "", "ap"], "EM_DUR_3": [3.505130319132704, 0.027975372396219705, 1.5638129379551637e-13, 1.2481204781038503e-15, "", "ap"], "EM_23TR06_A4": [0.277580356554295, 0.0025830811740222073, 1.2384240053283438e-14, 1.1524409628010205e-16, "", "ap"], "EM_23TR06_A5": [0.38572647581641967, 0.0037007139047596283, 1.7209176220952067e-14, 1.651072501454282e-16, "", "ap"], "EM_23TR06_A6": [0.21480020439210418, 0.002415319226421238, 9.583305273137511e-15, 1.0775940155354858e-16, "", "ap"], "EM_23TR06_A7": [0.1878769268766359, 0.0021102924700727396, 8.382123979505483e-15, 9.415064112040419e-17, "", "ap"], "EM_23TR06_A8": [0.09742073348314313, 0.0011960611000148586, 4.3464233730321726e-15, 5.336223342620052e-17, "", "ap"]}