{"FCT_3": [4.333518857119295, 0.032715994089726336, 1.9333982587308357e-13, 1.4596231859429969e-15, NaN, "zirc"], "GRB13_z2": [76.31826463058073, 0.5570904344561795, 3.404937299481606e-12, 2.4854574571971958e-14, NaN, "zirc"], "GRB13_z3": [187.032561753766, 1.356796056241066, 8.344452652528152e-12, 6.053341912380949e-14, NaN, "zirc"], "GRB13_z4": [277.77387270506483, 2.041437979680542, 1.2392873771083467e-11, 9.107869990544044e-14, NaN, "zirc"], "GRB13__z5": [340.15177403265454, 2.5119865182204055, 1.5175862141190973e-11, 1.120722101463552e-13, NaN, "zirc"], "GRB13_z6": [409.43269394824733, 3.0529360669102736, 1.8266828497735667e-11, 1.3620665953913954e-13, NaN, "zirc"], "GRB13_z8": [215.58372082942572, 1.59451242388762, 9.618261837665107e-12, 7.113912839687785e-14, NaN, "zirc"], "GRB13_z9": [335.3733113361664, 2.4767807192120714, 1.4962671158033657e-11, 1.1050150438172889e-13, NaN, "zirc"], "FCT_6": [3.1070365388687033, 0.023823487485999502, 1.386203506232133e-13, 1.0628842458284777e-15, NaN, "zirc"], "GRB13_z11": [205.8389967347692, 1.518960297624495, 9.183501237385973e-12, 6.77683723398097e-14, NaN, "zirc"], "GRB12_z1": [128.72495236205825, 0.957749810780717, 5.743060246366478e-12, 4.272998174269282e-14, NaN, "zirc"], "GRB12_z2": [501.9225370063177, 3.9437929187154683, 2.239326032864806e-11, 1.759522137376402e-13, NaN, "zirc"], "GRB12_z3": [138.90387295341452, 1.0787107950544332, 6.197192511529156e-12, 4.8126652764095345e-14, NaN, "zirc"], "GRB12_z4": [214.04690902309727, 1.667837678347908, 9.549697020750302e-12, 7.441053262906701e-14, NaN, "zirc"], "GRB12_z6": [159.44999477813607, 1.2407007827236651, 7.113857177573662e-12, 5.5353831655379004e-14, NaN, "zirc"], "GRB12_z7": [326.9506669455184, 2.5605988714129846, 1.4586895107768285e-11, 1.1424104896105042e-13, NaN, "zirc"], "GRB12_z8": [388.14405087724884, 3.0191344608469497, 1.7317036266496332e-11, 1.3469860180453954e-13, NaN, "zirc"], "FCT_7": [2.476387393579535, 0.02067867755121646, 1.1048395616933768e-13, 9.225786361745543e-16, NaN, "zirc"], "GRB12_z9": [158.7516422571116, 1.2309077091326153, 7.0827001988539116e-12, 5.491691394363412e-14, NaN, "zirc"], "GRB11_z1": [449.52819486632563, 3.5020307884055595, 2.0055688179991327e-11, 1.5624300831647894e-13, NaN, "zirc"], "GRB11_z2": [472.30210240004976, 3.867016629347723, 2.1071745444813496e-11, 1.7252684167697522e-13, NaN, "zirc"], "GRB11_z3": [377.8096936774107, 3.1274646649826296, 1.6855969201276463e-11, 1.3953175091383196e-13, NaN, "zirc"], "GRB11_z4": [352.7982410157748, 2.8909147591258266, 1.57400839214676e-11, 1.2897808330176794e-13, NaN, "zirc"], "GRB11_z5": [231.90425186012436, 1.9210291394332013, 1.0346401885434297e-11, 8.570666277474798e-14, NaN, "zirc"], "FCT_9": [1.532386830393545, 0.014354507477682398, 6.8367396733896e-14, 6.404259604569643e-16, NaN, "zirc"], "GRB11_z7": [363.66433240966467, 3.00972013233982, 1.6224874293283868e-11, 1.3427858179440619e-13, NaN, "zirc"], "GRB11_z8": [620.8669046863057, 5.090835278253554, 2.7699960055603893e-11, 2.2712747739152106e-13, NaN, "zirc"], "GRB10_z1": [197.95135225580577, 1.6261692693785423, 8.831594193620316e-12, 7.255149769691006e-14, NaN, "zirc"], "GRB10_z2": [300.4448302164766, 2.490498488173746, 1.3404337923461969e-11, 1.1111352227062308e-13, NaN, "zirc"], "GRB10_z3": [125.60700145222317, 1.035580065037146, 5.603952951379636e-12, 4.6202376418182653e-14, NaN, "zirc"], "GRB10_z4": [130.24916581395652, 1.0734625009242276, 5.811062988041247e-12, 4.7892500264309244e-14, NaN, "zirc"], "GRB10_z5": [109.09959814243467, 0.8978464983003782, 4.867475601964606e-12, 4.0057397086659144e-14, NaN, "zirc"], "FCT_10": [2.3014394111727827, 0.019683138408677765, 1.0267865669549311e-13, 8.781626844239209e-16, NaN, "zirc"], "GRB10_z7": [209.30459710163956, 1.6684671930631763, 9.338118903437118e-12, 7.443861841095637e-14, NaN, "zirc"], "GRB10_z9": [56.18745582454535, 0.44975945748271723, 2.506801812462985e-12, 2.0066005955327794e-14, NaN, "zirc"], "GRB07_z1": [472.4570502803658, 3.804222375983292, 2.107865844027687e-11, 1.6972527777207512e-13, NaN, "zirc"], "GRB07_z3": [499.30846027787544, 3.994790164637116, 2.227663336655106e-11, 1.7822745447653768e-13, NaN, "zirc"], "GRB07_z5": [481.5363733737921, 3.8277529337700145, 2.1483732192995098e-11, 1.7077509296734247e-13, NaN, "zirc"], "GRB07_z6": [1276.1986392029523, 10.173801829800903, 5.69375675561235e-11, 4.539038917551933e-13, NaN, "zirc"], "GRB07_z7": [641.6734488332178, 5.119644111868763, 2.86282434564655e-11, 2.284127827192274e-13, NaN, "zirc"], "FCT_12": [7.743989065160216, 0.06267060212928097, 3.4549786138842755e-13, 2.796047208409073e-15, NaN, "zirc"], "GRB07_z8": [380.39328185366134, 3.023656845677388, 1.697123591744719e-11, 1.3490036788067225e-13, NaN, "zirc"], "GRB07_z10": [327.21963854916703, 2.616932785005093, 1.4598895268544973e-11, 1.167543849828274e-13, NaN, "zirc"], "GRB07_z11": [292.83583444793646, 2.4465634166653785, 1.3064862784328385e-11, 1.0915336025097609e-13, NaN, "zirc"], "GRB05_z1": [707.5190777815013, 5.884330101505156, 3.156594439999559e-11, 2.625292273358238e-13, NaN, "zirc"], "GRB05_z2": [279.89356062697544, 2.3359010659173007, 1.2487443590031919e-11, 1.0421616248404126e-13, NaN, "zirc"], "GRB05_z4": [283.08845139391025, 2.3610562101047505, 1.2629983554649336e-11, 1.0533845855736372e-13, NaN, "zirc"], "FCT_13": [7.549713093910247, 2.801018554669852, 3.368302442183567e-13, 1.249673665865018e-13, NaN, "zirc"], "GRB05_z5": [235.85346778040946, 86.84605885454496, 1.052259604623938e-11, 3.874634552268446e-12, NaN, "zirc"], "GRB05_z9": [115.99226868037007, 42.714442596492894, 5.174991910429645e-12, 1.905703693963277e-12, NaN, "zirc"], "GRB05_z10": [288.00696412268644, 106.06357507431251, 1.2849422866185707e-11, 4.7320235154061075e-12, NaN, "zirc"], "GRB05_z11": [197.45053220297933, 72.72082126534421, 8.80925012059335e-12, 3.24443746164648e-12, NaN, "zirc"], "GRB05_z12": [98.98365844090293, 36.45907318268678, 4.416153227487415e-12, 1.6266205578070303e-12, NaN, "zirc"], "GRB04_z2": [350.8666622230642, 129.19326789271088, 1.565390658619899e-11, 5.763954131021275e-12, NaN, "zirc"], "GRB04_z3": [198.7778121363506, 73.19528376015727, 8.868466678698607e-12, 3.2656055929400047e-12, NaN, "zirc"], "FCT_14": [12.73309112441328, 4.702424680226298, 5.680865139829249e-13, 2.0979854913118129e-13, NaN, "zirc"], "GRB04_z4": [322.9349448268429, 118.90864838798642, 1.4407733774731993e-11, 5.305106111715285e-12, NaN, "zirc"], "GRB04_z5": [172.78141858948976, 63.63813572381109, 7.708638288100728e-12, 2.8392136933974784e-12, NaN, "zirc"], "GRB04_z6": [461.24841526028854, 169.83528715311792, 2.0578585493900618e-11, 7.577196714246359e-12, NaN, "zirc"], "GRB04_z7": [53.26976234032037, 0.45202401563943034, 2.3766289970697046e-12, 2.0167039155859298e-14, NaN, "zirc"], "GRB04_z10": [189.4828044630592, 1.604059327220786, 8.453770164319586e-12, 7.156506322926679e-14, NaN, "zirc"], "GRB04_z11": [305.12022812172455, 2.576363241019205, 1.361293067376303e-11, 1.1494437588200255e-13, NaN, "zirc"], "GRB03_z1": [489.9559130700358, 4.145207648405542, 2.185936972740411e-11, 1.849383264212341e-13, NaN, "zirc"], "GRB03_z2": [64.71376217013518, 0.5484184602761903, 2.887202738026911e-12, 2.446767467994068e-14, NaN, "zirc"], "FCT_15": [7.5264886678157, 0.06420997332223818, 3.3579408708020434e-13, 2.8647262122886667e-15, NaN, "zirc"], "GRB03_z3": [78.27976173124989, 0.6664477512673109, 3.4924494392455557e-12, 2.9733548285326624e-14, NaN, "zirc"], "GRB03_z4": [249.945126721763, 2.1088220722442834, 1.115129502640149e-11, 9.408503936130468e-14, NaN, "zirc"], "GRB03_z6": [415.10924433341506, 3.5190795183619743, 1.8520087638681854e-11, 1.5700363693950094e-13, NaN, "zirc"], "GRB03_z8": [211.6449931518358, 1.797480754965542, 9.44253560952243e-12, 8.019455496410912e-14, NaN, "zirc"], "GRB03_z9": [933.1175851174308, 7.85674488121179, 4.163101566509462e-11, 3.5052845905290397e-13, NaN, "zirc"],