{"RS_FCT_14": [8.027626899683483, 0.06674950455615629, 3.581523556564416e-13, 2.9780273291762415e-15, NaN, "zirc"], "RS21_RVG-1_Zr1": [93.7833529141993, 0.7438673390383274, 4.184141737940541e-12, 3.318762108674611e-14, NaN, "zirc"], "RS21_RVG-1_Zr2": [442.98229120543374, 3.471360022197671, 1.9763642866308275e-11, 1.54874632916823e-13, NaN, "zirc"], "RS21_RVG-1_Zr3": [175.587507826066, 1.3777402935933836, 7.833831883022485e-12, 6.146784570328292e-14, NaN, "zirc"], "RS21_RVG-1_Zr4": [195.12101714180943, 1.5299375109913085, 8.705318869537317e-12, 6.825812041542377e-14, NaN, "zirc"], "RS21_CCG-2_Zr1": [75.03648270969866, 0.5889117246732176, 3.347750633965319e-12, 2.6274280568984454e-14, NaN, "zirc"], "RS21_CCG-2_Zr2": [73.878855331789, 0.5801241130110469, 3.2961031200048625e-12, 2.5882221513832736e-14, NaN, "zirc"], "RS_FCT_15": [2.388133117576056, 0.020253315497721712, 1.0654649404729434e-13, 9.03601119734171e-16, NaN, "zirc"], "RS21_CCG-2_Zr3": [48.587801936022885, 0.3804054412647384, 2.1677434610521498e-12, 1.6971778409241475e-14, NaN, "zirc"], "RS21_WRG-5_Zr1": [46.014449452669474, 0.36056685828241214, 2.0529334100414683e-12, 1.608668056939467e-14, NaN, "zirc"], "RS21_WRG-5_Zr2": [217.63904214012797, 1.7071997457898416, 9.709959942006244e-12, 7.616667019674496e-14, NaN, "zirc"], "RS21_WRG-5_Zr3": [252.70795297029238, 1.8891808066196496, 1.1274558444288943e-11, 8.4285750273028e-14, NaN, "zirc"], "RS21_WRG-5_Zr4": [241.31365799420598, 1.812499042055138, 1.0766202284028104e-11, 8.086459543388676e-14, NaN, "zirc"], "RS_DUR_5": [5.5077364621324545, 0.0416026902793421, 2.457275123642569e-13, 1.856102894590082e-15, NaN, "ap"], "RS21_GSs-1_Ap1": [1.0720989767278875, 0.0085710668388444, 4.783166666939803e-14, 3.8239791375231555e-16, NaN, "ap"], "RS21_GSs-1_Ap2": [0.0023616695608748147, 0.0010496558268511147, 1.0536582318527771e-16, 4.683036614843913e-17, NaN, "ap"], "RS21_GSs-1_Ap3": [0.043552435306921204, 0.0013385711764805398, 1.9430907159329527e-15, 5.972031660928615e-17, "484 degC max temp", "ap"], "RS21_GSs-1_Ap4": [0.0009419189015539765, 0.0004623248998984507, 4.20236861583821e-17, 2.0626612826735554e-17, NaN, "ap"], "RS21_WRG-4_Ap1": [17.17134679154305, 0.12878696446167248, 7.660991697841996e-13, 5.745826914503099e-15, NaN, "ap"], "RS21_WRG-4_Ap2": [5.975515891166649, 0.04550361330411924, 2.665974788599379e-13, 2.0301424691763734e-15, NaN, "ap"], "RS_DUR_6": [1.576547435036546, 0.012529381113026044, 7.033762090820674e-14, 5.589979973688786e-16, NaN, "ap"], "RS21_WRG-5_Ap1": [0.8016518636916318, 0.007202926666016618, 3.5765676081539734e-14, 3.213583771757213e-16, NaN, "ap"], "RS21_WRG-5_Ap2": [1.1421671258930237, 0.009076005955319325, 5.0957755237486555e-14, 4.049257586918588e-16, NaN, "ap"], "NH18-04_Ap1": [1.2923686887328247, 0.009968675680664105, 5.765899387582871e-14, 4.447521941939905e-16, NaN, "ap"]}