{"RS_FCT_14": [8.027626899683483, 0.0667495045561564, 3.581523556564416e-13, 2.9780273291762467e-15, NaN, "zirc"], "RS21_RVG-1_Zr1": [93.7833529141993, 0.7438673390383287, 4.184141737940541e-12, 3.318762108674617e-14, NaN, "zirc"], "RS21_RVG-1_Zr2": [442.98229120543374, 3.4713600221976777, 1.9763642866308275e-11, 1.548746329168233e-13, NaN, "zirc"], "RS21_RVG-1_Zr3": [175.587507826066, 1.3777402935933862, 7.833831883022485e-12, 6.146784570328303e-14, NaN, "zirc"], "RS21_RVG-1_Zr4": [195.12101714180943, 1.5299375109913114, 8.705318869537317e-12, 6.82581204154239e-14, NaN, "zirc"], "RS21_CCG-2_Zr1": [75.03648270969866, 0.5889117246732187, 3.347750633965319e-12, 2.62742805689845e-14, NaN, "zirc"], "RS21_CCG-2_Zr2": [73.878855331789, 0.580124113011048, 3.2961031200048625e-12, 2.5882221513832786e-14, NaN, "zirc"], "RS_FCT_15": [2.388133117576056, 0.020253315497721747, 1.0654649404729434e-13, 9.036011197341725e-16, NaN, "zirc"], "RS21_CCG-2_Zr3": [48.587801936022885, 0.3804054412647392, 2.1677434610521498e-12, 1.6971778409241506e-14, NaN, "zirc"], "RS21_WRG-5_Zr1": [46.014449452669474, 0.36056685828241286, 2.0529334100414683e-12, 1.60866805693947e-14, NaN, "zirc"], "RS21_WRG-5_Zr2": [217.63904214012797, 1.707199745789845, 9.709959942006244e-12, 7.61666701967451e-14, NaN, "zirc"], "RS21_WRG-5_Zr3": [252.70795297029235, 1.8891808066196443, 1.127455844428894e-11, 8.428575027302776e-14, NaN, "zirc"], "RS21_WRG-5_Zr4": [241.31365799420593, 1.812499042055133, 1.0766202284028102e-11, 8.086459543388654e-14, NaN, "zirc"], "RS_DUR_5": [5.507736462132454, 0.04160269027934199, 2.4572751236425684e-13, 1.8561028945900773e-15, NaN, "ap"], "RS21_GSs-1_Ap1": [1.0720989767278872, 0.008571066838844382, 4.783166666939802e-14, 3.823979137523146e-16, NaN, "ap"], "RS21_GSs-1_Ap2": [0.0023616695608748147, 0.0010496558268511145, 1.0536582318527771e-16, 4.683036614843912e-17, NaN, "ap"], "RS21_GSs-1_Ap3": [0.04355243530692119, 0.0013385711764805392, 1.943090715932952e-15, 5.972031660928611e-17, "484 degC max temp", "ap"], "RS21_GSs-1_Ap4": [0.0009419189015539811, 0.00046232489989845064, 4.202368615838231e-17, 2.0626612826735548e-17, NaN, "ap"], "RS21_WRG-4_Ap1": [17.17134679154305, 0.12878696446167215, 7.660991697841996e-13, 5.745826914503084e-15, NaN, "ap"], "RS21_WRG-4_Ap2": [5.975515891166648, 0.04550361330411912, 2.6659747885993786e-13, 2.030142469176368e-15, NaN, "ap"], "RS_DUR_6": [1.5765474350365456, 0.012529381113026011, 7.033762090820672e-14, 5.589979973688771e-16, NaN, "ap"], "RS21_WRG-5_Ap1": [0.8016518636916315, 0.007202926666016603, 3.576567608153973e-14, 3.2135837717572064e-16, NaN, "ap"], "RS21_WRG-5_Ap2": [1.1421671258930235, 0.009076005955319303, 5.095775523748654e-14, 4.049257586918578e-16, NaN, "ap"], "NH18-04_Ap1": [1.2923686887328245, 0.009968675680664077, 5.76589938758287e-14, 4.447521941939893e-16, NaN, "ap"], "NH18-04_Ap2": [1.49026636080461, 0.011380029295270471, 6.648819312949987e-14, 5.077196972994766e-16, NaN, "ap"], "NH18-04_Ap3": [0.9130381436968543, 0.0070951333455414115, 4.073517193258027e-14, 3.1654918111632953e-16, NaN, "ap"], "NH18-04_Ap4": [0.6050831450257566, 0.0049363947880542445, 2.6995768047905617e-14, 2.2023711912439743e-16, NaN, "ap"], "NH18-04_Ap5": [33.03958794589517, 0.24691925656610614, 1.4740603170293194e-12, 1.1016295911756318e-14, NaN, "ap"], "RS_DUR_7": [1.43312987740181, 0.011384425532053216, 6.393905047746095e-14, 5.079158352838946e-16, NaN, "ap"], "RS21_CCG-2_Ap1": [0.5373935283528176, 0.004900072245779453, 2.3975797642224394e-14, 2.1861658988933047e-16, NaN, "ap"], "RS21_CCG-2_Ap2": [0.002898543507697632, 0.0009115918944196267, 1.2931843971168163e-16, 4.067064756043663e-17, NaN, "ap"], "RS21_CCG-2_Ap3": [0.5521406621399348, 0.004629140346373732, 2.4633740614791413e-14, 2.0652897057079198e-16, NaN, "ap"], "RS21_RVG-1_Ap1": [0.31078705762425296, 0.003939444354154621, 1.3865756117794813e-14, 1.757582026481048e-16, NaN, "ap"], "RS21_RVG-1_Ap2": [0.5098259728218361, 0.004629079760511062, 2.274587190246435e-14, 2.0652626753417782e-16, NaN, "ap"], "RS21_RVG-1_Ap3": [0.20579685199930065, 0.0021614594322400906, 9.181620951160017e-15, 9.643345374498486e-17, NaN, "ap"]}