{"lb01_08082024": [0.6348400367452719, 0.00575118782527573, 2.8323370962134015e-14, 2.5658908830533282e-16, NaN, NaN], "Durango_A": [0.3411743911548732, 0.003318596524983487, 1.52214861762681e-14, 1.4805909364609114e-16, "wrong watlow input, c=1,400C", "ap"], "THERMO-04A": [0.9531152745958551, 0.008076779681702801, 4.252321203693473e-14, 3.60345305688534e-16, "temp fluctuated between 800-1000C", "ap"], "THERMO-04B": [1.2146780146982905, 0.010127398407788084, 5.4192826568140025e-14, 4.518336043449666e-16, NaN, "ap"], "THERMO-04C": [1.2272051653699745, 0.01052891063588463, 5.475172505442912e-14, 4.697470614742852e-16, NaN, "ap"], "THERMO-04D": [0.3647434954491499, 0.0034625809526249124, 1.6273021122920936e-14, 1.5448295496675793e-16, NaN, "ap"], "THERMO_04E": [0.21015258008444773, 0.0022984945006609423, 9.375951641137134e-15, 1.0254726959315349e-16, NaN, "ap"], "THERMO_04F": [0.1553343968252385, 0.0017984623299724105, 6.930239886911684e-15, 8.023834790632686e-17, NaN, "ap"], "THERMO_11A": [1.7660120658777574, 0.014929221043396184, 7.879058025688219e-14, 6.660667905503784e-16, NaN, "ap"], "Durango_B": [1.8155509664558955, 0.015403123571295153, 8.100075695796803e-14, 6.872099389352704e-16, NaN, "ap"], "THERMO_11B": [51.84409067926378, 0.4205493545576302, 2.3130226947115093e-12, 1.8762798008281886e-14, NaN, "ap"], "THERMO-11C": [0.6292098994315674, 0.005589702716156532, 2.8072182539108024e-14, 2.493844345568186e-16, "temp range 800-1200C", "ap"], "THERMO-11D": [0.40748560961439795, 0.0038549669192410934, 1.817995938317114e-14, 1.719892441885024e-16, NaN, "ap"], "THERMO_11E": [1.777005792549424, 0.014936415872163612, 7.928106507314285e-14, 6.663877876400291e-16, NaN, "ap"], "THERMO_11F": [2.273065462250474, 0.01892308149193751, 1.0141275373652509e-13, 8.442527657686049e-16, NaN, "ap"], "THERMO_11G": [0.5081080222826193, 0.004957712242913638, 2.2669225585911452e-14, 2.2118819679279192e-16, NaN, "ap"], "THERMO_05A": [0.7924685974134345, 0.006679606212751842, 3.5355964906461785e-14, 2.9801044939554924e-16, "ran at 1200C", "ap"], "THERMO_05B": [0.0968727644917063, 0.00153858273630643, 4.321975751392268e-15, 6.864382690757695e-17, NaN, "ap"], "Durango_C": [1.1808354949782296, 0.010011860268516836, 5.2682943471858194e-14, 4.4667887340576585e-16, NaN, "ap"], "THERMO_05C": [0.047110036897979754, 0.000976520651957328, 2.101813014097428e-15, 4.356744231093638e-17, NaN, "ap"], "THERMO_05D": [0.12981981162717915, 0.0014812412309822423, 5.791907362683106e-15, 6.608553720809503e-17, NaN, "ap"], "THERMO_05E": [0.18688832452204054, 0.001979255025530556, 8.338017512360154e-15, 8.83044090983562e-17, NaN, "ap"], "THERMO_05F": [0.34626487908809683, 0.003162131051865946, 1.5448598156870563e-14, 1.4107839082118077e-16, NaN, "ap"], "THERMO_13A": [0.9082855542527523, 0.008044570349714609, 4.052313528387402e-14, 3.5890828721846206e-16, NaN, "ap"], "THERMO_13B": [1.2124800360375685, 0.010221069976080143, 5.409476381001019e-14, 4.560127588150327e-16, NaN, "ap"], "THERMO_13C": [8.151184545634631, 0.06706673304269964, 3.6366487666791426e-13, 2.992180469469958e-15, NaN, "ap"], "Durango_D": [0.20753566749057037, 0.002078721018634462, 9.25919815698092e-15, 9.274208167370668e-17, NaN, "ap"], "THERMO_13D": [0.001175231675737926, 0.00040538272789133556, 5.2432929228960737e-17, 1.8086139372326917e-17, NaN, "ap"], "THERMO_13E": [0.5146787935342059, 0.00460198624982324, 2.2962380366476568e-14, 2.0531749129219413e-16, NaN, "ap"], "THERMO_13F": [0.35641243500469855, 0.0037823910114777584, 1.590133108792266e-14, 1.6875127203880423e-16, NaN, "ap"], "THERMO_06A": [0.716105195339765, 0.006314990711151962, 3.19490138011852e-14, 2.8174313871473017e-16, NaN, "ap"], "THERMO_06B": [0.16020758972791174, 0.0015211140906476184, 7.147657255639856e-15, 6.78644637569206e-17, NaN, "ap"], "THERMO_06C": [0.020663013198760297, 0.0006259628296994482, 9.218797715160299e-16, 2.7927314611378967e-17, NaN, "ap"], "THERMO_06D": [0.00014102241217650474, 0.0003009746247528452, 6.291711081310999e-18, 1.3427974692283624e-17, NaN, "ap"], "Durango_E": [0.4163343214665722, 0.003904803965501995, 1.857474442163702e-14, 1.7421272265111067e-16, NaN, "ap"], "THERMO_06E": [0.04893061733177833, 0.0008492342641083647, 2.183038160604012e-15, 3.78885635811709e-17, NaN, "ap"], "THERMO_06F": [0.0019573228532334085, 0.00040031634729186064, 8.732590582820595e-17, 1.7860102939763567e-17, NaN, "ap"], "GTHERMO_03A": [4.360983363206595, 0.03573739225914517, 1.945651540647182e-13, 1.594422783043864e-15, NaN, "ap"], "GTHERMO_03B": [3.730785279841531, 0.03105660398729604, 1.6644888372631082e-13, 1.3855895416835923e-15, NaN, "ap"], "GTHERMO_03C": [1.5604724644455967, 0.012937341511087747, 6.962043653277401e-14, 5.771991394257047e-16, NaN, "ap"], "GTHERMO_03D": [1.4358857989891405, 0.011992622849704624, 6.406200584407693e-14, 5.350505420587411e-16, NaN, "ap"], "GTHERMO_03E": [1.0733006760654726, 0.009037181332189656, 4.7885280452639984e-14, 4.03193599187546e-16, NaN, "ap"], "GTHERMO_03F": [1.1397345021958913, 0.009617553877285278, 5.084922379744317e-14, 4.290869044920709e-16, NaN, "ap"], "Durango_F": [0.5165165550409205, 0.004867852385705419, 2.3044372046083718e-14, 2.171791017089952e-16, NaN, "ap"], "ZB22_01A": [1.0599698599056437, 0.009166933978133238, 4.729052645246915e-14, 4.0898250995508333e-16, NaN, "ap"], "ZB22_01B": [1.0977554424394487, 0.009490753250629567, 4.897632918887519e-14, 4.2342969798472235e-16, NaN, "ap"], "ZB22_01C": [0.14730726882866396, 0.001614655520755404, 6.5721097898038705e-15, 7.203781211543696e-17, NaN, "ap"], "ZB22_01D": [0.020121422209570073, 0.0008370595897308022, 8.97716704272779e-16, 3.7345390815151344e-17, NaN, "ap"], "ZB22_01E": [1.7453031285680096, 0.014191001543139445, 7.786665158240428e-14, 6.331311476371662e-16, NaN, "ap"], "ZB22_01F": [0.3955964447898536, 0.003672446320320485, 1.76495246180893e-14, 1.6384609263498192e-16, NaN, "ap"], "Ib01_08102024": [0.07220716703743597, 0.0013067196046918266, 3.2215207922475225e-15, 5.829925960077748e-17, NaN, NaN], "Durango_G": [0.2335907168848602, 0.0024721352533016577, 1.0421643476615514e-14, 1.1029424704656276e-16, NaN, "ap"], "THERMO_08A": [0.5753066604567637, 0.005166320631631657, 2.5667290999231e-14, 2.3049525437814116e-16, NaN, "ap"], "THERMO_08B": [0.3580532699776836, 0.003506825318779043, 1.5974536895586848e-14, 1.5645691615860812e-16, NaN, "ap"], "THERMO_08C": [0.1700331280380206, 0.0018641656910176566, 7.586023379942027e-15, 8.316970157123479e-17, NaN, "ap"], "THERMO_08D": [0.30606182670114446, 0.0029911963267017167, 1.3654940068758116e-14, 1.3345214270999003e-16, NaN, "ap"], "THERMO_08E": [0.06797256097287428, 0.0007747558988088294, 3.0325939579224712e-15, 3.456571334027078e-17, NaN, "ap"], "THERMO_08F": [0.276538135459244, 0.0027364832800513017, 1.2337741387491923e-14, 1.220881270657313e-16, NaN, "ap"], "ZBTH23_03A": [0.06249908056572952, 0.0011085322331395708, 2.7883947785192074e-15, 4.9457135412669347e-17, NaN, "ap"], "Durango_H": [0.8481534863162403, 0.0071765232338552795, 3.7840344709388786e-14, 3.201803887684161e-16, NaN, "ap"], "ZBTH23_03B": [0.08889995874880927, 0.0012478534586400085, 3.9662692401538884e-15, 5.567294809672563e-17, NaN, "ap"], "ZBTH23_03C": [0.13669341373164665, 0.0014141522758512781, 6.098572933507925e-15, 6.309236530076193e-17, NaN, "ap"], "ZBTH23_03D": [1.180358147604421, 0.009288340282092394, 5.266164663176679e-14, 4.143990489021323e-16, NaN, "ap"], "ZBTH23_03E": [0.04648816470955114, 0.0008020821213639233, 2.0740682033350196e-15, 3.5784872015879505e-17, NaN, "ap"], "ZBTH23_03F": [0.6044011790137698, 0.005003883580409816, 2.696534215284062e-14, 2.2324812975862475e-16, NaN, "ap"], "THERMO_09A": [0.00043376420795547885, 0.0002931044410944364, 1.9352378332982903e-17, 1.3076846662551815e-17, NaN, "ap"], "THERMO_09B": [0.00026291555943581615, 0.0003348841502485456, 1.1729970528946915e-17, 1.4940847249422038e-17, NaN, "ap"],