{"Durango_A": [0.39002417935261025, 0.1474625451428732, 1.7400918147256633e-14, 6.57903743833645e-15, "wrong watlow input, c=1,400C", "ap"], "THERMO-04A": [1.089378129878161, 0.4118454071215651, 4.860257561694302e-14, 1.837447163030093e-14, "temp fluctuated between 800-1000C", "ap"], "THERMO-04B": [1.3883039584195191, 0.5248517501323613, 6.193914332200942e-14, 2.34162465482449e-14, NaN, "ap"], "THERMO-04C": [1.4026205575357733, 0.5302717712431553, 6.257787800195294e-14, 2.3658060642596377e-14, NaN, "ap"], "THERMO-04D": [0.41696002666169246, 0.15764412673659992, 1.860266024188866e-14, 7.033288424047466e-15, NaN, "ap"], "THERMO_04E": [0.24028647811933151, 0.09085680492959107, 1.0720374681865419e-14, 4.053573879253638e-15, NaN, "ap"], "THERMO_04F": [0.17763775818516322, 0.06717153380798191, 7.92530374699577e-15, 2.9968561527608596e-15, NaN, "ap"], "THERMO_11A": [2.018393656926815, 0.7630639262024848, 9.005057807293721e-14, 3.404407630063731e-14, NaN, "ap"], "Durango_B": [2.0750089718395905, 0.7844690433006768, 9.257646880697734e-14, 3.4999065017430033e-14, NaN, "ap"], "THERMO_11B": [59.24990581880104, 22.39928277569921, 2.6434329356117174e-12, 9.993433914383513e-13, NaN, "ap"], "THERMO-11C": [0.7192042947131632, 0.27190590788826136, 3.208728003538695e-14, 1.2131074680479224e-14, "temp range 800-1200C", "ap"], "THERMO-11D": [0.46580766407920976, 0.17611204533384908, 2.0781996255876224e-14, 7.85723410965687e-15, NaN, "ap"], "THERMO_11E": [2.030957789160627, 0.7678116751590222, 9.06111264906142e-14, 3.4255896991122605e-14, NaN, "ap"], "THERMO_11F": [2.597877403602906, 0.9821332671357514, 1.1590422966016357e-13, 4.381784898437367e-14, NaN, "ap"], "THERMO_11G": [0.580803546386066, 0.2195939426048998, 2.591253441536834e-14, 9.797177773039162e-15, NaN, "ap"], "THERMO_05A": [0.9057837805439839, 0.3424356353845845, 4.041151871794342e-14, 1.527775655325174e-14, "ran at 1200C", "ap"], "THERMO_05B": [0.11082513848123529, 0.04192443769398118, 4.944460537219384e-15, 1.870457646737806e-15, NaN, "ap"], "Durango_C": [1.349627183419821, 0.5102341342924736, 6.021358005799148e-14, 2.276408201536868e-14, NaN, "ap"], "THERMO_05C": [0.05395402384691469, 0.020423025839879004, 2.4071573055641424e-15, 9.11172742030829e-16, NaN, "ap"], "THERMO_05D": [0.14847852657124136, 0.05614456831624941, 6.6243654221130255e-15, 2.504888387447551e-15, NaN, "ap"], "THERMO_05E": [0.21369902584433634, 0.08080148402076319, 9.53417622219757e-15, 3.604956010563183e-15, NaN, "ap"], "THERMO_05F": [0.39584182112575705, 0.1496562426989165, 1.7660472076637683e-14, 6.67690919509755e-15, NaN, "ap"], "THERMO_13A": [1.0381446809106543, 0.3924854257486547, 4.6316796685582864e-14, 1.751072658823301e-14, NaN, "ap"], "THERMO_13B": [1.3857920081623256, 0.5239049393039571, 6.182707272964778e-14, 2.337400460890323e-14, NaN, "ap"], "THERMO_13C": [9.315659976828888, 3.5217859551311426, 4.156179163392918e-13, 1.5712438454230134e-13, NaN, "ap"], "Durango_D": [0.2372957510569114, 0.08971990478202385, 1.058694347536858e-14, 4.0028511101108166e-15, NaN, "ap"], "THERMO_13D": [0.0014576334796664705, 0.0007198470092739056, 6.503227802562998e-17, 3.211595472802291e-17, NaN, "ap"], "THERMO_13E": [0.5883129234470612, 0.2224212735542256, 2.6247565068575942e-14, 9.923319066397145e-15, NaN, "ap"], "THERMO_13F": [0.40743891082917566, 0.15405650336210486, 1.817787591813936e-14, 6.873226704832018e-15, NaN, "ap"], "THERMO_06A": [0.716105195339765, 0.006314990711151962, 3.19490138011852e-14, 2.8174313871473017e-16, NaN, "ap"], "THERMO_06B": [0.16020758972791174, 0.0015211140906476184, 7.147657255639856e-15, 6.78644637569206e-17, NaN, "ap"], "THERMO_06C": [0.020663013198760297, 0.0006259628296994482, 9.218797715160299e-16, 2.7927314611378967e-17, NaN, "ap"], "THERMO_06D": [0.00014102241217650474, 0.0003009746247528452, 6.291711081310999e-18, 1.3427974692283624e-17, NaN, "ap"], "Durango_E": [0.4163343214665722, 0.003904803965501995, 1.857474442163702e-14, 1.7421272265111067e-16, NaN, "ap"], "THERMO_06E": [0.04893061733177833, 0.0008492342641083647, 2.183038160604012e-15, 3.78885635811709e-17, NaN, "ap"], "THERMO_06F": [0.0019573228532334085, 0.00040031634729186064, 8.732590582820595e-17, 1.7860102939763567e-17, NaN, "ap"], "GTHERMO_03A": [4.360983363206595, 0.03573739225914517, 1.945651540647182e-13, 1.594422783043864e-15, NaN, "ap"], "GTHERMO_03B": [3.730785279841531, 0.03105660398729604, 1.6644888372631082e-13, 1.3855895416835923e-15, NaN, "ap"], "GTHERMO_03C": [1.5604724644455967, 0.012937341511087747, 6.962043653277401e-14, 5.771991394257047e-16, NaN, "ap"], "GTHERMO_03D": [1.4358857989891405, 0.011992622849704624, 6.406200584407693e-14, 5.350505420587411e-16, NaN, "ap"], "GTHERMO_03E": [1.0733006760654726, 0.009037181332189656, 4.7885280452639984e-14, 4.03193599187546e-16, NaN, "ap"], "GTHERMO_03F": [1.1397345021958913, 0.009617553877285278, 5.084922379744317e-14, 4.290869044920709e-16, NaN, "ap"], "Durango_F": [0.5165165550409205, 0.004867852385705419, 2.3044372046083718e-14, 2.171791017089952e-16, NaN, "ap"], "ZB22_01A": [1.0599698599056437, 0.009166933978133238, 4.729052645246915e-14, 4.0898250995508333e-16, NaN, "ap"], "ZB22_01B": [1.0977554424394487, 0.009490753250629567, 4.897632918887519e-14, 4.2342969798472235e-16, NaN, "ap"], "ZB22_01C": [0.14730726882866396, 0.001614655520755404, 6.5721097898038705e-15, 7.203781211543696e-17, NaN, "ap"], "ZB22_01D": [0.020121422209570073, 0.0008370595897308022, 8.97716704272779e-16, 3.7345390815151344e-17, NaN, "ap"], "ZB22_01E": [1.7453031285680096, 0.014191001543139445, 7.786665158240428e-14, 6.331311476371662e-16, NaN, "ap"], "ZB22_01F": [0.3955964447898536, 0.003672446320320485, 1.76495246180893e-14, 1.6384609263498192e-16, NaN, "ap"], "Durango_G": [0.2335907168848602, 0.0024721352533016577, 1.0421643476615514e-14, 1.1029424704656276e-16, NaN, "ap"], "THERMO_08A": [0.5753066604567637, 0.005166320631631657, 2.5667290999231e-14, 2.3049525437814116e-16, NaN, "ap"], "THERMO_08B": [0.3580532699776836, 0.003506825318779043, 1.5974536895586848e-14, 1.5645691615860812e-16, NaN, "ap"], "THERMO_08C": [0.1700331280380206, 0.0018641656910176566, 7.586023379942027e-15, 8.316970157123479e-17, NaN, "ap"], "THERMO_08D": [0.30606182670114446, 0.0029911963267017167, 1.3654940068758116e-14, 1.3345214270999003e-16, NaN, "ap"], "THERMO_08E": [0.06797256097287428, 0.0007747558988088294, 3.0325939579224712e-15, 3.456571334027078e-17, NaN, "ap"], "THERMO_08F": [0.276538135459244, 0.0027364832800513017, 1.2337741387491923e-14, 1.220881270657313e-16, NaN, "ap"], "ZBTH23_03A": [0.06249908056572952, 0.0011085322331395708, 2.7883947785192074e-15, 4.9457135412669347e-17, NaN, "ap"], "Durango_H": [0.8481534863162403, 0.0071765232338552795, 3.7840344709388786e-14, 3.201803887684161e-16, NaN, "ap"], "ZBTH23_03B": [0.08889995874880927, 0.0012478534586400085, 3.9662692401538884e-15, 5.567294809672563e-17, NaN, "ap"], "ZBTH23_03C": [0.13669341373164665, 0.0014141522758512781, 6.098572933507925e-15, 6.309236530076193e-17, NaN, "ap"], "ZBTH23_03D": [1.180358147604421, 0.009288340282092394, 5.266164663176679e-14, 4.143990489021323e-16, NaN, "ap"], "ZBTH23_03E": [0.04648816470955114, 0.0008020821213639233, 2.0740682033350196e-15, 3.5784872015879505e-17, NaN, "ap"], "ZBTH23_03F": [0.6044011790137698, 0.005003883580409816, 2.696534215284062e-14, 2.2324812975862475e-16, NaN, "ap"], "THERMO_09A": [0.00043376420795547885, 0.0002931044410944364, 1.9352378332982903e-17, 1.3076846662551815e-17, NaN, "ap"], "THERMO_09B": [0.00026291555943581615, 0.0003348841502485456, 1.1729970528946915e-17, 1.4940847249422038e-17, NaN, "ap"], "THERMO_09C": [0.007561738088394264, 0.00048807273907483756, 3.373667390199992e-16, 2.177535197085917e-17, NaN, "ap"], "Durango_I": [0.011387356611241314, 0.0005299321096248497, 5.080466053021019e-16, 2.364290664873961e-17, NaN, "ap"], "THERMO_09D": [0.010503788108180962, 0.0004447968189056297, 4.68626220584499e-16, 1.9844597970269904e-17, NaN, "ap"],