{"FCT_AM_z01": [6.174413266863551, 0.02048569541510877, 2.7547127986363663e-13, 9.13968743424144e-16, NaN, "zirc"], "23UM01z_01": [18.16554737542149, 0.047109801512585446, 8.104554017766346e-13, 2.101802512384467e-15, NaN, "zirc"], "23UM01z_02": [4.185601463077257, 0.018888993810788957, 1.8674049536348962e-13, 8.427319448018629e-16, NaN, "zirc"], "23UM01z_03": [5.212513728287364, 0.017733864392402456, 2.3255615812828425e-13, 7.911958772375503e-16, NaN, "zirc"], "23UM01z_04": [19.944430249445663, 0.05232041367612133, 8.898202127886884e-13, 2.3342738322531154e-15, "laser error, brief lasing time", "zirc"], "23UM01z_05": [0.008981088272900173, 0.1883213541187386, 4.006910088739258e-16, 8.401952088816748e-15, NaN, "zirc"], "23UM01z_06": [0.011265875787185062, 0.1939651615666352, 5.026267416429491e-16, 8.653750404507684e-15, NaN, "zirc"], "23UM01z_07": [19.237025866967826, 0.05020041850953918, 8.582593855165444e-13, 2.2396903055920037e-15, NaN, "zirc"], "FCT_AM_z02": [8.70978209461396, 0.024874552651792017, 3.885866911133202e-13, 1.109777489595432e-15, NaN, "zirc"], "23UM01z_08": [11.813760892302156, 0.03614221772947552, 5.270706206969821e-13, 1.6124840603852731e-15, NaN, "zirc"], "23UM01z_09": [10.326205742379367, 0.030843005017534907, 4.607033881671886e-13, 1.3760598294608238e-15, NaN, "zirc"], "23UM01z_10": [10.155072706020569, 0.03133502826606544, 4.530682924074493e-13, 1.3980114333035352e-15, NaN, "zirc"], "23UM01z_11": [13.334022937217382, 0.041097091631423034, 5.948970704567405e-13, 1.8335456246731075e-15, NaN, "zirc"], "23UM01z_12": [12.67639950360717, 0.03802805168367057, 5.655572188635303e-13, 1.696620490928463e-15, NaN, "zirc"], "23UM01z_13": [33.26289020021388, 0.09621662972191286, 1.4840229410285482e-12, 4.292702316494729e-15, NaN, "zirc"], "23UM01z_14": [22.02369988193727, 0.06412099244290265, 9.82586770854701e-13, 2.8607563327787383e-15, NaN, "zirc"], "FCT_AM_z03": [15.723772186445629, 0.04685908154313571, 7.015156681737142e-13, 2.0906166477708442e-15, NaN, "zirc"], "23UM07z_01": [8.466263658544927, 0.02874915144290708, 3.7772212271548704e-13, 1.2826426092133075e-15, NaN, "zirc"], "23UM07z_02": [12.952498592729242, 0.027968834556396018, 5.77875372210638e-13, 1.2478287925580448e-15, NaN, "zirc"], "23UM07z_03": [18.990535800648924, 0.037449144914077234, 8.472622379159865e-13, 1.6707925811580813e-15, NaN, "zirc"], "23UM07z_04": [26.567568778088724, 0.05053061986783131, 1.1853113579945e-12, 2.2544222302057334e-15, NaN, "zirc"], "23UM07z_05": [27.003449455493044, 0.05123593265584929, 1.2047581625543429e-12, 2.285889741047974e-15, NaN, "zirc"], "23UM07z_06": [25.92963035542166, 0.049670397434496714, 1.1568497526287882e-12, 2.2160434297535786e-15, NaN, "zirc"], "23UM07z_07": [18.762815763787906, 0.03652138199469463, 8.371025146688634e-13, 1.6294004637590178e-15, NaN, "zirc"], "FCT_AM_z04": [4.3350849746816, 0.020011404463981097, 1.9340969816550367e-13, 8.928082655474745e-16, NaN, "zirc"], "23UM07z_08": [15.412748045490233, 0.03074028347100709, 6.876393345895526e-13, 1.3714769104580658e-15, NaN, "zirc"], "23UM07z_09": [10.14780039740543, 0.0232077977592252, 4.5274383855650164e-13, 1.0354152654245202e-15, NaN, "zirc"], "23UM07z_10": [6.848737613388713, 0.03582953700156964, 3.0555624223202963e-13, 1.5985338182194004e-15, NaN, "zirc"], "23UM07z_11": [23.579149416824073, 0.10749590378997606, 1.0519831095219092e-12, 4.79592682207442e-15, NaN, "zirc"], "23UM07z_12": [4.853459699941992, 0.027237884152034136, 2.165369724253588e-13, 1.215217460160352e-15, NaN, "zirc"], "23UM07z_13": [15.13023854919453, 0.0700068357810449, 6.750351811008535e-13, 3.1233530731259434e-15, NaN, "zirc"], "23UM07z_14": [11.7642325278756, 0.05482963770407138, 5.248609140660123e-13, 2.4462227939712402e-15, NaN, "zirc"], "FCT_AM_z05": [1.3805102019158966, 0.01840483194725612, 6.159142508770842e-14, 8.211310764368751e-16, NaN, "zirc"], "23UM08z_01": [14.693651016014627, 0.0678085618924091, 6.555568401898201e-13, 3.0252771434107737e-15, NaN, "zirc"], "23UM08z_02": [6.609715281296745, 0.033403359236285554, 2.948922673907711e-13, 1.4902899632500022e-15, NaN, "zirc"], "23UM08z_03": [0.0032597865227373696, 0.8719116091575626, 1.4543528699640267e-16, 3.8900312713373894e-14, NaN, "zirc"], "23UM08z_04": [88.31170848288272, 0.4013730734447787, 3.940024470548885e-12, 1.7907248748317064e-14, NaN, "zirc"], "23UM08z_05": [7.779866200682509, 0.020053690641221058, 3.4709851881335364e-13, 8.946948621942115e-16, NaN, "zirc"], "23UM08z_06": [17.637823523066725, 0.027454432164402406, 7.869110164659018e-13, 1.2248787438387795e-15, NaN, "zirc"], "23UM08z_07": [21.014356677121135, 0.031670456494426937, 9.375549512412392e-13, 1.4129765545831592e-15, NaN, "zirc"], "FCT_AM_z06": [1.803536227660164, 0.018359606022058314, 8.046471971357918e-14, 8.191133230150046e-16, NaN, "zirc"], "23UM08z_08": [17.244530782528564, 0.026600529283407875, 7.693642715503062e-13, 1.1867818900422892e-15, NaN, "zirc"], "23UM08z_09": [38.92146596175257, 0.05612603674096116, 1.7364801446307024e-12, 2.5040616017204047e-15, NaN, "zirc"], "23UM08z_10": [13.029496733719249, 0.023531283068590144, 5.813106421753925e-13, 1.0498475536981414e-15, NaN, "zirc"], "23UM08z_11": [59.50254413266468, 0.08549779683790855, 2.6547043871091585e-12, 3.814481879089343e-15, NaN, "zirc"], "23UM08z_12": [9.452063966579473, 0.01966419778891023, 4.217035766297614e-13, 8.773176491884639e-16, NaN, "zirc"], "23UM08z_13": [55.00056612961194, 0.11952010794613604, 2.4538487610248924e-12, 5.3323863632611775e-15, NaN, "zirc"], "23UM08z_14": [39.45194607462902, 0.08592407070761618, 1.7601475004295982e-12, 3.833500076185249e-15, NaN, "zirc"], "20UM06z_15": [13.335182496325583, 0.030188669032244226, 5.949488041547954e-13, 1.3468666472849212e-15, NaN, "zirc"], "FCT_AM_z07": [2.8245069665778493, 0.019502878274002253, 1.2601530144453686e-13, 8.701203834211765e-16, NaN, "zirc"], "23UM09z_01": [3.427559016189532, 0.014230101693748798, 1.529204522258201e-13, 6.348755997924868e-16, NaN, "zirc"], "23UM09z_02": [5.635230682484351, 0.018888545725927946, 2.514156635354845e-13, 8.427119535079836e-16, NaN, "zirc"], "23UM09z_03": [5.045118771115549, 0.02324245597061141, 2.2508783666973982e-13, 1.0369615405822883e-15, NaN, "zirc"], "23UM09z_04": [3.602129356747296, 0.021150488413903674, 1.6070890321884964e-13, 9.436284649729488e-16, NaN, "zirc"], "23UM09z_05": [1.9345560996701072, 0.021102467725515793, 8.631016773757951e-14, 9.414860232674127e-16, NaN, "zirc"], "23UM09z_06": [3.9896661301332226, 0.014269303396889988, 1.7799884581659778e-13, 6.366245827112514e-16, NaN, "zirc"], "23UM09z_07": [3.071191886673279, 0.018023217741523476, 1.3702114244103145e-13, 8.041053690337947e-16, NaN, "zirc"], "FCT_AM_z08": [4.642068839453486, 0.01857684364784337, 2.0710577493769455e-13, 8.288053737772538e-16, NaN, "zirc"], "23UM09z_08": [4.74731468907079, 0.018770978871231345, 2.1180131565409073e-13, 8.374667114852923e-16, NaN, "zirc"], "20UM06z_09": [22.060143569902316, 0.043293638798209605, 9.842127050014416e-13, 1.9315445167399662e-15, NaN, "zirc"], "20UM06z_10": [27.43106099885279, 0.052305886077164354, 1.2238360399238328e-12, 2.33362568382102e-15, NaN, "zirc"], "20UM06z_11": [24.052753675220227, 0.046578608081885596, 1.0731129506210506e-12, 2.078103331930293e-15, NaN, "zirc"], "20UM06z_12": [20.39865535519421, 0.040305104912470704, 9.100854535198631e-13, 1.7982111587610737e-15, NaN, "zirc"], "23UM14z_05": [143.0178428650859, 0.3648896946634183, 6.380737167176135e-12, 1.627954379688669e-14, NaN, "zirc"], "20UM06z_14": [41.76191116316318, 0.10736402313719065, 1.863206529988542e-12, 4.790042970339548e-15, NaN, "zirc"], "FCT_AM_z09": [2.4978743771392944, 0.01989321701409609, 1.1144259735608523e-13, 8.875353356873422e-16, NaN, "zirc"], "23UM14z_01": [79.76642182677594, 0.20367094714716652, 3.5587767389477975e-12, 9.086773764038838e-15, NaN, "zirc"], "23UM14z_02": [104.91914211023543, 0.2676124084496069, 4.680964669859705e-12, 1.1939520319871815e-14, NaN, "zirc"],