,,Raw.Average,Raw.Average,Raw.Average,Raw.Average,Raw.Average,Raw.Average,Raw.Average,Raw.Average,Raw.Average,Raw.Average,Raw.Average,Raw.Average,Raw.Average,Raw.Average,Raw.Average,Raw.Average,Raw.STD,Raw.STD,Raw.STD,Raw.STD,Raw.STD,Raw.STD,Raw.STD,Raw.STD,Raw.STD,Raw.STD,Raw.STD,Raw.STD,Raw.STD,Raw.STD,Raw.STD,Raw.STD,Raw.RSD,Raw.RSD,Raw.RSD,Raw.RSD,Raw.RSD,Raw.RSD,Raw.RSD,Raw.RSD,Raw.RSD,Raw.RSD,Raw.RSD,Raw.RSD,Raw.RSD,Raw.RSD,Raw.RSD,Raw.RSD,Raw.Ratio.Average,Raw.Ratio.Average,Raw.Ratio.Average,Raw.Ratio.Average,Raw.Ratio.Average,Raw.Ratio.Average,Raw.Ratio.Average,Raw.Ratio.Average,Raw.Ratio.Average,Raw.Ratio.Average,Raw.Ratio.Average,Raw.Ratio.Average,Raw.Ratio.Average,Raw.Ratio.STD,Raw.Ratio.STD,Raw.Ratio.STD,Raw.Ratio.STD,Raw.Ratio.STD,Raw.Ratio.STD,Raw.Ratio.STD,Raw.Ratio.STD,Raw.Ratio.STD,Raw.Ratio.STD,Raw.Ratio.STD,Raw.Ratio.STD,Raw.Ratio.STD,Raw.Ratio.RSD,Raw.Ratio.RSD,Raw.Ratio.RSD,Raw.Ratio.RSD,Raw.Ratio.RSD,Raw.Ratio.RSD,Raw.Ratio.RSD,Raw.Ratio.RSD,Raw.Ratio.RSD,Raw.Ratio.RSD,Raw.Ratio.RSD,Raw.Ratio.RSD,Raw.Ratio.RSD,Raw.Ratio,Raw.Ratio,Raw.Ratio,Raw.Ratio,Raw.Ratio,Raw.Ratio,Raw.Ratio,Raw.Ratio,Raw.Ratio,Raw.Ratio,Raw.Ratio,Raw.Ratio,Raw.Ratio,Raw.Ratio,Raw.Ratio,Raw.Ratio,Raw.Ratio,Raw.Ratio,Raw.Ratio,Raw.Ratio,Raw.Ratio,Raw.Ratio,Raw.Ratio,Raw.Ratio,Raw.Ratio,Raw.Ratio,Raw.Ratio,Raw.Ratio,Raw.Ratio,Raw.Ratio,Raw.Ratio,Raw.Ratio,Raw.Ratio,Raw.Ratio,Raw.Ratio,Raw.Ratio,Raw.Ratio,Raw.Ratio,Raw.Ratio,Raw.Ratio,Raw.Ratio,Raw.Ratio,Raw.Ratio,Raw.Ratio,Raw.Ratio,Raw.Ratio,Raw.Ratio,Raw.Ratio,Raw.Ratio,Raw.Ratio,Raw.Ratio,Raw.Ratio,Raw.Ratio,Raw.Ratio,Raw.Ratio,Raw.Ratio,Raw.Ratio,Raw.Ratio,Raw.Ratio,Raw.Ratio,Raw.Ratio,Raw.Ratio,Raw.Ratio,Raw.Ratio,Raw.Ratio,Raw.Ratio,Raw.Ratio,Raw.Ratio,Raw.Ratio,Raw.Ratio,Raw.Ratio,Raw.Ratio,Raw.Ratio,Raw.Ratio,Raw.Ratio,Raw.Ratio,Raw.Ratio,Raw.Ratio,Raw.Ratio,Raw.Ratio,Raw.Ratio,Raw.Ratio,Raw.Ratio,Raw.Ratio,Raw.Ratio,Raw.Ratio,Raw.Ratio,Raw.Ratio,Raw.Ratio,Raw.Ratio,Raw.Ratio,Raw.Ratio,Raw.Ratio,Raw.Ratio,Raw.Ratio,Raw.Ratio,Raw.Ratio,Raw.Ratio,Raw.Ratio,Raw.Ratio,Raw.Ratio,Raw.Ratio,Raw.Ratio,Raw.Ratio,Raw.Ratio,Raw.Ratio,Raw.Ratio,Raw.Ratio,Raw.Ratio,Raw.Ratio,Raw.Ratio,Raw.Ratio,Raw.Ratio,Raw.Ratio,Raw.Ratio,Raw.Ratio,Raw.Ratio,Raw.Ratio,Raw.Ratio,Raw.Ratio,Raw.Ratio,Raw.Ratio,Raw.Ratio,Raw.Ratio,Raw.Ratio,Raw.Ratio,Raw.Ratio,Raw.Ratio,Raw.Ratio,Raw.Ratio,Raw.RawIntensityPerRun,Raw.RawIntensityPerRun,Raw.RawIntensityPerRun,Raw.RawIntensityPerRun,Raw.RawIntensityPerRun,Raw.RawIntensityPerRun,Raw.RawIntensityPerRun,Raw.RawIntensityPerRun,Raw.RawIntensityPerRun,Raw.RawIntensityPerRun,Raw.RawIntensityPerRun,Raw.RawIntensityPerRun,Raw.RawIntensityPerRun,Raw.RawIntensityPerRun,Raw.RawIntensityPerRun,Raw.RawIntensityPerRun,Raw.RawIntensityPerRun,Raw.RawIntensityPerRun,Raw.RawIntensityPerRun,Raw.RawIntensityPerRun,Raw.RawIntensityPerRun,Raw.RawIntensityPerRun,Raw.RawIntensityPerRun,Raw.RawIntensityPerRun,Raw.RawIntensityPerRun,Raw.RawIntensityPerRun,Raw.RawIntensityPerRun,Raw.RawIntensityPerRun,Raw.RawIntensityPerRun,Raw.RawIntensityPerRun,Raw.RawIntensityPerRun,Raw.RawIntensityPerRun,Raw.RawIntensityPerRun,Raw.RawIntensityPerRun,Raw.RawIntensityPerRun,Raw.RawIntensityPerRun,Raw.RawIntensityPerRun,Raw.RawIntensityPerRun,Raw.RawIntensityPerRun,Raw.RawIntensityPerRun,Raw.RawIntensityPerRun,Raw.RawIntensityPerRun,Raw.RawIntensityPerRun,Raw.RawIntensityPerRun,Raw.RawIntensityPerRun,Raw.RawIntensityPerRun,Raw.RawIntensityPerRun,Raw.RawIntensityPerRun,Raw.RawIntensityPerRun,Raw.RawIntensityPerRun,Raw.RawIntensityPerRun,Raw.RawIntensityPerRun,Raw.RawIntensityPerRun,Raw.RawIntensityPerRun,Raw.RawIntensityPerRun,Raw.RawIntensityPerRun,Raw.RawIntensityPerRun,Raw.RawIntensityPerRun,Raw.RawIntensityPerRun,Raw.RawIntensityPerRun,Raw.RawIntensityPerRun,Raw.RawIntensityPerRun,Raw.RawIntensityPerRun,Raw.RawIntensityPerRun,Raw.RawIntensityPerRun,Raw.RawIntensityPerRun,Raw.RawIntensityPerRun,Raw.RawIntensityPerRun,Raw.RawIntensityPerRun,Raw.RawIntensityPerRun,Raw.RawIntensityPerRun,Raw.RawIntensityPerRun,Raw.RawIntensityPerRun,Raw.RawIntensityPerRun,Raw.RawIntensityPerRun,Raw.RawIntensityPerRun,Raw.RawIntensityPerRun,Raw.RawIntensityPerRun,Raw.RawIntensityPerRun,Raw.RawIntensityPerRun,Raw.RawIntensityPerRun,Raw.RawIntensityPerRun,Raw.RawIntensityPerRun,Raw.RawIntensityPerRun,Raw.RawIntensityPerRun,Raw.RawIntensityPerRun,Raw.RawIntensityPerRun,Raw.RawIntensityPerRun,Raw.RawIntensityPerRun,Raw.RawIntensityPerRun,Raw.RawIntensityPerRun,Raw.RawIntensityPerRun,Raw.RawIntensityPerRun,Raw.RawIntensityPerRun,Raw.RawIntensityPerRun,Raw.RawIntensityPerRun,Raw.RawIntensityPerRun,Raw.RawIntensityPerRun,Raw.RawIntensityPerRun,Raw.RawIntensityPerRun,Raw.RawIntensityPerRun,Raw.RawIntensityPerRun,Raw.RawIntensityPerRun,Raw.RawIntensityPerRun,Raw.RawIntensityPerRun,Raw.RawIntensityPerRun,Raw.RawIntensityPerRun,Raw.RawIntensityPerRun,Raw.RawIntensityPerRun,Raw.RawIntensityPerRun,Raw.RawIntensityPerRun,Raw.RawIntensityPerRun,Raw.RawIntensityPerRun,Raw.RawIntensityPerRun,Raw.RawIntensityPerRun,Raw.RawIntensityPerRun,Raw.RawIntensityPerRun,Raw.RawIntensityPerRun,Raw.RawIntensityPerRun,Raw.RawIntensityPerRun,Raw.RawIntensityPerRun,Raw.RawIntensityPerRun,Raw.RawIntensityPerRun,Raw.RawIntensityPerRun,Raw.RawIntensityPerRun,Raw.RawIntensityPerRun,Raw.RawIntensityPerRun,Raw.RawIntensityPerRun,Raw.RawIntensityPerRun,Raw.RawIntensityPerRun,Raw.RawIntensityPerRun,Raw.RawIntensityPerRun,Raw.RawIntensityPerRun,Raw.RawIntensityPerRun,Raw.RawIntensityPerRun,Raw.RawIntensityPerRun,Raw.RawIntensityPerRun,Raw.RawIntensityPerRun,Raw.RawIntensityPerRun,Raw.RawIntensityPerRun,Raw.RawIntensityPerRun,Raw.RawIntensityPerRun,Raw.RawIntensityPerRun,Raw.RawIntensityPerRun,Raw.RawIntensityPerRun,Raw.RawIntensityPerRun,Raw.RawIntensityPerRun,Raw.RawIntensityPerRun,Raw.RawIntensityPerRun,Raw.RawIntensityPerRun,Raw.RawIntensityPerRun,Raw.RawIntensityPerRun,Raw.RawIntensityPerRun,Raw.RawIntensityPerRun,Raw.RawIntensityPerRun,Raw.RawIntensityPerRun,Raw.RawIntensityPerRun,Raw.RawIntensityPerRun,Raw.RawIntensityPerRun,Raw.RawIntensityPerRun,Raw.RawIntensityAverage,Raw.RawIntensityAverage,Raw.RawIntensityAverage,Raw.RawIntensityAverage,Raw.RawIntensityAverage,Raw.RawIntensityAverage,Raw.RawIntensityAverage,Raw.RawIntensityAverage,Raw.RawIntensityAverage,Raw.RawIntensityAverage,Raw.RawIntensityAverage,Raw.RawIntensityAverage,Raw.RawIntensityAverage,Raw.RawIntensityAverage,Raw.RawIntensityAverage,Raw.RawIntensityAverage
,,0,0,0,0,0,0,0,0,0,0,0,0,0,0,0,0,0,0,0,0,0,0,0,0,0,0,0,0,0,0,0,0,0,0,0,0,0,0,0,0,0,0,0,0,0,0,0,0,0,0,0,0,0,0,0,0,0,0,0,0,0,0,0,0,0,0,0,0,0,0,0,0,0,0,0,0,0,0,0,0,0,0,0,0,0,0,0,0,0,0,0,0,0,0,0,0,0,0,0,0,1,1,1,1,1,1,1,1,1,1,1,1,1,2,2,2,2,2,2,2,2,2,2,2,2,2,3,3,3,3,3,3,3,3,3,3,3,3,3,4,4,4,4,4,4,4,4,4,4,4,4,4,5,5,5,5,5,5,5,5,5,5,5,5,5,6,6,6,6,6,6,6,6,6,6,6,6,6,7,7,7,7,7,7,7,7,7,7,7,7,7,8,8,8,8,8,8,8,8,8,8,8,8,8,9,9,9,9,9,9,9,9,9,9,9,9,9,0,0,0,0,0,0,0,0,0,0,0,0,0,0,0,0,1,1,1,1,1,1,1,1,1,1,1,1,1,1,1,1,2,2,2,2,2,2,2,2,2,2,2,2,2,2,2,2,3,3,3,3,3,3,3,3,3,3,3,3,3,3,3,3,4,4,4,4,4,4,4,4,4,4,4,4,4,4,4,4,5,5,5,5,5,5,5,5,5,5,5,5,5,5,5,5,6,6,6,6,6,6,6,6,6,6,6,6,6,6,6,6,7,7,7,7,7,7,7,7,7,7,7,7,7,7,7,7,8,8,8,8,8,8,8,8,8,8,8,8,8,8,8,8,9,9,9,9,9,9,9,9,9,9,9,9,9,9,9,9,0,0,0,0,0,0,0,0,0,0,0,0,0,0,0,0
,,144Sm (KED),146Nd (KED),147Sm (KED),148Sm (KED),149Sm (KED),150Sm (KED),152Sm (KED),154Sm (KED),157Gd (KED),229Th (KED),230Th (KED),232Th (KED),233U (KED),235U (KED),236U (KED),238U (KED),144Sm (KED),146Nd (KED),147Sm (KED),148Sm (KED),149Sm (KED),150Sm (KED),152Sm (KED),154Sm (KED),157Gd (KED),229Th (KED),230Th (KED),232Th (KED),233U (KED),235U (KED),236U (KED),238U (KED),144Sm (KED),146Nd (KED),147Sm (KED),148Sm (KED),149Sm (KED),150Sm (KED),152Sm (KED),154Sm (KED),157Gd (KED),229Th (KED),230Th (KED),232Th (KED),233U (KED),235U (KED),236U (KED),238U (KED),238U (KED) / 235U (KED),238U (KED) / 236U (KED),232Th (KED) / 230Th (KED),152Sm (KED) / 149Sm (KED),144Sm (KED) / 152Sm (KED),147Sm (KED) / 152Sm (KED),148Sm (KED) / 152Sm (KED),150Sm (KED) / 152Sm (KED),154Sm (KED) / 152Sm (KED),238U (KED) / 233U (KED),232Th (KED) / 229Th (KED),230Th (KED) / 236U (KED),232Th (KED) / 238U (KED),238U (KED) / 235U (KED),238U (KED) / 236U (KED),232Th (KED) / 230Th (KED),152Sm (KED) / 149Sm (KED),144Sm (KED) / 152Sm (KED),147Sm (KED) / 152Sm (KED),148Sm (KED) / 152Sm (KED),150Sm (KED) / 152Sm (KED),154Sm (KED) / 152Sm (KED),238U (KED) / 233U (KED),232Th (KED) / 229Th (KED),230Th (KED) / 236U (KED),232Th (KED) / 238U (KED),238U (KED) / 235U (KED),238U (KED) / 236U (KED),232Th (KED) / 230Th (KED),152Sm (KED) / 149Sm (KED),144Sm (KED) / 152Sm (KED),147Sm (KED) / 152Sm (KED),148Sm (KED) / 152Sm (KED),150Sm (KED) / 152Sm (KED),154Sm (KED) / 152Sm (KED),238U (KED) / 233U (KED),232Th (KED) / 229Th (KED),230Th (KED) / 236U (KED),232Th (KED) / 238U (KED),238U (KED) / 235U (KED),238U (KED) / 236U (KED),232Th (KED) / 230Th (KED),152Sm (KED) / 149Sm (KED),144Sm (KED) / 152Sm (KED),147Sm (KED) / 152Sm (KED),148Sm (KED) / 152Sm (KED),150Sm (KED) / 152Sm (KED),154Sm (KED) / 152Sm (KED),238U (KED) / 233U (KED),232Th (KED) / 229Th (KED),230Th (KED) / 236U (KED),232Th (KED) / 238U (KED),238U (KED) / 235U (KED),238U (KED) / 236U (KED),232Th (KED) / 230Th (KED),152Sm (KED) / 149Sm (KED),144Sm (KED) / 152Sm (KED),147Sm (KED) / 152Sm (KED),148Sm (KED) / 152Sm (KED),150Sm (KED) / 152Sm (KED),154Sm (KED) / 152Sm (KED),238U (KED) / 233U (KED),232Th (KED) / 229Th (KED),230Th (KED) / 236U (KED),232Th (KED) / 238U (KED),238U (KED) / 235U (KED),238U (KED) / 236U (KED),232Th (KED) / 230Th (KED),152Sm (KED) / 149Sm (KED),144Sm (KED) / 152Sm (KED),147Sm (KED) / 152Sm (KED),148Sm (KED) / 152Sm (KED),150Sm (KED) / 152Sm (KED),154Sm (KED) / 152Sm (KED),238U (KED) / 233U (KED),232Th (KED) / 229Th (KED),230Th (KED) / 236U (KED),232Th (KED) / 238U (KED),238U (KED) / 235U (KED),238U (KED) / 236U (KED),232Th (KED) / 230Th (KED),152Sm (KED) / 149Sm (KED),144Sm (KED) / 152Sm (KED),147Sm (KED) / 152Sm (KED),148Sm (KED) / 152Sm (KED),150Sm (KED) / 152Sm (KED),154Sm (KED) / 152Sm (KED),238U (KED) / 233U (KED),232Th (KED) / 229Th (KED),230Th (KED) / 236U (KED),232Th (KED) / 238U (KED),238U (KED) / 235U (KED),238U (KED) / 236U (KED),232Th (KED) / 230Th (KED),152Sm (KED) / 149Sm (KED),144Sm (KED) / 152Sm (KED),147Sm (KED) / 152Sm (KED),148Sm (KED) / 152Sm (KED),150Sm (KED) / 152Sm (KED),154Sm (KED) / 152Sm (KED),238U (KED) / 233U (KED),232Th (KED) / 229Th (KED),230Th (KED) / 236U (KED),232Th (KED) / 238U (KED),238U (KED) / 235U (KED),238U (KED) / 236U (KED),232Th (KED) / 230Th (KED),152Sm (KED) / 149Sm (KED),144Sm (KED) / 152Sm (KED),147Sm (KED) / 152Sm (KED),148Sm (KED) / 152Sm (KED),150Sm (KED) / 152Sm (KED),154Sm (KED) / 152Sm (KED),238U (KED) / 233U (KED),232Th (KED) / 229Th (KED),230Th (KED) / 236U (KED),232Th (KED) / 238U (KED),238U (KED) / 235U (KED),238U (KED) / 236U (KED),232Th (KED) / 230Th (KED),152Sm (KED) / 149Sm (KED),144Sm (KED) / 152Sm (KED),147Sm (KED) / 152Sm (KED),148Sm (KED) / 152Sm (KED),150Sm (KED) / 152Sm (KED),154Sm (KED) / 152Sm (KED),238U (KED) / 233U (KED),232Th (KED) / 229Th (KED),230Th (KED) / 236U (KED),232Th (KED) / 238U (KED),238U (KED) / 235U (KED),238U (KED) / 236U (KED),232Th (KED) / 230Th (KED),152Sm (KED) / 149Sm (KED),144Sm (KED) / 152Sm (KED),147Sm (KED) / 152Sm (KED),148Sm (KED) / 152Sm (KED),150Sm (KED) / 152Sm (KED),154Sm (KED) / 152Sm (KED),238U (KED) / 233U (KED),232Th (KED) / 229Th (KED),230Th (KED) / 236U (KED),232Th (KED) / 238U (KED),238U (KED) / 235U (KED),238U (KED) / 236U (KED),232Th (KED) / 230Th (KED),152Sm (KED) / 149Sm (KED),144Sm (KED) / 152Sm (KED),147Sm (KED) / 152Sm (KED),148Sm (KED) / 152Sm (KED),150Sm (KED) / 152Sm (KED),154Sm (KED) / 152Sm (KED),238U (KED) / 233U (KED),232Th (KED) / 229Th (KED),230Th (KED) / 236U (KED),232Th (KED) / 238U (KED),238U (KED) / 235U (KED),238U (KED) / 236U (KED),232Th (KED) / 230Th (KED),152Sm (KED) / 149Sm (KED),144Sm (KED) / 152Sm (KED),147Sm (KED) / 152Sm (KED),148Sm (KED) / 152Sm (KED),150Sm (KED) / 152Sm (KED),154Sm (KED) / 152Sm (KED),238U (KED) / 233U (KED),232Th (KED) / 229Th (KED),230Th (KED) / 236U (KED),232Th (KED) / 238U (KED),144Sm (KED),146Nd (KED),147Sm (KED),148Sm (KED),149Sm (KED),150Sm (KED),152Sm (KED),154Sm (KED),157Gd (KED),229Th (KED),230Th (KED),232Th (KED),233U (KED),235U (KED),236U (KED),238U (KED),144Sm (KED),146Nd (KED),147Sm (KED),148Sm (KED),149Sm (KED),150Sm (KED),152Sm (KED),154Sm (KED),157Gd (KED),229Th (KED),230Th (KED),232Th (KED),233U (KED),235U (KED),236U (KED),238U (KED),144Sm (KED),146Nd (KED),147Sm (KED),148Sm (KED),149Sm (KED),150Sm (KED),152Sm (KED),154Sm (KED),157Gd (KED),229Th (KED),230Th (KED),232Th (KED),233U (KED),235U (KED),236U (KED),238U (KED),144Sm (KED),146Nd (KED),147Sm (KED),148Sm (KED),149Sm (KED),150Sm (KED),152Sm (KED),154Sm (KED),157Gd (KED),229Th (KED),230Th (KED),232Th (KED),233U (KED),235U (KED),236U (KED),238U (KED),144Sm (KED),146Nd (KED),147Sm (KED),148Sm (KED),149Sm (KED),150Sm (KED),152Sm (KED),154Sm (KED),157Gd (KED),229Th (KED),230Th (KED),232Th (KED),233U (KED),235U (KED),236U (KED),238U (KED),144Sm (KED),146Nd (KED),147Sm (KED),148Sm (KED),149Sm (KED),150Sm (KED),152Sm (KED),154Sm (KED),157Gd (KED),229Th (KED),230Th (KED),232Th (KED),233U (KED),235U (KED),236U (KED),238U (KED),144Sm (KED),146Nd (KED),147Sm (KED),148Sm (KED),149Sm (KED),150Sm (KED),152Sm (KED),154Sm (KED),157Gd (KED),229Th (KED),230Th (KED),232Th (KED),233U (KED),235U (KED),236U (KED),238U (KED),144Sm (KED),146Nd (KED),147Sm (KED),148Sm (KED),149Sm (KED),150Sm (KED),152Sm (KED),154Sm (KED),157Gd (KED),229Th (KED),230Th (KED),232Th (KED),233U (KED),235U (KED),236U (KED),238U (KED),144Sm (KED),146Nd (KED),147Sm (KED),148Sm (KED),149Sm (KED),150Sm (KED),152Sm (KED),154Sm (KED),157Gd (KED),229Th (KED),230Th (KED),232Th (KED),233U (KED),235U (KED),236U (KED),238U (KED),144Sm (KED),146Nd (KED),147Sm (KED),148Sm (KED),149Sm (KED),150Sm (KED),152Sm (KED),154Sm (KED),157Gd (KED),229Th (KED),230Th (KED),232Th (KED),233U (KED),235U (KED),236U (KED),238U (KED),144Sm (KED),146Nd (KED),147Sm (KED),148Sm (KED),149Sm (KED),150Sm (KED),152Sm (KED),154Sm (KED),157Gd (KED),229Th (KED),230Th (KED),232Th (KED),233U (KED),235U (KED),236U (KED),238U (KED)
,,Y (cps),Y (cps),Y (cps),Y (cps),Y (cps),Y (cps),Y (cps),Y (cps),Y (cps),Y (cps),Y (cps),Y (cps),Y (cps),Y (cps),Y (cps),Y (cps),Y (cps),Y (cps),Y (cps),Y (cps),Y (cps),Y (cps),Y (cps),Y (cps),Y (cps),Y (cps),Y (cps),Y (cps),Y (cps),Y (cps),Y (cps),Y (cps),Y (%),Y (%),Y (%),Y (%),Y (%),Y (%),Y (%),Y (%),Y (%),Y (%),Y (%),Y (%),Y (%),Y (%),Y (%),Y (%),Y,Y,Y,Y,Y,Y,Y,Y,Y,Y,Y,Y,Y,Y,Y,Y,Y,Y,Y,Y,Y,Y,Y,Y,Y,Y,Y (%),Y (%),Y (%),Y (%),Y (%),Y (%),Y (%),Y (%),Y (%),Y (%),Y (%),Y (%),Y (%),Y,Y,Y,Y,Y,Y,Y,Y,Y,Y,Y,Y,Y,Y,Y,Y,Y,Y,Y,Y,Y,Y,Y,Y,Y,Y,Y,Y,Y,Y,Y,Y,Y,Y,Y,Y,Y,Y,Y,Y,Y,Y,Y,Y,Y,Y,Y,Y,Y,Y,Y,Y,Y,Y,Y,Y,Y,Y,Y,Y,Y,Y,Y,Y,Y,Y,Y,Y,Y,Y,Y,Y,Y,Y,Y,Y,Y,Y,Y,Y,Y,Y,Y,Y,Y,Y,Y,Y,Y,Y,Y,Y,Y,Y,Y,Y,Y,Y,Y,Y,Y,Y,Y,Y,Y,Y,Y,Y,Y,Y,Y,Y,Y,Y,Y,Y,Y,Y,Y,Y,Y,Y,Y,Y,Y,Y,Y,Y,Y,Y,Y (cps),Y (cps),Y (cps),Y (cps),Y (cps),Y (cps),Y (cps),Y (cps),Y (cps),Y (cps),Y (cps),Y (cps),Y (cps),Y (cps),Y (cps),Y (cps),Y (cps),Y (cps),Y (cps),Y (cps),Y (cps),Y (cps),Y (cps),Y (cps),Y (cps),Y (cps),Y (cps),Y (cps),Y (cps),Y (cps),Y (cps),Y (cps),Y (cps),Y (cps),Y (cps),Y (cps),Y (cps),Y (cps),Y (cps),Y (cps),Y (cps),Y (cps),Y (cps),Y (cps),Y (cps),Y (cps),Y (cps),Y (cps),Y (cps),Y (cps),Y (cps),Y (cps),Y (cps),Y (cps),Y (cps),Y (cps),Y (cps),Y (cps),Y (cps),Y (cps),Y (cps),Y (cps),Y (cps),Y (cps),Y (cps),Y (cps),Y (cps),Y (cps),Y (cps),Y (cps),Y (cps),Y (cps),Y (cps),Y (cps),Y (cps),Y (cps),Y (cps),Y (cps),Y (cps),Y (cps),Y (cps),Y (cps),Y (cps),Y (cps),Y (cps),Y (cps),Y (cps),Y (cps),Y (cps),Y (cps),Y (cps),Y (cps),Y (cps),Y (cps),Y (cps),Y (cps),Y (cps),Y (cps),Y (cps),Y (cps),Y (cps),Y (cps),Y (cps),Y (cps),Y (cps),Y (cps),Y (cps),Y (cps),Y (cps),Y (cps),Y (cps),Y (cps),Y (cps),Y (cps),Y (cps),Y (cps),Y (cps),Y (cps),Y (cps),Y (cps),Y (cps),Y (cps),Y (cps),Y (cps),Y (cps),Y (cps),Y (cps),Y (cps),Y (cps),Y (cps),Y (cps),Y (cps),Y (cps),Y (cps),Y (cps),Y (cps),Y (cps),Y (cps),Y (cps),Y (cps),Y (cps),Y (cps),Y (cps),Y (cps),Y (cps),Y (cps),Y (cps),Y (cps),Y (cps),Y (cps),Y (cps),Y (cps),Y (cps),Y (cps),Y (cps),Y (cps),Y (cps),Y (cps),Y (cps),Y (cps),Y (cps),Y (cps),Y (cps),Y (cps),Y (cps),Y (cps),Y (cps),Y (cps),Y (cps),Y (cps),Y (cps),Y (cps),Y (cps),Y (cps),Y (cps),Y (cps)
1,AB1,2.939277983,9.00000976,0.60000048,1.184294243,1.0000008,2.647122977,2.571887682,2.893548641,2.20000176,0,20.20003056,26.6000472,0,0,0,12.60001872,8.553451756,3.162282888,0.966092556,3.426762809,1.054093397,3.029258767,1.651177098,2.323204007,1.751191472,0,7.020619379,5.253583175,0,0,0,5.337506894,291.0051994,35.13643844,161.0152972,289.3506262,105.4092553,114.4358911,64.20098007,80.28909467,79.59954871,N/A,34.7554889,19.75027764,N/A,N/A,N/A,42.36110289,N/A,N/A,1.58081567,1.187220767,4.288216644,0.201941708,-17.99588825,-9.924569332,-12.66988118,N/A,N/A,N/A,2.632389584,N/A,N/A,0.956069016,0.840567513,46.62120981,0.353516775,42.65285266,22.8199762,34.22800847,N/A,N/A,N/A,1.807784898,N/A,N/A,60.47947489,70.80128111,1087.193434,175.0588224,237.0144339,229.9341708,270.152561,N/A,N/A,N/A,68.67467145,N/A,N/A,1.666667081,N/A,5.077376349,0,1.324606794,1.359510819,0,N/A,N/A,N/A,2.500001733,N/A,N/A,1.250001,0.987220447,0.078374743,1.012944984,0.328808823,0.364164681,2.897734628,N/A,N/A,N/A,1.666667556,N/A,N/A,1.230770443,N/A,5.341875774,0,0.334598475,1.344541377,0.433118622,N/A,N/A,N/A,1.777779042,N/A,N/A,0.999999733,N/A,0.038935363,0,-0.84308372,0.180912198,0.433118971,N/A,N/A,N/A,1.714285061,N/A,N/A,0.714285714,1.974440895,2.259831056,0,-0.172359749,0.348255082,1.378317152,N/A,N/A,N/A,3.333334222,N/A,N/A,1.000000267,1,-1.153577661,0,0.994765998,2.015708406,2,N/A,N/A,N/A,2.000000533,N/A,N/A,1.07142871,N/A,-1.869737849,0.506472492,-1.187957507,-0.6567359,-0.141100324,N/A,N/A,N/A,7.5000104,N/A,N/A,1.62500055,N/A,-81.27747486,0,-51.8252408,-53.19092339,-106.475,N/A,N/A,N/A,1.181818711,N/A,N/A,4.0000032,-0.025559105,114.3478767,0,-130.0753244,-53.19088133,-28.225,N/A,N/A,N/A,2.400000384,N/A,N/A,2.25,2.0000016,0.038686851,0.4999996,1.162303535,2.179754728,0.9999992,N/A,N/A,N/A,2.2499982,24.0000352,10.0000112,0,6.0000048,0,6.0000048,2.0000016,0,0,0,18.0000272,30.0000528,0,0,0,12.0000128,14.0000208,10.0000112,2.0000016,4.0000032,2.0000016,4.0000032,2.0000016,6.0000048,2.0000016,0,16.0000128,20.000032,0,0,0,12.0000128,24.0000576,2.0000016,0,2.0000016,0,6.0000048,4.0000064,2.0000016,2.0000016,0,26.0000368,32.0000768,0,0,0,18.0000304,14.0000208,10.0000112,0,0,0,4.0000064,4.0000032,2.0000016,2.0000016,0,24.0000384,24.000032,0,0,0,14.000024,20.0000288,8.0000064,0,2.0000016,2.0000016,4.0000032,4.0000032,6.0000048,4.0000032,0,28.0000448,20.000032,0,0,0,6.000008,6.0000048,6.0000048,0,4.0000064,2.0000016,6.000008,2.0000016,4.0000032,0,0,24.0000384,24.0000448,0,0,0,12.0000192,12.000016,14.000024,2.0000016,0,0,2.0000016,4.0000032,0,4.0000032,0,28.0000576,30.0000656,0,0,0,4.0000032,18.0000368,10.0000112,0,6.0000048,0,6.000008,0,6.0000048,4.0000032,0,16.0000192,26.00004,0,0,0,22.000024,8.0000064,10.000008,0,10.0000112,2.0000016,6.0000048,0,2.0000016,4.0000032,0,6.0000048,24.0000384,0,0,0,10.0000144,14.0000176,10.000008,2.0000016,8.0000096,2.0000016,12.0000128,4.0000064,4.0000032,0,0,16.0000256,36.0000576,0,0,0,16.0000384,15.40002448,9.00000976,0.60000048,4.20000432,1.0000008,5.60000576,2.60000272,3.20000256,2.20000176,0,20.20003056,26.6000472,0,0,0,12.60001872
2,AB2,3.446898729,8.20001008,1.20000096,1.652356803,1.80000144,1.109599297,1.376998227,1.549266415,1.80000144,0,7.40000752,24.80004704,0,0.20000016,0,14.60002,7.776848699,4.157997527,1.398412916,2.940330006,1.475730755,3.34941758,1.651221001,1.985705859,1.988859443,0,3.533966947,6.196785082,0,0.632456038,0,6.186015857,225.6187173,50.70722458,116.5343165,177.9476442,81.98497637,301.8583006,119.9145336,128.1707161,110.4921029,N/A,47.75626156,24.98698923,N/A,316.227766,N/A,42.36991358,5.0000016,N/A,3.681670157,0.703331926,-33.16726015,0.439118123,-22.12985579,1.764210144,-30.05634106,N/A,N/A,N/A,1.943294833,,N/A,1.05105719,0.765217295,120.5849685,0.730309106,47.95025245,21.32874556,43.39569585,N/A,N/A,N/A,0.776821721,,N/A,28.5483801,108.7988852,363.5662637,166.3126771,216.6767506,1208.968537,144.3811666,N/A,N/A,N/A,39.97446541,N/A,N/A,2.7500032,N/A,N/A,N/A,N/A,N/A,N/A,N/A,N/A,N/A,2.20000256,5.0000016,N/A,6.0000032,-0.025559105,-306.9920011,0,-117.1701987,38.51049174,-67.35,N/A,N/A,N/A,2.400000512,N/A,N/A,2.5000014,0.987221247,3.779253573,0,0.334113283,-0.664689363,0.365371872,N/A,N/A,N/A,3.333333867,N/A,N/A,4.000005867,1,-1.153577661,0,2.994764398,3.015706806,0,N/A,N/A,N/A,1.714286269,N/A,N/A,3.500003,1,3.077375119,2,0.324605721,1.359509769,0,N/A,N/A,N/A,1.555556681,N/A,N/A,3.666672533,2,0.230947918,0.5,0.329842664,-0.656195725,0.5,N/A,N/A,N/A,1.3750011,N/A,N/A,3.666668978,-0.012779553,105.3119888,0,13.51965448,11.60778668,-67.35,N/A,N/A,N/A,2.7500032,N/A,N/A,4.0000024,N/A,2.649331383,1.012944984,0.673528864,0.680600033,-0.141100324,N/A,N/A,N/A,0.533333312,N/A,N/A,2.400000192,-0.025559105,-72.2413992,0,-78.04515707,-39.7395288,-106.475,N/A,N/A,N/A,1.714285616,N/A,N/A,4.3333408,N/A,N/A,N/A,N/A,N/A,N/A,N/A,N/A,N/A,1.857145208,14.0000176,16.0000256,2.0000016,2.0000016,0,12.0000192,0,0,0,0,8.0000064,22.0000432,0,0,0,10.000008,24.0000608,6.000008,0,8.0000096,2.0000016,0,0,4.0000032,4.0000032,0,4.0000032,24.000032,0,2.0000016,0,10.0000112,26.0000656,8.0000064,0,4.0000064,4.0000032,0,4.0000064,2.0000016,4.0000032,0,16.0000192,40.0000704,0,0,0,12.0000192,6.0000048,6.0000048,0,8.0000064,2.0000016,8.0000064,2.0000016,0,0,0,6.0000048,24.0000544,0,0,0,14.0000272,20.0000384,10.0000176,4.0000032,4.0000032,2.0000016,6.0000048,2.0000016,0,0,0,8.0000096,28.0000576,0,0,0,18.000024,12.0000128,8.0000096,2.0000016,4.0000032,2.0000016,0,4.0000032,2.0000016,0,0,6.0000048,22.0000528,0,0,0,16.0000256,14.0000176,14.0000144,0,4.0000032,4.0000032,4.0000032,0,4.0000032,4.0000032,0,6.000008,22.0000432,0,0,0,8.0000064,8.0000064,2.0000016,2.0000016,2.0000016,0,2.0000016,2.0000016,0,2.0000016,0,4.0000032,16.0000224,0,0,0,30.0000432,12.000016,6.0000048,0,6.0000048,2.0000016,4.0000032,0,6.0000048,4.0000032,0,10.0000112,24.0000288,0,0,0,14.0000176,12.0000096,6.000008,2.0000016,2.0000016,0,2.0000016,0,0,0,0,6.0000048,26.0000656,0,0,0,14.0000176,14.80002496,8.20001008,1.20000096,4.40000416,1.80000144,3.800004,1.40000144,1.80000144,1.80000144,0,7.40000752,24.80004704,0,0.20000016,0,14.60002
3,AB3,-1.152876983,10.8000128,1.40000112,-0.218849417,0.80000096,2.456546703,2.379554619,2.377127782,1.60000128,0,5.00000464,21.00003312,0,0.20000016,0.20000016,14.00001984,5.193652699,4.917097753,1.646546522,1.888154423,1.39841373,2.550637727,1.263333036,2.087183324,1.837874637,0,2.538593066,7.071085084,0,0.632456038,0.632456038,5.88785024,450.4949596,45.52862894,117.6103718,862.7642022,174.8015065,103.8302151,53.09115522,87.80273992,114.8670729,N/A,50.77181421,33.67178063,N/A,316.227766,316.227766,42.05601354,12.0000096,6.0000064,4.731484281,1.333333067,-0.221408589,0.448797166,0.106903426,1.140702099,1.069120681,N/A,N/A,4,1.77166702,,,2.663990559,0.5773505,2.367812778,0.532263384,0.659910107,1.299543312,1.119726817,N/A,N/A,,1.191431993,,,56.30348534,43.30129617,1069.43131,118.5977597,617.2955621,113.9248638,104.7334353,N/A,N/A,,67.24920538,N/A,N/A,7.5000112,N/A,-1.341444269,1.026229508,1.015484191,1.058466007,-0.285901639,N/A,N/A,N/A,1.50000128,N/A,N/A,7.5000012,N/A,N/A,N/A,N/A,N/A,N/A,N/A,N/A,N/A,1.50000072,12.0000096,N/A,9.0000032,N/A,0.467879932,0,0.668224944,-0.316435352,1.884789644,N/A,N/A,N/A,0.749999667,N/A,N/A,3.0000016,N/A,1.894854099,0,-0.00537348,1.042347758,1.766559019,N/A,N/A,N/A,1.799999808,N/A,N/A,2.333333867,2,0.538688175,1,-0.337696603,0.679755409,0,N/A,N/A,N/A,0.999999771,N/A,N/A,4.000000533,1,1.846428739,0,-0.005235602,2.015706806,3.0000048,N/A,N/A,N/A,1.4999998,N/A,6.0000064,1.7500004,0.9999992,0.423211969,0,-0.502617801,0.507854203,0.5,N/A,N/A,4,1.166665689,N/A,N/A,2.5000028,N/A,-5.531430063,1.012944984,-1.02885783,2.073620942,1.884789644,N/A,N/A,N/A,2.0000016,N/A,N/A,5.000003733,N/A,1.461898051,1,0.659685864,3.687610675,0,N/A,N/A,N/A,5.000001067,N/A,N/A,N/A,N/A,-1.752763939,0,0.498517155,-0.482607562,0.87184466,N/A,N/A,N/A,1.5000008,14.0000144,12.000016,2.0000016,6.000008,0,6.0000048,2.0000016,0,4.0000032,0,4.0000032,30.0000688,0,0,0,20.0000288,16.0000288,16.0000192,4.0000032,2.0000016,0,8.0000096,0,2.0000016,0,0,4.0000064,30.0000528,0,0,0,20.0000256,12.0000224,8.0000096,0,4.0000032,0,2.0000016,2.0000016,4.0000032,2.0000016,0,2.0000016,18.0000208,0,2.0000016,0,24.0000384,12.000016,6.000008,0,2.0000016,0,4.0000032,2.0000016,4.0000064,4.0000032,0,6.0000048,18.000024,0,0,0,10.0000144,16.0000288,10.0000112,4.0000032,2.0000016,2.0000016,6.0000048,4.0000032,0,0,0,6.0000048,14.0000144,0,0,0,14.0000176,12.0000224,6.0000048,0,2.0000016,2.0000016,6.0000048,2.0000016,6.0000144,0,0,6.000008,24.0000352,0,0,0,16.0000256,10.0000112,6.0000048,0,0,4.0000064,4.0000064,4.0000032,2.0000016,0,0,8.0000064,14.0000144,0,0,2.0000016,12.0000224,14.0000176,18.0000304,2.0000016,4.0000032,0,10.0000144,2.0000016,4.0000032,2.0000016,0,8.0000064,20.0000384,0,0,0,10.0000112,14.0000144,8.0000064,2.0000016,4.0000032,0,10.0000112,2.0000016,0,0,0,6.0000048,30.0000464,0,0,0,6.000008,18.0000272,18.0000176,0,8.0000064,0,4.0000032,4.0000032,4.0000032,4.0000032,0,0,12.000016,0,0,0,8.0000064,13.80002032,10.8000128,1.40000112,3.40000304,0.80000096,6.0000064,2.40000192,2.60000336,1.60000128,0,5.00000464,21.00003312,0,0.20000016,0.20000016,14.00001984
5,SBU2,-3.337413061,11.80001808,0.80000064,1.8460738,1.40000144,0.928444999,2.771887842,2.893549281,2.20000176,0,34355.59503,4452.797386,7.40000816,110.0005872,51540.74735,72.20026736,6.259959309,3.938421866,1.032796385,2.129674064,2.118702278,2.55671258,1.921780151,2.779747005,2.20101163,0,443.3967935,95.35652074,3.272788419,16.08326004,664.7914682,9.997845383,187.5692099,33.37640535,129.0994449,115.3623471,151.3357213,275.3757715,69.33109351,96.06703517,100.0459031,N/A,1.290610141,2.141496962,44.22682176,14.62106744,1.289836687,13.84738,0.674034291,0.001402291,0.129622053,1.07215138,-7.535240795,-8.469307832,-16.73623563,-8.84904983,-6.60139398,12.40170001,N/A,0.666597981,62.83660195,0.157806564,0.000203606,0.002969587,0.689115882,17.59128215,26.17143737,52.11328483,26.95842471,22.79084067,6.965552763,N/A,0.006274319,9.672853551,23.41224558,14.51955759,2.290958124,64.27412158,233.4534838,309.0150681,311.3799662,304.6476767,345.2428493,56.16611236,N/A,0.941244768,15.3936611,0.68333248,0.001581449,0.130109777,N/A,-54.21554864,-78.25,-155.6808367,-80.70807411,-67.35,20.5000728,N/A,0.675449814,55.5709476,0.777776968,0.001336146,0.13000878,0.974440895,-5.44638213,1.026229508,2.041707656,-0.993997319,1.766557377,5.833343333,N/A,0.659629406,64.18280236,0.548385415,0.001324527,0.129271568,N/A,-1.235827549,0,0.219082155,-0.434077965,1.627165975,8.5000166,N/A,0.663398374,64.74652883,0.618180974,0.001324577,0.137220745,0.980831471,-1.176123637,0,-0.51511004,1.545328761,0.806514,6.800017024,N/A,0.657368042,68.10065591,0.863635131,0.001476081,0.127508403,N/A,-2.570960692,0,0.668224944,0.19003714,0.365372168,19.0000544,N/A,0.670325376,57.90474671,0.406248875,0.000989493,0.128520986,N/A,1.230949826,1,2.329844532,-0.656195462,0,26.0000528,N/A,0.659571872,85.66896054,0.552237614,0.001438133,0.12686115,N/A,N/A,N/A,N/A,N/A,N/A,9.2500304,N/A,0.669261156,59.03714422,0.711537751,0.001470968,0.127972331,2,-1.153577661,0,0.494765198,0.015706806,0.5,12.33336693,N/A,0.667721452,58.0909063,0.937498927,0.001769176,0.130949454,0.333333156,-1.691681456,0,-0.345551347,0.703314306,2,9.00002912,N/A,0.673836093,49.87546522,0.641508775,0.001312359,0.127797333,N/A,-1.558015209,0,0.161752991,0.696509366,0.87184466,6.800016704,N/A,0.669418225,65.18786179,18.0000304,12.0000128,2.0000016,8.0000128,0,6.0000048,0,2.0000016,2.0000016,0,35023.02161,4556.837531,4.0000032,120.000672,51851.40462,82.0003568,6.0000048,12.0000416,2.0000016,8.0000064,2.0000016,2.0000016,2.0000016,4.0000032,4.0000032,0,34557.75112,4492.811056,12.0000192,90.000392,52389.64611,70.000232,12.000016,14.0000304,0,6.0000048,0,2.0000016,6.000008,10.0000144,2.0000016,0,34058.36196,4402.777842,8.0000096,124.0007712,51339.23037,68.0002144,12.0000128,12.000016,0,2.0000016,4.0000032,10.0000112,4.0000064,4.0000032,6.0000048,0,33747.53132,4630.861382,10.0000112,110.0005488,51337.3471,68.0002464,12.0000128,16.0000192,0,8.0000064,0,6.0000048,4.0000032,2.0000016,4.0000032,0,34513.62249,4400.77687,4.0000032,88.000448,51487.86504,76.0002784,8.0000096,4.0000032,2.0000016,6.000008,0,0,2.0000016,0,0,0,34662.03222,4454.798558,2.0000016,128.0007168,52552.32019,52.0001472,18.0000304,6.0000048,2.0000016,4.0000064,0,4.0000032,0,0,0,0,34437.38699,4368.766525,8.0000064,134.0008368,51455.82808,74.0003024,12.0000096,12.0000096,0,6.000008,2.0000016,4.0000032,4.0000032,2.0000016,0,0,33591.18487,4298.742217,6.0000048,104.0004704,50307.18237,74.0002608,16.0000256,14.0000208,0,4.0000032,6.000008,6.0000048,2.0000016,4.0000032,0,0,34278.96253,4488.811421,10.0000112,96.000528,50871.36604,90.000392,16.0000224,16.0000224,0,6.000008,0,8.0000064,4.0000032,4.0000032,4.0000032,0,34686.09518,4432.790455,10.0000112,106.000488,51815.28357,68.0002432,13.00001744,11.80001808,0.80000064,5.80000656,1.40000144,4.80000416,2.80000288,3.2000032,2.20000176,0,34355.59503,4452.797386,7.40000816,110.0005872,51540.74735,72.20026736
6,SBU3,-0.814543449,9.4000136,0.60000048,-1.349741017,0.20000016,1.515881504,1.78977811,1.888564131,0.80000064,0,34673.47313,4475.804808,7.00000848,104.0005155,51362.02334,73.20026848,7.572452715,4.812029482,0.966092556,1.663757463,0.632456038,2.235429202,2.579164908,2.526658157,1.398412916,0,379.8030652,67.97344602,4.346140786,16.51948315,675.9644837,11.59316995,929.6560825,51.19172893,161.0152972,123.2649406,316.227766,147.4672786,144.1052885,133.7872575,174.8014747,N/A,1.0953707,1.518686559,62.0876503,15.88403967,1.316078378,15.83760578,0.723413311,0.001426,0.129098775,0.987220447,-63.89499884,-5.446428571,6.86636457,-37.30457643,-13.17372853,12.12410596,N/A,0.675173387,62.60098938,0.183890672,0.000231722,0.002446667,,110.124876,14.85552947,13.22884342,78.24881313,26.21422379,6.301613337,N/A,0.010751929,10.41628555,25.41986288,16.24979687,1.895189762,,172.3528883,272.7572625,192.6615356,209.7566053,198.9886441,51.97590122,N/A,1.592469296,16.6391708,0.661015827,0.001515281,0.128938706,N/A,N/A,N/A,N/A,N/A,N/A,19.5000568,N/A,0.676911057,57.59990469,0.738095048,0.001215215,0.125563754,N/A,0.461891406,1,-1.340315745,-0.3123925,0,15.5000456,N/A,0.689760188,71.27043654,0.639999333,0.001231297,0.127677788,0.987220447,-0.934570241,0,-0.68413616,0.364166301,-0.141100324,N/A,N/A,0.668249773,69.29333743,0.650792622,0.001562146,0.13290697,N/A,N/A,N/A,N/A,N/A,N/A,20.5000608,N/A,0.65517057,55.74172412,1.095238416,0.001816881,0.132737,N/A,-243.7860997,-39.125,26.21989529,-52.57635253,-28.225,9.200028352,N/A,0.671417406,49.05214472,0.689653866,0.001588648,0.126520784,N/A,N/A,N/A,N/A,N/A,N/A,6.666679911,N/A,0.683500674,54.43437455,0.976189883,0.001609942,0.128442083,N/A,4.461916636,0,-1.340314672,-0.31239145,1,6.833353911,N/A,0.679114864,54.18016472,0.451611534,0.001097655,0.1304419,N/A,-204.6609745,0,26.21989529,-209.0764777,-67.35,4.666674756,N/A,0.687742168,81.72911692,0.711537544,0.001428266,0.130023464,N/A,-1.730366307,0,-1.007853939,1.023559684,2.0000008,18.5000456,N/A,0.664244967,60.470123,0.619999035,0.001194664,0.127735302,N/A,-1.076789108,0,-0.002618068,-0.242146762,0.4999998,7.7500079,N/A,0.675622203,72.23856711,6.0000048,6.0000048,0,0,0,4.0000032,0,0,0,0,34844.53501,4492.809247,4.0000032,118.0006384,51475.79533,78.0002896,12.0000128,8.000016,2.0000016,0,0,2.0000016,2.0000016,0,0,0,35191.55388,4418.7836,4.0000032,84.000336,51019.98421,62.000232,12.0000192,10.0000112,0,2.0000016,2.0000016,4.0000064,2.0000016,0,2.0000016,0,34734.24133,4434.791113,0,100.0004992,51977.9321,64.0002528,8.0000064,12.000032,2.0000016,6.0000048,0,6.000008,0,2.0000016,0,0,34391.26335,4570.838591,4.0000032,126.0006736,52492.07601,82.0003088,18.0000272,4.0000032,2.0000016,0,0,4.0000032,0,2.0000016,4.0000032,0,33998.18979,4512.81772,10.0000144,84.0003552,50636.44389,92.000416,12.0000128,14.0000208,0,4.0000064,0,6.0000048,0,0,0,0,34419.36016,4354.764422,12.000016,116.0006048,50357.46341,80.0002656,20.0000608,8.0000096,0,0,0,2.0000016,2.0000016,2.0000016,0,0,34589.84402,4442.791625,12.0000128,84.0003936,50933.71657,82.0003344,8.0000096,2.0000016,0,0,0,6.000008,0,2.0000016,2.0000016,0,35087.21785,4576.843363,12.0000128,124.0007232,51017.98244,56.0001568,18.000024,18.0000208,0,2.0000016,0,10.000008,4.0000032,8.0000096,0,0,34415.35536,4474.803711,4.0000032,104.0004736,51811.23994,74.0002416,8.0000096,12.000016,0,4.0000032,0,2.0000016,8.0000096,4.0000032,0,0,35063.17052,4478.804684,8.000016,100.0004576,51897.59949,62.0001872,12.20001872,9.4000136,0.60000048,1.80000176,0.20000016,4.60000464,1.80000176,2.00000192,0.80000064,0,34673.47313,4475.804808,7.00000848,104.0005155,51362.02334,73.20026848
7,SBU4,-3.306691104,11.20001344,0.80000064,1.047121035,1.0000008,-0.6746966,1.78977811,2.288564131,0.80000064,0,34572.01028,4515.42045,6.4000064,111.4005957,51501.39828,72.80027072,8.048040306,3.910108118,1.032796385,4.647263158,1.414214694,3.136899708,1.999266818,1.916533196,1.932185112,0,495.4803832,176.1010485,3.864371549,18.69183009,929.3424522,8.230088244,243.386517,34.91163773,129.0994449,443.8133703,141.4213562,464.9348627,111.7047307,83.74391481,241.5229458,N/A,1.433183605,3.89999227,60.38074507,16.7789319,1.804499457,11.30502423,0.667546076,0.001414217,0.130616229,0.25,71.12599816,-10.96428571,36.74778176,27.76469328,0.030952324,16.57218947,N/A,0.671338711,62.88760561,0.112329327,0.000163906,0.004917533,0.5,123.5716294,29.6726686,77.96871127,50.75541738,7.682088522,10.66375913,N/A,0.005360057,8.707032779,16.82720211,11.58990652,3.764871651,200,173.7362323,270.6302022,212.1725654,182.8056117,24819.10105,64.34731601,N/A,0.798413233,13.84538765,0.759999026,0.001450565,0.12728773,0,N/A,N/A,N/A,N/A,N/A,19.0000632,N/A,0.672479598,59.01038461,0.680850586,0.001212463,0.132425944,N/A,-2.653575846,0,1.994763334,-0.984292669,0.4999996,6.400014592,N/A,0.660194233,72.10683158,0.683331874,0.001578085,0.128162706,0,N/A,N/A,N/A,N/A,N/A,20.5000568,N/A,0.670733198,54.47298526,0.632351351,0.00167579,0.122075147,0,N/A,N/A,N/A,N/A,N/A,10.7500324,N/A,0.676592484,49.2872634,0.846153483,0.001301397,0.132940512,N/A,240.7130994,-78.25,209.7592882,127.139303,10.9,8.2500155,N/A,0.666979328,68.13335331,0.484846999,0.001246514,0.133590473,N/A,262.8212996,0,43.83644337,68.46311469,-15.18333333,4.571437127,N/A,0.673111951,72.13823803,0.692307148,0.001391932,0.129426891,N/A,-1.461314718,0,0.162303665,0.179755672,0.5,18.0000584,N/A,0.672578978,62.538817,0.499998582,0.00126236,0.140841979,N/A,-0.961314718,0.5,0.162303665,-0.320244328,1,33.0000688,N/A,0.666919212,74.40842771,0.75925895,0.001614339,0.128603757,1,-1.691681456,1,-0.345551347,-0.296685694,1,10.2500391,N/A,0.676743858,53.91173705,0.636362764,0.001408722,0.130807146,N/A,1.115474913,0,1.664921466,0.171902269,1.5,35.0001088,N/A,0.677054274,62.8680181,20.0000256,12.0000128,2.0000016,0,4.0000032,2.0000016,0,4.0000032,0,0,35233.6217,4484.807736,4.0000032,100.0005408,52393.592,76.0003136,6.000008,12.0000128,0,12.0000128,0,0,4.0000064,2.0000016,0,0,34848.55588,4614.852911,10.0000112,94.0003856,52785.30794,64.0002176,20.0000448,12.000016,0,6.0000048,2.0000016,8.0000064,0,0,0,0,34852.57821,4466.800741,4.0000032,120.0006848,51961.9102,82.0002928,14.0000144,6.0000048,0,8.000016,2.0000016,6.0000048,0,2.0000016,0,0,34722.22567,4238.720819,8.0000064,136.0008608,51319.26012,86.000328,16.0000288,16.0000224,2.0000016,0,0,2.0000016,0,0,2.0000016,0,33825.76991,4496.815163,8.0000096,78.0002736,50714.87002,66.0002032,2.0000016,16.0000256,0,2.0000016,0,0,0,2.0000016,6.0000048,0,34559.80439,4616.860623,14.0000144,132.0007872,51343.32309,64.0001856,8.0000064,10.000008,0,4.0000032,0,4.0000032,4.0000032,2.0000016,0,0,34790.39776,4502.813035,4.0000032,104.0005024,51726.85874,72.0002912,10.000008,10.000008,2.0000016,4.0000032,0,2.0000016,4.0000032,4.0000032,0,0,34868.65525,4910.970396,2.0000016,132.0007552,52283.17708,66.0001904,16.0000256,14.0000208,2.0000016,4.0000032,2.0000016,4.0000032,2.0000016,2.0000016,0,0,34375.23679,4420.784607,8.0000096,108.0005856,50795.04806,82.0004112,10.0000112,4.0000032,0,8.0000064,0,2.0000016,4.0000032,6.0000048,0,0,33643.25719,4400.778468,2.0000016,110.0005808,49690.63553,70.0002736,12.20001744,11.20001344,0.80000064,4.80000512,1.0000008,3.0000024,1.80000176,2.40000192,0.80000064,0,34572.01028,4515.42045,6.4000064,111.4005957,51501.39828,72.80027072
8,SBU5,0.431414942,7.20000736,0.20000016,1.387435769,1.0000008,1.23769744,2.392334182,1.916423258,0.60000048,0,35205.36098,4616.656377,4.80000544,110.2005659,52443.89445,79.2003136,3.851655178,3.425399133,0.632456038,2.561292213,1.414214694,2.460631969,2.061776529,2.571342433,0.966092556,0,486.6993375,103.9939546,4.237405529,16.90379762,790.0482275,10.33662014,892.7959603,47.57493932,316.227766,184.6061829,141.4213562,198.8072277,86.1826305,134.174036,161.0152972,N/A,1.382458023,2.252581654,88.27918181,15.33912052,1.50646369,13.05123638,0.733534354,0.001509713,0.131142924,1.373402556,0.797858884,0.071887919,0.215951518,0.233177445,0.721720012,21.77715117,N/A,0.671336534,59.22413102,0.136713759,0.000191202,0.002772076,1.378249219,1.377059329,0.190197556,0.780060001,0.766912562,1.499704916,15.98933435,N/A,0.00664993,8.149104152,18.63767639,12.66480916,2.113782086,100.3528946,172.5943467,264.5751311,361.2199662,328.8965453,207.7959446,73.42252539,N/A,0.990550917,13.7597699,0.447760379,0.001133408,0.129198956,2,-0.076788831,0,0.497382999,1.007854203,0,N/A,N/A,0.674733598,76.91394253,0.906976615,0.001498271,0.132784711,N/A,2.461895836,0,0.659685328,0.68760855,1,13.00003733,N/A,0.677710905,60.062347,0.646152727,0.001592329,0.125746338,0,N/A,N/A,N/A,N/A,N/A,42.0001392,N/A,0.673067029,53.15214584,0.862743997,0.001694401,0.133380587,0.493610224,-0.155565722,0,-1.018248361,-0.997034853,-0.141100324,8.800025984,N/A,0.660989906,52.03208358,0.661015962,0.001470471,0.13025317,N/A,N/A,N/A,N/A,N/A,N/A,N/A,N/A,0.663585558,58.77986968,0.659998854,0.001280959,0.129447924,N/A,2.846423323,0,0.994763862,0.015706281,4,33.00008,N/A,0.676316431,68.34547276,0.822221526,0.001452991,0.13043329,N/A,N/A,N/A,N/A,N/A,N/A,6.166678,N/A,0.680547874,61.09197856,0.821428017,0.001739739,0.132273408,N/A,0.619432951,0,0.165982054,1.179438618,-0.070096463,46.0001648,N/A,0.669761625,50.92238475,0.703124138,0.001698565,0.13586439,3,-0.846034721,0,0.886561776,-0.104130483,0.333333333,15.00005173,N/A,0.663559451,53.076638,0.803921321,0.001535996,0.132046465,N/A,0.735649353,0.503215434,-0.67446703,-0.157200199,-0.070096463,10.2500323,N/A,0.67309296,57.86444755,8.0000064,6.0000048,0,4.0000064,2.0000016,6.000008,4.0000032,0,0,0,35718.97868,4614.854765,0,134.0007728,52937.89845,60.0002368,16.000016,8.0000096,0,4.0000032,0,4.0000032,2.0000016,2.0000016,0,0,35281.77467,4684.880268,6.0000048,86.000328,52060.21393,78.0002864,16.0000192,16.000016,0,8.0000096,2.0000016,4.0000032,0,4.0000032,0,0,35506.39067,4464.79862,2.0000016,130.00076,52753.1273,84.0003456,8.0000064,6.0000048,0,0,4.0000032,0,2.0000016,0,2.0000016,0,34329.14881,4578.842003,10.0000112,102.0005456,51935.9653,88.0003584,8.0000096,6.0000048,0,2.0000016,0,6.000008,0,2.0000016,0,0,35199.50728,4584.847422,0,118.0006288,53044.41428,78.0002992,14.0000176,6.000008,0,4.0000032,0,2.0000016,2.0000016,8.0000064,0,0,34846.56679,4510.815746,2.0000016,100.000496,51524.05768,66.0002128,6.0000048,4.0000032,0,6.0000048,0,4.0000032,0,2.0000016,0,0,34660.03163,4520.821955,12.0000192,90.0003856,50929.60093,74.0002544,8.0000096,4.0000032,0,2.0000016,0,6.0000048,4.0000032,0,2.0000016,0,35418.15393,4684.879929,2.0000016,112.0005664,52881.73076,92.0004032,6.000008,8.0000096,0,8.0000064,2.0000016,2.0000016,6.0000048,2.0000016,0,0,35159.45367,4776.917717,6.0000048,128.0007008,52986.13958,90.0003824,14.0000176,8.0000096,2.0000016,0,0,2.0000016,4.0000032,0,2.0000016,0,35933.60367,4744.905345,8.0000096,102.0004752,53385.79632,82.0003568,10.40001152,7.20000736,0.20000016,3.80000368,1.0000008,3.60000352,2.40000192,2.0000016,0.60000048,0,35205.36098,4616.656377,4.80000544,110.2005659,52443.89445,79.2003136
10,SN1,-2.737642222,9.20001056,0.80000064,1.317277788,2.0000016,1.381501888,1.994889775,3.144283666,0.40000032,0,34859.39248,65587.21443,12.40001696,302.6038892,51763.51675,36262.6137,8.105151016,3.675750822,1.398412916,3.209619649,2.108186793,4.339946667,1.629548235,2.488158493,0.843274717,0,421.9862073,1245.478615,7.351505475,19.95715794,956.7191888,717.5847385,296.0631945,39.95376742,174.8014747,243.6554899,105.4092553,314.146995,81.68612899,79.13276146,210.8185107,N/A,1.210538042,1.898965562,59.28625339,6.595142577,1.848249982,1.978855535,120.3533201,0.700549432,1.881427857,0.611111111,-0.654422434,0.287563569,1.071049911,0.732213522,0.977685512,4034.444185,N/A,0.673561288,1.808798185,9.062732007,0.005739794,0.023731837,0.73535076,4.239019468,0.491122506,1.388602023,1.879109069,1.356461349,2466.073843,N/A,0.009877846,0.020001733,7.530105524,0.819327448,1.261373726,120.3301244,647.7497174,170.7874567,129.6486755,256.6340301,138.7420937,61.12549163,N/A,1.466510415,1.105802373,109.0494688,0.71029103,1.871309964,0.666666667,-1.269052882,0,1.329843464,-0.156195725,0.5,2023.499011,N/A,0.688777534,1.814631199,134.4745812,0.697593475,1.870243393,N/A,3.846423323,0,2.994763862,2.015707881,0,3657.745866,N/A,0.673110871,1.804605696,114.080577,0.694475152,1.872963266,0.5,-6.307159753,0,0.989527724,-0.968587437,1,2002.771898,N/A,0.678092944,1.828781304,118.2467746,0.698566267,1.864874809,0,N/A,N/A,N/A,N/A,N/A,4463.869567,N/A,0.672358282,1.794910637,125.2922425,0.707050259,1.894282655,N/A,4.675226213,1.012944984,2.699418831,0.680600033,3.910679612,2631.165845,N/A,0.663506102,1.777622008,130.9689815,0.698801802,1.881420917,0,N/A,N/A,N/A,N/A,N/A,6111.953419,N/A,0.673231775,1.812577384,128.7517251,0.705062162,1.893430477,N/A,1.742080531,0,0.331964108,-0.157199935,0.433118971,9270.230607,N/A,0.662538721,1.779234617,112.6670009,0.701683512,1.924061942,0.5,-4.922631651,1,-0.675393206,4.359512419,0,1311.781249,N/A,0.666048843,1.826349358,119.7036844,0.691326308,1.903592638,2,-2.34584282,0,-0.172775405,-0.648342584,1,5985.254317,N/A,0.667001345,1.836612952,110.2981654,0.700644351,1.838098508,N/A,N/A,N/A,N/A,N/A,N/A,2886.170075,N/A,0.690946468,1.812656694,6.0000048,8.0000096,0,8.0000096,6.0000048,2.0000016,4.0000032,2.0000016,0,0,35319.86483,66094.41497,18.0000368,334.0048977,51279.06046,36423.05666,16.0000192,6.000008,0,8.0000064,0,6.000008,2.0000016,0,0,0,35293.78285,66007.96417,10.0000112,272.0030752,52433.8328,36577.49963,4.0000032,12.000016,0,6.0000048,4.0000032,2.0000016,2.0000016,2.0000016,0,0,35199.54173,65927.44864,18.0000208,316.0041505,51909.61219,36049.93583,10.000008,8.0000096,4.0000032,2.0000016,2.0000016,0,0,4.0000032,0,0,34371.22251,64098.02703,8.0000064,302.0038833,51120.39732,35710.9851,12.0000192,2.0000016,2.0000016,6.0000048,0,2.0000016,2.0000016,8.0000064,2.0000016,0,34567.77609,65481.13868,14.0000176,294.0035824,52098.65588,36836.36814,10.0000112,10.0000112,0,2.0000016,2.0000016,12.0000128,0,4.0000032,0,0,35329.88488,66470.38442,6.0000048,280.0033216,52478.04131,36671.74985,18.0000176,8.0000064,0,4.0000032,0,2.0000016,4.0000032,2.0000016,2.0000016,0,34844.53978,65975.71358,4.0000032,288.003536,52592.45791,37080.95209,4.0000032,10.0000112,2.0000016,2.0000016,4.0000032,12.0000128,2.0000016,0,0,0,34864.61729,67081.68324,28.0000416,326.0043249,52345.43627,36729.92955,10.000008,14.0000176,0,4.0000032,2.0000016,2.0000016,4.0000032,4.0000032,0,0,34647.97302,65955.62636,6.0000048,300.0037536,51945.88176,35911.55463,10.0000112,14.0000144,0,2.0000016,0,4.0000032,0,6.0000048,0,0,34154.72184,62779.74326,12.0000224,314.0043665,49431.79161,34634.10555,10.00001056,9.20001056,0.80000064,4.40000384,2.0000016,4.40000448,2.0000016,3.20000256,0.40000032,0,34859.39248,65587.21443,12.40001696,302.6038892,51763.51675,36262.6137
11,SN2,-1.306924315,8.60001104,0.40000032,1.718324588,1.0000008,0.978359569,3.576999987,2.949267855,1.80000144,0,35109.69717,66343.3366,11.80001648,326.2045205,52468.38367,36977.68134,8.278611951,4.427196137,0.843274717,1.993607942,1.414214694,2.894984087,2.266222762,2.430472084,1.988859443,0,672.2441845,791.2387942,5.692110738,18.63022961,970.1411928,726.9986533,633.4423393,51.47895876,210.8185107,116.0204513,141.4213562,295.9018523,63.35540314,82.40933694,110.4921029,N/A,1.914696619,1.192642449,48.23815923,5.711211353,1.849001484,1.966047159,113.6834177,0.704785707,1.88991802,1.993610424,-27.09379865,0.15,-7.253757769,0.503861579,-2.061185728,4067.547029,N/A,0.669178824,1.794521198,6.80157361,0.007805161,0.022802498,0.816529915,84.63124064,0.337474279,24.88483613,1.244055894,9.213518446,2352.373095,N/A,0.006398605,0.026532003,5.9829074,1.107451601,1.206533703,40.9573458,312.3638798,224.9828526,343.0613059,246.9042978,447.0008851,57.83272027,N/A,0.956187646,1.478500385,114.1694223,0.696985211,1.885194553,N/A,-1.986704217,0,0.164404412,0.688554832,0.87184466,2577.00172,N/A,0.680361646,1.840231395,122.7381908,0.713051221,1.886392798,1,2.846425539,0,1.994764398,1.015706806,1,1707.196054,N/A,0.663470442,1.75522575,113.8578422,0.707299878,1.929404131,N/A,-0.769055097,0.5,-0.170157872,-0.15619625,1.5,4611.298195,N/A,0.665228575,1.814640155,110.5611286,0.717740822,1.929966232,1.987221247,-1.277214192,0,0.080355819,-0.408808016,0.936334431,2266.531484,N/A,0.666376721,1.791850944,104.1984127,0.703705947,1.893616376,3,0.076982742,0,-0.223385689,-0.218731821,0,6217.261433,N/A,0.669311808,1.801064502,121.6009678,0.704847663,1.883790906,1.987220447,-1.857712201,0,0.329328393,-0.149296279,0.433118971,3141.39628,N/A,0.659241547,1.761903026,112.4546632,0.711082702,1.869415025,N/A,4.615475713,1,1.664921466,0.671902269,0,2347.519849,N/A,0.678424353,1.783557209,105.8008233,0.702498263,1.876286515,N/A,-2.181455689,0,1.007641607,0.522383433,0.87184466,2675.284813,N/A,0.668751246,1.786152379,122.786926,0.698469923,1.862030608,N/A,-2.538103549,0,0.659685864,3.687609075,2,6221.277663,N/A,0.669870073,1.785787101,108.6658001,0.692175438,1.883083053,N/A,-267.8666255,0,-78.04513609,-0.614508257,-28.225,8910.702796,N/A,0.670751832,1.824799521,6.000008,10.0000112,0,4.0000032,0,6.0000048,4.0000032,4.0000032,4.0000032,0,35217.56713,66391.96571,14.0000112,316.0045153,51763.01068,36078.05294,14.0000176,6.0000048,0,6.0000048,2.0000016,4.0000032,2.0000016,2.0000016,0,0,34946.82462,65923.43829,22.00004,306.0040337,52672.76791,37558.38148,8.0000064,8.000016,2.0000016,2.0000016,0,2.0000016,4.0000032,6.0000048,0,0,34696.12936,66942.85532,8.0000096,324.0042945,52156.70323,36890.42983,12.0000128,16.0000256,0,6.0000048,4.0000032,2.0000016,8.0000096,8.0000096,4.0000032,0,33669.33999,64980.68923,16.0000256,328.0046273,50525.98466,36264.56176,6.0000048,4.0000032,0,0,2.0000016,0,6.0000048,0,0,0,35480.35803,67186.18697,6.0000048,358.0054385,53010.20777,37303.59844,12.0000224,14.000024,0,6.0000048,2.0000016,4.0000064,4.0000032,2.0000016,2.0000016,0,35257.68066,66418.09818,12.0000128,310.0040753,53482.18847,37696.79557,12.0000128,2.0000016,2.0000016,4.0000032,0,2.0000016,2.0000016,0,0,0,35835.31826,66991.08238,16.0000256,334.0046257,52821.39136,37560.37768,8.0000064,12.0000096,0,8.0000064,0,6.000008,4.0000032,4.0000032,4.0000032,0,35654.81221,66898.64335,14.000024,354.0052945,53315.50773,37454.05159,6.0000048,8.0000064,0,4.0000032,0,10.000008,2.0000016,4.0000032,0,0,35799.25993,66659.31775,6.0000048,304.0038305,53442.09479,37327.69584,22.00004,6.000008,0,6.0000048,0,2.0000016,0,2.0000016,4.0000032,0,34539.68147,65041.08884,4.0000064,328.0044705,51493.98008,35642.86821,10.6000136,8.60001104,0.40000032,4.60000368,1.0000008,3.80000368,3.6000032,3.20000288,1.80000144,0,35109.69717,66343.3366,11.80001648,326.2045205,52468.38367,36977.68134
12,SN3,-2.368588258,7.20000736,0,0.387434329,1.0000008,0.83769648,1.787221877,2.660705004,1.0000008,0,34925.177,66900.2773,9.80001264,307.0040345,52481.24829,37163.81779,7.306739054,3.293094124,0,2.780662841,1.414214694,2.504037962,1.481602959,3.373210443,1.414214694,0,512.3699822,878.4759324,4.157997971,29.68430846,725.0010686,452.86895,308.4849818,45.73737163,N/A,717.7120443,141.4213562,298.9194799,82.89977746,126.7788213,141.4213562,N/A,1.467050495,1.313112543,42.428496,9.669028784,1.381447836,1.218574885,121.9982025,0.708191934,1.915671745,0.871805112,100.4653458,0,9.158281285,8.490561199,3.26801917,4545.446701,N/A,0.665505994,1.800221503,11.06911334,0.008220059,0.021187285,0.858290298,213.7959358,0,73.89598174,36.13326327,4.427310905,2150.753443,N/A,0.00702627,0.019695751,9.073177399,1.160710677,1.105997702,98.44978952,212.8056537,,806.8760878,425.5697877,135.4738352,47.31665739,N/A,1.055778569,1.094073767,116.5495585,0.725001702,1.944867598,N/A,601.874228,0,183.539309,101.4655734,10.9,3799.565076,N/A,0.660014277,1.770534302,123.6777681,0.703115258,1.884774804,0.5,1.846427139,0,0.994764398,0.015706806,0,3133.206526,N/A,0.67130533,1.799504929,122.8132887,0.706936234,1.914347676,N/A,-2.922627836,0,-0.67539267,1.359511344,1,2333.47943,N/A,0.662918755,1.795150562,99.4564269,0.702578962,1.930285126,N/A,-0.576789938,0,0.497381931,1.507853141,2,6199.543066,N/A,0.665072948,1.827240052,121.8073739,0.707535679,1.889890425,1,2.230948226,0,-0.670157068,1.343804538,3,3106.125813,N/A,0.67490481,1.802730485,119.8670392,0.718420209,1.912599875,2,0.615474913,0,-0.335078534,0.171902269,0,6113.292389,N/A,0.67701438,1.802368033,116.5625208,0.700985484,1.923687584,N/A,N/A,N/A,N/A,N/A,N/A,4604.274194,N/A,0.65575379,1.799559979,125.0095909,0.710323506,1.899272611,-0.012779553,306.9461,0,-103.6504397,-28.1316805,10.9,2281.449686,N/A,0.666651249,1.782501139,142.6391247,0.70904997,1.910035485,N/A,-1.16851295,0,-0.00530392,-0.997035385,0.87184466,4671.473257,N/A,0.663001838,1.785991242,131.5993336,0.697972336,1.946956265,N/A,-4.657135773,0,2.729448116,-0.320584785,0.740327869,9212.057577,N/A,0.658422562,1.836634301,4.0000032,14.0000144,0,0,0,2.0000016,0,0,2.0000016,0,34589.84993,67272.67834,10.0000112,326.0046097,52407.72984,37995.69331,12.0000192,6.0000048,0,4.0000032,4.0000032,2.0000016,2.0000016,0,0,0,35897.50832,67658.71922,12.0000128,304.0038561,53474.18933,37598.51842,8.0000096,10.000008,0,2.0000016,0,6.0000048,2.0000016,2.0000016,0,0,35011.00937,67023.24441,16.0000224,304.0039361,52813.42412,37335.72316,6.0000048,6.000008,0,4.0000032,0,8.0000064,4.0000032,8.0000064,0,0,35211.57255,67968.37476,6.0000048,374.0058769,52943.9254,37197.28816,10.000008,4.0000032,0,0,2.0000016,4.0000032,2.0000016,6.0000048,0,0,35554.53853,67194.18192,12.000016,306.0041297,52680.81959,37273.55945,8.0000096,4.0000032,0,0,2.0000016,2.0000016,4.0000032,0,0,0,34565.76068,66110.46957,6.0000048,306.0039185,51056.16909,36679.78368,14.0000176,4.0000032,0,2.0000016,0,2.0000016,0,8.0000064,0,0,34457.47672,66285.42014,8.0000096,316.0041281,52546.36307,36834.23776,6.0000048,10.0000144,0,6.0000048,2.0000016,4.0000032,0,0,2.0000016,0,34258.9528,65067.09073,16.0000256,292.0036224,51389.61768,36503.25338,6.0000048,6.000008,0,2.0000016,0,0,2.0000016,2.0000016,2.0000016,0,34944.80423,66745.81608,8.000016,262.0028752,52706.94927,37371.8608,2.0000016,8.0000064,0,8.0000064,0,2.0000016,2.0000016,2.0000016,4.0000032,0,34760.29692,67676.77786,4.0000032,280.003392,52793.29554,36848.25979,7.60000832,7.20000736,0,2.80000224,1.0000008,3.20000256,1.80000144,2.80000224,1.0000008,0,34925.177,66900.2773,9.80001264,307.0040345,52481.24829,37163.81779
13,SN4,0.708325141,7.0000072,0.80000064,0.454450409,1.0000008,1.303316719,2.176999823,2.549267171,1.80000176,0,35444.42012,67071.80231,11.8000152,321.8044149,52884.35755,37225.20549,6.567191277,3.162281427,1.932185112,2.850112322,1.054093397,2.825226622,2.568858581,1.581206403,1.988860194,0,304.6160817,664.7771075,5.533746523,23.69216241,621.9396369,374.0251237,927.1436086,45.17540249,241.5229458,627.1558489,105.4092553,216.7720693,117.9999444,62.02591951,110.492125,N/A,0.859419002,0.991142454,46.89609656,7.362286318,1.176037047,1.004763087,116.2812007,0.70395782,1.892346338,0.794889139,53.01059098,0.1249998,26.6460164,11.16910666,-24.90121776,3700.91548,N/A,0.67027795,1.80181871,9.220909792,0.008625241,0.015664372,1.305330668,75.23497846,0.353552825,68.41320002,40.99690234,35.15216294,1418.897617,N/A,0.007068449,0.011405956,7.9298371,1.225249731,0.827775099,164.2154364,141.9244288,282.8427125,256.7483221,367.0562345,141.1664412,38.3390981,N/A,1.054554936,0.633024621,113.7868034,0.705167833,1.872247329,N/A,120.3566508,0,104.8796231,-53.80549424,-67.35,2649.640016,N/A,0.676455936,1.796016155,107.3661973,0.693197332,1.904446127,N/A,192.5979007,0,-51.8252408,64.18413921,-67.35,4616.810388,N/A,0.65954251,1.811985016,115.3127616,0.71326222,1.916777417,-0.012779553,102.2843262,0,157.3194137,75.79192589,-67.35,6265.407894,N/A,0.67044681,1.801717894,119.785546,0.690207843,1.891097171,N/A,-0.773997445,0,-0.171251326,-0.157199935,-0.070096463,2049.686147,N/A,0.666567659,1.826325544,101.301537,0.709888833,1.883675682,0,N/A,N/A,N/A,N/A,N/A,3072.858106,N/A,0.672703603,1.785005425,120.358783,0.698879073,1.882475585,N/A,0.538688975,0,0.162303397,0.179755409,0.5,3683.02172,N/A,0.669647578,1.80373868,109.0601014,0.711939927,1.877549199,0.987220447,7.714067647,0,2.699418831,1.693545017,0.87184466,3708.091295,N/A,0.682556255,1.800057704,134.2643561,0.69613642,1.893925153,3.0000048,0.743648752,0.9999984,0.443280268,0.447934129,0.6666656,4699.306439,N/A,0.661816411,1.800553329,122.9247875,0.712256015,1.884385542,0,N/A,N/A,N/A,N/A,N/A,1577.552701,N/A,0.676557589,1.789939729,118.6511336,0.708642708,1.916884177,N/A,0.623442163,0,-0.339415939,1.018247818,0.87184412,4686.780099,N/A,0.666485144,1.802847629,8.0000096,8.0000096,0,0,0,4.0000064,0,2.0000016,2.0000016,0,35584.62352,66623.21635,14.0000144,326.0043985,52604.49594,37094.99838,4.0000064,10.0000112,0,6.0000048,0,0,0,4.0000032,4.0000032,0,35141.35123,66924.81026,8.0000096,344.0051745,53281.40448,36934.52743,14.0000304,12.0000128,0,0,2.0000016,2.0000016,0,2.0000016,2.0000016,0,35335.89173,67731.03928,6.0000048,326.0044849,52704.98896,37592.47744,8.0000064,8.0000064,0,2.0000016,0,2.0000016,4.0000032,0,2.0000016,0,35630.77443,67381.25671,18.0000432,308.0040993,53454.10015,36894.43919,6.0000048,4.0000032,0,2.0000016,2.0000016,2.0000016,0,4.0000032,0,0,34942.78446,65820.87333,12.0000096,364.0056001,51943.8045,36874.32677,16.000032,10.0000112,0,4.0000032,0,4.0000032,4.0000032,2.0000016,0,0,35289.78663,66432.16175,10.0000112,306.0039121,52699.04316,36830.25845,18.0000368,2.0000016,0,6.0000048,2.0000016,4.0000032,2.0000016,2.0000016,2.0000016,0,35550.52394,66747.85777,10.0000112,340.0047681,52084.38674,37080.95448,10.0000112,4.0000032,6.0000048,4.0000032,2.0000016,4.0000032,6.0000144,4.0000032,0,0,35741.04757,67690.86897,8.0000064,280.00344,54004.47459,37594.48159,8.0000096,6.000008,2.0000016,4.0000064,2.0000016,6.0000048,0,2.0000016,0,0,35963.70276,67769.48151,24.0000352,308.0039521,53156.898,37861.32036,12.000016,6.0000048,0,0,0,8.0000064,6.000008,6.0000048,6.000008,0,35263.71495,67596.4572,8.0000064,316.0043201,52909.97899,37494.27078,10.40001632,7.0000072,0.80000064,2.80000256,1.0000008,3.6000032,2.20000304,2.80000224,1.80000176,0,35444.42012,67071.80231,11.8000152,321.8044149,52884.35755,37225.20549
14,SN5,-4.660741266,9.00001072,0.80000096,1.384296002,0.60000048,0.247120102,1.582110208,2.004985585,1.40000144,0,35335.74257,66942.39418,12.40001632,319.2043415,52848.28077,37400.7695,8.383885025,4.83046565,1.39841373,2.565022896,1.349898195,2.933633904,1.827458986,1.824766077,1.646547083,0,494.2065505,735.4484684,6.095547,15.69749297,865.1732098,500.1981118,179.8830818,53.67177663,174.8015065,185.2943946,224.9828526,1187.128803,115.507692,91.01143126,117.610385,N/A,1.398602419,1.09862887,49.1575724,4.917694067,1.637088657,1.33740059,117.4002316,0.707763869,1.894603093,0.493610224,106.6474963,0.167024682,-5.92556021,22.25543326,-16.44353375,3683.805274,N/A,0.668706874,1.789958651,5.435120185,0.007399257,0.01754403,0.698070273,205.9453603,0.356541076,56.99282233,41.55979028,31.42874745,1576.540616,N/A,0.009323502,0.01331573,4.62956513,1.045441496,0.92600027,141.4213562,193.1084811,213.466101,961.8132346,186.739974,191.1313464,42.79652421,N/A,1.394258473,0.743912731,119.3366017,0.702945008,1.873965104,N/A,-4.307157538,1,0.98952986,-1.968586912,0,3794.950225,N/A,0.670619016,1.787787979,119.5216817,0.701944553,1.893218368,N/A,337.0350774,0,79.06941368,75.79192589,-67.35,4691.284142,N/A,0.661577429,1.784343985,113.8724059,0.716435658,1.871740488,N/A,-5.307157538,0,-1.01047174,1.031414688,2,1708.107787,N/A,0.682744609,1.783720161,107.4572178,0.713035202,1.911464632,N/A,-2.12045032,0.336197456,0.332677422,0.010561,0.578732234,1880.525038,N/A,0.668123831,1.791068757,119.2475576,0.696993315,1.928259715,N/A,523.6245747,0,-129.4613583,101.4656555,-67.35,6280.451249,N/A,0.651063023,1.801191735,123.9733364,0.703085081,1.897204913,N/A,N/A,N/A,N/A,N/A,N/A,4618.062124,N/A,0.661478807,1.784934535,109.5632942,0.713904598,1.904431626,N/A,-4.420139075,0,-0.010746418,-0.993994108,-0.285901874,4629.106568,N/A,0.668084567,1.782200847,121.9916443,0.71833742,1.897750261,N/A,4.0000016,0,1,0,1,4757.73366,N/A,0.668517574,1.766132969,121.5451022,0.701306279,1.878327796,0,N/A,N/A,N/A,N/A,N/A,2656.661532,N/A,0.674755182,1.807215266,117.4934744,0.709651578,1.889668026,0.987220447,4.675221351,0,1.686473847,2.70649,-0.141100324,1821.170416,N/A,0.680104701,1.810990278,8.0000064,12.0000128,2.0000016,6.000008,0,0,2.0000016,0,0,0,36204.37742,67845.7399,10.0000112,318.0042353,53986.50582,37949.54475,8.0000064,12.0000128,0,2.0000016,0,2.0000016,0,2.0000016,2.0000016,0,35372.02671,66966.97069,8.0000064,314.0041425,53466.19328,37530.30316,6.0000048,12.0000128,0,2.0000016,0,6.000008,2.0000016,4.0000032,0,0,35811.26835,67029.4009,22.0000336,330.0046961,52451.92403,37578.4287,4.0000032,12.0000128,2.0000016,6.000008,0,4.0000032,6.000008,4.0000032,4.0000032,0,35241.62063,67363.1114,20.0000352,350.0050321,52747.13908,37610.56696,6.0000048,14.0000208,0,8.0000256,0,2.0000016,0,2.0000016,2.0000016,0,35199.52995,67873.83558,6.0000048,316.0042721,54064.70451,37682.73764,14.0000112,8.0000064,0,2.0000016,0,6.000008,0,4.0000032,0,0,34758.27037,65943.56131,8.0000064,298.0038097,52546.30989,36944.52655,8.0000064,12.0000224,0,4.0000064,0,2.0000016,2.0000016,0,4.0000064,0,34656.05479,66000.08679,8.0000128,338.0047313,51873.75446,37032.9118,8.0000096,0,0,2.0000016,0,0,2.0000016,2.0000016,0,0,35422.15446,67222.40286,8.0000096,312.0042785,52986.12307,38061.91496,4.0000032,6.0000048,4.0000064,8.0000064,4.0000032,4.0000032,0,4.0000032,0,0,35785.1804,67216.29903,14.0000144,306.0041009,53034.31725,37193.2997,12.0000096,2.0000016,0,4.0000032,2.0000016,6.0000048,2.0000016,0,2.0000016,0,34906.94261,65962.53334,20.0000288,310.0041169,51325.83636,36423.46076,7.80000656,9.00001072,0.80000096,4.4000064,0.60000048,3.2000032,1.6000016,2.20000176,1.40000144,0,35335.74257,66942.39418,12.40001632,319.2043415,52848.28077,37400.7695
15,BB TD,-0.737871519,6.6000088,1.40000112,1.588482727,1.6000016,0.434554167,1.98977859,1.688563971,0.80000064,0,26.60005424,93.40045168,0,0.40000032,0.80000064,15.80002256,2.889891223,1.897369126,1.646546522,1.481479185,2.065593528,2.266916206,2.105533282,1.587580503,1.032796385,0,8.275825907,23.47695534,0,1.264912076,1.032796385,6.356113927,391.6523607,28.74797873,117.6103718,93.26378939,129.0994664,521.6648189,105.817466,94.01956517,129.0994449,N/A,31.11206403,25.13580493,N/A,316.227766,129.0994449,40.22851172,7.0000088,8.7500064,3.859296684,0.792332588,19.30886418,-10.86864029,-14.1032911,-3.689912717,-9.31126172,N/A,N/A,16.2500224,6.678702914,,3.86221767,1.624886201,1.299933502,52.54165122,29.71494955,39.6735726,10.26053221,25.59758234,N/A,N/A,2.629961521,2.565675099,,44.13959823,42.10316889,164.0641217,272.1115584,273.4008004,281.3071951,278.069781,274.9099221,N/A,N/A,16.18435628,38.41576924,N/A,9.0000048,5.428599086,N/A,-3.153579877,1,1.994765462,0.015706281,1,N/A,N/A,14.0000224,8.444496475,N/A,7.0000032,2.650006908,N/A,N/A,N/A,N/A,N/A,N/A,N/A,N/A,20.0000336,7.571457568,N/A,N/A,3.214288702,N/A,0.46787507,0,0.668224944,0.696509632,-0.141100324,N/A,N/A,N/A,6.42858622,N/A,5,2.333336604,N/A,-0.076789138,0,0.497382731,0.507853141,1,N/A,N/A,15.0000208,7.00001952,7.0000088,14.0000176,2.7500083,2.987222047,0.618107156,0.669518358,-0.001752845,0.67477618,-0.046630991,N/A,N/A,16.0000128,3.142865192,N/A,N/A,3.133343474,0.987220447,-0.545074401,0,1.681170462,-1.3293814,-0.141100324,N/A,N/A,N/A,11.7500468,N/A,N/A,4.2500109,0,N/A,N/A,N/A,N/A,N/A,N/A,N/A,N/A,8.5000218,N/A,N/A,4.10000872,-0.012779553,138.4283013,-78.25,-104.0602094,-26.90270506,-67.35,N/A,N/A,N/A,3.727280926,N/A,N/A,3.066674994,N/A,-0.576790892,0.4999996,0.497380997,0.507852209,0.4999996,N/A,N/A,N/A,5.111129896,N/A,N/A,7.666689156,0,N/A,N/A,N/A,N/A,N/A,N/A,N/A,N/A,5.111124741,2.0000016,6.000008,2.0000016,6.000008,0,2.0000016,2.0000016,2.0000016,0,0,28.0000672,152.0011392,0,0,2.0000016,18.000024,14.0000304,10.0000112,4.0000032,4.0000032,0,0,0,2.0000016,0,0,40.0000992,106.0005392,0,0,2.0000016,14.0000176,12.0000128,8.0000096,0,4.0000032,0,4.0000032,2.0000016,0,2.0000016,0,28.00008,90.0003408,0,0,0,14.0000208,8.0000096,6.000008,0,4.0000064,0,4.0000032,4.0000032,4.0000032,0,0,30.0000656,70.0002512,0,0,2.0000016,10.000008,12.000016,6.000008,4.0000032,2.0000016,2.0000016,6.0000048,6.000008,0,2.0000016,0,32.0000512,88.0004064,0,4.0000032,2.0000016,28.0000576,10.0000112,8.000016,0,6.000008,2.0000016,0,2.0000016,0,2.0000016,0,30.0000464,94.0004496,0,0,0,8.0000064,10.0000144,8.0000064,0,2.0000016,4.0000032,4.0000032,0,4.0000064,0,0,16.0000192,68.000256,0,0,0,8.0000096,2.0000016,4.0000032,2.0000016,4.0000032,2.0000016,2.0000016,0,2.0000016,2.0000016,0,20.000032,82.0003056,0,0,0,22.0000336,6.000008,6.0000144,2.0000016,4.0000032,0,4.0000032,4.0000064,2.0000016,0,0,30.0000688,92.0004608,0,0,0,18.000024,8.0000096,4.0000032,0,2.0000016,6.000008,0,0,2.0000016,0,0,12.0000128,92.000368,0,0,0,18.000024,8.40001152,6.6000088,1.40000112,3.800004,1.6000016,2.60000208,2.00000224,1.80000176,0.80000064,0,26.60005424,93.40045168,0,0.40000032,0.80000064,15.80002256
16,Nb_blank,-0.199064979,10.40001184,2.80000256,1.315184079,2.00000192,0.38778371,3.925882035,3.792080448,5.80000624,1.80000144,32908.70858,4397.177422,7.00000784,105.8005461,48158.29617,106.8005626,8.384979792,3.627067939,1.686549688,3.628338732,2.494440538,3.121524862,2.667416408,2.795955481,4.939642373,1.475730755,614.8248493,98.02111722,4.447227071,18.07288925,808.2847562,9.053017476,4212.182289,34.87561355,60.23386234,275.8806764,124.7219072,804.965443,67.9443851,73.73143896,85.16615618,81.98497637,1.86827401,2.229182674,63.53174415,17.08203778,1.678391514,8.476563474,1.033957082,0.00221742,0.133629606,1.544089537,-34.17298516,-7.28793673,-24.38444268,-9.526802816,-28.56279991,19.57785963,1899.193823,0.683362747,41.43961066,0.193505274,0.000181074,0.002494505,1.573649565,78.61153399,24.93601564,82.94365245,49.91349727,71.87400805,14.13454116,547.4615752,0.007642408,3.58043972,18.71501989,8.165995086,1.866730957,101.9143986,230.0399968,342.1546669,340.1498797,523.9270533,251.6350228,72.19655993,28.82599809,1.118353079,8.640138418,0.886792277,0.002038037,0.135589523,1.493609029,-0.180134333,1.004278075,0.220835837,-0.43933532,0.288128342,7.8333656,2138.36602,0.683861682,45.49696195,1.224491301,0.002504621,0.130647842,0.320553774,-3.438995465,1.039867132,2.068845602,-1.007201149,0.605315396,20.00009707,N/A,0.679716712,35.45587259,1.085107146,0.002119422,0.133297497,N/A,-96.32182386,-78.2500626,13.31479058,-144.2778929,-67.35,51.0002112,2205.389148,0.687557049,43.24274539,0.907407041,0.002010145,0.133971633,N/A,-2.626278481,0.334759358,-1.121708007,-0.428820373,0.957647059,N/A,1111.697495,0.68082145,45.37521385,0.857141725,0.002230047,0.136557617,N/A,-0.643617661,0.669518717,0.443425235,0.120349787,0.957647594,13.5000576,2231.398184,0.67480689,41.32201228,1.428573742,0.002466583,0.130813344,3.961662942,1.378690245,0.252419253,0.166517413,0.425985022,0.904193183,30.000124,N/A,0.674834101,35.78931712,1.062500892,0.002109129,0.132479533,N/A,2.367077352,0.530508492,0.880477445,0.364782453,-0.13457663,10.20004256,1088.690523,0.679699423,42.69356787,1.056604475,0.002303,0.137392235,-0.004259851,-240.8048245,0,-260.150732,50.11827843,-223.8501252,9.333370667,2273.412507,0.680487004,40.59645705,0.767122656,0.002347776,0.134963487,1.948881789,-2.012760175,0.513114754,-0.346554219,0.184470305,1.766558198,9.3333728,2245.402884,0.697500493,40.09627844,1.063829565,0.00204544,0.130583349,N/A,0.552815243,1.026229519,0.679675296,-0.328644452,0.227213003,25.0000952,N/A,0.694342665,44.32768002,10.0000176,8.0000096,6.0000048,4.0000032,4.0000064,0,6.0000048,2.0000016,2.0000016,2.0000016,31541.78402,4276.735462,12.0000096,106.0005424,46123.04628,94.0004624,10.0000208,12.0000096,2.0000016,8.0000064,6.0000048,2.0000016,2.0000016,2.0000016,6.000008,0,32566.39134,4254.728764,6.0000048,98.0004336,47911.71199,120.0006784,16.0000192,8.0000064,4.0000064,2.0000016,0,10.0000176,0,4.0000032,4.0000032,2.0000016,33089.75726,4410.781824,2.0000016,94.0003984,48126.56248,102.000504,12.0000128,20.0000384,2.0000016,0,0,4.0000032,6.0000048,6.0000048,2.0000016,4.0000032,33192.05295,4446.793536,0,108.000592,48752.94828,98.0004976,10.0000112,10.000008,4.0000032,6.000008,0,4.0000032,6.0000048,6.000008,2.0000016,2.0000016,32680.71052,4462.799938,8.0000064,126.0008048,48429.72262,108.0005472,22.0000368,8.0000064,2.0000016,4.0000032,2.0000016,6.0000048,8.0000096,8.0000064,6.0000048,0,32831.07467,4294.742678,4.0000064,84.0003456,48650.58631,120.000688,20.0000288,8.0000064,2.0000016,6.0000048,0,4.0000032,4.0000032,2.0000016,18.000024,4.0000032,32871.23275,4354.765577,10.000008,96.0003968,48361.42511,102.0005072,20.0000352,10.0000112,0,10.0000144,6.0000048,2.0000016,0,6.000008,2.0000016,2.0000016,33093.7819,4546.828652,12.0000192,106.0005232,48632.49656,112.0006272,6.0000048,10.0000112,2.0000016,2.0000016,2.0000016,4.0000032,4.0000032,8.0000096,8.0000064,2.0000016,33274.25398,4490.809361,12.0000192,146.0009712,47704.9899,112.0006528,16.0000192,10.0000112,4.0000032,6.0000048,0,2.0000016,4.0000032,2.0000016,8.0000096,0,33946.04637,4432.788429,4.0000032,94.0004528,48889.47216,100.0004608,14.20002064,10.40001184,2.80000256,4.8000048,2.00000192,3.800004,4.00000352,4.60000464,5.80000624,1.80000144,32908.70858,4397.177422,7.00000784,105.8005461,48158.29617,106.8005626
20,SN1,3.092848653,6.00000672,0.20000016,1.389529904,1.0000008,2.631415408,1.98977795,1.488563811,0.80000064,0,38710.50682,72795.538,12.60001488,363.2055351,57637.7094,40248.96631,8.437783738,5.163985093,0.632456038,4.465581278,1.414214694,2.356654332,2.818427589,2.168143289,1.398412916,0,352.7973128,860.7369832,3.893020545,19.69156594,875.9747764,520.4699833,272.8159275,86.06632183,316.227766,321.3735282,141.4213562,89.55843025,141.6453323,145.6533655,174.8014747,N/A,0.911373531,1.182403492,30.89695196,5.421604033,1.519794568,1.293126336,111.1073096,0.698385912,1.880552486,0.371805112,-7.826595742,0.168824164,-21.19479479,-21.31174721,2.281467291,3529.955453,N/A,0.671717765,1.808691769,6.155388863,0.009325473,0.019141667,0.473162427,19.96206896,0.413533058,53.47147598,53.65454649,4.256859544,1319.739316,N/A,0.009030493,0.012214331,5.540039522,1.335289368,1.017874634,127.2608719,255.0542997,244.9489743,252.2858867,251.7604304,186.5842899,37.38685469,N/A,1.344388051,0.675313025,120.9781035,0.688821432,1.893132561,N/A,2.846425539,0,1.994764398,1.015706806,1,6734.532371,N/A,0.65328648,1.795469551,109.7296707,0.694250978,1.880186406,N/A,N/A,N/A,N/A,N/A,N/A,3365.092638,N/A,0.668622759,1.810779476,104.4798588,0.692592208,1.86437984,0,N/A,N/A,N/A,N/A,N/A,2481.433268,N/A,0.677018006,1.82245585,109.5289888,0.719873184,1.886690696,0.987220447,-0.155567966,1.012944984,2.020586048,1.028854583,-0.141100324,4008.818158,N/A,0.689430584,1.806904741,111.9150299,0.696194528,1.868118867,N/A,N/A,N/A,N/A,N/A,N/A,2861.866164,N/A,0.676950289,1.816480245,104.3321616,0.704332124,1.896028022,N/A,-48.16084933,0,-130.2801047,-130.8263525,10.9,2034.506739,N/A,0.669741031,1.802910473,103.8434968,0.690385902,1.84279764,0.5,-5.076213743,0,-2.680629881,-0.624783425,1,2863.156738,N/A,0.672624153,1.795387477,120.4967749,0.700239595,1.874126967,N/A,2.076984342,0,1.776615377,0.781268179,1.000000533,2891.960386,N/A,0.669634151,1.792214307,113.7382383,0.692619759,1.889536558,N/A,1.509646705,0,0,0.754823151,-0.070096463,3935.396404,N/A,0.670021309,1.827885708,112.0307725,0.704549412,1.910527307,0,N/A,N/A,N/A,N/A,N/A,4122.79166,N/A,0.669848886,1.816429858,14.0000176,6.0000048,0,6.0000048,0,4.0000032,2.0000016,2.0000016,0,0,38322.71713,72549.98362,6.000008,334.0046417,58661.42696,40407.2481,12.0000224,6.0000048,0,0,0,4.0000032,0,0,0,0,38890.48765,73121.3662,12.0000128,368.0057953,58165.0671,40381.15473,8.0000064,14.0000176,0,2.0000016,2.0000016,4.0000032,0,4.0000032,0,0,38810.18583,72356.92805,16.0000192,380.0060641,57325.19004,39702.97993,8.0000064,6.000008,2.0000016,6.0000048,2.0000016,4.0000032,2.0000016,0,2.0000016,0,38392.92971,72435.58329,10.000008,366.0055121,55687.88298,40088.21365,14.0000176,4.0000032,0,2.0000016,0,4.0000032,0,2.0000016,0,0,38958.6568,72779.4018,14.0000144,358.0052433,57550.24764,40066.16751,4.0000032,2.0000016,0,4.0000032,0,4.0000032,0,0,2.0000016,0,38691.82665,73360.78755,20.000032,390.0062961,57771.32482,40690.19989,12.0000096,16.0000224,0,0,4.0000032,4.0000032,2.0000016,2.0000016,0,0,39052.99524,71966.76745,14.0000208,386.0063953,58060.64954,40084.25389,18.000024,4.0000032,0,12.000016,0,6.0000048,6.0000048,6.000008,0,0,38717.8963,72562.25355,14.0000144,336.0047361,57819.47685,40487.48705,12.0000128,0,0,0,0,6.0000048,8.0000064,0,4.0000032,0,38069.97312,71934.60596,10.000008,346.0049681,56819.04831,39353.99553,12.0000128,2.0000016,0,2.0000016,2.0000016,6.000008,0,0,0,0,39197.39975,74887.70259,10.0000112,368.0056993,58516.77976,41227.96278,11.40001328,6.00000672,0.20000016,3.40000336,1.0000008,4.600004,2.0000016,1.6000016,0.80000064,0,38710.50682,72795.538,12.60001488,363.2055351,57637.7094,40248.96631
24,Z061124-Abg-06,-56.73182964,22420.94438,10322.87632,8419.999168,10068.46449,6558.709678,21160.31263,18599.6834,50136.95335,1.0000008,35671.52878,207604.688,26.00005312,3653.937947,52485.37276,500519.9593,405.2207629,476.0115013,393.8866998,299.8434565,297.1542571,292.7437371,443.2738661,574.4502129,1208.583411,1.414214694,878.0006896,4595.651905,7.831581694,152.218286,1264.08525,12259.41297,714.2740953,2.123066242,3.815668111,3.561086533,2.951336398,4.463434906,2.094836091,3.088494575,2.410564126,141.4213562,2.461348643,2.213655168,30.12140651,4.165869486,2.408452458,2.449335484,137.1014073,9.536715969,5.82039817,2.102528708,-0.002648114,0.487756449,0.397921649,0.309905811,0.878952243,21081.3898,90884.46622,0.679694475,0.414816588,3.879663671,0.094734107,0.050079113,0.047389427,0.0190898,0.012608271,0.011810335,0.010970549,0.018446253,7136.281138,26059.48452,0.009095384,0.004085673,2.829776694,0.993361944,0.860407001,2.253925313,720.8827397,2.584952163,2.968005239,3.539962263,2.098663888,33.85109428,28.67319973,1.338157643,0.984934706,136.6494496,9.446872912,5.784068605,2.226499882,-0.036719537,0.483604725,0.397381734,0.29524538,0.880121902,12423.22171,51806.97,0.681095434,0.417016589,132.8943595,9.593653893,5.89896174,2.067125897,0.012495568,0.498069812,0.389439137,0.314437559,0.874728189,36456.59165,104565.6438,0.66638173,0.409745898,132.8956681,9.568059074,5.905088668,2.07490275,-0.023843857,0.502489927,0.41976128,0.331541367,0.898670793,25533.15596,N/A,0.661658308,0.408353559,141.8666665,9.560761975,5.836607906,2.112949334,0.011645416,0.470380913,0.391461145,0.298927017,0.85874449,26185.75622,N/A,0.67916992,0.414616381,144.7402244,9.713978986,5.801328003,2.070094645,-0.004402324,0.497769074,0.413530278,0.31019421,0.906941955,17052.78755,N/A,0.687755249,0.410737329,134.8492159,9.40233449,5.788958003,2.095509565,0.012965077,0.497208878,0.402208101,0.316441749,0.885457696,15813.4124,N/A,0.681307518,0.419476739,136.5886863,9.610401889,5.840536204,2.120713082,0.026507968,0.492272998,0.386552382,0.317908369,0.875753256,17993.31248,N/A,0.685789305,0.41677521,134.6510828,9.486625193,5.807904594,2.07708824,-0.006603188,0.466941219,0.388662561,0.29804353,0.861667417,16331.05168,103044.8661,0.687088469,0.420649514,136.1970248,9.435137489,5.789016225,2.1031401,-0.005023971,0.476587091,0.404372732,0.309806363,0.850735084,25023.04205,104120.3849,0.678170102,0.416097564,139.681695,9.549333789,5.75151175,2.077263581,-0.013502296,0.49223985,0.385847141,0.306512566,0.896701651,18001.5663,N/A,0.688528719,0.414697099,30974.37355,22937.03244,10306.25283,16154.43468,9571.666993,13817.65573,21947.2635,25688.38941,49762.93633,4.0000032,35827.38379,207228.0458,40.0000896,3636.53116,52602.58988,496929.9814,31708.19151,22708.6324,10662.55813,15946.19416,10356.29145,14182.05401,22049.45408,25720.45419,50212.6989,2.0000016,35452.24807,209131.455,14.0000208,3840.592207,53201.11056,510393.0414,30844.02007,22638.51452,10528.43927,16380.74441,10098.08193,14374.27833,21594.67006,25828.67369,50246.83605,0,35313.85346,208531.4358,20.000032,3842.592791,53371.7374,510663.9363,29677.54312,21266.30107,9443.585509,14985.03661,9501.630622,12978.82266,20679.24408,23810.85483,47167.53446,0,33483.0008,195427.1472,18.0000336,3322.44708,49299.88772,471344.4919,31186.91391,22592.45144,10506.42462,16298.6397,10196.16456,13959.80921,21750.9294,26161.39796,50385.46831,0,36220.49156,210126.952,30.0000656,3534.502915,52664.79841,511584.745,31710.25815,22704.62968,10550.45279,16142.43139,10126.10849,14164.02798,21875.14221,25936.89991,51315.17826,0,36667.74015,212268.0078,32.00008,3752.565103,53819.66174,506030.4618,31257.04051,22165.65151,10550.45837,15711.87452,10106.09552,14085.95314,22087.50433,25912.84818,51283.12209,0,35951.6772,209977.0723,28.0000544,3688.546555,52423.79395,503813.7284,30669.70903,22251.83083,9795.854041,15609.77468,10100.08773,13553.3629,21610.71991,24964.94195,49449.81049,2.0000016,35484.3806,206089.8971,30.0000624,3638.534199,51644.55848,489932.5695,30693.66955,22247.7972,10338.28218,16226.54408,10314.25592,14019.87217,22337.97312,25491.98414,50521.94751,2.0000016,35971.73135,208240.9364,20.0000384,3674.542837,53042.34331,500461.8019,31134.74135,22696.6027,10546.45543,15872.08918,10314.26166,14013.87047,22077.50402,26319.72415,51024.00109,0,36342.78085,209025.9311,28.0000544,3608.524624,52783.24613,504044.8358,30985.64608,22420.94438,10322.87632,15932.77634,10068.46449,13914.97066,21801.04047,25583.61684,50136.95335,1.0000008,35671.52878,207604.688,26.00005312,3653.937947,52485.37276,500519.9593
25,Z061124-Abg-07,93.39340765,39166.53821,19738.79716,15958.56843,19241.42161,11891.03949,40080.52385,35388.17552,77271.69731,0.60000048,36339.78775,787783.0148,78.80032192,8337.787866,53043.19624,1166058.115,507.195771,483.9374389,402.1253107,281.1183718,390.3187861,349.3934296,486.4994538,423.9363296,1200.001979,0.966092556,452.1806678,11080.43804,20.53090862,198.0227565,744.5280626,8404.293968,543.0744887,1.235589003,2.037233107,1.761551313,2.028534035,2.938291727,1.213805128,1.197960402,1.552964436,161.0152972,1.244312903,1.406534265,26.05434613,2.375003534,1.403625941,0.720744006,139.91506,21.98541706,21.67880061,2.083716481,0.002308411,0.492544049,0.39817932,0.296669174,0.88296697,15654.06809,393422.8214,0.685157061,0.675584882,3.076453716,0.196302417,0.214927467,0.045341808,0.01256748,0.011620369,0.006360841,0.007549041,0.00866887,3782.168877,7751.99254,0.00836929,0.007163275,2.198800984,0.892875565,0.991417702,2.176006615,544.4213303,2.359254836,1.597481412,2.54459897,0.981788743,24.16093284,1.970397272,1.221514048,1.060307145,144.9121592,22.17010111,21.94301437,2.10891811,0.009270731,0.50008637,0.393540244,0.301297737,0.889613904,19231.10255,N/A,0.680937263,0.673962472,140.2194047,21.83687105,21.64334845,2.060234326,-0.014644721,0.50502897,0.40521977,0.284873206,0.89042746,20874.595,N/A,0.675595838,0.669608576,142.2431023,22.1239026,21.60155931,2.10009697,0.011512969,0.487998662,0.404957772,0.291859031,0.877169794,14326.13728,N/A,0.680927044,0.664850419,142.5881463,21.84808041,21.39302631,2.075221652,-0.011187024,0.476741218,0.388546259,0.297098151,0.871853673,11873.55603,N/A,0.687571548,0.673250736,136.4824956,21.90911141,21.74948196,2.197511528,0.025480029,0.470645735,0.389678101,0.301537615,0.873990323,17234.77721,394869.2742,0.678802627,0.673856881,140.2236563,22.16868155,21.3748721,2.054737188,-0.002668882,0.488866061,0.396251318,0.292956738,0.88521509,20845.12967,N/A,0.699858168,0.674797858,136.1979463,22.27920222,21.47673965,2.061468244,0.000409489,0.498966253,0.399257598,0.292940551,0.884833234,14360.07,385049.4827,0.695392346,0.670345385,142.1748996,21.65873648,21.94288265,2.084376517,0.000390948,0.492431614,0.40398596,0.296247526,0.890790412,13910.58109,N/A,0.676535971,0.685411609,136.6162382,21.84619476,21.8665409,2.04288042,0.01343517,0.504068499,0.404388348,0.313205873,0.894486494,14279.57167,400349.7074,0.683179463,0.683815732,137.4925519,22.01328896,21.79654036,2.05171985,-0.008914602,0.500607108,0.395967824,0.29467531,0.871289311,9605.160393,N/A,0.692770345,0.685949147,54723.61603,39259.60022,19833.75086,28763.11146,18806.15967,24830.65007,40638.04829,45936.29985,76481.36008,0,35440.19197,777664.6416,60.0001664,7962.543372,52046.19262,1153869.353,54781.79917,39989.93408,20184.29324,29595.02687,19399.05778,24506.02148,40946.98469,46273.50396,76714.7324,0,36166.27521,782759.2965,56.0001472,8336.794723,53532.41269,1168980.393,54745.81867,39207.50388,19583.35006,29388.51824,19108.60607,24576.17431,41113.549,45922.25248,76968.52189,0,36156.25789,781031.5492,82.0003152,8258.732784,53098.5782,1174747.772,53861.9722,39227.5044,19156.67609,28757.07275,19363.01422,24808.61541,41169.7435,45793.74954,77248.17687,0,36619.60025,783404.0718,98.0004752,8160.66527,53259.33041,1163614.133,54452.44467,38579.52799,19174.71842,28803.16357,18539.74283,24942.88961,41727.56811,46357.83846,77175.5897,2.0000016,36310.71222,789739.1802,68.000224,8586.95253,53492.29773,1171968.711,54281.66213,39283.68945,19713.55997,29141.98471,19625.41681,24702.39144,41312.21749,46456.23059,77243.9979,0,36852.26736,787712.5013,56.0001824,8324.779816,52656.76541,1167331.064,52994.20135,38264.53548,19449.13813,28384.23239,18908.30234,23972.99742,39945.77287,45029.09262,75660.5538,2.0000016,35857.37844,770099.5814,80.0003168,8434.856619,51564.24085,1148810.149,54177.2337,39119.14916,19849.76726,29392.53725,19338.96916,24776.55098,41288.1457,46572.62055,76563.90862,0,36499.25817,800898.9389,84.0003296,8218.703863,53950.21071,1168493.397,54649.26491,39083.05167,20176.29643,29282.30128,19593.3613,25359.71889,41035.33393,46795.50988,78910.41339,2.0000016,36617.59119,800700.0553,82.000328,8570.939854,53598.78796,1170929.561,54536.78188,39650.8858,20266.42118,29316.39791,19731.58588,24938.90854,41502.85217,46381.90975,79749.71845,0,36878.34485,803820.3318,122.0007344,8522.909827,53233.14586,1171836.622,54320.47947,39166.53821,19738.79716,29082.43464,19241.42161,24741.49181,41068.02158,46151.90077,77271.69731,0.60000048,36339.78775,787783.0148,78.80032192,8337.787866,53043.19624,1166058.115
26,SN2,-3.629787834,11.00001424,2.0000016,-0.085865126,2.20000272,0.790924124,2.559107799,2.554251565,3.20000256,0,39410.08159,74408.76727,19.6000304,356.0053735,58633.77598,41343.72332,7.243889496,3.681795456,1.3333344,3.105169422,3.047773022,2.135260846,1.659831119,3.117410266,2.149937119,0,454.1184233,943.4908668,8.369276045,26.02634915,959.4941812,383.9594972,199.5678488,33.47082445,66.66666667,3616.333629,138.5349661,269.9703778,64.85975775,122.0478949,67.18548124,N/A,1.152289985,1.267983467,42.70032175,7.310661885,1.636418882,0.928700819,116.6966312,0.705216851,1.888127882,0.854739053,29.22867384,-7.055204969,-2.490010604,-2.687450931,2.118774119,2444.698625,N/A,0.672250885,1.799768224,8.678733631,0.008038607,0.019165772,0.714482376,97.64076104,25.02247513,8.19394534,8.968103358,3.355280429,957.8342891,N/A,0.010268461,0.016700307,7.437004428,1.139877359,1.01506746,83.59070218,334.0581292,354.6668771,329.0727086,333.702962,158.3595155,39.18005594,N/A,1.527474519,0.92791429,129.0634702,0.694537472,1.899321622,0.192332084,-10.23777701,1.03986711,-0.36477404,-0.292182887,3.724916944,3463.244675,N/A,0.661608229,1.809271445,114.4360127,0.696005939,1.912892736,0.974440895,0.079404251,1.026229508,0.33312107,1.395170119,0.740327869,1096.191217,N/A,0.654970248,1.80011083,105.2993602,0.701589293,1.868490653,N/A,2.160192652,2.079734219,-1.742185733,-0.666023088,-0.434551495,2566.709579,N/A,0.682187993,1.81682061,108.3503323,0.710580518,1.881572723,0.987220447,-1.947510362,1.012944984,-0.68413616,0.364164681,0.87184466,2102.027347,N/A,0.669340388,1.772371441,112.2482047,0.719977716,1.851822338,0.987220447,1.363854871,1.012944984,-0.511776683,0.522381825,1.378317962,2054.170932,N/A,0.691319363,1.778111475,111.9542603,0.708398704,1.88370376,2,-1.653576861,0.5,-0.505235602,0.015706806,1.5,2059.987619,N/A,0.6743485,1.793160826,112.8867426,0.701811989,1.902566388,N/A,0.153965197,0,-0.113438164,0.895869572,0,2077.145286,N/A,0.668084315,1.81113287,131.5851179,0.712923281,1.911184485,N/A,-3.393903285,0,-0.010745317,-0.993993009,2.792786885,3443.186162,N/A,0.675497984,1.810855811,118.1436967,0.707258408,1.889316189,-0.012779553,306.9459267,-78.25,-25.40048161,-28.13172157,10.9,1451.49925,N/A,0.668468247,1.78569511,122.9991145,0.699085187,1.880407927,N/A,-1.18383771,1.026229508,4.099546195,0.016118249,-0.285901639,4132.824187,N/A,0.676683586,1.820151824,8.0000064,20.0000384,2.0000016,6.0000048,10.0000176,6.0000048,2.0000016,8.0000064,6.0000048,0,39588.61721,75191.51665,12.0000192,322.0043793,59836.94801,41559.00259,14.000024,10.0000112,2.0000016,4.0000032,2.0000016,6.0000048,2.0000016,2.0000016,4.0000032,0,39199.40493,74984.25693,38.0000816,364.0056545,59849.13827,41655.35571,18.0000208,10.000008,4.0000032,0,0,2.0000016,2.0000016,0,6.0000048,0,39931.75891,74612.11827,16.0000224,390.0062705,58534.83107,41067.41075,10.0000272,10.0000112,2.0000016,2.0000016,2.0000016,4.0000032,2.0000016,2.0000016,2.0000016,0,39600.68679,74511.57205,20.0000288,388.0062625,59163.74909,42040.60747,22.0000432,12.0000192,4.0000032,2.0000016,4.0000032,6.0000048,4.0000032,6.000008,4.0000032,0,39448.17051,73051.00333,20.0000288,366.0056561,57062.15194,41083.47781,10.0000112,12.0000096,2.0000016,2.0000016,2.0000016,4.0000032,4.0000032,6.0000048,0,0,39219.47714,73877.87657,20.0000256,368.0056929,58159.0634,41199.80512,12.0000128,8.0000096,0,2.0000016,0,8.0000096,6.000008,0,0,0,39546.48775,75239.81837,20.0000256,368.0056481,59193.85756,41542.95889,10.0000112,12.000016,0,4.0000064,0,2.0000016,2.0000016,6.0000048,4.0000032,0,39149.25243,74821.44386,12.0000128,314.0041873,57956.13509,41318.27801,6.0000048,10.0000112,2.0000016,4.0000032,2.0000016,4.0000032,0,0,2.0000016,0,38413.00256,72574.30759,28.000048,344.0052225,57464.21428,40642.04868,6.0000048,6.000008,2.0000016,10.0000112,0,2.0000016,2.0000016,0,4.0000032,0,40003.95766,75223.7591,10.0000112,336.0047617,59117.67108,41328.28816,11.60001664,11.00001424,2.0000016,3.60000352,2.20000272,4.40000384,2.6000024,3.00000272,3.20000256,0,39410.08159,74408.76727,19.6000304,356.0053735,58633.77598,41343.72332
27,BB M,2.031184858,4.60000432,1.20000096,1.458640656,0.80000064,1.290752219,1.982110212,3.40498707,1.40000112,0,26.00005152,103.0005211,0,0.20000016,1.6000016,15.80002384,3.80719895,2.319006515,2.149937119,2.568431851,1.398412916,1.614546661,1.879703374,2.81942114,1.646546522,0,12.96151783,13.99217578,0,0.632456038,2.065593528,5.769668299,187.437344,50.41313777,179.1612833,176.0839341,174.8014747,125.0857165,94.83344381,82.80269741,117.6103718,N/A,49.85189286,13.58456795,N/A,316.227766,129.0994664,36.51683287,7.0000048,6.933339449,5.327629058,0.333333333,-31.49446432,0.500534759,-12.37233102,-2.817219795,-26.8898313,N/A,N/A,8.633342436,7.308241708,,4.867132125,4.047062441,0.577350269,89.44419225,0.75633459,37.06684635,9.753378945,79.59734331,N/A,N/A,7.188349123,2.840490472,,70.19895912,75.96366784,173.2050808,283.9997256,151.1053081,299.5946866,346.2058218,296.0128028,N/A,N/A,83.26264337,38.86694756,7.0000048,N/A,3.30001276,N/A,1.657847204,0,-0.343867479,-0.336703573,2.792786885,N/A,N/A,N/A,9.428612735,N/A,10.0000064,5.27274441,N/A,0.619432146,0,-0.33723338,1.179439423,0.936334405,N/A,N/A,11.0000128,5.800021888,N/A,4,2.75000814,N/A,-1.183836068,0,-0.00537348,1.042347758,-0.285901639,N/A,N/A,20.000024,13.7500572,N/A,N/A,4.363651769,1,-1.769051774,1,1.329842932,0.343804538,4.0000016,N/A,N/A,N/A,8.000027467,N/A,N/A,2.000004067,N/A,2.615474113,0,0.664921466,1.671903869,0,N/A,N/A,N/A,4.800016288,N/A,N/A,4.333347911,N/A,0.695420638,1.004278075,0.443425056,0.120350147,0.288128342,N/A,N/A,N/A,7.428600947,N/A,4.0000016,3.923090926,0,N/A,N/A,N/A,N/A,N/A,N/A,N/A,6.500008,6.37502805,N/A,2.666666844,6.000018,N/A,-1.769051774,2,3.329846132,0.343804538,1,N/A,N/A,2.666667378,6.0000192,N/A,N/A,5.0000142,N/A,-252.8219491,0,-104.0602094,-26.90270506,-223.85,N/A,N/A,N/A,8.00002496,N/A,14.0000224,16.3333984,0,N/A,N/A,N/A,N/A,N/A,N/A,N/A,3,3.500008343,6.0000048,2.0000016,0,0,0,0,2.0000016,6.0000048,4.0000032,0,40.00008,132.0007744,0,2.0000016,0,14.0000208,8.0000064,4.0000032,0,0,0,6.000008,4.0000032,4.0000032,2.0000016,0,22.0000432,116.0006048,0,0,2.0000016,20.0000288,6.000008,6.000008,0,2.0000016,0,4.0000032,2.0000016,0,4.0000032,0,40.00008,110.0005456,0,0,2.0000016,8.0000064,2.0000016,4.0000032,2.0000016,4.0000032,2.0000016,2.0000016,2.0000016,8.0000096,0,0,22.0000272,96.0004576,0,0,0,12.000016,8.0000064,2.0000016,0,2.0000016,0,4.0000064,2.0000016,0,0,0,48.0001344,96.000464,0,0,0,20.0000288,18.0000272,10.0000112,6.0000048,6.000008,0,4.0000064,6.0000048,2.0000016,2.0000016,0,24.0000448,104.000544,0,0,0,14.0000176,8.0000128,4.0000032,0,4.0000032,2.0000016,2.0000016,0,2.0000016,0,0,26.0000528,102.0005712,0,0,4.0000032,16.0000192,2.0000016,4.0000032,4.0000032,8.0000128,0,2.0000016,2.0000016,2.0000016,0,0,16.0000256,96.0004416,0,0,6.000008,16.0000224,12.000016,4.0000032,0,4.0000032,0,2.0000016,0,6.0000048,2.0000016,0,16.0000224,80.0003392,0,0,0,10.0000112,14.0000144,6.0000048,0,0,4.0000032,2.0000016,0,6.0000048,0,0,6.0000048,98.0004688,0,0,2.0000016,28.0000672,8.40000992,4.60000432,1.20000096,3.00000336,0.80000064,2.8000032,2.0000016,3.6000032,1.40000112,0,26.00005152,103.0005211,0,0.20000016,1.6000016,15.80002384
28,Z061124-Abg-08,-4011.738662,66646.1962,12036.80871,10852.74472,11760.74324,9283.746986,24703.24658,21782.4851,34074.44165,0.60000048,35846.59091,217818.6523,34.20006864,2767.309036,52285.63854,374042.3643,519.7539857,1002.75359,225.4558264,269.0255176,195.3936191,407.0946436,465.2272286,341.4552442,287.5881778,0.966092556,533.0651943,2446.322575,7.913443621,57.11471322,534.1448801,4147.75603,12.95582862,1.504592381,1.873053163,2.478870779,1.661405365,4.385025187,1.883263509,1.5675679,0.843999678,161.0152972,1.487073612,1.123100592,23.1386776,2.063908023,1.021590048,1.108900067,135.2072572,7.154035563,6.077059638,2.100692481,-0.162364796,0.487283396,0.43936558,0.375862292,0.881862531,11635.05451,108607.2698,0.685600669,0.58234798,2.679109069,0.065087821,0.072452675,0.036599924,0.020544219,0.005318871,0.009428892,0.016458663,0.010126541,3431.581553,968.4201429,0.008286285,0.003970971,1.981483186,0.909805668,1.192232414,1.742279026,12.65312415,1.091535424,2.146024173,4.378907783,1.148312838,29.49347209,0.891671566,1.208616845,0.681889641,135.2864024,7.128732114,6.033513915,2.102111809,-0.183646202,0.487710453,0.439798084,0.385372202,0.887254165,8129.835397,N/A,0.68791651,0.582228897,138.3994029,7.237905098,6.14268856,2.059137319,-0.15412366,0.486444075,0.45529412,0.382983459,0.882582207,9900.266803,N/A,0.687543326,0.58350648,135.3225952,7.106430199,6.00775315,2.11386246,-0.165953786,0.491556655,0.431007124,0.371522502,0.886755874,10398.43274,109398.1148,0.691366666,0.584479147,137.5960955,7.120777141,6.128045731,2.078454022,-0.140232689,0.489471938,0.426675384,0.381415661,0.871816401,9842.802025,N/A,0.677425752,0.582983557,134.161884,7.090850449,6.044682257,2.078211942,-0.136921451,0.484490501,0.446804697,0.344561178,0.896646941,10820.93356,N/A,0.693212803,0.590937739,132.9414549,7.150125757,6.011991145,2.168349903,-0.197312622,0.492170507,0.425364909,0.357002913,0.881403587,10414.90147,108896.5083,0.690845506,0.580878883,134.7412386,7.224312331,6.006877545,2.119000115,-0.164429054,0.48123659,0.443370698,0.372404699,0.860269583,17236.55324,N/A,0.697227829,0.579731606,135.6630881,7.191696178,6.189288315,2.146187451,-0.142176354,0.482755934,0.438793,0.373840481,0.877398937,11897.27925,N/A,0.675339336,0.581207793,138.3972057,7.235714589,6.171805327,2.08467479,-0.15537639,0.496834617,0.440354312,0.385235035,0.88559475,18464.15872,107527.1863,0.682743788,0.582355992,129.5632048,7.05381177,6.033950435,2.056934998,-0.183475751,0.480162688,0.446193466,0.404284789,0.888902865,9245.381865,N/A,0.672385178,0.575169705,89076.54851,67590.43823,11961.73581,33434.72736,11667.46027,31628.02598,24964.93979,26542.17532,34323.09302,0,36088.08883,217737.9861,46.0000912,2764.307151,52459.98358,373973.1697,88532.59614,66715.58517,12109.86775,33689.36018,12089.85725,31423.48136,25333.66903,26756.61969,34351.1856,0,35737.03694,219521.488,38.0000752,2718.298454,51977.869,376210.883,89211.37928,67445.62077,12348.1092,33426.65933,11883.65827,31461.55612,25554.13188,27003.14842,33938.02449,2.0000016,36419.0071,218796.4046,36.000064,2766.30997,52676.83404,374344.2442,88921.4207,66727.74098,12093.85448,32901.31318,11887.66392,31317.22443,25145.28945,26307.66683,34220.80369,0,35582.59252,218051.7542,38.0000816,2718.298646,52526.18818,374027.2801,87529.54756,65614.09634,11729.51172,32803.01387,11649.43415,29869.65992,24642.2964,26419.92152,33827.72781,0,35967.71236,217413.3927,34.000072,2742.302874,51885.52809,367912.5202,88806.46985,67704.9158,12304.07117,33320.42117,11529.32508,31138.76318,25433.91323,26768.64191,33984.15581,2.0000016,36226.46565,217793.1907,36.0000864,2820.319313,52437.86831,374937.3528,88989.72792,67260.57977,12099.86693,33685.37063,11865.63467,31431.51971,25582.17143,26413.90325,34343.15819,0,36597.5463,219836.9791,22.0000336,2814.318425,52490.08252,379204.7504,89209.35495,67025.2807,12185.94849,33534.94857,11761.53663,31427.4968,25680.37848,26920.99567,34266.93889,0,35751.06991,221273.6793,32.0000512,2806.31637,52937.93503,380713.545,85826.56217,64663.25592,11835.63663,32157.42699,11427.24295,30392.96943,24249.59977,25756.62146,33453.00761,2.0000016,34844.67399,215054.5446,20.0000256,2668.288316,51036.23733,369283.647,86512.84549,65714.44831,11699.48497,32891.30315,11845.61918,31411.43062,24800.63762,26399.87438,34036.32137,0,35251.7155,212707.1041,40.0001056,2854.330837,52427.85929,369816.2509,88261.64526,66646.1962,12036.80871,33184.45444,11760.74324,31150.21276,25138.70271,26528.95684,34074.44165,0.60000048,35846.59091,217818.6523,34.20006864,2767.309036,52285.63854,374042.3643
29,Z061324-pCcg-01,-41.91195734,6208.946145,2764.107547,2364.509731,2710.895788,1774.242759,5725.667752,5051.133326,8333.384322,1.40000112,36208.01471,27358.33117,10.00001248,555.0127851,53034.18368,62879.70141,181.0700869,80.75347023,67.55892539,70.92998708,111.2473186,106.4678522,136.9024053,131.0629121,157.0301499,1.349898195,570.8344943,344.5796833,5.811876025,35.9676718,776.4892924,1147.937688,432.0248884,1.300598658,2.444149667,2.999775647,4.103710631,6.000748865,2.391029505,2.594722881,1.884350269,96.42122253,1.57654182,1.259505491,58.11868772,6.480512299,1.464129809,1.825609318,113.766005,1.185624095,0.755692529,2.115073677,-0.007585713,0.482916745,0.413147244,0.309936295,0.882432105,9649.471741,12542.29697,0.682777647,0.435157243,8.325763817,0.010498947,0.011131904,0.09449487,0.031675935,0.013402592,0.014901866,0.01846378,0.023590701,8362.825583,2860.400235,0.00934595,0.005637035,7.318323097,0.885520706,1.473073235,4.467686933,417.5736094,2.775342104,3.606914114,5.957282207,2.673372899,86.66614927,22.80603179,1.368813179,1.295401752,106.7934766,1.173078622,0.750346537,2.167742588,0.019195025,0.491086123,0.394614351,0.308649411,0.858826088,30864.02558,N/A,0.690962466,0.441966364,113.1309162,1.172869189,0.770054328,2.037229232,-0.010497653,0.496160664,0.423998468,0.303347426,0.920323265,7806.202557,13549.67057,0.660932285,0.433939071,124.2670678,1.182192016,0.748913845,2.210234362,0.015672593,0.459760492,0.392073321,0.295529425,0.837750591,10397.21819,N/A,0.687799371,0.435718111,100.8167155,1.189974792,0.75141349,2.107972351,-0.047110777,0.489093014,0.41663021,0.283459846,0.871752212,6129.802165,6713.702595,0.693799955,0.438102259,117.178549,1.181028067,0.746754325,2.066651611,-0.021447303,0.497630322,0.419199137,0.311808868,0.879886746,7909.721267,13595.76692,0.679618217,0.429717005,124.019426,1.192408461,0.77078953,1.949295216,0.035385413,0.481803816,0.430638057,0.344949777,0.907638698,5332.946606,14028.72283,0.678248395,0.438429262,108.6416044,1.173860215,0.766302751,2.165751574,-0.006051446,0.469239064,0.422387569,0.320072269,0.877151539,2814.866246,N/A,0.677527364,0.44229379,110.854567,1.196700212,0.759505407,2.272808013,-0.044522313,0.472011625,0.391651221,0.288621076,0.890300213,4481.789732,13664.91823,0.686296399,0.43556926,124.2123817,1.202127893,0.756654366,2.044583967,-0.045625035,0.497482631,0.426970747,0.327045462,0.895260689,4595.950283,N/A,0.686300836,0.431977768,107.7453454,1.19200148,0.736190706,2.128467859,0.02914437,0.474899694,0.413309363,0.315879393,0.885431013,16162.19478,13701.0007,0.686291185,0.423859534,8693.036283,6199.540484,2804.316759,4330.753644,2634.27855,3796.578431,5819.35677,6091.489731,8522.909392,0,36358.85932,27281.74418,2.0000016,578.0137747,52620.59968,61728.10054,8440.857618,6139.515152,2810.317164,4458.801036,2780.309263,3732.559428,5769.337867,6359.623262,8232.726491,2.0000016,35191.49471,27099.36281,8.0000096,552.0126371,53245.23481,62449.69539,8769.080324,6265.573676,2764.307225,4456.79775,2720.297066,3832.589419,6117.499857,6181.533739,8216.704372,0,36294.64127,27181.55936,6.0000048,502.010389,52769.22717,62383.35906,8342.789088,6215.54761,2728.301659,4406.779855,2646.281356,3620.527709,5683.293749,6007.448249,8216.705182,4.0000032,35739.08672,26854.83187,10.0000112,608.0151492,51512.09143,61298.09031,8436.854195,6181.533383,2822.31999,4448.795154,2744.303538,3796.577099,5779.338527,6165.523962,8436.852386,2.0000016,36412.98707,27191.55559,8.0000064,540.0119843,53578.59182,63277.82075,8675.021626,6121.503529,2718.2966,4480.808118,2894.336287,3954.629043,5749.325868,6291.590079,8404.831784,2.0000016,36400.94603,28057.4681,12.0000128,516.0113187,53669.04852,63995.42754,8604.965755,6239.561917,2626.276568,4454.797451,2584.268658,3838.593441,5701.301481,6047.466822,8170.674621,0,35743.05673,27390.00272,22.00004,570.0133971,52755.14855,61927.17,8504.895363,6327.604022,2712.295402,4370.768947,2528.258878,3734.560528,5853.375675,6283.587105,8382.815853,2.0000016,35983.75744,27329.85832,14.0000208,566.0132115,52431.80275,62745.14947,8482.885541,6315.599256,2848.325737,4560.833253,2800.314314,3944.625303,5835.368619,6323.605627,8598.960505,0,36733.95234,27794.90543,14.0000144,518.0109202,53524.56301,64343.37014,8594.961324,6083.482418,2806.318361,4480.80782,2776.309964,3862.598619,6013.448349,6367.629425,8150.662632,2.0000016,37221.36547,27402.02332,4.0000032,600.0150692,54235.52903,64648.83086,8554.534712,6208.946145,2764.107547,4444.994303,2710.895788,3811.383902,5832.164676,6211.9498,8333.384322,1.40000112,36208.01471,27358.33117,10.00001248,555.0127851,53034.18368,62879.70141
30,RK24_FCT_12,-4.025737357,218.0020682,58.20018096,41.55280306,59.60018688,45.07463443,120.438995,106.6982132,372.605759,1.0000008,36224.06088,50478.38996,14.60002096,942.8365138,53422.82033,118775.1656,46.18677874,33.01234828,7.568972966,23.89940768,10.86488537,11.81804908,11.56955702,18.64549389,26.61822541,2.160248628,350.3265489,614.0604792,7.486297846,64.86178041,634.3331847,1369.424355,1147.287432,15.14313536,13.00506775,57.51575326,18.22961628,26.21884622,9.606155402,17.47498232,7.143804078,216.0246899,0.967110093,1.216481904,51.27593903,6.879430258,1.187382435,1.152955122,126.4777885,2.223377507,1.393583232,2.113818816,-0.028767492,0.488337978,0.343040896,0.3756576,0.897076162,14923.72665,10620.95313,0.678118888,0.425008859,8.249864959,0.018015296,0.018792257,0.640154652,0.379309981,0.082733996,0.190783008,0.098071214,0.185454204,17481.55919,2864.619494,0.007816296,0.004409133,6.52277768,0.810267065,1.348484712,30.28427259,1318.536844,16.9419541,55.61523725,26.10654335,20.67318379,117.1393687,26.97139756,1.152643932,1.03742145,117.9207934,2.243656194,1.402403912,1.825315132,-0.066413889,0.477160295,0.444033654,0.547078229,0.824829241,6014.200618,N/A,0.679696395,0.424846234,138.7251267,2.21760987,1.38992085,2.182754099,-0.460303327,0.427594367,0.312058398,0.44840793,0.726275055,5410.462983,N/A,0.677200923,0.42444602,118.8674163,2.229039035,1.39270741,2.237255571,-0.231565284,0.595968527,-0.092052462,0.27062116,0.806586278,29896.37027,N/A,0.670988163,0.419234555,130.3726606,2.225726705,1.399976653,1.60018451,0.066090298,0.535651952,0.133863768,0.306650766,0.915424027,6460.914646,N/A,0.686981015,0.432109378,114.253952,2.253536857,1.392225704,3.77771948,-0.007380076,0.348303054,0.476026173,0.304146747,0.512175192,6639.699757,12646.545,0.685118547,0.423263391,124.0922547,2.198055165,1.375499548,2.272254895,-0.439928105,0.392938333,0.389727175,0.481152952,1.085938878,5415.134208,N/A,0.673721657,0.421601718,134.1314556,2.217324888,1.433845857,1.544059007,-0.175502859,0.460167605,0.360316208,0.322272933,1.033639286,11911.29275,8595.361261,0.669550521,0.432968685,121.2197649,2.217855939,1.373590277,2.054209279,0.480503658,0.503591918,0.439346053,0.382981032,0.915421051,11637.54734,N/A,0.683132847,0.423086378,132.6261784,2.196825233,1.405574295,1.943109823,-0.187073848,0.554227,0.398568424,0.433975828,1.088191602,5928.599113,N/A,0.666236706,0.426272047,132.5682824,2.234145186,1.370087815,1.701326367,0.733898513,0.587776728,0.568521568,0.259288421,1.062281006,59923.04483,N/A,0.688562108,0.422260183,322.0043793,238.0023632,54.0001872,130.0007312,62.0002032,140.0008288,118.0006544,146.0009744,378.0058225,0,36439.06209,51102.28322,20.0000288,1020.0422,53610.79202,120284.1856,308.0040321,266.0029264,56.0001568,130.0007888,60.0001664,146.0009744,136.0008352,150.0010192,394.0064401,0,36348.80769,50521.96567,22.0000336,858.0303387,53675.07108,119030.3674,332.0046881,260.0027808,72.0002208,76.0002976,54.0001424,118.0006384,126.0007056,154.0009872,406.0068689,0,35997.8023,50134.40601,4.0000032,1006.041693,53648.9379,119585.5768,276.0032256,194.0015952,60.0001632,80.0002976,70.000264,98.0004592,116.0006112,146.0009776,312.0041185,0,35895.49831,50252.85958,18.000024,892.0322572,52251.07756,116296.6187,262.0028368,190.0017008,50.0001616,132.000768,38.000072,106.0004912,148.00096,122.0006896,348.0049633,4.0000032,36334.78418,50586.22047,18.000024,1046.044823,53034.30233,119514.755,268.0029984,234.0024368,50.000136,128.00072,56.0002208,138.0008304,132.0008416,190.0015376,372.0056449,0,36515.28365,50226.75614,22.0000432,960.0372463,54199.36152,119133.1865,284.0033728,220.0019808,54.0001552,116.0006464,76.0002592,110.00052,122.000712,172.0013344,364.0054817,6.0000048,35967.74967,51572.20883,10.000008,888.0319852,53719.24674,119113.0228,312.0041089,184.0014432,60.0001856,114.0005808,58.0001552,106.0005232,124.0007648,162.0010992,380.0060865,0,35845.4175,49236.91694,10.000008,960.0378831,52472.10354,116375.5665,294.0036048,226.0022128,56.0001856,116.0006272,52.0001312,118.000584,106.0005104,164.0011552,388.0061185,0,35959.68619,50544.01057,20.0000352,894.0330813,53974.33951,118572.1909,320.0044481,168.0012416,70.0002576,124.0007072,70.0002544,86.0003344,124.000704,180.0014656,384.0060449,0,36936.51723,50606.2722,2.0000016,904.0336301,53642.97105,119846.1855,297.8037695,218.0020682,58.20018096,114.6006165,59.60018688,116.6006184,125.2007299,158.601124,372.605759,1.0000008,36224.06088,50478.38996,14.60002096,942.8365138,53422.82033,118775.1656
31,Z061324-pCcg-02,21.45859879,2746.304109,1240.262631,1047.52894,1206.459294,821.6638935,2585.565372,2278.368815,4156.295182,1.20000096,36303.68758,24334.48731,9.2000112,469.8092016,53574.23201,53265.73365,68.66810984,36.91064271,48.51551666,48.24198476,65.55568142,84.30578371,78.19240953,42.55774194,80.96477908,1.398412916,405.7084279,253.9611499,5.59365825,32.33906204,600.7188163,541.397,320.0027668,1.344011488,3.91171317,4.605312838,5.433725097,10.26037342,3.024190005,1.867903988,1.948003583,116.5343165,1.117540545,1.043626466,60.80055914,6.883445861,1.121283113,1.016407666,113.8454711,0.994296728,0.670342916,2.147655969,0.008568881,0.479803108,0.405400399,0.317718662,0.881754226,7325.137669,11003.25166,0.677679847,0.456869089,7.615768247,0.009914773,0.007184112,0.110070738,0.02637228,0.016104845,0.021042366,0.030690388,0.025905452,3172.166628,2772.282499,0.008317491,0.004470742,6.689566278,0.997164428,1.071706944,5.125156893,307.7680858,3.356552913,5.190514408,9.65961151,2.937944765,43.30521516,25.19512036,1.227348083,0.978560905,108.2879433,1.005221223,0.677029732,2.135235773,-0.007793449,0.505705534,0.431455704,0.349173525,0.908147538,9024.174489,12356.20184,0.677657365,0.45641116,107.054562,0.995591879,0.666685284,2.176877478,-0.001010947,0.468470421,0.413834276,0.276347768,0.8664263,6691.042429,12246.98512,0.68333823,0.457588648,103.5771634,0.989206105,0.666233396,2.345936187,-0.001574408,0.477330786,0.418537612,0.368504171,0.89553971,2401.154107,N/A,0.679613542,0.45772184,113.1274634,1.000454741,0.669396102,1.920252168,0.052170882,0.489565721,0.438067536,0.333686239,0.879934341,6646.363822,6046.345777,0.679818754,0.45486118,130.0877492,0.97141499,0.669325728,2.139387025,0.017437824,0.490755989,0.377769824,0.269743825,0.902468515,5255.624753,N/A,0.674405374,0.464679743,113.783115,0.994888215,0.659093608,2.137021911,0.022073371,0.498941734,0.386199904,0.328374392,0.845462588,8989.032787,N/A,0.67845689,0.449464164,111.4734965,0.987813961,0.684738488,2.060980279,0.028663487,0.474574703,0.395574237,0.327608413,0.87368102,3358.201994,12248.98854,0.65773912,0.455935336,115.6185297,1.002557995,0.671112724,2.163794445,0.004755752,0.47472741,0.39633096,0.303294503,0.883723751,8787.167907,N/A,0.674944611,0.451808193,121.9883329,1.002357129,0.664767004,2.242537376,0.018275603,0.455311832,0.415121095,0.302852528,0.920441646,8823.975771,12117.73701,0.690222305,0.457758019,113.456356,0.993461047,0.67504709,2.154537046,-0.047309307,0.46264695,0.381112843,0.317601255,0.841716852,13274.63863,N/A,0.680602282,0.462462611,3760.567004,2730.299881,1272.065981,2000.160743,1178.056433,1774.126142,2568.26767,2860.329757,4134.685447,2.0000016,36501.2381,24712.42345,6.0000048,500.0103298,53863.85508,54145.09025,3824.588805,2764.30815,1236.061593,2018.164169,1212.059533,1636.108228,2692.290559,2872.331731,4208.712304,2.0000016,36739.95878,24493.98984,8.0000096,500.0104866,53765.40809,53528.40367,3698.550855,2674.288193,1234.061477,1978.157809,1102.049636,1830.135769,2638.279878,2892.338107,4142.692518,0,36292.65503,24179.37882,22.00004,510.0109394,53401.90089,52825.48641,3910.614659,2730.300573,1224.060979,2010.165199,1302.068367,1730.120996,2554.264042,2788.311849,4222.717206,4.0000032,36130.18122,24185.40246,8.0000064,470.0092402,53146.78506,53170.95311,3906.612207,2790.312795,1220.061008,1874.14174,1162.054727,1586.101323,2538.259555,2812.318023,4082.674085,0,36487.25536,24421.85876,10.0000144,404.0067073,54102.85381,52556.32321,3892.611124,2768.308566,1352.073694,1974.157307,1268.065117,1798.131922,2764.307596,2884.333402,4258.729391,0,36780.06846,24241.50802,6.0000048,474.0091698,54211.35667,53934.23987,3844.594669,2722.298697,1250.06332,1954.154363,1278.066911,1756.123746,2688.290828,2892.337,4242.725227,2.0000016,35777.15745,24497.99669,16.0000192,482.0096082,54394.14559,53731.29638,3836.589793,2762.308494,1208.059974,1934.151319,1176.056499,1678.114173,2598.274281,2832.325577,4188.703885,0,35494.34387,23820.7058,6.0000048,456.0086498,52588.52845,52723.04962,3818.585842,2724.298827,1164.054876,1974.156885,1140.052438,1668.112126,2608.273536,2916.34084,4042.655852,2.0000016,36457.12445,24235.49341,6.0000048,434.0078737,52819.39487,52943.89698,3744.562357,2796.316913,1242.063403,1960.155414,1246.063275,1770.125985,2736.301704,2822.321539,4038.655907,0,36376.8931,24556.11583,4.0000032,468.0090114,53448.09159,53098.59701,3823.787731,2746.304109,1240.262631,1967.756495,1206.459294,1722.720041,2638.680965,2857.328783,4156.295182,1.20000096,36303.68758,24334.48731,9.2000112,469.8092016,53574.23201,53265.73365
32,SN3,0.785226663,6.80000672,1.0000008,1.121466437,1.80000208,1.368936423,1.974442794,1.921407288,2.0000016,0,39452.01275,75219.77916,16.20002288,353.0052505,58881.27597,41941.91067,6.412535942,2.699798603,1.699674531,2.086663011,2.201012664,3.966666899,2.11646032,2.385551904,2.309402924,0,342.7200275,975.4402455,6.28579858,22.69180988,723.2751092,571.4079685,816.647758,39.7028814,169.9673171,186.0655783,122.27834,289.7626824,107.1927901,124.156493,115.4700538,N/A,0.868700995,1.296786904,38.801171,6.428179142,1.228361813,1.362379442,119.236055,0.71234644,1.906572882,0.187646434,-46.07725538,-5.683746854,-2.370404518,-20.17621431,-4.664097165,2983.280909,N/A,0.670065481,1.793477775,7.420337822,0.008334521,0.012776674,0.45197249,139.6423557,17.43431374,46.05761217,41.42013143,23.93542755,1199.076392,N/A,0.004879796,0.01221365,6.22323325,1.170009457,0.670138263,240.8638847,303.0613576,306.7398001,1943.027522,205.2918888,513.1845821,40.19321106,N/A,0.728256515,0.681003717,113.057442,0.707702044,1.919331438,N/A,2.115474913,0,0.664921466,1.671902269,1,2987.989168,N/A,0.667273392,1.809686448,107.8119929,0.700974452,1.882494931,0,N/A,N/A,N/A,N/A,N/A,4140.042906,N/A,0.666390276,1.789617741,121.18268,0.708800116,1.911032755,0.995740151,-0.514894281,0,0.555595077,-0.439334909,0.622887367,5210.927032,N/A,0.664961708,1.79283775,110.3254826,0.714163656,1.913916797,-0.006389771,-66.23267319,0,78.65968586,-79.47905759,-67.35,2107.246628,N/A,0.668669138,1.791994151,121.5756737,0.703262241,1.906148263,-0.038338658,56.172484,-52.16666667,0.136561955,-0.409685864,10.9,2066.813394,N/A,0.670866385,1.818341324,131.7597459,0.719623358,1.891172922,N/A,2.846427139,0,0.994764398,2.015706806,0,1468.196697,N/A,0.677512658,1.780505844,122.5476867,0.715610143,1.909130195,N/A,2.319891347,0,1.382859926,0.357511031,-0.434551495,3011.211414,N/A,0.674123414,1.798450423,126.751537,0.705573314,1.897333177,N/A,-0.31113269,1.012944984,1.002337144,-1.99407077,1.884789644,4233.556078,N/A,0.663469714,1.784113818,121.2512783,0.723392041,1.923951688,-0.012779553,-409.3218239,0,-104.0602094,-105.1527051,10.9,1951.069369,N/A,0.670332187,1.782832363,116.0970313,0.72436303,1.911216658,N/A,-1.769051774,0,-0.670157068,1.843805338,0.5,2655.7564,N/A,0.677055937,1.786397888,14.0000144,4.0000032,0,4.0000032,0,8.0000064,4.0000032,4.0000032,0,0,39442.18426,75702.62422,14.0000176,370.0057265,59109.48159,41831.90095,6.0000144,10.0000144,4.0000032,4.0000032,4.0000032,0,0,6.0000048,0,0,39357.87577,74091.00161,10.000008,384.0060929,59061.29964,41400.46218,8.0000064,8.0000064,0,6.0000048,6.000008,0,6.000008,4.0000032,2.0000016,0,39109.13256,74738.83335,8.0000064,344.0050145,58814.11226,41687.4496,10.0000112,6.0000048,0,0,4.0000064,4.0000032,0,2.0000016,2.0000016,0,39460.23447,75523.60556,20.0000352,382.0060945,59013.09365,42145.00673,4.0000032,6.0000048,4.0000032,2.0000016,2.0000016,2.0000016,0,0,6.0000048,0,39432.15842,75163.54029,20.0000256,340.0048673,58777.96128,41336.32079,14.0000208,6.0000048,0,4.0000032,0,6.0000048,2.0000016,0,0,0,38703.93145,73195.82713,28.0000416,312.0040065,57126.50674,41109.5686,10.0000112,4.0000032,0,4.0000032,0,2.0000016,2.0000016,0,6.0000048,0,39713.02342,75817.33214,14.000024,344.0051233,58910.6128,42157.03207,16.0000192,12.000016,2.0000016,6.0000048,0,0,2.0000016,4.0000032,2.0000016,0,39809.32001,75531.54359,10.0000112,334.0046929,60001.71397,42335.60819,16.000016,4.0000032,0,4.0000032,2.0000016,4.0000032,0,0,2.0000016,0,39775.21427,76525.59064,22.00004,354.0053745,59336.57232,42923.60417,4.0000032,8.0000064,0,0,0,10.0000112,4.0000032,2.0000016,0,0,39717.05286,75907.89305,16.0000192,366.0055121,58661.40547,42492.15338,10.200012,6.80000672,1.0000008,3.40000272,1.80000208,3.6000032,2.00000192,2.20000176,2.0000016,0,39452.01275,75219.77916,16.20002288,353.0052505,58881.27597,41941.91067
33,Z061324-pCcg-03,53.81586117,9056.495377,4684.282634,3750.615901,4432.992538,2919.981432,9659.335462,8501.187071,14300.60844,0.40000032,36421.69443,96946.82232,16.200028,951.6369208,53785.72592,121631.586,231.4578581,414.1195618,199.0038904,144.2683071,262.9245684,147.1013585,358.2322721,295.9813188,510.2066362,0.843274717,1085.081377,2537.435776,9.402146838,41.6342638,1605.732411,3999.228465,430.0922686,4.57262489,4.248332262,3.846523102,5.931085291,5.03774979,3.708663743,3.481646931,3.567726775,210.8185107,2.979217179,2.617348063,58.03784313,4.375015606,2.98542482,3.287985132,127.9287485,2.261259745,2.662118818,2.182893345,0.006054376,0.484926949,0.388542111,0.302385947,0.880352646,11665.97249,48945.99858,0.67719021,0.797236323,4.477961319,0.016913278,0.02112466,0.092060844,0.024640418,0.008803927,0.014918204,0.012569237,0.018205629,8842.65689,316.3643006,0.006403089,0.007728806,3.500355762,0.747958224,0.793528069,4.217377106,406.9852622,1.815516223,3.839533462,4.156687004,2.067992739,75.79871203,0.646353757,0.94553774,0.969449797,130.3612642,2.260534674,2.63487481,2.010387674,-0.02763652,0.489724123,0.412685694,0.294798874,0.876951629,5095.136671,48722.29524,0.683661903,0.796874981,131.4381644,2.247757165,2.662680932,2.197295027,-0.030221596,0.491384078,0.392995109,0.310854958,0.873303287,10384.00122,49169.70192,0.666210556,0.789189407,132.8863665,2.24898232,2.700943555,2.241736948,0.011626182,0.467222039,0.364046185,0.28965087,0.876659981,5105.230966,N/A,0.672011678,0.807060862,132.3864565,2.273207956,2.66744298,2.096586617,0.005163043,0.494551553,0.386942602,0.286955669,0.873720895,5119.128263,N/A,0.67187672,0.788398103,132.4935122,2.285230747,2.654084204,2.092032082,0.020090115,0.48169907,0.385485723,0.301620223,0.889452439,4429.227294,N/A,0.681831234,0.791883931,123.7828679,2.266958458,2.633483097,2.212097259,0.032320631,0.497315172,0.397022995,0.325855143,0.871769371,12304.49486,N/A,0.684243466,0.794872793,124.5648044,2.255745735,2.666947373,2.162330612,-0.002035073,0.483110332,0.377366998,0.309159758,0.869242425,19598.93355,N/A,0.680410577,0.804443148,120.6224277,2.246448776,2.656428058,2.308319199,0.010597167,0.477624521,0.374715025,0.305383302,0.853336435,30820.27312,N/A,0.672514449,0.795249048,124.3687986,2.288642353,2.654882675,2.255353072,-0.007977485,0.484059614,0.385800276,0.288116101,0.918203802,5182.236811,N/A,0.683851817,0.793285303,126.3828223,2.23908927,2.689420493,2.252794956,0.048617296,0.482578985,0.408360506,0.31146457,0.900886191,18621.06211,N/A,0.675289703,0.811105653,12454.20359,9187.379949,4712.890738,7050.000399,4786.918806,5851.373922,9805.852187,10426.35575,14264.16293,2.0000016,36982.65589,97444.66844,24.0000448,938.0356126,54094.9492,122283.5084,12900.68127,9535.647858,4904.96444,7118.042953,4542.829219,6231.558735,10170.13638,10768.64113,14726.67562,2.0000016,36932.50714,98339.48252,12.0000192,948.0367791,55436.68859,124608.214,12834.60274,9187.380878,4598.849366,6661.787341,4390.77532,5865.381696,10024.02444,10602.49886,14168.03742,0,36611.56905,98885.78148,24.0000512,922.0344253,54480.55483,122525.8046,12784.53799,9197.386847,4838.940883,6867.88774,4666.872514,5825.360203,9971.986337,10592.49853,14670.61351,0,36312.68597,96862.0193,24.0000384,928.0350733,54046.65004,122859.2749,13098.87712,9319.485279,4694.884559,6879.899719,4658.871903,5997.446338,9929.950341,10668.56194,14354.24674,0,37002.72646,98208.35179,28.0000576,936.0354126,54269.62662,124018.6194,12822.58105,9033.270552,4858.947169,6905.911769,4416.784915,6147.516912,9957.969676,10562.4681,14680.6291,0,37139.12356,97805.25414,10.0000176,994.0403489,54277.64448,123045.1652,11877.65211,8592.960464,4634.867148,6499.702636,4436.789946,5785.349793,9767.831589,10236.2149,13617.44608,0,35470.30718,94597.44255,6.0000048,944.0362862,52130.74042,117593.6954,12688.46429,9089.311156,4690.881973,6725.812528,4254.730208,5981.435892,10008.01747,10416.34047,14612.56516,0,36906.42009,98039.24986,4.0000032,1022.042032,54878.25602,123281.1911,12822.58347,9317.475937,4714.890087,6879.899978,4318.75118,5863.382489,9927.946262,10988.83752,14682.63621,0,37163.20906,98663.95988,24.0000352,1000.040744,54343.95012,124373.8659,11643.49794,8104.654851,4192.709977,6263.585892,3856.601368,5365.164204,8857.193728,9669.789884,13229.07161,0,33695.73985,90622.0133,6.000008,884.032494,49898.19885,111726.5216,12592.76816,9056.495377,4684.282634,6785.253095,4432.992538,5891.397018,9842.090841,10493.22071,14300.60844,0.40000032,36421.69443,96946.82232,16.200028,951.6369208,53785.72592,121631.586
34,Z061324-pCcg-04,-98.39416438,5174.477279,2018.164524,1748.232317,2004.962796,1316.832212,4182.262037,3698.223384,8253.736778,0.80000064,36041.79047,40381.46051,13.00001616,622.0161713,53325.32913,72059.49526,219.4736377,159.0323486,73.85891358,85.72343951,61.53221556,75.27054697,175.2684545,123.9898536,268.4246823,1.398412916,773.0386054,896.6818779,3.800591907,38.553613,1252.981948,1318.912631,223.055543,3.073399303,3.659707259,4.903435241,3.068995379,5.716031722,4.190757368,3.352686972,3.252159471,174.8014747,2.14483963,2.220528595,29.23528602,6.198168919,2.349693791,1.830310671,116.2079285,1.351526153,1.120519724,2.086433878,-0.023529932,0.483289183,0.418958641,0.315059517,0.885327566,6019.795989,16919.29127,0.675991709,0.560384594,6.762035543,0.01483059,0.018379003,0.077505012,0.052499345,0.025969638,0.031195037,0.016938759,0.03970834,1899.008904,5864.739931,0.010757863,0.006713036,5.818910662,1.097321738,1.640221271,3.714712104,223.1172817,5.373519432,7.445851112,5.376367988,4.485158007,31.54606747,34.66303546,1.591419377,1.197933674,112.9635629,1.351154145,1.1228688,2.099943117,0.006966135,0.44060034,0.386862587,0.32407224,0.881064791,9122.051078,N/A,0.677786651,0.563270658,107.0029326,1.317484064,1.116398037,2.15577187,-0.033506569,0.451148674,0.359575036,0.315559166,0.852108843,4534.373709,N/A,0.659462924,0.558809882,118.298902,1.342415209,1.131183429,2.088138429,-0.073488822,0.512026202,0.436859151,0.292366782,0.931730094,3643.692372,N/A,0.670766216,0.565219779,127.580199,1.35117149,1.114675881,2.173925941,-0.038503803,0.468412304,0.426547278,0.308356252,0.848014442,6017.667614,20221.65626,0.678889404,0.56006336,125.5482391,1.367422324,1.117483426,2.219073972,0.020768613,0.491609351,0.434270581,0.31553746,0.89235154,5201.401239,N/A,0.676575705,0.552910482,110.5944605,1.349016646,1.154886484,2.086469772,0.038869632,0.475500848,0.420504835,0.297174902,0.837538713,7188.821457,20388.26146,0.662567858,0.567221068,113.3311329,1.351081106,1.131745102,2.018862535,0.033714419,0.472766973,0.424060409,0.311859455,0.863597595,5855.589955,N/A,0.682169959,0.571425732,110.4696123,1.351598482,1.128030656,1.996734595,-0.063211492,0.502272569,0.43201345,0.347304466,0.927274476,9086.365209,N/A,0.671571855,0.560487194,115.396898,1.365998919,1.087388071,2.025735035,-0.123289132,0.498895096,0.396298569,0.302798347,0.866431449,5225.967326,10147.95608,0.696962383,0.554809063,120.893346,1.367919147,1.100537352,1.999683517,-0.003618299,0.51965947,0.472594513,0.335566098,0.953163715,4322.029931,N/A,0.683164136,0.54962872,7256.107007,5219.093297,1906.146458,3422.46973,2060.174028,3114.389638,4432.78865,4972.995164,8336.78469,0,36607.57389,41105.50256,8.0000064,646.0177525,54010.46748,72976.467,7047.990972,5197.087317,1986.158962,3324.443106,2042.168243,3094.385647,4506.81535,4888.960426,8166.678476,0,36314.72339,40541.68592,16.000016,678.0192854,55067.11911,72550.05189,7023.978999,5291.121818,2102.177709,3566.512777,1966.155918,2936.347798,4210.713871,4970.995156,8224.712069,0,36413.00927,41189.7927,20.0000256,616.0153604,54285.69361,72873.94073,7063.996429,5221.094025,2004.161482,3574.513186,1968.156694,3032.370455,4388.773619,4828.936691,8618.981173,2.0000016,36282.60516,40443.34488,12.0000128,566.0132915,53444.05867,72212.08839,7232.097104,5159.069703,2112.180688,3594.520375,1936.150677,3048.373636,4400.776826,4970.990343,8162.668429,0,36029.87628,40262.78957,14.0000208,580.0139139,53253.2812,72819.72554,7252.110035,5119.05415,2014.163925,3496.492643,2030.165391,2938.346897,4340.75666,4690.881953,8206.698758,2.0000016,35307.84723,40776.55553,10.0000112,650.0171413,53289.40549,71888.29508,6983.959757,4944.983502,1928.149685,3386.460922,2020.165118,2894.336595,4180.704901,4636.861853,8002.567328,0,35478.35053,40152.44942,12.0000096,620.0161764,52008.08105,70267.13568,7003.968124,5247.105397,2072.174095,3540.505686,2066.171837,3154.401567,4234.720422,5015.008234,8538.924557,0,36118.13477,40742.36328,8.0000064,658.0178773,53781.48968,72690.97982,7021.978294,5445.189736,2092.176802,3486.492075,2070.172371,3056.375813,4302.744352,4822.932662,8538.925729,4.0000032,37329.68744,40591.8568,14.0000208,634.0174869,53560.54842,73163.65126,6771.84908,4900.973841,1964.15543,3428.475276,1890.147687,2876.336629,3878.616364,4680.889365,7740.426573,0,34536.09676,38008.26446,16.000032,572.0134275,50553.14662,69152.61721,7065.80358,5174.477279,2018.164524,3482.088578,2004.962796,3014.566467,4287.741101,4847.945185,8253.736778,0.80000064,36041.79047,40381.46051,13.00001616,622.0161713,53325.32913,72059.49526
35,Z061324-pCcg-05,-135.2121283,8437.660434,3468.085608,2878.631064,3355.653788,2258.640704,7124.392068,6193.477103,11654.05464,0.40000032,35796.906,32732.70231,8.80001152,1130.052073,53029.90841,143614.2672,219.839469,218.6812557,121.5535217,207.0198466,123.77999,115.8311599,229.0119121,143.9453908,430.25212,0.843274717,829.829864,759.7945949,4.341028261,31.59750619,1271.623385,3577.229845,162.5885723,2.591728566,3.504916991,7.191607468,3.688699665,5.128357057,3.214476546,2.324145038,3.691866336,210.8185107,2.31816086,2.321209498,49.32980203,2.796110634,2.397936228,2.490859659,127.1818347,2.70841958,0.91443426,2.124234603,-0.018887763,0.487169251,0.403843775,0.317090353,0.86980204,20146.21357,16388.96068,0.675115473,0.227946319,4.955742327,0.043293399,0.00828726,0.060006321,0.030878912,0.021344399,0.0221189,0.013987175,0.022644024,9715.540759,102.7873591,0.010565336,0.002912361,3.896580308,1.598474605,0.906271781,2.824844364,163.4863348,4.38131076,5.477093152,4.411100611,2.603353712,48.22514527,0.627174359,1.564967216,1.277652075,124.0075505,2.760718206,0.920276223,2.18202929,-0.021294291,0.506034343,0.402969594,0.290214597,0.841902444,8033.301328,N/A,0.682947592,0.227658306,130.9343159,2.747777071,0.908544932,2.16521143,0.022523315,0.460760588,0.441914851,0.324462018,0.8324245,14612.91918,N/A,0.685756352,0.226743452,122.5623303,2.754680658,0.907463142,2.042021832,-0.057339013,0.498258445,0.405681861,0.312028629,0.864555549,36218.86533,16461.64232,0.689843521,0.22725232,131.2487141,2.648316798,0.924098798,2.082835988,-0.067064968,0.458705424,0.36586651,0.313643199,0.863647127,17817.76557,N/A,0.669629562,0.233659309,129.1077802,2.682763836,0.918880561,2.134444452,0.009683055,0.484654643,0.42190807,0.342153108,0.894630151,24187.28124,N/A,0.665901547,0.228079706,135.5149596,2.721609158,0.911600068,2.158169996,-0.043856411,0.488547296,0.384258475,0.30356513,0.862050772,12264.63928,N/A,0.665790547,0.22300583,125.8078123,2.743135878,0.898025764,2.101746036,-0.015732956,0.482000805,0.409253849,0.32208306,0.889554048,12036.15655,N/A,0.687261774,0.224990233,126.1539882,2.646216652,0.924839136,2.167911286,-0.006514483,0.483164001,0.408736463,0.325658882,0.860373842,36081.68092,N/A,0.659978675,0.230659159,118.1495634,2.679268279,0.915791667,2.188916109,0.018300664,0.531637551,0.380271,0.322606483,0.892994451,22370.68167,N/A,0.669246078,0.228752748,128.3313325,2.699709269,0.91482231,2.019059611,-0.027582543,0.477929417,0.417577073,0.314488428,0.895887512,17838.8446,16316.27904,0.674799088,0.228662126,11663.44665,8536.921875,3710.551242,5815.357151,3360.453306,4928.974443,7482.249595,7804.438579,11709.49059,0,35771.13742,32919.32725,18.0000368,1166.055768,52377.57307,144599.7195,11799.57012,8402.827551,3388.461778,6065.47621,3396.463539,5143.062344,7508.257622,7802.436951,12065.83295,0,36469.16436,33133.87446,10.0000112,1116.050857,53180.93559,146129.3554,11641.4344,8699.033409,3498.492724,5763.330985,3438.475434,5045.02402,7170.060696,7690.371373,11629.4203,2.0000016,36280.60409,32923.31098,4.0000032,1182.056321,52592.51261,144875.5772,11503.30906,8657.006159,3300.437719,5533.228097,3454.479288,5097.042582,7346.162994,7860.475765,11819.60089,0,36041.977,33306.34762,8.0000128,1086.047613,53823.75431,142542.3527,11811.58175,8480.884441,3482.491061,5873.387225,3366.45471,5241.103718,7334.154813,8048.596582,11631.41145,0,36021.86817,33099.79443,6.0000048,1124.051574,54094.88588,145123.8035,11411.21868,8470.876791,3530.500124,5615.263141,3348.451143,4972.997001,7380.18555,7904.513507,12023.79817,0,36003.79166,32821.05894,12.0000096,1086.048282,54076.75408,147175.7891,11403.20457,8316.772387,3418.471424,5689.303539,3374.457424,5013.008546,7240.103761,7920.520519,11569.36006,0,36186.33813,32496.26395,12.0000192,1148.053583,52652.91846,144434.1097,11633.4138,8436.853731,3532.501716,5815.356745,3372.456107,5149.065117,7464.230301,7958.53952,11975.74345,0,35995.78136,33290.30733,4.0000032,1144.052924,54540.82492,144326.8391,11064.96282,7904.547767,3512.509785,5161.080815,3018.37209,4724.91338,6741.8456,7370.198743,10554.54083,0,33527.44417,30704.154,6.0000048,1136.053267,50097.33383,134224.1974,11537.32984,8470.880228,3306.438511,5727.315617,3426.474839,4954.988341,7066.005807,7808.442501,11561.3477,2.0000016,35670.95363,32632.58419,8.0000096,1112.050543,52861.5913,142710.928,11546.94717,8437.660434,3468.085608,5705.909953,3355.653788,5027.017949,7273.325674,7816.853404,11654.05464,0.40000032,35796.906,32732.70231,8.80001152,1130.052073,53029.90841,143614.2672
36,Z061324-pCcg-06,-95.57661934,3672.142828,1484.88937,1227.788037,1437.284063,927.162223,3036.149683,2723.684396,4713.492755,1.60000192,36233.68443,22346.18474,6.40000608,471.4093508,53442.10086,51728.94454,75.14730564,80.74678911,45.85772688,134.37456,76.26091399,120.4910973,86.60110134,89.20192662,153.9472165,1.837875566,534.9080836,279.2984051,3.23865919,35.16515142,871.140334,967.3941025,78.62519742,2.198901102,3.08829249,10.94444284,5.305904098,12.99568666,2.852333066,3.275046358,3.266096384,114.867085,1.476272954,1.249870653,50.60400178,7.459578679,1.630063788,1.870121479,110.2073386,0.967955052,0.616800154,2.11831315,-0.031661738,0.489434422,0.404476629,0.305420868,0.897632498,10310.5369,7810.26653,0.678036072,0.432063366,7.444034837,0.010231771,0.009019023,0.137671564,0.02525045,0.020900065,0.04317151,0.038954045,0.03609253,6253.411411,3007.333415,0.005736655,0.006106401,6.754572725,1.05705017,1.462227741,6.499112916,79.75067673,4.270248211,10.67342506,12.75421864,4.02085823,60.65068652,38.50487565,0.846069226,1.413311553,108.8932419,0.972415467,0.615644365,1.956462596,-0.030490711,0.507727826,0.400192221,0.280427249,0.900560937,6397.593402,10971.6278,0.677198856,0.428740259,113.1779257,0.972906642,0.609904707,2.137691657,-0.039626662,0.488884669,0.354904508,0.270666229,0.88672993,26144.59375,5564.948448,0.679076613,0.425705823,110.0695256,0.980369502,0.62821521,2.324882818,-0.034455009,0.458595123,0.381685492,0.305132096,0.885607344,8658.968522,11234.08527,0.674887906,0.432464338,108.1781703,0.947849823,0.613242905,2.027819515,-0.040843457,0.484682487,0.333767873,0.24275715,0.830704023,8438.059526,N/A,0.67626821,0.437534166,117.7708757,0.967555787,0.606181444,2.338040728,-0.032468486,0.485771964,0.454483238,0.303956516,0.911095431,8715.195051,5620.047737,0.686191538,0.429904491,124.0799854,0.955444258,0.622579812,1.962131859,-0.079430685,0.526776679,0.389353917,0.328417249,0.929810812,8685.74649,5660.623398,0.666770189,0.434476062,110.3189155,0.962432096,0.619464596,2.15432562,-0.033786307,0.477152331,0.390393602,0.280721614,0.95933312,6205.547941,N/A,0.686790236,0.442049094,108.2265442,0.974639515,0.633611395,2.165441614,-0.030431246,0.514752331,0.432854253,0.316050068,0.917505604,12987.43597,N/A,0.675248325,0.438977721,105.6221312,0.967615601,0.609755875,1.988439149,-0.019503067,0.476780087,0.442919777,0.361742184,0.896755937,13097.40968,N/A,0.678015592,0.427260567,95.73607083,0.978321831,0.609401234,2.127895948,0.024418251,0.473220724,0.464211407,0.364338322,0.85822184,3774.818625,N/A,0.679913256,0.423521139,4995.003174,3672.541037,1494.089825,2408.234647,1504.091279,2030.16518,3002.364465,3300.440059,4668.875243,2.0000016,35642.77433,21943.27316,8.0000096,470.009045,52632.65586,51180.80864,5113.050444,3782.574713,1530.094465,2378.227544,1464.086594,2088.17606,3188.40908,3414.469798,4588.844758,4.0000064,36497.22515,22259.82941,2.0000016,462.0090802,53745.37192,52289.22933,5045.027091,3722.555435,1450.084909,2454.243879,1360.075236,2186.194426,3224.417555,3480.486062,4882.957012,2.0000016,35765.11386,22468.18851,6.0000048,472.0094178,52994.15433,51953.85269,5081.038409,3760.569668,1490.090318,2286.210053,1516.093433,1980.158182,3132.393643,3186.411169,4540.831344,0,36122.15251,22151.65374,6.0000048,468.009373,53413.94431,50628.39766,4936.97693,3638.53257,1506.092043,2628.278337,1326.071666,2136.183971,3162.40244,3500.49134,4850.942575,4.0000064,37084.98029,22480.22692,6.0000048,444.0080097,54044.64823,52291.21214,4946.985252,3740.565129,1538.097714,2390.229857,1488.089996,2186.193072,2982.35864,3396.46374,4892.96074,4.0000032,36368.84983,22642.51171,6.0000048,420.0074689,54544.80487,52114.52063,4802.928128,3540.507008,1398.078915,2330.219629,1360.076353,1984.159933,2988.358318,3446.481196,4562.834654,0,35426.20712,21945.28109,8.0000096,450.0084402,51582.28127,49644.4431,4968.989663,3654.536868,1536.095334,2516.256494,1378.076636,2142.184325,3044.373128,3394.461389,4712.890476,0,35991.77445,22804.79842,4.0000032,480.0096482,53301.53826,51949.78542,4988.997355,3646.535876,1460.085762,2578.268241,1540.096566,2304.215182,3120.392475,3378.46035,4538.826325,0,36709.84665,22384.04465,4.0000032,496.0104482,54143.07147,52389.68064,5007.005423,3562.509973,1446.084413,2612.274045,1436.082869,2282.209205,3118.390374,3304.438737,4894.964426,0,36727.92009,22382.03981,14.0000144,552.0125763,54018.53809,52847.5151,4988.600187,3672.142828,1484.88937,2458.244273,1437.284063,2131.983953,3096.386012,3380.260384,4713.492755,1.60000192,36233.68443,22346.18474,6.40000608,471.4093508,53442.10086,51728.94454
37,Z061324-pCcg-07,-176.6893762,4823.734825,1488.289989,1238.19811,1455.285716,972.0068518,3074.982172,2738.722423,5635.275044,1.00000112,36676.37821,58315.77177,12.40001792,761.8237638,54178.23101,93545.27941,207.1667315,87.55350802,60.55630626,68.03277634,59.3753814,71.19323564,81.45862714,99.86139787,101.1465175,1.414215448,357.0161061,408.8615555,4.299877712,30.79082264,641.2248046,739.0974955,117.2491159,1.815056408,4.06885128,5.494498481,4.079981049,7.324355328,2.649076404,3.646276711,1.794881647,141.4213864,0.973422469,0.701116599,34.67638305,4.041725147,1.183546957,0.790095984,122.9528602,1.726765262,1.590079172,2.116458682,-0.056646621,0.484229596,0.403061647,0.316280197,0.89121087,8501.795405,25382.40029,0.677008462,0.623435661,4.521281878,0.01786257,0.011478272,0.109391622,0.065196443,0.021898727,0.027204643,0.024555306,0.040463176,3303.608409,7217.983926,0.007435954,0.007053293,3.677248233,1.034452706,0.72186796,5.168615976,115.0932601,4.522385101,6.74949922,7.763782446,4.540247172,38.85777359,28.43696358,1.098354614,1.131358596,128.0845751,1.722070444,1.609728688,2.176586469,0.015359048,0.46765121,0.396574051,0.314688537,0.880707064,5194.688792,N/A,0.668733158,0.625107383,124.4164634,1.731983641,1.592557889,2.002926585,-0.016856919,0.535322739,0.440623757,0.331620297,0.961980219,9431.051254,14557.32263,0.671475482,0.617421291,118.2016768,1.700656846,1.574341245,1.978196598,-0.056151096,0.486170015,0.384662403,0.360444141,0.934904076,11731.88507,N/A,0.666055689,0.616584671,116.4299443,1.741412745,1.57467305,1.946670674,0.001122766,0.479934542,0.437626033,0.326987182,0.925136358,5252.451335,N/A,0.682662474,0.617297768,123.7013731,1.698430837,1.591100559,2.218305853,-0.095186813,0.457848456,0.371945485,0.30334768,0.832143174,7710.939539,N/A,0.678418766,0.635546914,123.6667335,1.745105525,1.584396282,2.10767791,-0.069526006,0.465994694,0.409693729,0.315043211,0.845419298,5207.89606,28955.92825,0.68044064,0.617777896,117.5573911,1.749741071,1.604678918,2.281287318,-0.126187803,0.494271116,0.372219302,0.334771177,0.896386715,9263.810332,28845.41638,0.679051407,0.622754701,120.9923722,1.725500804,1.595840191,2.186777771,0.020958558,0.487346113,0.391861901,0.270022694,0.861522628,15729.48921,N/A,0.670361789,0.619988286,128.7224107,1.737715022,1.584939746,2.141258764,-0.058302962,0.472277763,0.439159903,0.295281214,0.88331602,7745.014962,29170.9339,0.688243745,0.627735188,127.7556615,1.715035686,1.588535146,2.124898879,-0.181694983,0.495479312,0.386249905,0.310595842,0.890593148,7750.727495,N/A,0.684641467,0.634142509,6573.731593,4712.892086,1480.088981,2834.322861,1454.085146,2542.260185,3236.421332,3566.510968,5593.253609,0,36310.70158,58450.37802,18.0000272,730.0218583,54297.74366,93504.53955,6605.75083,4806.929334,1574.100671,2906.339952,1468.086962,2552.262277,3010.36435,3590.518362,5469.201171,4.0000064,36563.433,58229.38367,10.0000112,758.0236216,54452.37238,94310.61816,6453.669931,4782.918377,1458.086567,2756.305429,1516.092463,2650.283126,3070.378148,3580.5141,5575.249438,0,36758.02408,57869.67341,8.0000096,794.0259033,55187.61376,93855.19316,6705.799632,4840.940385,1450.085274,2944.348576,1552.09767,2576.268156,3094.385413,3590.51839,5709.307388,0,37062.90302,58361.95455,18.000024,812.0269289,54291.69528,94544.25009,6463.678933,4882.955037,1428.082491,2796.314567,1406.080275,2548.263103,3192.410914,3394.464603,5735.318872,0,36960.62791,58808.07573,12.0000224,748.0227975,54480.55062,92531.4472,6369.625779,4754.906613,1432.082805,2852.327276,1458.085242,2528.256695,3144.397651,3374.457846,5573.246363,2.0000016,36551.40035,57911.90282,18.0000272,758.0233431,53717.25056,93742.27073,6251.565844,4798.930196,1538.096513,2766.308334,1364.075377,2616.275079,3182.406614,3558.509518,5521.222646,2.0000016,35951.66502,57690.87892,10.0000112,788.0253736,52943.95189,92638.20708,6619.760331,4734.900471,1492.089887,2786.312853,1400.079928,2380.228774,3134.395911,3430.474016,5691.298305,0,36665.74678,58512.67236,6.000008,780.024884,54695.4605,94377.06109,6685.789692,4956.985774,1436.084299,2996.360293,1420.081544,2524.255696,3114.389314,3488.491004,5761.33336,2.0000016,36810.17819,58341.91447,12.0000192,722.0213462,53484.21753,92940.32825,6289.591045,4964.989971,1594.102399,2906.340893,1514.092548,2628.279947,3290.435019,3662.541519,5723.31929,0,37129.10216,58980.88374,12.0000192,728.0215815,54231.45392,93008.87876,6501.896361,4823.734825,1488.289989,2854.528103,1455.285716,2554.663304,3146.998467,3523.700033,5635.275044,1.00000112,36676.37821,58315.77177,12.40001792,761.8237638,54178.23101,93545.27941
38,SN4,-1.722397505,7.60000864,2.60000304,-0.146597514,0.80000064,-0.493543352,2.166774896,2.437830066,2.60000208,0,39669.51249,75132.86893,16.6000264,355.405397,59573.73079,42131.14146,4.965409922,2.633127864,2.319007037,1.932512682,1.032796385,2.46853555,2.212245845,2.674533378,2.118701506,0,549.6967415,811.2915268,8.487918127,25.95878128,365.6167363,418.9699477,288.2847838,34.64637987,89.19247404,1318.243832,129.0994449,500.1659001,102.0985543,109.7095903,81.48845427,N/A,1.38569069,1.079809061,51.13195559,7.303991862,0.613721403,0.994442432,119.1020031,0.707239298,1.894149525,0.987220447,6.859252014,-32.11267756,4.882730581,-14.17544918,-17.08069713,3304.597394,N/A,0.665871009,1.783446066,8.562380263,0.008750337,0.02211133,1.169457095,70.05465064,73.8303536,18.23500234,52.65351148,28.29580855,1886.348117,N/A,0.006413713,0.024424719,7.189115245,1.23725267,1.167348709,118.4595698,1021.31618,229.9103009,373.4591134,371.4415735,165.6595649,57.08253963,N/A,0.963206535,1.369523844,109.1054653,0.710944668,1.939691583,-0.025559105,138.428388,0,52.43981155,12.22231548,-67.3500626,1763.896567,N/A,0.658342957,1.796176761,111.3173498,0.704897683,1.891238577,N/A,-2.153577661,0,-1.005235602,-0.984293194,4,1231.055946,N/A,0.662253063,1.776823176,126.8597068,0.720114404,1.904607584,N/A,-3.630906265,3.078693451,0.6769891,-1.346814293,2.792788527,2648.230458,N/A,0.660949317,1.748123737,125.1207877,0.710452336,1.891182624,N/A,0.620763903,0.336197637,0.670635615,0.005280591,0.578732546,5286.426952,N/A,0.673271587,1.792209641,110.7437269,0.707754656,1.853222646,N/A,-144.4824999,-234.75,0.409727816,-157.7291417,-67.35,2126.309236,N/A,0.676662638,1.771809644,112.2400143,0.700510972,1.882615611,2,-0.269052882,1,-0.170157336,-0.656195725,0,6996.394298,N/A,0.671345907,1.804234815,120.5996656,0.691566051,1.898812386,2,-1.769050974,0.5,-0.170157068,-0.656195462,0,2963.34264,N/A,0.664304572,1.823961353,114.9750905,0.709472835,1.877891637,N/A,1.625865429,0,-0.33723338,0.676223184,-0.070096463,5288.935523,N/A,0.659948,1.746805191,133.7616969,0.698460069,1.899079355,-0.025559105,66.18699843,-39.125,13.51971741,-27.5172143,-28.225,2073.334339,N/A,0.661486291,1.798549431,126.2965273,0.718219303,1.903153249,N/A,14.03559201,-52.16666667,-17.2067923,34.23154365,-15.18333333,2668.047981,N/A,0.670145755,1.775766909,4.0000032,8.0000096,0,0,2.0000016,2.0000016,0,4.0000064,4.0000032,0,39201.41406,76038.65291,24.0000544,388.0063521,59545.58133,42333.61357,4.0000032,6.0000048,0,0,0,0,2.0000016,8.0000064,0,0,39323.78888,74370.66653,34.0000592,376.0058529,59378.79506,41855.97506,4.0000032,8.0000064,6.0000144,4.0000032,0,0,2.0000016,6.000008,4.0000032,0,38890.43975,74071.02648,16.000016,334.0046321,58840.27524,42371.7297,12.000016,6.0000048,2.0000016,6.000008,0,2.0000016,6.0000048,4.0000032,4.0000032,0,40078.17249,75795.14341,8.0000064,338.0049809,59527.4972,42291.44945,12.0000128,6.000008,6.0000048,2.0000016,0,6.000008,0,2.0000016,2.0000016,0,40658.08565,75348.48507,20.000048,384.0062817,60086.19855,42526.28679,10.000008,8.0000096,4.0000032,2.0000016,2.0000016,0,4.0000032,0,0,0,40230.69266,75738.93003,6.000008,374.0058481,59925.43077,41978.42176,4.0000064,8.0000064,2.0000016,2.0000016,2.0000016,0,4.0000032,0,0,0,39851.45906,75670.44406,14.000024,344.0048353,59989.74075,41486.86809,12.0000192,4.0000032,0,0,0,4.0000032,4.0000032,0,2.0000016,0,39357.95756,73909.97935,8.0000064,368.0059553,59637.96774,42311.51803,16.000032,14.000024,2.0000016,4.0000032,2.0000016,6.000008,0,2.0000016,4.0000032,0,39271.64457,74579.96944,20.0000224,310.0045393,59368.79585,41466.73322,10.000008,8.0000096,4.0000032,4.0000032,0,0,0,2.0000016,6.0000048,0,39831.47025,75805.39203,16.0000192,338.0046929,59437.02539,42688.81892,8.8000112,7.60000864,2.60000304,2.40000224,0.80000064,2.00000224,2.20000176,2.80000288,2.60000208,0,39669.51249,75132.86893,16.6000264,355.405397,59573.73079,42131.14146