{"RK24_FCT_01": [13.819073557662078, 0.10384528732003079, 6.165375906871632e-13, 4.633054667619826e-15, NaN, "zirc"], "Z061224_XAqf_01": [264.8461905218004, 1.9479561937397782, 1.1816105582305718e-11, 8.690801256981253e-14, NaN, "zirc"], "Z061224XAqf_02": [123.31441610311887, 0.9097462338888338, 5.5016693184223635e-12, 4.0588303466085203e-14, NaN, "zirc"], "Z061224XAqf_03": [176.04733549630495, 1.3041016528763707, 7.854347082015925e-12, 5.818245975177883e-14, NaN, "zirc"], "Z061224XAqf_04": [109.03598491289927, 0.8125227018240253, 4.864637499460126e-12, 3.625067822896517e-14, NaN, "zirc"], "Z061224_XAqf_05": [13.918394497559145, 0.10988452112820268, 6.209687917176383e-13, 4.9024949196128614e-15, NaN, "zirc"], "Z061224_XAqf_06": [21.44290605190479, 0.1676294770880219, 9.566746699341834e-13, 7.478784558223515e-15, NaN, "zirc"], "Z061224_XAqf_07": [53.354965877071464, 0.4193109984202952, 2.380430350543029e-12, 1.8707548782916712e-14, NaN, "zirc"], "RK24_FCT_02": [7.735825798334354, 0.061095406798800066, 3.451336574611561e-13, 2.725769911608819e-15, NaN, "zirc"], "Z061224_XAqf_08": [65.00647016334717, 0.5154517942084923, 2.9002618971779767e-12, 2.2996867770522545e-14, NaN, "zirc"], "Z081523_01Aq_01": [885.0557508006991, 7.00747305114043, 3.948673823506286e-11, 3.1263821946731635e-13, "so much gas!", "zirc"], "Z081523-01Aq_02": [574.3986956166649, 4.532158553122627, 2.5626782172600376e-11, 2.022021305042664e-13, NaN, "zirc"], "Z081523-01Aq_03": [880.8236013275206, 6.405530610467803, 3.9297921001495515e-11, 2.8578257385865094e-13, NaN, "zirc"], "Z081523-01Aq_04": [1000.0961993961791, 7.272104327549281, 4.461926471830905e-11, 3.2444473666232174e-13, NaN, "zirc"], "Z081523-01Aq_05": [987.2892564514975, 7.1613343222886146, 4.4047883307374743e-11, 3.195027358922376e-13, NaN, "zirc"], "Z081523-01Aq_06": [962.4222985218502, 7.004585403792159, 4.29384446561011e-11, 3.12509387159461e-13, NaN, "zirc"], "Z081523-01Aq_07": [759.2544657988128, 5.549980670052338, 3.3874117328402465e-11, 2.4761223655092073e-13, NaN, "zirc"], "RK24_FCT_03": [18.034699637721577, 0.13450359156268024, 8.046176335201915e-13, 6.000874077035792e-15, NaN, "zirc"], "Z081523-01Aq_08": [836.119100442562, 6.065789767731505, 3.730343091115204e-11, 2.7062504540606334e-13, NaN, "zirc"], "Z061223-XAbg_01": [49.8495793273241, 0.36164288367642194, 2.2240376250256132e-12, 1.6134687413064242e-14, NaN, "zirc"], "Z061223-XAbg_02": [42.36466506016279, 0.3111210879614132, 1.8900983786991518e-12, 1.3880658872196535e-14, NaN, "zirc"], "Z061223-XAbg_03": [120.93107857542233, 0.8836570810993054, 5.395336779487032e-12, 3.942433662440017e-14, NaN, "zirc"], "Z061224-XAbg_04": [33.26796858658639, 0.24071193712807487, 1.4842495130983486e-12, 1.073935652396158e-14, NaN, "zirc"], "Z061224-XAbg_05": [89.46696690859271, 0.6550493923588645, 3.9915662937714245e-12, 2.922501081283414e-14, NaN, "zirc"], "Z061224-XAbg_06": [106.70962517402532, 0.7753303843916179, 4.760847023022455e-12, 3.459134399891219e-14, NaN, "zirc"], "RK24-FCT_04": [7.118199387523537, 0.05295626077070832, 3.175782719516167e-13, 2.3626421330734503e-15, NaN, "zirc"], "Z061224-XAbg_07": [142.1611912587375, 1.0291839515404246, 6.342517679072789e-12, 4.591701398859751e-14, NaN, "zirc"], "Z061224-XAbg_08": [70.57789593187688, 0.5603512408030094, 3.1488309062138342e-12, 2.5000055358392494e-14, NaN, "zirc"], "Z081623-01Aq_07": [47.459897353507024, 0.3770111216402483, 2.117422028799278e-12, 1.682034093157171e-14, NaN, "zirc"], "Z081623-01Aq_08": [59.511882538809694, 0.4754776279342108, 2.6551210198451723e-12, 2.1213421430097736e-14, NaN, "zirc"], "Z092423-04Ag_07": [13.457527176468274, 0.10748415305489341, 6.004072087297346e-13, 4.795402563348505e-15, NaN, "zirc"], "Z092423-04Ag_08": [8.904579924222123, 0.07217116197262548, 3.972775909798395e-13, 3.219914427260885e-15, NaN, "zirc"], "Z061124-Aqf_03": [10.9721584068837, 0.08989009059215386, 4.895225487143616e-13, 4.010443945398138e-15, NaN, "zirc"], "RK24-FCT_05": [6.87667365405848, 0.05583178506090413, 3.068026079262282e-13, 2.490933571022759e-15, NaN, "zirc"], "Z061124-Aqf_04": [11.070250305953781, 0.08867238719145308, 4.93898916121789e-13, 3.9561161413158326e-15, NaN, "zirc"], "Z061124-Aqf_01": [18.09036229138253, 0.13428727811281047, 8.071010212984086e-13, 5.991223258356851e-15, NaN, "zirc"], "Z061124-Aqf_02": [27.649080432923043, 0.2036345210259051, 1.2335629710414492e-12, 9.0851486136301e-15, NaN, "zirc"], "Z093023-01Ag_07": [28.733562282458024, 0.21351741812039235, 1.2819470992441342e-12, 9.526073798536287e-15, NaN, "zirc"], "Z093023-01Ag_08": [6.73620886605013, 0.05058334123609667, 3.005357752320036e-13, 2.256774392616073e-15, NaN, "zirc"], "Z081623-02Aq_07": [19.92982964402478, 0.14718799944367617, 8.891688071751933e-13, 6.566788589438572e-15, NaN, "zirc"], "Z081623-02Aq_08": [26.699622061993114, 0.19959190143033673, 1.1912029116620465e-12, 8.904787250394249e-15, NaN, "zirc"], "Z061224-XAq_01": [58.18534118990978, 0.43497521166511627, 2.5959374136660024e-12, 1.940640723053075e-14, NaN, "zirc"], "RK24-FCT_06": [9.253336549564343, 0.06846496592378921, 4.1283735832802454e-13, 3.054562591406675e-15, NaN, "zirc"], "Z061224-XAq_02": [116.24434573694555, 0.9273414507064657, 5.186238321448449e-12, 4.137331358554768e-14, NaN, "zirc"], "Z061224-XAq_03": [54.79701953526205, 0.44091106376765754, 2.44476753525752e-12, 1.9671235110540622e-14, NaN, "zirc"], "Z061224-XAq_04": [179.3371487104937, 1.4269550329959144, 8.00112200903425e-12, 6.366355996234114e-14, NaN, "zirc"], "Z061224-XAq_05": [83.8407590479171, 0.6682352519845116, 3.7405531831853795e-12, 2.981329758117746e-14, NaN, "zirc"], "Z061224-XAq_06": [157.9862580447786, 1.250399897767465, 7.048552603050708e-12, 5.578655740909543e-14, NaN, "zirc"], "Z061224-XAq_07": [128.61920510486954, 1.0239013714267162, 5.738342335364929e-12, 4.5681331820590526e-14, NaN, "zirc"], "RK24-FCT_07": [13.717131213075632, 0.10406906406637363, 6.119894357578135e-13, 4.643038461067798e-15, NaN, "zirc"], "Z061124-Aqf_05": [7.292228723513963, 0.05659086789064473, 3.2534258604059797e-13, 2.5248000308130954e-15, NaN, "zirc"], "Z061124-Aqf_06": [4.738212121255206, 0.036624135002896636, 2.1139520483872602e-13, 1.6339847864235134e-15, NaN, "zirc"], "Z061124-Aqf_07": [8.72553232926553, 0.0665555887234689, 3.8928938740365527e-13, 2.9693757795783386e-15, NaN, "zirc"], "Z061124-Aqf_08": [7.530101102821409, 0.05734122753838736, 3.359552557696711e-13, 2.558277306075995e-15, NaN, "zirc"], "Z061024-Wvdg_01": [595.9058194545465, 4.500691118089556, 2.6586321917308223e-11, 2.0079821174665635e-13, NaN, "zirc"], "Z061024-Wvdg_02": [385.3758950474397, 2.924937421964895, 1.719353506948513e-11, 1.3049600347840165e-13, NaN, "zirc"], "Z061024-Wvdg_03": [400.9212278285221, 3.0564237601932307, 1.7887089668444813e-11, 1.3636226288004063e-13, NaN, "zirc"], "RK24-FCT_08": [7.479270011447009, 0.05715544773915939, 3.3368742801137716e-13, 2.549988745389461e-15, NaN, "zirc"], "Z061024-Wvdg_04": [423.0488438825205, 3.111372948153519, 1.8874312656487928e-11, 1.388138194054394e-13, NaN, "zirc"], "Z061024-Wvdg_05": [395.50598977231533, 2.9236196625844912, 1.7645488969943574e-11, 1.3043721167950792e-13, NaN, "zirc"], "Z061024-Wvdg_06": [507.04595960786, 3.748212332090504, 2.2621841688581245e-11, 1.6722639118811918e-13, NaN, "zirc"], "Z061024-Wvdg_07": [192.6387747070809, 1.4189168308377644, 8.594573690866462e-12, 6.330493579181602e-14, NaN, "zirc"], "Z061024-Wvdg_08": [491.7226678473966, 3.6187227365425843, 2.19381934437136e-11, 1.6144921640682539e-13, NaN, "zirc"], "Z061124-XAam_01": [143.30958472614284, 1.0596336012562342, 6.393753222367397e-12, 4.7275524281977074e-14, NaN, "zirc"], "Z061124-XAam_02": [258.2133266332546, 1.8941717568706764, 1.1520180540432522e-11, 8.450842138264818e-14, NaN, "zirc"], "Z061124-XAam_03": [188.79641763376017, 1.3956364879179022, 8.423147034610519e-12, 6.2266283926024e-14, NaN, "zirc"],