{"DUR_wrg_1": [1.052663368127217, 0.027608899191638413, 4.69645475206218e-14, 1.2317702860550733e-15, NaN, "ap"], "DUR_wrg_2": [3.2704887941666376, 0.01992574147384366, 1.4591276854495573e-13, 8.889864135738226e-16, NaN, "ap"], "DUR_wrg_3": [3.3087924338425823, 0.0186231958832242, 1.476216843866593e-13, 8.308733774972873e-16, NaN, "ap"]}