,aliquot_type,intercept,error,QST,QRT,notes,time_of_collection,file
lb01_01102023,lb,0.004951244,0.00011673,6720,1010,,1673365205,10000-2829-13440-001.csv
hb01_01102023,hb,0.003872945,9.84e-05,6721,1010,,1673366088,10000-2830-13442-001.csv
DUR_wrg_1,ap,0.179520978,0.00071732,6722,1010,,1673366869,10000-2831-13444-001.csv
std1011,std,1.129568998,0.002263935,6723,1011,,1673367516,10000-2832-13446-001.csv
DUR_wrg_2,ap,0.549588642,0.001485592,6724,1011,,1673368203,10000-2833-13448-001.csv
DUR_wrg_3,ap,0.55598001,0.001382608,6725,1011,,1673368905,10000-2834-13450-001.csv
std1012,std,1.124908563,0.002594457,6726,1012,,1673369411,10000-2835-13452-001.csv
