,4He/3He intercept,4He/3He err,notes,file
lb01_01092023,0.004166147283684561,6.862423223780693e-05,,10000-2827-13434-001.csv
lb01_01092023,0.004166147283684561,6.862423223780693e-05,Hi,10000-2827-13434-001.csv
