,4He/3He intercept,4He/3He err,notes,file
lb02_01102023,0.0049512444958968015,0.00011672974983349675,,10000-2829-13440-001.csv
hb01_01102023,0.00387294459040866,9.840402765444033e-05,,10000-2830-13442-001.csv
DUR_wrg_1,0.1795209778919556,0.0007173204939597989,,10000-2831-13444-001.csv
std1011,1.1295689982008883,0.002263934617517072,,10000-2832-13446-001.csv
DUR_wrg_2,0.5495886423001362,0.0014855922130337488,,10000-2833-13448-001.csv
DUR_wrg_3,0.5559800097608052,0.0013826082357588012,,10000-2834-13450-001.csv
std1012,1.1249085634520832,0.0025944572752018497,,10000-2835-13452-001.csv
