{"DUR_wrg_1": [1.0526633692446459, 0.02760891798950368, 4.6964547570475856e-14, 1.2317711247213206e-15, ""], "DUR_wrg_2": [3.27048879627709, 0.01992574374571786, 1.4591276863911348e-13, 8.889865149334283e-16, ""], "DUR_wrg_3": [3.3087924326957117, 0.01862319834245866, 1.4762168433549172e-13, 8.308734872159658e-16, ""]}