{"RS23_GZ5_150_1": [20.207936444879937, 0.05112786488830655, 9.015765345266322e-13, 2.281068300540133e-15, NaN, 150.0, 3600.0], "RS23_GZ5_175_1": [24.695298830380363, 0.062087544264990344, 1.1017800852315679e-12, 2.7700340976617447e-15, NaN, 175.0, 3600.0], "RS23_GZ5_200_1": [57.2944197667851, 0.14254521958658023, 2.5561889786198398e-12, 6.35965109246811e-15, NaN, 200.0, 3600.0], "RS23_GZ5_225_1": [102.00199241957874, 0.25347019210412064, 4.550816115801675e-12, 1.1308565722500251e-14, NaN, 225.0, 3600.0], "RS23_GZ5_250_1": [169.4592153715954, 0.42108978769519884, 7.560418281948576e-12, 1.878690941800655e-14, NaN, 250.0, 3600.0], "RS23_GZ5_275_1": [3098.690392620877, 20.44755906993902, 1.38247987535508e-10, 9.122672914222816e-13, NaN, 275.0, 3600.0], "RS23_GZ5_300_1": [2481.715556995026, 16.376282266670838, 1.1072167203511312e-10, 7.306273876448128e-13, NaN, 300.0, 1800.0], "RS23_GZ5_265_2": [1065.1760247944278, 3.71393337123173, 4.752279935729579e-11, 1.656970362823115e-13, NaN, 265.0, 1800.0], "RS23_GZ5_255_2": [784.6257070171903, 2.7365033961227927, 3.5006054564878655e-11, 1.2208902454371342e-13, NaN, 255.0, 1800.0], "RS23_GZ5_240_2": [410.72601866517596, 1.4324968007690193, 1.8324530144783434e-11, 6.391080578071826e-14, NaN, 240.0, 1200.0], "RS23_GZ5_230_2": [286.5492999060374, 0.9994216013263512, 1.2784389216830434e-11, 4.458916754378295e-14, NaN, 230.0, 1200.0], "RS23_GZ5_215_2": [190.27389083955126, 0.6636989679840543, 8.489064461477256e-12, 2.961091139395263e-14, NaN, 215.0, 1200.0], "RS23_GZ5_205_2": [159.67272919209128, 0.32846732423780867, 7.123794467390527e-12, 1.4654560731587785e-14, NaN, 205.0, 1800.0], "RS23_GZ5_190_2": [143.6632537367211, 0.2955294064334492, 6.409532155649195e-12, 1.3185036425156117e-14, NaN, 190.0, 1800.0], "RS23_GZ5_180_2": [109.90591295363564, 0.22625979770183646, 4.903449315322371e-12, 1.0094574716776856e-14, NaN, 180.0, 1800.0], "RS23_GZ5_165_2": [92.60139613656236, 0.19069897719792642, 4.13140876847338e-12, 8.508029677787384e-15, NaN, 165.0, 2700.0], "RS23_GZ5_155_2": [48.05477501513023, 0.32214799230279045, 2.1439624794829226e-12, 1.4372623909288412e-14, NaN, 155.0, 2700.0], "RS23_GZ5_150_2": [55.67117133678354, 0.37321500977689465, 2.483767794092243e-12, 1.6650977504099875e-14, NaN, 150.0, 3600.0], "RS23_GZ5_160_3": [54.378006721236716, 0.36455659325046585, 2.426073289963269e-12, 1.6264682486413216e-14, NaN, 160.0, 2700.0], "RS23_GZ5_175_3": [74.96240058890463, 0.5024401226118232, 3.344445462162248e-12, 2.2416352396351532e-14, NaN, 175.0, 2700.0], "RS23_GZ5_185_3": [0.3396391578446602, 0.03515869012738366, 1.5152991783914525e-14, 1.5686040031847797e-15, NaN, 185.0, 2700.0]}