{"RS23_GZ5_150_1": [20.207936444879937, 0.05112786488830655, 9.015765345266322e-13, 2.281068300540133e-15, NaN, 150.0, 3600.0], "RS23_GZ5_175_1": [24.695298830380356, 0.06208754426499032, 1.1017800852315675e-12, 2.7700340976617435e-15, NaN, 175.0, 3600.0], "RS23_GZ5_200_1": [57.2944197667851, 0.14254521958658023, 2.5561889786198398e-12, 6.35965109246811e-15, NaN, 200.0, 3600.0], "RS23_GZ5_225_1": [102.00199241957874, 0.25347019210412064, 4.550816115801675e-12, 1.1308565722500251e-14, NaN, 225.0, 3600.0], "RS23_GZ5_250_1": [169.4592153715954, 0.42108978769519884, 7.560418281948576e-12, 1.878690941800655e-14, NaN, 250.0, 3600.0], "RS23_GZ5_275_1": [3098.690392620877, 20.44755906993902, 1.38247987535508e-10, 9.122672914222816e-13, NaN, 275.0, 3600.0], "RS23_GZ5_300_1": [2481.715556995026, 16.376282266670838, 1.1072167203511312e-10, 7.306273876448128e-13, NaN, 300.0, 1800.0], "RS23_GZ5_265_2": [1065.1760247944278, 3.71393337123173, 4.752279935729579e-11, 1.656970362823115e-13, NaN, 265.0, 1800.0], "RS23_GZ5_255_2": [784.6257070171903, 2.7365033961227927, 3.5006054564878655e-11, 1.2208902454371342e-13, NaN, 255.0, 1800.0], "RS23_GZ5_240_2": [410.72601866517596, 1.4324968007690193, 1.8324530144783434e-11, 6.391080578071826e-14, NaN, 240.0, 1200.0], "RS23_GZ5_230_2": [286.5492999060374, 0.9994216013263512, 1.2784389216830434e-11, 4.458916754378295e-14, NaN, 230.0, 1200.0], "RS23_GZ5_215_2": [190.27389083955126, 0.6636989679840543, 8.489064461477256e-12, 2.961091139395263e-14, NaN, 215.0, 1200.0], "RS23_GZ5_205_2": [159.67272919209128, 0.3284673242378207, 7.123794467390527e-12, 1.4654560731588324e-14, NaN, 205.0, 1800.0], "RS23_GZ5_190_2": [143.6632537367211, 0.29552940643346004, 6.409532155649195e-12, 1.3185036425156598e-14, NaN, 190.0, 1800.0], "RS23_GZ5_180_2": [109.90591295363564, 0.22625979770184476, 4.903449315322371e-12, 1.0094574716777227e-14, "", 180.0, 1800.0], "RS23_GZ5_165_2": [92.60139613656236, 0.19069897719793338, 4.13140876847338e-12, 8.508029677787694e-15, "", 165.0, 2700.0], "RS23_GZ5_155_2": [48.3738095930128, 0.10100142605407654, 2.1581961984925846e-12, 4.5061758746353405e-15, "", 155, 2700], "RS23_GZ5_150_2": [56.040770999711235, 0.11703658020063024, 2.5002574729950582e-12, 5.221583840484975e-15, "", 150, 3600], "RS23_GZ5_160_3": [54.73902109316839, 0.11435258964677379, 2.4421799363419463e-12, 5.101837674969831e-15, "", 160, 2700], "RS23_GZ5_175_3": [75.46007429191158, 0.15726752879834424, 3.3666491608776467e-12, 7.016486517281352e-15, "", 175, 2700]}