{"RS23_GZ5_150_1": [20.207936444879937, 0.05112786488830655, 9.015765345266322e-13, 2.281068300540133e-15, NaN, 150.0, 3600.0], "RS23_GZ5_175_1": [24.695298830380356, 0.06208754426499032, 1.1017800852315675e-12, 2.7700340976617435e-15, NaN, 175.0, 3600.0], "RS23_GZ5_200_1": [57.2944197667851, 0.14254521958658023, 2.5561889786198398e-12, 6.35965109246811e-15, NaN, 200.0, 3600.0], "RS23_GZ5_225_1": [102.00199241957874, 0.25347019210412064, 4.550816115801675e-12, 1.1308565722500251e-14, NaN, 225.0, 3600.0], "RS23_GZ5_250_1": [169.4592153715954, 0.42108978769519884, 7.560418281948576e-12, 1.878690941800655e-14, NaN, 250.0, 3600.0], "RS23_GZ5_275_1": [3098.690392620877, 20.44755906993902, 1.38247987535508e-10, 9.122672914222816e-13, NaN, 275.0, 3600.0], "RS23_GZ5_300_1": [2481.715556995026, 16.376282266670838, 1.1072167203511312e-10, 7.306273876448128e-13, NaN, 300.0, 1800.0], "RS23_GZ5_265_2": [1065.1760247944278, 3.71393337123173, 4.752279935729579e-11, 1.656970362823115e-13, NaN, 265.0, 1800.0], "RS23_GZ5_255_2": [784.6257070171903, 2.7365033961227927, 3.5006054564878655e-11, 1.2208902454371342e-13, NaN, 255.0, 1800.0], "RS23_GZ5_240_2": [410.72601866517596, 1.4324968007690193, 1.8324530144783434e-11, 6.391080578071826e-14, NaN, 240.0, 1200.0], "RS23_GZ5_230_2": [286.5492999060374, 0.9994216013263512, 1.2784389216830434e-11, 4.458916754378295e-14, NaN, 230.0, 1200.0], "RS23_GZ5_215_2": [190.27389083955126, 0.6636989679840543, 8.489064461477256e-12, 2.961091139395263e-14, NaN, 215.0, 1200.0], "RS23_GZ5_205_2": [159.67272917468816, 0.32846733804053024, 7.1237944666140874e-12, 1.4654561347395835e-14, NaN, 205.0, 1800.0], "RS23_GZ5_190_2": [143.6632537210629, 0.2955294188524341, 6.409532154950606e-12, 1.318503697922879e-14, NaN, 190.0, 1800.0], "RS23_GZ5_180_2": [109.90591296927961, 0.22625980724649414, 4.9034493160203265e-12, 1.0094575142611498e-14, NaN, 180.0, 1800.0], "RS23_GZ5_165_2": [92.60139613354995, 0.190698985210567, 4.131408768338982e-12, 8.508030035271125e-15, NaN, 165.0, 2700.0], "RS23_GZ5_155_2": [48.05477500909191, 0.3221479949118089, 2.143962479213523e-12, 1.4372624025689698e-14, NaN, 155.0, 2700.0], "RS23_GZ5_150_2": [55.671171323806774, 0.37321501277076613, 2.483767793513285e-12, 1.6650977637671372e-14, NaN, 150.0, 3600.0], "RS23_GZ5_160_3": [54.37800671289711, 0.36455659619557224, 2.4260732895911977e-12, 1.6264682617809057e-14, NaN, 160.0, 2700.0], "RS23_GZ5_175_3": [74.96240059330619, 0.5024401267840073, 3.3444454623586234e-12, 2.2416352582493407e-14, NaN, 175.0, 2700.0], "RS23_GZ5_185_3": [0.3396391605832472, 0.035158668338341324, 1.515299190609651e-14, 1.568603031067249e-15, NaN, 185.0, 2700.0], "RS23_GZ5_200_3": [263.0654486211339, 1.690901223295838, 1.1736657830870612e-11, 7.543951205924145e-14, NaN, 200.0, 2700.0], "RS23_GZ5_220_3": [404.22192299589983, 2.5981558122167088, 1.803435009350851e-11, 1.1591665085289143e-13, NaN, 220.0, 2700.0], "RS23_GZ5_235_3": [265.42806546911316, 2.4588529461077653, 1.1842065917244273e-11, 1.0970165727258701e-13, NaN, 235.0, 1800.0], "RS23_GZ5_250_3": [523.5463090492059, 4.849942981511785, 2.3358004329847677e-11, 2.1638007412830307e-13, "", 250.0, 1800.0], "RS23_GZ5_275_3": [513.7970474261033, 4.75963309474996, 2.2923041287860408e-11, 2.1235090098821983e-13, "", 275, 1200], "RS23_GZ5_290_3": [563.9628959962279, 5.2243529932525785, 2.516118925654626e-11, 2.330843666125001e-13, "", 290, 1200], "RS23_GZ5_315_3": [16.12520310744362, 0.10200483072073577, 7.194254977890435e-13, 4.55094274653055e-15, "", 315, 900], "RS23_GZ5_305_4": [110.23074129872332, 0.694258820097333, 4.917941523098211e-12, 3.0974338364296106e-14, "", 305, 900], "RS23_GZ5_280_4": [73.08564867878692, 0.4603534282310044, 3.2607142267684004e-12, 2.0538655671946297e-14, "", 280, 1200]}