{"RS23_GZ5_150_1": [20.207936444879937, 0.05112786488830655, 9.015765345266322e-13, 2.281068300540133e-15, NaN, 150.0, 3600.0], "RS23_GZ5_175_1": [24.695298830380356, 0.06208754426499032, 1.1017800852315675e-12, 2.7700340976617435e-15, NaN, 175.0, 3600.0], "RS23_GZ5_200_1": [57.2944197667851, 0.14254521958658023, 2.5561889786198398e-12, 6.35965109246811e-15, NaN, 200.0, 3600.0], "RS23_GZ5_225_1": [102.00199241957874, 0.25347019210412064, 4.550816115801675e-12, 1.1308565722500251e-14, NaN, 225.0, 3600.0], "RS23_GZ5_250_1": [169.4592153715954, 0.42108978769519884, 7.560418281948576e-12, 1.878690941800655e-14, NaN, 250.0, 3600.0], "RS23_GZ5_275_1": [3098.690392620877, 20.44755906993902, 1.38247987535508e-10, 9.122672914222816e-13, NaN, 275.0, 3600.0], "RS23_GZ5_300_1": [2481.715556995026, 16.376282266670838, 1.1072167203511312e-10, 7.306273876448128e-13, NaN, 300.0, 1800.0], "RS23_GZ5_265_2": [1065.1760247944278, 3.71393337123173, 4.752279935729579e-11, 1.656970362823115e-13, NaN, 265.0, 1800.0], "RS23_GZ5_255_2": [784.6257070171903, 2.7365033961227927, 3.5006054564878655e-11, 1.2208902454371342e-13, NaN, 255.0, 1800.0], "RS23_GZ5_240_2": [410.72601866517596, 1.4324968007690193, 1.8324530144783434e-11, 6.391080578071826e-14, NaN, 240.0, 1200.0], "RS23_GZ5_230_2": [286.5492999060374, 0.9994216013263512, 1.2784389216830434e-11, 4.458916754378295e-14, NaN, 230.0, 1200.0], "RS23_GZ5_215_2": [190.27389083955126, 0.6636989679840543, 8.489064461477256e-12, 2.961091139395263e-14, NaN, 215.0, 1200.0], "RS23_GZ5_205_2": [159.67272917468816, 0.32846733804053024, 7.1237944666140874e-12, 1.4654561347395835e-14, NaN, 205.0, 1800.0], "RS23_GZ5_190_2": [143.6632537210629, 0.2955294188524341, 6.409532154950606e-12, 1.318503697922879e-14, NaN, 190.0, 1800.0], "RS23_GZ5_180_2": [109.90591296927961, 0.22625980724649414, 4.9034493160203265e-12, 1.0094575142611498e-14, NaN, 180.0, 1800.0], "RS23_GZ5_165_2": [92.60139613354995, 0.190698985210567, 4.131408768338982e-12, 8.508030035271125e-15, NaN, 165.0, 2700.0], "RS23_GZ5_155_2": [48.05477500909191, 0.3221479949118089, 2.143962479213523e-12, 1.4372624025689698e-14, NaN, 155.0, 2700.0], "RS23_GZ5_150_2": [55.671171323806774, 0.37321501277076613, 2.483767793513285e-12, 1.6650977637671372e-14, NaN, 150.0, 3600.0], "RS23_GZ5_160_3": [54.37800671289711, 0.36455659619557224, 2.4260732895911977e-12, 1.6264682617809057e-14, NaN, 160.0, 2700.0], "RS23_GZ5_175_3": [74.96240059330619, 0.5024401267840073, 3.3444454623586234e-12, 2.2416352582493407e-14, NaN, 175.0, 2700.0], "RS23_GZ5_185_3": [0.3396391605832472, 0.035158668338341324, 1.515299190609651e-14, 1.568603031067249e-15, NaN, 185.0, 2700.0], "RS23_GZ5_200_3": [263.0654486211339, 1.690901223295838, 1.1736657830870612e-11, 7.543951205924145e-14, NaN, 200.0, 2700.0], "RS23_GZ5_220_3": [404.22192299589983, 2.5981558122167088, 1.803435009350851e-11, 1.1591665085289143e-13, NaN, 220.0, 2700.0], "RS23_GZ5_235_3": [265.42806551997415, 2.458852911229925, 1.1842065919513435e-11, 1.0970165571651311e-13, NaN, 235.0, 1800.0], "RS23_GZ5_250_3": [523.5463091260978, 4.849942912498935, 2.335800433327821e-11, 2.1638007104929661e-13, NaN, 250.0, 1800.0], "RS23_GZ5_275_3": [513.7970475419313, 4.759633027396267, 2.2923041293028074e-11, 2.1235089798323667e-13, NaN, 275.0, 1200.0], "RS23_GZ5_290_3": [563.9628961412926, 5.224352919488735, 2.5161189263018317e-11, 2.330843633215282e-13, NaN, 290.0, 1200.0], "RS23_GZ5_315_3": [16.12520310399354, 0.10200483501628499, 7.194254976351182e-13, 4.550942938176363e-15, NaN, 315.0, 900.0], "RS23_GZ5_305_4": [110.23074130697239, 0.6942588490875553, 4.917941523466243e-12, 3.097433965769409e-14, NaN, 305.0, 900.0], "RS23_GZ5_280_4": [73.0856486820849, 0.4603534474335348, 3.2607142269155392e-12, 2.0538656528666668e-14, NaN, 280.0, 1200.0], "RS23_GZ5_260_4": [64.79877938474145, 0.37278318779577346, 2.8909957787428146e-12, 1.6631711778164247e-14, NaN, 260.0, 1800.0], "RS23_GZ5_245_4": [42.38573867715069, 0.24396086859939922, 1.8910385775475454e-12, 1.0884307513134612e-14, NaN, 245.0, 1800.0], "RS23_GZ5_225_4": [38.27010682082336, 0.22034404290803497, 1.7074197742849717e-12, 9.830643477649458e-15, NaN, 225.0, 2700.0], "RS23_GZ5_210_4": [30.97873824979449, 0.17837172800838882, 1.3821155639240872e-12, 7.958049790683894e-15, NaN, 210.0, 2700.0], "RS23_GZ5_195_4": [25.973960685194527, 0.149666584265834, 1.1588275490851488e-12, 6.677370583824128e-15, NaN, 195.0, 3600.0], "RS23_GZ5_185_4": [22.035615907288623, 0.12714992549810855, 9.831184040014554e-13, 5.672790465695929e-15, NaN, 185.0, 3600.0], "RS23_GZ5_170_4": [139.5467416423538, 1.368499013604122, 6.225874080590425e-12, 6.105554624806468e-14, NaN, 170.0, 7200.0], "RS23_GZ5_195_5": [107.11691152406812, 0.7810241680728875, 4.779018092445262e-12, 3.4845372002894954e-14, NaN, 195.0, 3600.0], "RS23_GZ5_210_5": [155.53320157435925, 1.1339637274093375, 6.939109555383209e-12, 5.059176083739348e-14, NaN, 210.0, 3600.0], "RS23_GZ5_230_5": [146.60631217176444, 1.065690295711005, 6.540836627632927e-12, 4.754574354024292e-14, NaN, 230.0, 2700.0], "RS23_GZ5_250_5": [135.7071493217598, 0.9864733185190465, 6.054570773702141e-12, 4.4011480258724294e-14, NaN, 250.0, 1800.0], "RS23_GZ5_270_5": [178.33017421354063, 1.2962776409938475, 7.956195869257634e-12, 5.783339167457158e-14, NaN, 270.0, 1800.0], "RS23_GZ5_285_5": [169.1003500826354, 1.2292174001074128, 7.544407516848193e-12, 5.48415008524767e-14, NaN, 285.0, 1800.0], "RS23_GZ5_260_6": [166.51461809204483, 0.8207409693397835, 7.429045154459035e-12, 3.661733601051947e-14, NaN, 260.0, 3600.0], "RS23_GZ5_240_6": [77.98987083584849, 0.38454372298459644, 3.4795159648366416e-12, 1.715640773554905e-14, NaN, 240.0, 3600.0], "RS23_GZ5_220_6": [60.115657340392715, 0.3795979208623824, 2.6820584161859866e-12, 1.6935750908467137e-14, NaN, 220.0, 5400.0], "RS23_GZ5_200_6": [47.571300814157944, 0.3004049896096053, 2.1223922911643587e-12, 1.3402560435870674e-14, NaN, 200.0, 7200.0], "RS23_GZ5_225_7": [66.6280061238443, 0.19866042935155076, 2.9726066799252384e-12, 8.86322964894935e-15, NaN, 225.0, 7200.0], "RS23_GZ5_250_7": [78.62476804333693, 0.23393150480702227, 3.5078418864699263e-12, 1.0436847720488187e-14, NaN, 250.0, 7200.0], "RS23_GZ5_275_7": [39.48567998275352, 0.11792904983847112, 1.7616525378224998e-12, 5.2614013490885655e-15, NaN, 275.0, 3600.0], "RS23_GZ5_300_7": [52.43974461130696, 0.181365548726377, 2.339597778678815e-12, 8.091619020539706e-15, NaN, 300.0, 3600.0], "RS23_GZ5_300-1_8": [26.35891525235998, 0.09148292301355825, 1.1760022866226457e-12, 4.081508120529947e-15, NaN, 300.0, 3600.0], "RS23_GZ5_300-2_8": [16.545475170816974, 0.058342649488437245, 7.381759244586853e-13, 2.6029557191236386e-15, NaN, 300.0, 3600.0], "RS23_GZ5_290_8": [5.976689973177927, 0.03804176489861828, 2.666498604969183e-13, 1.6972323056401482e-15, NaN, 290.0, 3600.0], "RS23_GZ5_280_8": [4.067813677780087, 0.027682763732446592, 1.8148539652806668e-13, 1.2350657505329968e-15, NaN, 280.0, 5400.0], "RS23_GZ5_265_8": [6.123643085537301, 0.03867511816139046, 2.7320616960548324e-13, 1.7254893442219353e-15, NaN, 265.0, 9000.0], "RS23_GZ5_250_8": [4.021883597842096, 0.031400123507425035, 1.7943622726162643e-13, 1.4009156557252179e-15, NaN, 250.0, 10800.0], "RS23_GZ5_275_9": [2.329353065566822, 0.025008586868986354, 1.0392402362660935e-13, 1.1157574225477983e-15, NaN, 275.0, 7200.0], "RS23_GZ5_300_9": [2.648003102601842, 0.022898570571593776, 1.181405863568235e-13, 1.0216191028640035e-15, NaN, 300.0, 7200.0], "RS23_GZ5_350_9": [1.9128025684628822, 0.019483616158125883, 8.533963453479441e-14, 8.692610046455733e-16, NaN, 350.0, 7200.0], "RS23_GZ5_400_9": [2.9778387731126528, 0.019589303988098036, 1.3285619582014154e-13, 8.739762643034726e-16, NaN, 400.0, 7200.0], "RS23_GZ5_500_fulldegas_1": [0.41659242067369007, 0.06573282410442793, 1.858625951073838e-14, 2.932668158491475e-15, "", 500.0, 3600.0],