{"RK-FCT_01zr": [12.929902643805216, 0.11061645016010024, 5.768672545643443e-13, 4.935149913451425e-15, NaN, "zirc"], "RK081623-01Aq_01zr": [69.4225533220378, 0.5743451942740102, 3.0972853271186666e-12, 2.5624395211653883e-14, NaN, "zirc"], "RK081623-01Aq_02zr": [5.006737080099656, 0.04188121758664947, 2.233754385696286e-13, 1.8685293828254427e-15, NaN, "zirc"], "RK081623-01Aq_03zr": [51.63880664331023, 0.4352469623124169, 2.3038639530342743e-12, 1.9418531378264336e-14, NaN, "zirc"], "RK081623-01Aq_04zr": [5.6878838079907545, 0.04800550046671902, 2.537647812969909e-13, 2.1417640968465695e-15, NaN, "zirc"], "RK08162023-01Aq_05zr": [4.2723703390266605, 0.033573346259551634, 1.9061168640254572e-13, 1.4978739296667989e-15, "end of lasing laser did not disable, pydiode restart after completion of analysis", "zirc"], "RK08162023-01Aq_06zr": [3.697013823785617, 0.028564415566269354, 1.6494217113347092e-13, 1.2744006231047272e-15, NaN, "zirc"], "RK08162023-02Aq_01zr": [373.50644613093044, 2.7905390729653585, 1.6663979929103704e-11, 1.2449982479545634e-13, NaN, "zirc"], "RK-FCT_02zr": [6.9588685133943615, 0.054181583436200276, 3.104697293385545e-13, 2.417309870447054e-15, NaN, "zirc"], "RK08162023-02Aq_02zr": [78.50774920621248, 0.5904153090969277, 3.502621094236302e-12, 2.634136294712803e-14, NaN, "zirc"], "RK08162023-02Aq_03zr": [18.309682570578236, 0.1380746083102738, 8.168859895858943e-13, 6.160194892043981e-15, "gas std after this before re-extract", "zirc"], "RK08162023-02Aq_04zr": [41.71774837216296, 0.3128504472328089, 1.8612362082699632e-12, 1.3957814189025113e-14, NaN, "zirc"], "RK08162023-02Aq_05zr": [42.84258655530232, 0.35228125411283273, 1.9114208331981047e-12, 1.5717018564862708e-14, NaN, "zirc"], "RK08162023-02Aq_06zr": [15.356485736348999, 0.12656593155149742, 6.851291931984027e-13, 5.6467355916613465e-15, NaN, "zirc"], "RK092623-02Ag_01zr": [12.287597178769344, 0.1018119012371845, 5.482108137221979e-13, 4.542335202872513e-15, NaN, "zirc"], "RK092623-02Ag_02zr": [16.973478987874973, 0.14059949803984045, 7.57271303108547e-13, 6.272842778613387e-15, NaN, "zirc"], "RK092623-02Ag_03zr": [15.124689374592794, 0.1240847085375661, 6.747876048270184e-13, 5.536035894421615e-15, NaN, "zirc"], "RK-FCT-03zr": [23.999141606733907, 0.1974081423598801, 1.070721049644593e-12, 8.807358898897122e-15, NaN, "zirc"], "RK092623-02Ag_04zr": [51.1660247751062, 0.4196281847932904, 2.2827708028511733e-12, 1.8721700044315623e-14, NaN, "zirc"], "RK092623-02Ag_05zr": [150.04936349664544, 1.1099897157908976, 6.694448268789391e-12, 4.9522160961492704e-14, NaN, "zirc"], "RK092623-02Ag_06zr": [84.11058616572033, 0.6152392121446858, 3.75259151270279e-12, 2.7448880706017925e-14, NaN, "zirc"], "RK092423-04Ag_01zr": [42.31261825218937, 0.3084154853424854, 1.8877763117778783e-12, 1.375994848498641e-14, NaN, "zirc"], "RK092423-04Ag_02zr": [209.62993784280243, 1.5364047646676826, 9.352633971749907e-12, 6.854665676218803e-14, NaN, "zirc"], "RK092423-04Ag_03zr": [151.7706591741387, 1.115028073680502, 6.771243828595462e-12, 4.9746947161617824e-14, NaN, "zirc"], "RK092423-04Ag_04zr": [85.38669510282503, 0.6709984873211404, 3.8095250782022405e-12, 2.9936579250519334e-14, NaN, "zirc"], "RK-FCT-UI1": [21.968221910125987, 0.17406920065551565, 9.80111622652181e-13, 7.766092649929314e-15, NaN, "zirc"], "RK092423-04Ag_05zr": [58.521166458195985, 0.45907068888113517, 2.6109202488710617e-12, 2.0481426290761805e-14, NaN, "zirc"], "RK092423-04Ag_06zr": [93.49913437807226, 0.7323906291123891, 4.171461335686278e-12, 3.267558798574056e-14, NaN, "zirc"], "RK093023-01Ag_01zr": [39.58744150881307, 0.31131637894049874, 1.7661926255381933e-12, 1.3889371773913567e-14, NaN, "zirc"], "RK093023-01Ag_02zr": [82.43005297936128, 0.6480464897949938, 3.677614570329316e-12, 2.891257650553198e-14, NaN, "zirc"], "RK093023-01Ag_03zr": [90.74976543554293, 0.7083660709864054, 4.048798315139775e-12, 3.1603732978781354e-14, NaN, "zirc"], "RK093023-01Ag_04zr": [37.570830065481886, 0.2997701519296003, 1.676221560876322e-12, 1.3374237170054442e-14, "Laser at 100% power, short of 1100C for duration of extraction. Also note - background measurements increased by almost an order of magnitude halfway thru collection", "zirc"], "RK093023-01Ag_05zr": [87.8863969902492, 0.6599419114974743, 3.9210492098799495e-12, 2.944329042105266e-14, "", "zirc"], "RK-FCT-UI2": [19.184162808314746, 0.1457941502854723, 8.559009015934123e-13, 6.504602047179098e-15, "", "zirc"], "RK093023-01Ag_06zr": [135.62277689321232, 1.0113510271822133, 6.050806500098702e-12, 4.512139855368132e-14, "", "zirc"], "RK091023-03Cf_01zr": [25.20498988060138, 0.18537834265850936, 1.1245199375658686e-12, 8.270649712613069e-15, "", "zirc"], "Rk091023-03Cf_02zr": [34.170140401710285, 0.2550024170343397, 1.524499884077375e-12, 1.1376925896062267e-14, "", "zirc"], "Rk091023-03Cf_03zr": [7.89789871140528, 0.0596464954272304, 3.5236453606697953e-13, 2.6611267701985544e-15, "", "zirc"], "RK091023-03Cf_05zr": [3.8253762552694797, 0.029892201960480574, 1.7066905752072272e-13, 1.3336397769465768e-15, "", "zirc"]}