{"NFCT-3": [10.271932765873107, 0.04887663813609393, 4.582820007974082e-13, 2.1806298802576034e-15, NaN, "zirc"], "JI38.45-5": [1.8185284705065974, 0.02243527269118644, 8.113359822015692e-14, 1.000949080538344e-15, NaN, "zirc"], "JI38.45-6": [24.70414376557862, 0.04847521023882436, 1.102174701774722e-12, 2.1627201855458355e-15, NaN, "zirc"], "JI38.45-8": [50.74829912058331, 0.09811561761831021, 2.264133984143094e-12, 4.377425609811288e-15, NaN, "zirc"], "JI38.45-9": [26.535189791390966, 0.05227163200859119, 1.183866770384178e-12, 2.3320974394838576e-15, NaN, "zirc"], "JI38.45-11": [18.744294947853163, 0.037418858866532345, 8.362762089699814e-13, 1.6694413699711047e-15, NaN, "zirc"], "JI38.45-16": [119.6730098455054, 0.23050708960082297, 5.339208077340296e-12, 1.0284067529259523e-14, NaN, "zirc"], "JI38.45-18": [33.227325461563154, 0.0646358786527637, 1.4824362211815452e-12, 2.883727967018992e-15, NaN, "zirc"], "NFCT-4": [3.2184892259464752, 0.023683405988599693, 1.4359280922398835e-13, 1.056634513634322e-15, "pretty low but I can't find anything that was wrong", "zirc"], "JI38.45-20": [9.099024533514363, 0.03501424480382078, 4.059527319315768e-13, 1.5621595790051208e-15, NaN, "zirc"], "JI38.45-22": [7.012501951843742, 0.028760368672194708, 3.128625837353325e-13, 1.2831430655926967e-15, NaN, "zirc"], "JI38.45-23": [29.452742949872224, 0.11055768379280499, 1.3140333251482207e-12, 4.9325280535738815e-15, NaN, "zirc"], "JI211.2-1": [93.29378936430285, 0.34794172940491, 4.162299873485449e-12, 1.5523410788119478e-14, NaN, "zirc"], "JI211.2-3": [18.634811943484028, 0.07018492218916202, 8.31391627709647e-13, 3.131298393377443e-15, NaN, "zirc"], "JI211.2-4": [243.06881931200084, 0.9060490954843565, 1.0844508758454574e-11, 4.042335573678756e-14, NaN, "zirc"], "JI211.2-5": [43.23946959569164, 0.16151230825678264, 1.929127759243849e-12, 7.205867237297341e-15, NaN, "zirc"], "NFCT-5": [17.02748118329412, 0.06465675543538245, 7.596806095874952e-13, 2.8846593841073636e-15, NaN, "zirc"], "JI211.2-6": [120.06083049465265, 0.3798290068412742, 5.356510685047409e-12, 1.6946060803126356e-14, NaN, "zirc"], "JI211.2-7": [65.54774266380406, 0.20752992404757498, 2.924410755055057e-12, 9.25894191342799e-15, NaN, "zirc"], "JI211.2-8": [139.63520571999894, 0.4417028969495563, 6.229820903007001e-12, 1.970656272640119e-14, NaN, "zirc"], "JI211.2-9": [254.33742301220204, 0.8044395254557914, 1.1347257205862497e-11, 3.5890047535281135e-14, NaN, "zirc"], "JI631.5-2": [188.17161195427227, 0.5952491734242146, 8.395271346224335e-12, 2.6557025672535667e-14, "laser crashed toward end", "zirc"], "JI631.5-3": [109.1055475726419, 0.34541825459390374, 4.867741035631386e-12, 1.541082602810314e-14, NaN, "zirc"], "JI631.5-4": [76.39847296440162, 0.24202866244665658, 3.4085157921121447e-12, 1.0798102188215248e-14, NaN, "zirc"], "NFCT-6": [7.295360421342226, 0.025188673172679504, 3.2548230665397626e-13, 1.1237919680859954e-15, "Starting at 1100 C because the other FCTs have been really hard", "zirc"], "JI631.5-5": [2.9322957490160575, 0.02493673561636155, 1.308242950395314e-13, 1.112551780867384e-15, "", "zirc"], "JI741.4-2": [17.01464315379234, 0.10729197758345331, 7.591078412506619e-13, 4.786828659920286e-15, "", "zirc"], "JI741.4-3": [484.5609358004638, 3.033132886521086, 2.1618672963347183e-11, 1.3532314118502212e-13, "", "zirc"], "JI741.4-4": [170.53915952856576, 1.06757542543552, 7.608599961120984e-12, 4.7629848551598105e-14, "", "zirc"], "JI741.4-5": [269.6373083620662, 1.6878295308631206, 1.2029861174358265e-11, 7.530246858495228e-14, "", "zirc"], "JI741.4-6": [161.55569925534886, 1.0118170891746077, 7.2078031255174825e-12, 4.5142191896788065e-14, "", "zirc"], "JI741.4-7": [122.6084916236279, 0.5656991270941698, 5.470174516981703e-12, 2.5238651159729176e-14, "", "zirc"], "NFCT-9": [4.325747270684999, 0.02514101867780017, 1.929930967558222e-13, 1.1216658640938774e-15, "", "zirc"], "JI741.4-8": [87.51248845070843, 0.40399123697864175, 3.904367290564309e-12, 1.8024058043126694e-14, "", "zirc"], "JI741.4-9": [201.9916188431023, 0.9318347223048054, 9.011850577456155e-12, 4.157378077562262e-14, "", "zirc"], "JIBFCT-1": [5.6483319881645375, 0.028770589035899987, 2.520001779318523e-13, 1.2835990468412593e-15, "BFCT are broken FCT", "zirc"], "JIBFCT-2": [11.623080758676961, 0.05697814688859063, 5.185634317246792e-13, 2.5420784727666022e-15, "", "zirc"], "JIBFCT-3": [7.414238381455931, 0.01880414349085848, 3.3078604360916976e-13, 8.389463500873776e-16, "", "zirc"], "JIBFCT-4": [4.874788217180003, 0.015800269991332303, 2.174885436414742e-13, 7.049286156568351e-16, "", "zirc"], "JIBFCT-5": [8.973181064851243, 0.020663756080239477, 4.0033822900201847e-13, 9.21912915153006e-16, "Laser maxed out at 827 C", "zirc"], "JIBFCT-7": [10.436008788939462, 0.02471813633407123, 4.656022481011627e-13, 1.1027989798372101e-15, "", "zirc"], "JIBFCT-8": [3.4401648383077474, 0.017240487338871652, 1.5348286063655515e-13, 7.691838734215959e-16, "", "zirc"], "NFCT-10": [8.036064308967418, 0.021604056960198823, 3.5852879044201915e-13, 9.638644133219783e-16, "", "zirc"], "JIBFCT-9": [9.446642379740501, 0.028345672997741458, 4.2146169268048987e-13, 1.2646414293629632e-15, "", "zirc"]}