{"NFCT-3": [10.271932765873107, 0.04887663813609393, 4.582820007974082e-13, 2.1806298802576034e-15, NaN, "zirc"], "JI38.45-5": [1.8185284705065974, 0.02243527269118644, 8.113359822015692e-14, 1.000949080538344e-15, NaN, "zirc"], "JI38.45-6": [24.704143765578614, 0.04847521023882435, 1.1021747017747217e-12, 2.162720185545835e-15, NaN, "zirc"], "JI38.45-8": [50.74829912058331, 0.09811561761831021, 2.264133984143094e-12, 4.377425609811288e-15, NaN, "zirc"], "JI38.45-9": [26.535189791390966, 0.05227163200859119, 1.183866770384178e-12, 2.3320974394838576e-15, NaN, "zirc"], "JI38.45-11": [18.744294947853163, 0.037418858866532345, 8.362762089699814e-13, 1.6694413699711047e-15, NaN, "zirc"], "JI38.45-16": [119.6730098455054, 0.23050708960082297, 5.339208077340296e-12, 1.0284067529259523e-14, NaN, "zirc"], "JI38.45-18": [33.227325461563154, 0.0646358786527637, 1.4824362211815452e-12, 2.883727967018992e-15, NaN, "zirc"], "NFCT-4": [3.2184892259464752, 0.023683405988599693, 1.4359280922398835e-13, 1.056634513634322e-15, "pretty low but I can't find anything that was wrong", "zirc"], "JI38.45-20": [9.099024535035749, 0.035014243812243113, 4.059527319994534e-13, 1.5621595347659103e-15, NaN, "zirc"], "JI38.45-22": [7.012501954389797, 0.028760423032981767, 3.128625838489246e-13, 1.283145490897732e-15, NaN, "zirc"], "JI38.45-23": [29.45274295415634, 0.11055768093461453, 1.3140333253393564e-12, 4.932527926055792e-15, NaN, "zirc"], "JI211.2-1": [93.29378934768206, 0.34794172006179974, 4.162299872743912e-12, 1.5523410371276866e-14, NaN, "zirc"], "JI211.2-3": [18.634811941946467, 0.0701849202960507, 8.313916276410486e-13, 3.1312983089163332e-15, NaN, "zirc"], "JI211.2-4": [243.0688193078481, 0.9060490712869561, 1.0844508758269299e-11, 4.04233546572212e-14, NaN, "zirc"], "JI211.2-5": [43.23946959918849, 0.1615123039884734, 1.929127759399861e-12, 7.205867046866843e-15, NaN, "zirc"], "NFCT-5": [17.027481183983724, 0.06465675396488897, 7.596806096182619e-13, 2.8846593185013366e-15, NaN, "zirc"], "JI211.2-6": [120.0608304816471, 0.37982898857586517, 5.356510684467168e-12, 1.694605998821563e-14, NaN, "zirc"], "JI211.2-7": [65.54774264791092, 0.2075299140680836, 2.9244107543459856e-12, 9.258941468193254e-15, NaN, "zirc"], "JI211.2-8": [139.63520566483265, 0.4417028755802512, 6.229820900545759e-12, 1.9706561773010222e-14, NaN, "zirc"], "JI211.2-9": [254.3374229710763, 0.8044394867299162, 1.1347257204027675e-11, 3.5890045807527264e-14, NaN, "zirc"], "JI631.5-2": [188.1716118859613, 0.5952491446563408, 8.395271343176644e-12, 2.6557024389057766e-14, "laser crashed toward end", "zirc"], "JI631.5-3": [109.10554758392867, 0.3454182380442598, 4.8677410361349454e-12, 1.5410825289741224e-14, NaN, "zirc"], "JI631.5-4": [76.3984729678556, 0.2420286508373533, 3.4085157922662443e-12, 1.0798101670266499e-14, NaN, "zirc"], "NFCT-6": [7.295360419151122, 0.025188672024591668, 3.2548230655622026e-13, 1.1237919168640879e-15, "Starting at 1100 C because the other FCTs have been really hard", "zirc"], "JI631.5-5": [2.9322957522620463, 0.02493677879431289, 1.3082429518435112e-13, 1.112553707250508e-15, NaN, "zirc"], "JI741.4-2": [17.014643149449643, 0.10729197566981834, 7.591078410569126e-13, 4.786828574543514e-15, NaN, "zirc"], "JI741.4-3": [484.5609356211039, 3.0331328302105756, 2.1618672955345047e-11, 1.3532313867273023e-13, NaN, "zirc"], "JI741.4-4": [170.53915947434726, 1.067575405668675, 7.608599958702029e-12, 4.762984766970085e-14, NaN, "zirc"], "JI741.4-5": [269.6373082547651, 1.6878294994839955, 1.202986116957103e-11, 7.530246718497346e-14, NaN, "zirc"], "JI741.4-6": [161.55569922989554, 1.0118170705605414, 7.207803124381883e-12, 4.5142191066322e-14, NaN, "zirc"], "JI741.4-7": [122.6084916180148, 0.5656991314709077, 5.4701745167312745e-12, 2.5238651354997216e-14, NaN, "zirc"], "NFCT-9": [4.32574727816574, 0.02514102398888319, 1.9299309708957525e-13, 1.1216661010477018e-15, NaN, "zirc"], "JI741.4-8": [87.51248843839953, 0.40399124005773096, 3.904367290015148e-12, 1.8024058180500176e-14, NaN, "zirc"], "JI741.4-9": [201.99161880543613, 0.931834729392704, 9.011850575775681e-12, 4.1573781091849013e-14, NaN, "zirc"], "JIBFCT-1": [5.648331989329926, 0.028770533943120444, 2.520001779838461e-13, 1.2835965888783994e-15, "BFCT are broken FCT", "zirc"], "JIBFCT-2": [11.623080753402458, 0.05697814908841471, 5.185634314893574e-13, 2.542078570911694e-15, NaN, "zirc"], "JIBFCT-3": [7.414238372786241, 0.01880414153199514, 3.307860432223718e-13, 8.389462626927428e-16, NaN, "zirc"], "JIBFCT-4": [4.874788207856401, 0.015800266895836915, 2.1748854322550197e-13, 7.049284775513926e-16, NaN, "zirc"], "JIBFCT-5": [8.97318106090782, 0.02066375631776487, 4.0033822882608275e-13, 9.219129257501948e-16, "Laser maxed out at 827 C", "zirc"], "JIBFCT-7": [10.436008779622826, 0.024718135362909986, 4.656022476855012e-13, 1.1027989365088776e-15, NaN, "zirc"], "JIBFCT-8": [3.4401648343208873, 0.017240486036442678, 1.534828604586815e-13, 7.691838153137626e-16, NaN, "zirc"], "NFCT-10": [8.036064304494365, 0.021604055107712506, 3.58528790242454e-13, 9.638643306733516e-16, NaN, "zirc"], "JIBFCT-9": [9.446642375547102, 0.028345672425912967, 4.2146169249340145e-13, 1.2646414038508507e-15, NaN, "zirc"], "NFCT-11": [3.1438620702621343, 0.029695344847885052, 1.4026332070411948e-13, 1.3248570022256201e-15, NaN, "zirc"], "JI863.5-1": [13.581762969088492, 0.03354375262320253, 6.05949985236392e-13, 1.4965536103864783e-15, NaN, "zirc"], "JI863.5-2": [506.06028030707495, 1.1966876968166447, 2.257786563340211e-11, 5.339018902545929e-14, NaN, "zirc"], "JI863.5-3": [178.94022001098998, 0.42343864515950946, 7.98341304590836e-12, 1.8891703629852297e-14, NaN, "zirc"], "JI863.5-4": [151.81198143197267, 0.32415956662038337, 6.7730874200041335e-12, 1.4462370242722556e-14, NaN, "zirc"], "JI863.5-6": [21.96012027428034, 0.04760790626975573, 9.797501683894145e-13, 2.124025442569632e-15, NaN, "zirc"], "JI863.5-7": [25.347370325033122, 0.05501725544506476, 1.130872237219288e-12, 2.4545933543796178e-15, NaN, "zirc"], "NFCT-12": [3.7812994104956776, 0.017300722526792416, 1.6870257029069677e-13, 7.718712646913721e-16, NaN, "zirc"], "JI207.33-3": [13.665004657141733, 0.03162650653666106, 6.096638108834536e-13, 1.4110157284135388e-15, NaN, "zirc"], "JI207.33-4": [31.839080967572126, 0.06852653541711103, 1.4204997308633943e-12, 3.0573095126756052e-15, NaN, "zirc"], "labFCT11": [3.4094156494295667, 0.016500136597071235, 1.521109864115984e-13, 7.361531452249145e-16, "BURST. Do not use", "zirc"], "JI207.33-6": [1.1729563269443215, 0.02076732908135357, 5.233141460445799e-14, 9.26533821778958e-16, NaN, "zirc"], "JI207.33-7": [6.358515699253475, 0.021230008821638773, 2.836850048743408e-13, 9.471762657998916e-16, NaN, "zirc"], "JI207.33-8": [23.06858901057656, 0.0673450045247121, 1.0292044708921458e-12, 3.004595544066748e-15, NaN, "zirc"], "JI207.33-9": [1.851021165521467, 0.020551565289460106, 8.25832589239523e-14, 9.169075260756716e-16, NaN, "zirc"], "JI207.33-10": [4.109668948812011, 0.020202815721194763, 1.8335276830605923e-13, 9.013480735787794e-16, NaN, "zirc"], "NFCT-15": [3.438139047224919, 0.020720809336958933, 1.5339248002252694e-13, 9.244583446488326e-16, NaN, "zirc"], "JI207.33-11": [24.09478363746264, 0.03979752623697166, 1.0749881162426447e-12, 1.775565549967505e-15, NaN, "zirc"], "JI10-1": [28.42924441176472, 0.046742074925766305, 1.2683699657252038e-12, 2.0853964007212593e-15, NaN, "zirc"], "JI10-2": [17.314443730147385, 0.029880441090506814, 7.724834358056297e-13, 1.3331150660527713e-15, NaN, "zirc"], "JI10-3": [18.23662343710962, 0.03060829781110944, 8.136264583345062e-13, 1.3655883738337394e-15, NaN, "zirc"], "JI10-4": [18.537627551341277, 0.03160042825228781, 8.270557486990843e-13, 1.40985224646595e-15, NaN, "zirc"], "JI10-5": [8.146485388390413, 0.020855313296711482, 3.6345522389535166e-13, 9.304592351526492e-16, NaN, "zirc"], "JI10-6": [31.218409114839226, 0.05265473277933003, 1.3928084730453834e-12, 2.3491894699442326e-15, NaN, "zirc"],