{"NFCT-3": [10.271932765873107, 0.04887663813609393, 4.582820007974082e-13, 2.1806298802576034e-15, NaN, "zirc"], "JI38.45-5": [1.8185284705065974, 0.02243527269118644, 8.113359822015692e-14, 1.000949080538344e-15, NaN, "zirc"], "JI38.45-6": [24.70414376557862, 0.04847521023882436, 1.102174701774722e-12, 2.1627201855458355e-15, NaN, "zirc"], "JI38.45-8": [50.74829912058331, 0.09811561761831021, 2.264133984143094e-12, 4.377425609811288e-15, NaN, "zirc"], "JI38.45-9": [26.535189791390966, 0.05227163200859119, 1.183866770384178e-12, 2.3320974394838576e-15, NaN, "zirc"], "JI38.45-11": [18.744294947853163, 0.037418858866532345, 8.362762089699814e-13, 1.6694413699711047e-15, NaN, "zirc"], "JI38.45-16": [119.6730098455054, 0.23050708960082297, 5.339208077340296e-12, 1.0284067529259523e-14, NaN, "zirc"], "JI38.45-18": [33.22732546156315, 0.06463587865276368, 1.4824362211815448e-12, 2.8837279670189917e-15, NaN, "zirc"], "NFCT-4": [3.2184892259464752, 0.023683405988599693, 1.4359280922398835e-13, 1.056634513634322e-15, "pretty low but I can't find anything that was wrong", "zirc"], "JI38.45-20": [9.099024535035749, 0.035014243812243113, 4.059527319994534e-13, 1.5621595347659103e-15, NaN, "zirc"], "JI38.45-22": [7.012501954389797, 0.028760423032981767, 3.128625838489246e-13, 1.283145490897732e-15, NaN, "zirc"], "JI38.45-23": [29.45274295415633, 0.1105576809346145, 1.3140333253393562e-12, 4.932527926055791e-15, NaN, "zirc"], "JI211.2-1": [93.29378934768206, 0.34794172006179974, 4.162299872743912e-12, 1.5523410371276866e-14, NaN, "zirc"], "JI211.2-3": [18.634811941946467, 0.0701849202960507, 8.313916276410486e-13, 3.1312983089163332e-15, NaN, "zirc"], "JI211.2-4": [243.0688193078481, 0.9060490712869561, 1.0844508758269299e-11, 4.04233546572212e-14, NaN, "zirc"], "JI211.2-5": [43.239469599188496, 0.16151230398847347, 1.9291277593998614e-12, 7.205867046866844e-15, NaN, "zirc"], "NFCT-5": [17.027481183983724, 0.06465675396488897, 7.596806096182619e-13, 2.8846593185013366e-15, NaN, "zirc"], "JI211.2-6": [120.0608304816471, 0.37982898857586517, 5.356510684467168e-12, 1.694605998821563e-14, NaN, "zirc"], "JI211.2-7": [65.54774264791092, 0.2075299140680836, 2.9244107543459856e-12, 9.258941468193254e-15, NaN, "zirc"], "JI211.2-8": [139.63520566483265, 0.4417028755802512, 6.229820900545759e-12, 1.9706561773010222e-14, NaN, "zirc"], "JI211.2-9": [254.33742297107628, 0.804439486729916, 1.1347257204027673e-11, 3.589004580752726e-14, NaN, "zirc"], "JI631.5-2": [188.1716118859613, 0.5952491446563408, 8.395271343176644e-12, 2.6557024389057766e-14, "laser crashed toward end", "zirc"], "JI631.5-3": [109.10554758392867, 0.3454182380442598, 4.8677410361349454e-12, 1.5410825289741224e-14, NaN, "zirc"], "JI631.5-4": [76.3984729678556, 0.2420286508373533, 3.4085157922662443e-12, 1.0798101670266499e-14, NaN, "zirc"], "NFCT-6": [7.295360419151122, 0.025188672024591668, 3.2548230655622026e-13, 1.1237919168640879e-15, "Starting at 1100 C because the other FCTs have been really hard", "zirc"], "JI631.5-5": [2.9322957522620463, 0.024936778794312962, 1.3082429518435112e-13, 1.1125537072505113e-15, NaN, "zirc"], "JI741.4-2": [17.014643149449643, 0.1072919756698189, 7.591078410569126e-13, 4.786828574543539e-15, NaN, "zirc"], "JI741.4-3": [484.5609356211039, 3.0331328302105915, 2.1618672955345047e-11, 1.3532313867273094e-13, NaN, "zirc"], "JI741.4-4": [170.53915947434726, 1.0675754056686808, 7.608599958702029e-12, 4.7629847669701115e-14, NaN, "zirc"], "JI741.4-5": [269.6373082547651, 1.6878294994840044, 1.202986116957103e-11, 7.530246718497387e-14, NaN, "zirc"], "JI741.4-6": [161.55569922989554, 1.011817070560547, 7.207803124381883e-12, 4.5142191066322244e-14, NaN, "zirc"], "JI741.4-7": [122.60849161801482, 0.5656991314709069, 5.470174516731276e-12, 2.5238651354997184e-14, NaN, "zirc"], "NFCT-9": [4.325747278165741, 0.025141023988883158, 1.9299309708957528e-13, 1.1216661010477004e-15, NaN, "zirc"], "JI741.4-8": [87.51248843839953, 0.40399124005773024, 3.904367290015148e-12, 1.8024058180500144e-14, NaN, "zirc"], "JI741.4-9": [201.99161880543613, 0.9318347293927024, 9.011850575775681e-12, 4.157378109184895e-14, NaN, "zirc"], "JIBFCT-1": [5.648331989329927, 0.02877053394312041, 2.520001779838461e-13, 1.2835965888783976e-15, "BFCT are broken FCT", "zirc"], "JIBFCT-2": [11.623080753402458, 0.05697814908841463, 5.185634314893574e-13, 2.5420785709116904e-15, NaN, "zirc"], "JIBFCT-3": [7.414238372786241, 0.01880414153199514, 3.307860432223718e-13, 8.389462626927428e-16, NaN, "zirc"], "JIBFCT-4": [4.8747882078564, 0.015800266895836915, 2.174885432255019e-13, 7.049284775513926e-16, NaN, "zirc"], "JIBFCT-5": [8.97318106090782, 0.02066375631776487, 4.0033822882608275e-13, 9.219129257501948e-16, "Laser maxed out at 827 C", "zirc"], "JIBFCT-7": [10.436008779622824, 0.024718135362909986, 4.656022476855011e-13, 1.1027989365088776e-15, NaN, "zirc"], "JIBFCT-8": [3.4401648343208873, 0.017240486036442678, 1.534828604586815e-13, 7.691838153137626e-16, NaN, "zirc"], "NFCT-10": [8.036064304494365, 0.021604055107712506, 3.58528790242454e-13, 9.638643306733516e-16, NaN, "zirc"], "JIBFCT-9": [9.446642375547102, 0.028345672425912967, 4.2146169249340145e-13, 1.2646414038508507e-15, NaN, "zirc"], "NFCT-11": [3.1438620702621343, 0.029695344847885052, 1.4026332070411948e-13, 1.3248570022256201e-15, NaN, "zirc"], "JI863.5-1": [13.581762969088492, 0.03354375262320253, 6.05949985236392e-13, 1.4965536103864783e-15, NaN, "zirc"], "JI863.5-2": [506.06028030707495, 1.1966876968166447, 2.257786563340211e-11, 5.339018902545929e-14, NaN, "zirc"], "JI863.5-3": [178.94022001099, 0.42343864515950946, 7.983413045908361e-12, 1.8891703629852297e-14, NaN, "zirc"], "JI863.5-4": [151.81198143197264, 0.32415956662038337, 6.773087420004132e-12, 1.4462370242722556e-14, NaN, "zirc"], "JI863.5-6": [21.960120274280342, 0.04760790626975573, 9.797501683894147e-13, 2.124025442569632e-15, NaN, "zirc"], "JI863.5-7": [25.347370325033122, 0.05501725544506476, 1.130872237219288e-12, 2.4545933543796178e-15, NaN, "zirc"], "NFCT-12": [3.7812994104956776, 0.017300722526792416, 1.6870257029069677e-13, 7.718712646913721e-16, NaN, "zirc"], "JI207.33-3": [13.665004657141733, 0.03162650653666106, 6.096638108834536e-13, 1.4110157284135388e-15, NaN, "zirc"], "JI207.33-4": [31.839080967572126, 0.06852653541711103, 1.4204997308633943e-12, 3.0573095126756052e-15, NaN, "zirc"], "labFCT11": [3.4094156494295667, 0.01650013659707128, 1.521109864115984e-13, 7.361531452249165e-16, "BURST. Do not use", "zirc"], "JI207.33-6": [1.1729563269443215, 0.020767329081353574, 5.233141460445799e-14, 9.265338217789582e-16, NaN, "zirc"], "JI207.33-7": [6.358515699253475, 0.0212300088216389, 2.836850048743408e-13, 9.471762657998973e-16, NaN, "zirc"], "JI207.33-8": [23.06858901057656, 0.0673450045247126, 1.0292044708921458e-12, 3.0045955440667704e-15, NaN, "zirc"], "JI207.33-9": [1.851021165521467, 0.020551565289460116, 8.25832589239523e-14, 9.16907526075672e-16, NaN, "zirc"], "JI207.33-10": [4.109668948812011, 0.02020281572119482, 1.8335276830605923e-13, 9.01348073578782e-16, NaN, "zirc"], "NFCT-15": [3.438139047224919, 0.02072080933695897, 1.5339248002252694e-13, 9.244583446488342e-16, NaN, "zirc"], "JI207.33-11": [24.09478363746264, 0.03979752623697166, 1.0749881162426447e-12, 1.775565549967505e-15, NaN, "zirc"], "JI10-1": [28.42924441176472, 0.046742074925766305, 1.2683699657252038e-12, 2.0853964007212593e-15, NaN, "zirc"], "JI10-2": [17.314443730147385, 0.029880441090506814, 7.724834358056297e-13, 1.3331150660527713e-15, NaN, "zirc"], "JI10-3": [18.23662343710962, 0.03060829781110944, 8.136264583345062e-13, 1.3655883738337394e-15, NaN, "zirc"], "JI10-4": [18.537627551341277, 0.03160042825228781, 8.270557486990843e-13, 1.40985224646595e-15, NaN, "zirc"], "JI10-5": [8.146485388390413, 0.020855313296711482, 3.6345522389535166e-13, 9.304592351526492e-16, NaN, "zirc"], "JI10-6": [31.218409114839226, 0.05265473277933003, 1.3928084730453834e-12, 2.3491894699442326e-15, NaN, "zirc"],