{"Durango_M": [1.6742691514149557, 0.013672191196403992, 7.469747262491995e-14, 6.099844381370567e-16, NaN, "ap"], "THERMO_17_A": [0.8717471572801415, 0.007190848393335286, 3.8892975697338336e-14, 3.208195053687555e-16, NaN, "ap"], "THERMO_17_B": [0.04511400161391856, 0.0008731829120353474, 2.0127599542214045e-15, 3.895703185666759e-17, NaN, "ap"], "THERMO_17_C": [2.2250148647772234, 0.018874704078586577, 9.926897763795945e-14, 8.420944087885507e-16, NaN, "ap"], "THERMO_17_D": [0.3930271129306807, 0.004935917744973599, 1.753489394711701e-14, 2.2021583586033722e-16, NaN, "ap"], "THERMO_17_E": [0.816925057720227, 0.006955123953644619, 3.6447089217463505e-14, 3.1030266590722845e-16, NaN, "ap"], "THERMO_16_A": [0.018110105364518493, 0.0006560167013802144, 8.079818579690591e-16, 2.9268167278496223e-17, NaN, "ap"], "THERMO_16_B": [0.11939749004148653, 0.0012777049322018137, 5.326915768782302e-15, 5.700477077727374e-17, NaN, "ap"], "DURANGO_N": [0.23990315785103927, 0.0025155330468387875, 1.0703272858527672e-14, 1.1223043842414505e-16, NaN, "ap"], "THERMO_16_F": [0.003644488747223404, 0.00033300610363748553, 1.6259876627212473e-16, 1.4857058250980882e-17, NaN, "ap"], "THERMO_16_D": [0.045064462535327254, 0.000672666105017542, 2.010549769578266e-15, 3.001097996865985e-17, NaN, "ap"], "THERMO_16_E": [0.2203288460798863, 0.002492100569815544, 9.829965471575189e-15, 1.1118499909947103e-16, NaN, "ap"], "ZBTH2306B_A": [0.2583765037870685, 0.0027564988264512087, 1.1527460684709041e-14, 1.2298112012363738e-16, NaN, "ap"], "ZBTH2306B_B": [0.37150364706237415, 0.003853124313252093, 1.657462510316651e-14, 1.7190703637244993e-16, NaN, "ap"], "ZBTH2306B_C": [2.2313101975759966, 0.01800652859006529, 9.954984373944841e-14, 8.033607829956851e-16, NaN, "ap"], "ZBTH2306B_D": [0.37311491465921337, 0.004296227834257218, 1.6646511763148625e-14, 1.9167608790297212e-16, NaN, "ap"], "ZBTH2306B_E": [0.6404177157996459, 0.005811965219869656, 2.857221896134763e-14, 2.5930067011107593e-16, NaN, "ap"], "Durango_O": [0.6339573555732176, 0.006115773648974487, 2.8283990165665102e-14, 2.72855074907401e-16, NaN, "ap"], "THERMO_07_A": [0.0015387883473084235, 0.00035471333004184893, 6.865300023683515e-17, 1.5825525566246494e-17, NaN, "ap"], "THERMO_07_F2": [0.2813656725719223, 0.0029492811620821036, 1.2553121824392e-14, 1.3158209878121279e-16, NaN, "ap"], "THERMO_07_C": [0.7087745162138676, 0.006315140648640198, 3.162195575148869e-14, 2.8174982817168723e-16, NaN, "ap"], "THERMO_07_D": [0.3546277781001916, 0.0033841824371479575, 1.5821708668697757e-14, 1.5098520733237964e-16, NaN, "ap"], "THERM023_07_A": [0.2664850220680745, 0.0023987072911831444, 1.1889222007141719e-14, 1.0701826051499706e-16, NaN, "ap"], "THERMO23_07_B": [0.23071031124475228, 0.0022978153001305965, 1.0293134257372726e-14, 1.0251696707997662e-16, NaN, "ap"], "Durango_P": [0.07876712684168871, 0.000997093685918122, 3.5141932203840773e-15, 4.4485307661199335e-17, NaN, "ap"], "THERMO23_07_C": [0.4351057675736477, 0.004960032514312591, 1.9412231978836785e-14, 2.212917156381097e-16, NaN, "ap"], "THERMO23_07_D": [0.15941726637225773, 0.001743913268572641, 7.112397000636107e-15, 7.780464301653613e-17, NaN, "ap"], "THERMO23_07_E": [0.00133692999757155, 0.0004168816036297646, 5.964709545692648e-17, 1.859916140045349e-17, NaN, "ap"], "A4ZB_513_A": [2.6666899746236545, 0.04289220063699641, 1.1897430064351095e-13, 1.9136343641026328e-15, NaN, "ap"], "A4ZB_513_B": [0.2542232083010068, 0.004492450044458926, 1.134216151963089e-14, 2.0043053647090774e-16, NaN, "ap"], "A4ZB_513_C": [0.4490098489513137, 0.008013470516213048, 2.0032562191099923e-14, 3.5752076899317604e-16, NaN, "ap"], "A4ZB_513_D": [0.3989074695517709, 0.007729928574815681, 1.7797245897732263e-14, 3.4487055299436426e-16, NaN, "ap"], "Durango_Q": [0.41201907542142435, 0.006847920824215669, 1.8382219836772746e-14, 3.055198012053033e-16, NaN, "ap"], "A4ZB_523_E": [0.21971391169213417, 0.0038125105513815466, 9.802530190601149e-15, 1.7009505449190445e-16, NaN, "ap"], "THERMO_12_A": [0.010414237472751116, 0.00036304522686239193, 4.646309214219289e-16, 1.6197252916141336e-17, NaN, "ap"], "THERMO_12_B": [0.9668282144255751, 0.015581024636390823, 4.31350144742382e-14, 6.951469901129125e-16, NaN, "ap"], "THERMO_12_C": [1.8018403136042673, 0.029117735732394803, 8.038905655412988e-14, 1.2990869872577317e-15, NaN, "ap"], "THERMO_12_D": [1.176548991163924, 0.01940357701883639, 5.2491701220840716e-14, 8.656900606244485e-16, NaN, "ap"], "THERMO_12_E": [0.3817264660498393, 0.007305431128916339, 1.7030715894076884e-14, 3.259316109983197e-16, NaN, "ap"], "THERMO_15_A": [0.3276983457485394, 0.005585359911136869, 1.462025277721689e-14, 2.491906804290563e-16, NaN, "ap"], "THERMO_15_B": [0.16386190839035353, 0.002946323149497423, 7.310694583311926e-15, 1.3145012713024997e-16, NaN, "ap"], "DURANGO_R": [1.5377870951416317, 0.024904518900325124, 6.860832939866295e-14, 1.1111144329582012e-15, NaN, "ap"], "THERMO_15_C": [0.13342655323425284, 0.0024138998539530404, 5.952822041324745e-15, 1.0769607628950836e-16, NaN, "ap"], "THERMO_15_D": [0.06775824487167266, 0.0013259820632183748, 3.023032250900003e-15, 5.915865366370905e-17, NaN, "ap"], "THERMO_15_E": [0.07254336241630131, 0.001549598679220381, 3.2365201399259973e-15, 6.913530290088253e-17, NaN, "ap"], "ZBTH23_04_A": [0.1087426656914667, 0.0020612040664538833, 4.851551070378634e-15, 9.196056332889636e-17, NaN, "ap"], "ZBTH23_04_B": [0.27479363460773487, 0.004869295881586585, 1.2259910529478669e-14, 2.172435032384485e-16, NaN, "ap"], "ZBTH23_04_C": [0.1785433415107909, 0.003180946394501852, 7.965706322423079e-15, 1.4191783682081964e-16, NaN, "ap"], "Durango_S": [1.1138486588186318, 0.010886873987457265, 4.969432759965342e-14, 4.85717586662678e-16, NaN, "ap"], "GTHERMO_02_A": [2.2190090491135863, 0.021693991117095735, 9.900102833557537e-14, 9.678768232843638e-16, NaN, "ap"], "GTHERMO_02_B": [2.4864272349157814, 0.024049711922616696, 1.109318834173187e-13, 1.0729772429114257e-15, NaN, "ap"], "GTHERMO_02_CC": [2.218687180803385, 0.021372569178693557, 9.89866681896754e-14, 9.535365922500918e-16, NaN, "ap"], "GTHERMO_02_DD": [1.5030904941908154, 0.014883989522256402, 6.706034149151492e-14, 6.640487874657089e-16, NaN, "ap"], "GTHERMO_02_E": [5.5312434629691944, 0.05346573208792394, 2.467762765668419e-13, 2.3853721820256954e-15, NaN, "ap"], "DV2206_A": [0.2181530127778564, 0.0025967532716926747, 9.732890728020718e-15, 1.1585407654558197e-16, NaN, "ap"], "DV2206_B": [0.21490559211381657, 0.002521263597663324, 9.588007143473568e-15, 1.1248610679322403e-16, NaN, "ap"], "DURANGO_T": [0.66588619288919, 0.006879552247562437, 2.9708494373569645e-14, 3.0693103629706596e-16, NaN, "ap"], "DV2206_C": [-0.00026084654778649093, 0.0003350901924729993, -1.1637661630520698e-17, 1.4950039817658574e-17, NaN, "ap"], "DV2206_D": [4.679704253225449, 0.0448691785475951, 2.0878487789887786e-13, 2.0018371797802753e-15, NaN, "ap"], "DV2206_E": [0.6890266754626236, 0.00705364209390215, 3.074090637381206e-14, 3.1469805005363384e-16, NaN, "ap"], "GTHERMO_04_A": [0.12858367827010173, 0.0018205176040967572, 5.7367573065986316e-15, 8.122234336114737e-17, NaN, "ap"], "GTHERMO_04_B": [5.816817820700015, 0.056282966503918376, 2.595171687650582e-13, 2.5110630188238767e-15, NaN, "ap"], "GTHERMO_04_C": [16.863496003252827, 0.1605682649791774, 7.523644152428314e-13, 7.163748772159248e-15, NaN, "ap"], "GTHERMO_04_D": [3.6412208109213298, 0.035254728536074156, 1.62452967382945e-13, 1.5728887541748081e-15, NaN, "ap"], "GTHERMO_04_E": [1.3531034245943372, 0.013413916529414722, 6.036867246338615e-14, 5.9846152089831e-16, NaN, "ap"], "Durango_U": [0.7423829447889937, 0.007767785614177438, 3.312139487771007e-14, 3.4655954377520464e-16, NaN, "ap"], "A5DB40_A": [1.7912199002389622, 0.01764012846711024, 7.991522710087276e-14, 7.870138514816739e-16, NaN, "ap"], "A5DB40_B": [0.2438707971924217, 0.0029670409559984234, 1.0880288979763615e-14, 1.3237445150345424e-16, NaN, "ap"],