{"JDORN-10853_64": [12.853778185605842, 0.03874833286517477, 5.734709639335166e-13, 1.7287558162387243e-15, ""], "JDORN-10853_71": [0.030483184913408158, 0.1711709905720529, 1.360006465307761e-15, 7.636789085930797e-15, ""], "JDORN-10853_110": [7.268532995309015, 0.028125374888960053, 3.242854017716166e-13, 1.2548128352351232e-15, ""], "JDORN-10853_176": [24.351248745731677, 0.038355691920924015, 1.0864303000683357e-12, 1.7112381511967526e-15, ""], "JDORN-10853_174": [-0.0028295393653575275, 1.900764352179096, -1.262398217791348e-16, 8.480254984291496e-14, "By some dyslexic miracle QST6741-6744 should be JDORN-10835_174 BUT I entered them as 176. SO here in this spread sheet the I am now calling 174 176 and 176 Im calling 174. This is correct in the log book and highlighted there as well."], "FCT-2": [9.533999044933651, 0.02097248869283979, 4.2535910792065897e-13, 9.356870122619697e-16, ""], "FEE-44": [20.908570056377062, 0.033045218167783906, 9.328352840357393e-13, 1.474311509225658e-15, ""], "JDORN-14349_60": [6.765349600061729, 0.01927959090225605, 3.018358882868621e-13, 8.601584234075153e-16, ""], "JDORN-14349_75": [0.5598889132290406, 0.05229918570004885, 2.4979428626262183e-14, 2.3333267466783637e-15, ""], "JDORN-14349_93": [7.760090091717438, 0.019053317785910618, 3.4621620825008647e-13, 8.500632544798169e-16, ""], "FCT-3": [3.5260503319331824, 0.02390488058944675, 1.5731463959726877e-13, 1.0665155969236525e-15, ""], "JDORN-14349_167": [4.637087815581732, 0.022411653274544918, 2.068835466932155e-13, 9.998953009076878e-16, ""], "JDORN-14349_204": [5.481647907214042, 0.025411064369050478, 2.4456357219657546e-13, 1.1337139452596803e-15, ""], "LASS_32": [60.5912397328823, 0.20290710346100935, 2.7032765116838714e-12, 9.052694898769043e-15, ""], "LASS_55": [79.64670841838252, 0.2665880442068172, 3.5534357284903413e-12, 1.1893818337057965e-14, ""], "FCT-4": [17.899246435622945, 0.06119163157497101, 7.985743925949382e-13, 2.7300629773789153e-15, ""], "Greg_46": [97.67261102402041, 0.3269412463978003, 4.3576608826635314e-12, 1.4586474810288227e-14, ""], "Greg_52": [41.51607575678211, 0.13945389527656932, 1.8522385900232936e-12, 6.221731742507777e-15, ""], "Greg_209": [101.88956826536182, 0.3411466394581916, 4.545800315220925e-12, 1.5220248035075918e-14, ""], "Greg_217": [113.15927649422643, 0.2590527559098467, 5.0485980411451065e-12, 1.1557631654762502e-14, ""], "Greg_248": [113.22812871471533, 0.2591925365842564, 5.051669881088397e-12, 1.1563867965747138e-14, ""], "FCT-5": [3.0078838055845707, 0.019011660498449313, 1.341966541261966e-13, 8.482047157334394e-16, ""], "Greg_271": [0.00307327226960452, 1.0487826317162976, 1.3711395866889085e-16, 4.679140857126339e-14, "EMPTY"], "PSI_7": [0.024696030950931525, 0.2341885764225199, 1.1018127487700333e-15, 1.0448316963617376e-14, "EMPTY??"], "PSI_92": [68.18081785995183, 0.15638900380590237, 3.0418853332716977e-12, 6.977291148652733e-15, "EMPTY??"], "PSI_103": [61.37144695512736, 0.14065307419605724, 2.738085435670891e-12, 6.275233077364916e-15, "EMPTY??"], "PSI_109": [6.531294544835937, 0.02119658499427953, 2.91393528367803e-13, 9.45685062651893e-16, "13% left after 2nd reextract"], "PSI_109_help": [0.0021574598305041676, 2.030628341465389, 9.625501162238633e-17, 9.059642819065712e-14, "empty"], "PSI_111": [19.896964484341627, 0.04678286147729562, 8.877025289703589e-13, 2.087216091607728e-15, "empty"], "FCT-6": [5.124581947779658, 0.020617068848926525, 2.2863308413400814e-13, 9.198299655985778e-16, "empty"], "PSI_134": [51.25499270492688, 0.11841044162495612, 2.2867401046188486e-12, 5.282878630541453e-15, ""], "PSI_135": [74.65662461574047, 0.17128328233487852, 3.330803275441263e-12, 7.641798979873228e-15, ""], "PSI_137": [0.002614009316593859, 1.6384150193675586, 1.1662395451922274e-16, 7.30978414994003e-14, ""], "FCT-7": [12.370836252475904, 0.03327068515160212, 5.519245227302535e-13, 1.4843707125725937e-15, ""]}