{"JDORN-10853_64": [12.841948932651226, 0.02340444993825986, 5.729432021348811e-13, 1.0441888970402364e-15, NaN, "zirc"], "JDORN-10853_71": [0.030455130646167394, 0.17118548591867616, 1.358754824938315e-15, 7.637435795425901e-15, NaN, "zirc"], "JDORN-10853_110": [7.261843808622794, 0.022022626949783897, 3.2398696388965796e-13, 9.825389020158782e-16, NaN, "zirc"], "JDORN-10853_174": [24.429150949569095, 0.07070342313913407, 1.0899059047724232e-12, 3.1544312991493733e-15, NaN, "zirc"], "FCT-2": [9.564499305533962, 0.03132641857465555, 4.267198762172732e-13, 1.3976273121555966e-15, NaN, "zirc"], "FEE-44": [20.975458767167563, 0.060727331687332096, 9.358195220472722e-13, 2.709348250527889e-15, NaN, "zirc"], "JDORN-14349_60": [6.78699266023361, 0.025397929019759007, 3.0280149282741183e-13, 1.1331279120085216e-15, NaN, "zirc"], "JDORN-14349_75": [0.5616800558132421, 0.05232373718582787, 2.5059340403910148e-14, 2.3344221105482226e-15, NaN, "zirc"], "JDORN-14349_93": [7.784915431446893, 0.026875049689086536, 3.4732379010649114e-13, 1.1990296104705332e-15, NaN, "zirc"], "FCT-3": [3.5127938631259843, 0.021383659999247552, 1.5672320260221218e-13, 9.5403140890727e-16, NaN, "zirc"], "JDORN-14349_167": [4.619654317808319, 0.0174817665824076, 2.0610575166450962e-13, 7.799485403055054e-16, NaN, "zirc"], "JDORN-14349_204": [5.461039218802468, 0.0192741869470657, 2.436441161239613e-13, 8.5991732609376715e-16, NaN, "zirc"], "LASS_32": [60.36344213241847, 0.08964652705068372, 2.69311332793872e-12, 3.999577364624062e-15, NaN, "zirc"], "LASS_55": [79.34727026059798, 0.11760712156483179, 3.540076303230034e-12, 5.247038527921467e-15, NaN, "zirc"], "FCT-4": [17.831952794114777, 0.029069798780056902, 7.955720886104567e-13, 1.296948281433787e-15, NaN, "zirc"], "Greg_46": [97.30540303969255, 0.14431292932300113, 4.341277908436358e-12, 6.438517414250072e-15, NaN, "zirc"], "Greg_52": [41.35999276594264, 0.062316438773065135, 1.8452749516348105e-12, 2.7802462199101066e-15, NaN, "zirc"], "Greg_209": [101.50650633718708, 0.15054654524138264, 4.52871001772049e-12, 6.716630018799974e-15, NaN, "zirc"], "Greg_217": [112.39841647432324, 0.3756733791755021, 5.014652292064033e-12, 1.6760657587913898e-14, NaN, "zirc"], "Greg_248": [112.46680574616256, 0.3758896327030456, 5.017703477565921e-12, 1.677030573315988e-14, NaN, "zirc"], "FCT-5": [2.987659406207972, 0.020359882714889924, 1.3329434309841936e-13, 9.083556132278899e-16, NaN, "zirc"], "Greg_271": [0.003052610116318211, 1.0482168935153384, 1.3619211726234546e-16, 4.6766168176824233e-14, "EMPTY", "zirc"], "PSI_7": [0.02452998580408128, 0.2341757667212848, 1.0944046490622504e-15, 1.0447745459145389e-14, "EMPTY??", "zirc"], "PSI_92": [67.72238386062564, 0.22661941988294723, 3.021432312868102e-12, 1.0110619250599947e-14, NaN, "zirc"], "PSI_103": [67.44617723042734, 0.2256241200684222, 3.0091093615788047e-12, 1.0066213976462131e-14, NaN, "zirc"], "PSI_111": [19.763181332611225, 0.06694554981244162, 8.817337972968333e-13, 2.986773882950014e-15, NaN, "zirc"], "FCT-6": [5.090125299928117, 0.024075657419838255, 2.2709580172785387e-13, 1.0741348005638554e-15, NaN, "zirc"], "PSI_134": [50.91036452404825, 0.1709661213926675, 2.2713645277080507e-12, 7.62764885306806e-15, NaN, "zirc"], "PSI_135": [74.15464862488587, 0.24812186276663523, 3.3084076302706283e-12, 1.1069950154663836e-14, NaN, "zirc"], "PSI_137": [0.0025964316602070437, 1.6383249279611953, 1.1583972785790326e-16, 7.309382207375726e-14, NaN, "zirc"], "FCT-7": [12.287657256702543, 0.044699924332929526, 5.482134940975525e-13, 1.9942859075992472e-15, NaN, "zirc"]}