{"JDORN-10853_64": [12.841948932651226, 0.02340444993825986, 5.729432021348811e-13, 1.0441888970402364e-15, NaN, "zirc"], "JDORN-10853_71": [0.030455130646167415, 0.17118548591867613, 1.3587548249383158e-15, 7.6374357954259e-15, NaN, "zirc"], "JDORN-10853_110": [7.261843808622794, 0.022022626949783894, 3.2398696388965796e-13, 9.82538902015878e-16, NaN, "zirc"], "JDORN-10853_174": [24.429150949569095, 0.07070342313913407, 1.0899059047724232e-12, 3.1544312991493733e-15, NaN, "zirc"], "FCT-2": [9.564499305533964, 0.03132641857465555, 4.267198762172733e-13, 1.3976273121555966e-15, NaN, "zirc"], "FEE-44": [20.975458767167563, 0.060727331687332096, 9.358195220472722e-13, 2.709348250527889e-15, NaN, "zirc"], "JDORN-14349_60": [6.7869926602336115, 0.025397929019759007, 3.0280149282741194e-13, 1.1331279120085216e-15, NaN, "zirc"], "JDORN-14349_75": [0.5616800558132421, 0.05232373718582787, 2.5059340403910148e-14, 2.3344221105482226e-15, NaN, "zirc"], "JDORN-14349_93": [7.784915431446893, 0.026875049689086536, 3.4732379010649114e-13, 1.1990296104705332e-15, NaN, "zirc"], "FCT-3": [3.5127938631259834, 0.02138365999924759, 1.5672320260221215e-13, 9.540314089072718e-16, NaN, "zirc"], "JDORN-14349_167": [4.619654317808318, 0.01748176658240768, 2.0610575166450957e-13, 7.799485403055091e-16, NaN, "zirc"], "JDORN-14349_204": [5.461039218802468, 0.019274186947065796, 2.436441161239613e-13, 8.599173260937715e-16, NaN, "zirc"], "LASS_32": [60.363442132418456, 0.08964652705068626, 2.693113327938719e-12, 3.999577364624175e-15, NaN, "zirc"], "LASS_55": [79.34727026059795, 0.11760712156483513, 3.5400763032300327e-12, 5.247038527921617e-15, NaN, "zirc"], "FCT-4": [17.831952794114777, 0.02906979878005759, 7.955720886104567e-13, 1.2969482814338176e-15, NaN, "zirc"], "Greg_46": [97.30540303969252, 0.1443129293230052, 4.3412779084363576e-12, 6.438517414250254e-15, NaN, "zirc"], "Greg_52": [41.359992765942636, 0.06231643877306686, 1.84527495163481e-12, 2.780246219910184e-15, NaN, "zirc"], "Greg_209": [101.50650633718706, 0.15054654524138694, 4.5287100177204895e-12, 6.716630018800166e-15, NaN, "zirc"], "Greg_217": [112.39841647432324, 0.37567337917550514, 5.014652292064033e-12, 1.676065758791403e-14, NaN, "zirc"], "Greg_248": [112.46680574616256, 0.37588963270304865, 5.017703477565921e-12, 1.6770305733160017e-14, NaN, "zirc"], "FCT-5": [2.987659406207972, 0.020359882714889962, 1.3329434309841936e-13, 9.083556132278915e-16, NaN, "zirc"], "Greg_271": [0.003052610116318211, 1.0482168935153386, 1.3619211726234546e-16, 4.676616817682424e-14, "EMPTY", "zirc"], "PSI_7": [0.02452998580408128, 0.2341757667212848, 1.0944046490622504e-15, 1.0447745459145389e-14, "EMPTY??", "zirc"], "PSI_92": [67.72238386062564, 0.22661941988294906, 3.021432312868102e-12, 1.0110619250600028e-14, NaN, "zirc"], "PSI_103": [67.44617723042734, 0.225624120068424, 3.0091093615788047e-12, 1.006621397646221e-14, NaN, "zirc"], "PSI_111": [19.763181332611225, 0.06694554981244216, 8.817337972968333e-13, 2.9867738829500383e-15, NaN, "zirc"], "FCT-6": [5.090125299928117, 0.02407565741983836, 2.2709580172785387e-13, 1.07413480056386e-15, NaN, "zirc"], "PSI_134": [50.91036452404825, 0.17096612139266887, 2.2713645277080507e-12, 7.62764885306812e-15, NaN, "zirc"], "PSI_135": [74.15464862488587, 0.24812186276663725, 3.3084076302706283e-12, 1.1069950154663925e-14, NaN, "zirc"], "PSI_137": [0.0025964316602070437, 1.6383249279611953, 1.1583972785790326e-16, 7.309382207375726e-14, NaN, "zirc"], "FCT-7": [12.287657256702543, 0.04469992433292983, 5.482134940975525e-13, 1.9942859075992606e-15, NaN, "zirc"]}