{"RS23_G168_150_1": [2.6206859220768557, 0.023189103041059585, 1.1692183109114193e-13, 1.0345812010823408e-15, "did not finish lasing. a few seconds left", "zirc"], "RS23_G168_175_1": [2.486688415719994, 0.022385858881606293, 1.1094353599179057e-13, 9.98744484768729e-16, "t = 3600s", "zirc"], "RS23_G168_200_1": [3.419553211450341, 0.028666023086329852, 1.5256327346526013e-13, 1.278933839846964e-15, "t = 3600s", "zirc"], "RS23_G168_225_1": [4.902295727815905, 0.038659795621663585, 2.1871579047987438e-13, 1.7248057295290257e-15, "t = 3600s", "zirc"], "RS23_G168_250_1": [6.740780928342268, 0.03182136995111625, 3.007397576667381e-13, 1.4197095543462233e-15, NaN, "zirc"], "RS23_G168_275_1": [16.232394878419715, 0.0725625665734246, 7.242078557339036e-13, 3.2373769328734092e-15, "laser was at 283 +/- 7 *C", "zirc"], "RS23_G168_320_1": [33.91658508051248, 0.26171445409531957, 1.513187520322677e-12, 1.16763832468689e-14, "temp unstable", "zirc"], "RS23_G168_350_1": [46.59179339553059, 0.35927452948659266, 2.0786915943397243e-12, 1.6029023355340083e-14, "temp more stable", "zirc"], "RS23_G168_375_1": [67.21272118885734, 0.5112375224189623, 2.998693726637697e-12, 2.2808848149324628e-14, NaN, "zirc"], "RS23_G168_400_1": [154.72661377365807, 1.1767762445887735, 6.90312366260632e-12, 5.250184012620565e-14, "overshot to 465-495 w/in first 5 mins", "zirc"], "RS23_G168_385_2": [37.16755520362685, 0.28275529032024355, 1.6582294638898387e-12, 1.2615119582414718e-14, NaN, "zirc"], "RS23_G168_365_2": [16.573843117727368, 0.12653845560818788, 7.394415596380551e-13, 5.645509753198352e-15, NaN, "zirc"], "RS23_G168_335_2": [6.052433299301546, 0.048079421876999116, 2.700291469305588e-13, 2.145062098554435e-15, NaN, "zirc"], "RS23_G168_300_2": [1.8233858524328774, 0.02379155275930514, 8.135031018260361e-14, 1.0614594788661166e-15, NaN, "zirc"], "RS23_G168_270_2": [0.7407257726573917, 0.027755006189517446, 3.304746018815881e-14, 1.2382888457891248e-15, NaN, "zirc"], "RS23_G168_315_3": [4.505073455985632, 0.02119417868283402, 2.0099372963262387e-13, 9.455777051322396e-16, NaN, "zirc"], "RS23_G168_345_3": [12.267401225300311, 0.04969090699962795, 5.473097718078126e-13, 2.2169584634437383e-15, NaN, "zirc"], "RS23_G168_395_3": [41.04914930428636, 0.16239924525802998, 1.8314066790526614e-12, 7.245437907469883e-15, NaN, "zirc"], "RS23_G168_415_3": [69.84980910763717, 0.2763679688490315, 3.1163473323653594e-12, 1.2330149408808398e-14, NaN, "zirc"], "RS23_G168_425_3": [82.50154793398924, 0.5779011133006714, 3.680804315784297e-12, 2.578304244225356e-14, NaN, "zirc"], "RS23_G168_445_3": [62.68705707474729, 0.43914716821352506, 2.7967813453532294e-12, 1.9592538958397655e-14, NaN, "zirc"], "RS23_G168_475_3": [186.77174373267704, 1.3082269207624957, 8.332816263615465e-12, 5.836650846624858e-14, NaN, "zirc"], "RS23_G168_500_3": [191.78223970928477, 1.3432877388879443, 8.556359405250502e-12, 5.993074591273062e-14, NaN, "zirc"], "RS23_G168_485_4": [113.26063920265433, 0.7933420771397276, 5.053120335623018e-12, 3.539493518067848e-14, NaN, "zirc"], "RS23_G168_460_4": [54.86881556286514, 0.3844817755418878, 2.447970713075093e-12, 1.715364395207851e-14, NaN, "zirc"], "RS23_G168_435_4": [35.9091491494589, 0.2517119690062058, 1.6020857120308242e-12, 1.1230122646837056e-14, NaN, "zirc"], "RS23_G168_405_4": [17.64538968015154, 0.12419071731468492, 7.872485803583269e-13, 5.540765473127728e-15, NaN, "zirc"], "RS23_G168_375_4": [9.764299444327664, 0.06986148315963522, 4.3563395397196675e-13, 3.116868169877542e-15, NaN, "zirc"], "RS23_G168_355_4": [8.326496850760584, 0.015273299211602767, 3.714864303899609e-13, 6.814178286607819e-16, NaN, "zirc"], "RS23_G168_325_4": [2.6540932800343615, 0.016886864264902015, 1.1841229945723036e-13, 7.534069896003397e-16, NaN, "zirc"], "RS23_G168_285_4": [0.5519126565968103, 0.022868485058449604, 2.4623568153690118e-14, 1.0202768385138575e-15, NaN, "zirc"], "RS23_G168_250_4": [0.1329691938591452, 0.07012814429612317, 5.932416965251414e-15, 3.128765249224733e-15, NaN, "zirc"], "RS23_G168_290_5": [0.6863049897156567, 0.025141692850142214, 3.061947843828217e-14, 1.12169594227457e-15, NaN, "zirc"], "RS23_G168_320_5": [2.097996331751815, 0.02186014480176506, 9.360204924385718e-14, 9.75289765403991e-16, NaN, "zirc"], "RS23_G168_350_5": [6.858137134039759, 0.049472172581929465, 3.059756015900668e-13, 2.2071996333510067e-15, NaN, "zirc"], "RS23_G168_380_5": [19.59823222479041, 0.02605797555289701, 8.743745973405198e-13, 1.1625758701212191e-15, NaN, "zirc"], "RS23_G168_410_5": [61.953687393502385, 0.07856414286727263, 2.7640620769832417e-12, 3.5051370958897394e-15, NaN, "zirc"], "RS23_G168_430_5": [107.2136270994682, 0.13563713812115566, 4.7833330552096095e-12, 6.051447225892551e-15, NaN, "zirc"], "RS23_G168_450_5": [184.13946551750882, 1.0745007446346602, 8.215377242683538e-12, 4.793882147919426e-14, NaN, "zirc"], "RS23_G168_470_5": [250.12122278276672, 1.4595177301391076, 1.1159151547370692e-11, 6.511634380918656e-14, NaN, "zirc"], "RS23_G168_490_5": [352.7516178532812, 2.0583798619746636, 1.5738003830341802e-11, 9.183456152291708e-14, NaN, "zirc"], "RS23_G168_500_5": [377.8418590347077, 1.732389274315136, 1.6857404257816882e-11, 7.729050032636458e-14, "", "zirc"], "RS23_G168_480_6": [178.30401108130923, 0.8175497245338823, 7.955028601825163e-12, 3.647495871035434e-14, "", "zirc"], "RS23_G168_460_6": [95.4167812633528, 0.43755564933354424, 4.2570170992840545e-12, 1.9521533386880707e-14, "", "zirc"], "RS23_G168_440_6": [51.23485550577187, 0.1278986482564993, 2.2858416840265846e-12, 5.706194711184942e-15, "", "zirc"], "RS23_G168_420_6": [27.85032033503838, 0.07033347348578625, 1.2425412837975541e-12, 3.13792600543349e-15, "", "zirc"], "RS23_G168_400_6": [13.989328219441457, 0.037345460364542664, 6.241334977889469e-13, 1.666166697802385e-15, "", "zirc"], "RS23_G168_375_6": [6.4156077596766465, 0.035304303567977875, 2.8623216559635253e-13, 1.5751005428740017e-15, "", "zirc"], "RS23_G168_350_6": [2.9513024272204964, 0.023132367302198923, 1.3167227747035317e-13, 1.032049937637143e-15, "", "zirc"], "RS23_G168_350_7": [3.1278312768418335, 0.02186825348694452, 1.3954810729195294e-13, 9.756515341725939e-16, "", "zirc"]}