{"FCT1_09232023": [9.79966195738213, 0.017626788256153814, 4.3721165152949624e-13, 7.864186783329086e-16, NaN, "zirc"], "AMOCOZ11_09232023": [534.2308309631522, 0.7360964881662593, 2.3834693984257705e-11, 3.2840924786573536e-14, NaN, "zirc"], "AMOCOZ12_09232023": [610.5540044847327, 0.8412687615933833, 2.7239850293777665e-11, 3.753318290324722e-14, NaN, "zirc"], "AMOCOZ13_09232023": [643.7564666104474, 0.8869669698894831, 2.8721177237906992e-11, 3.957200722269488e-14, NaN, "zirc"], "AMOCOZ14_09232023": [392.03664234857524, 0.5401828428820338, 1.7490704129052165e-11, 2.4100242834033804e-14, NaN, "zirc"], "AMOCOZ15_09232023": [355.55019355179917, 0.48993889795212053, 1.586286220896757e-11, 2.1858610598381392e-14, NaN, "zirc"], "AMOCOZ16_09232023": [280.30647795721967, 0.3862873131943977, 1.2505865885483163e-11, 1.723419796530729e-14, NaN, "zirc"], "AMOCOZ17_09232023": [1166.6840191322829, 1.6074109292742798, 5.205157576212558e-11, 7.171459486366913e-14, NaN, "zirc"], "AMOCOZ18_09232023": [468.7547045992934, 0.6458685346365338, 2.0913478388475655e-11, 2.881540709541062e-14, NaN, "zirc"], "FCT2_09262023": [14.265040156936621, 0.031727743027342485, 6.364343783767565e-13, 1.415532391690126e-15, NaN, "zirc"], "AMOCOZ19_09262023": [217.68101726018452, 0.43001633817762774, 9.711832660845208e-12, 1.9185167224842852e-14, NaN, "zirc"], "AMOCOZ20_09262023": [496.60549168551955, 0.9807821059816186, 2.215604049636475e-11, 4.375756696625406e-14, NaN, "zirc"], "BIVINSZ11_09262023": [7.066266406124444, 0.018687014137841823, 3.1526128339985917e-13, 8.337206271902303e-16, NaN, "zirc"], "BIVINSZ12_09262023": [34.28225636829815, 0.06831004315449529, 1.5295019348754415e-12, 3.0476507162708703e-15, NaN, "zirc"], "BIVINSZ13_09262023": [40.50240898718795, 0.08061262432692612, 1.8070138746849266e-12, 3.596530040462484e-15, NaN, "zirc"], "BIVINSZ14_09262023": [7.483932851562117, 0.019879350259149102, 3.3389546049621295e-13, 8.86916670792768e-16, NaN, "zirc"], "BIVINSZ15_09262023": [9.547693223667546, 0.02192590708566277, 4.2597007333218275e-13, 9.78223747910358e-16, NaN, "zirc"], "BIVINSZ16_09262023": [0.005601187166697948, 0.35984909069277077, 2.4989681300517298e-16, 1.605465738791696e-14, NaN, "zirc"], "FCT3_09262023": [23.304016345212258, 0.0473298483198998, 1.0397080550197311e-12, 2.111619894704194e-15, NaN, "zirc"], "BIVINSZ17_09302023": [37.29312112984076, 0.0868807982396325, 1.6638315842705791e-12, 3.87618444898869e-15, NaN, "zirc"], "BIVINSZ19_09302023": [9.036939573673573, 0.024307740549007133, 4.031828131379304e-13, 1.0844891830555515e-15, NaN, "zirc"], "BivinsZ20_09302023": [75.09306317794795, 0.17439066873761264, 3.350274970016416e-12, 7.780434939663273e-15, NaN, "zirc"], "BivinsZ21_09302023": [33.62576601968895, 0.0787118174441304, 1.5002126358387146e-12, 3.511725593117266e-15, NaN, "zirc"], "MOPOZ11_09302023": [68.63758194450963, 0.15945951003006284, 3.062263850473348e-12, 7.114281700279416e-15, NaN, "zirc"], "MOPOZ12_09302023": [72.59037691549715, 0.16857144584656475, 3.238617690528114e-12, 7.5208104687501e-15, NaN, "zirc"], "FCT4_09302023": [10.738672454413312, 0.026903453411746936, 4.791055792992465e-13, 1.200296841784016e-15, NaN, "zirc"], "MOPOZ13_09302023": [119.58855723237319, 0.27737736314575145, 5.335440226303792e-12, 1.237518350788576e-14, NaN, "zirc"], "MOPOZ14_09302023": [81.86755006545735, 0.19003330084910883, 3.652518518134083e-12, 8.478330545601356e-15, NaN, "zirc"], "MOPOZ15_09302023": [48.77733572571913, 0.11340637114762145, 2.1761995059212602e-12, 5.059622162381612e-15, NaN, "zirc"], "MOPOZ16_09302023": [41.202402658421924, 0.09621221771139195, 1.8382440732766096e-12, 4.292505474765412e-15, NaN, "zirc"], "MOPOZ17_09302023": [32.07537802577648, 0.07489893032963771, 1.4310421176843257e-12, 3.3416137382724057e-15, NaN, "zirc"], "MOPOZ18_09302023": [180.22768832086186, 0.4179376882669572, 8.040853409514671e-12, 1.8646278587800357e-14, NaN, "zirc"], "MOPOZ19_10072023": [92.3554613842725, 0.7780674823963976, 4.120436396193115e-12, 3.471345955190494e-14, NaN, "zirc"], "MOPOZ20_10072023": [222.7355243587915, 1.854247787745732, 9.937339357490475e-12, 8.272721458667493e-14, NaN, "zirc"], "APATITESTD1_10072023": [-2.770944641202724, 0.03912727389625407, -1.2362561975563147e-13, 1.7456622600273964e-15, NaN, "ap"], "IWHZ01_10072023": [-0.7859639659228301, 0.04825502802111124, -3.5065760949532884e-14, 2.152896761894853e-15, NaN, "ap"], "IWHZ02_10072023": [-1.7607523029805168, 0.014846962679502937, -7.855591607836694e-14, 6.623968358839536e-16, NaN, "ap"], "IWHZ03_10072023": [-1.8354918434186769, 0.015417582082992086, -8.189041864096889e-14, 6.878550050411387e-16, NaN, "ap"], "IWHZ04_10072023": [-1.7762880918133757, 0.015117100108305, -7.924904487433638e-14, 6.744490099181314e-16, NaN, "ap"], "IWHZ05_10072023": [-0.2456167865058755, 0.1310087099743084, -1.0958186245466025e-14, 5.844950030084251e-15, NaN, "ap"], "APATITESTD2_10072023": [-0.5682553256528401, 0.04911305507682871, -2.5352695888856965e-14, 2.1911776156343675e-15, NaN, "ap"], "IWHZ06_10072023": [-1.8526016528579194, 0.015496357536261711, -8.265377232345494e-14, 6.913695697448786e-16, NaN, "ap"], "IWHZ07_10072023": [-1.3252539656186324, 0.018257188911689523, -5.912616960911181e-14, 8.145439864231962e-16, NaN, "ap"], "IWHZ08_10072023": [-1.474903183700847, 0.019827154204323925, -6.580276540112639e-14, 8.845879452272652e-16, NaN, "ap"], "IWHZ09_10072023": [-1.8461088133684969, 0.015545767814102404, -8.236409446633785e-14, 6.935740079460338e-16, NaN, "ap"], "IWHZ10_10072023": [-1.859666626680854, 0.015546091312433438, -8.296897593829098e-14, 6.93588440815269e-16, NaN, "ap"], "IWHZ11_10072023": [13.25894667383891, 0.10994433150062378, 5.915475450093204e-13, 4.905163357750682e-15, NaN, "ap"]}