{"RS24_G4_150_1": [874.8458469683336, 4.206027197845283, 3.903122365344577e-11, 1.87651788964276e-13, NaN, 150.0, 7200.0, 297.0], "RS24_G4_175_1": [1207.933963298506, 5.807420476236967, 5.3891940898478886e-11, 2.5909790649758926e-13, NaN, 175.0, 5400.0, 315.0], "RS24_G4_200_1": [787.9331526443399, 3.7881747972067896, 3.5153616161521364e-11, 1.6900931548169847e-13, NaN, 200.0, 1800.0, 331.0], "RS24_G4_225_1": [789.338369305785, 3.5106721040308964, 3.5216309864628576e-11, 1.566285403779288e-13, NaN, 225.0, 1200.0, 308.0], "RS24_G4_250_1": [1138.8426267291914, 5.0651238099514355, 5.080943279776886e-11, 2.259803609329631e-13, NaN, 250.0, 900.0, 300.0], "RS24_G4_235_2": [638.2949839206398, 2.8388948020148543, 2.8477513336336206e-11, 1.2665721433099197e-13, NaN, 235.0, 900.0, 304.0], "RS24_G4_210_2": [379.7210589233441, 1.6888621271819648, 1.6941244709705723e-11, 7.534853784161527e-14, NaN, 210.0, 1200.0, 308.0], "RS24_G4_185_2": [207.3600695448116, 0.922289519742734, 9.251363859409815e-12, 4.114792182308976e-14, NaN, 185.0, 1800.0, 285.0], "RS24_G4_160_2": [152.46194709878654, 0.6781529977338498, 6.8020856205401326e-12, 3.025577753787141e-14, NaN, 160.0, 3600.0, 336.0], "RS24_G4_175_3": [248.045582793555, 1.1032237372619313, 1.1066546925740832e-11, 4.922029701355988e-14, NaN, 175.0, 3600.0, 340.0], "RS24_G4_195_3": [267.2948408898564, 1.1888619299899117, 1.1925352051836192e-11, 5.3041042651463886e-14, NaN, 195.0, 1800.0, 360.0], "RS24_G4_205_3": [299.9898989491018, 1.5171707511927277, 1.3384041177349058e-11, 6.768853177445916e-14, NaN, 205.0, 1800.0, 305.0], "RS24_G4_220_3": [409.63437730223325, 2.071670221390249, 1.827582659508491e-11, 9.24275105465445e-14, NaN, 220.0, 1500.0, 296.0], "RS24_G4_240_3": [273.44899625897176, 0.9324489299873246, 1.2199919526143114e-11, 4.160118363466247e-14, NaN, 240.0, 1500.0, 325.0], "RS24_G4_270_3": [1137.8055118491602, 3.879520730169115, 5.076316194562149e-11, 1.7308471179482085e-13, NaN, 270.0, 1500.0, 311.0], "RS24_G4_300_3": [1003.2883874243254, 3.587247514375052, 4.4761684100308973e-11, 1.600449502264233e-13, NaN, 300.0, 900.0, 293.0], "RS24_G4_285_4": [1000.4976103746814, 3.5772761002062747, 4.4637173658190473e-11, 1.5960007585465667e-13, NaN, 285.0, 1200.0, 309.0], "RS24_G4_260_4": [543.0374388701252, 1.9416466660738665, 2.4227600556354297e-11, 8.662651316471252e-14, NaN, 260.0, 1200.0, 311.0], "RS24_G4_230_4": [0.8613482772072957, 0.026876311599007267, 3.842902994589523e-14, 1.1990859105473037e-15, NaN, 230.0, 1500.0, 329.0], "RS24_G4_200_4": [242.1528628472688, 0.49603113716028197, 1.0803643385708431e-11, 2.213041568485241e-14, NaN, 200.0, 3600.0, 349.0], "RS24_G4_185_4": [172.8496142101019, 0.3541499657847644, 7.711680833858387e-12, 1.58003910852487e-14, NaN, 185.0, 3600.0, 350.0], "RS24_G4_215_5": [314.8528086695803, 0.4282645418941406, 1.4047149490032138e-11, 1.9107010881330444e-14, NaN, 215.0, 3600.0, 330.0], "RS24_G4_230_5": [382.63163585105787, 1.1432360410385614, 1.7071100020123932e-11, 5.100544485761405e-14, NaN, 230.0, 2700.0, 312.0], "RS24_G4_250_5": [427.45299224219775, 1.2771618020432025, 1.9070803615695446e-11, 5.698053904002867e-14, NaN, 250.0, 1800.0, 300.0], "RS24_G4_275_5": [632.0596893168926, 1.8884168890281168, 2.81993258372844e-11, 8.425166811047188e-14, NaN, 275.0, 1800.0, 303.0], "RS24_G4_295_5": [733.9388323363473, 2.19281553170536, 3.2744661030442906e-11, 9.783240526926742e-14, NaN, 295.0, 1800.0, 315.0], "RS24_G4_315_5": [706.2763928636148, 2.978165980720676, 3.151050204620392e-11, 1.328707941786685e-13, NaN, 315.0, 1500.0, 290.0], "RS24_G4_305_6": [469.2068452299973, 1.9785480020463853, 2.0933650630409447e-11, 8.827286526485166e-14, NaN, 305.0, 1500.0, 285.0], "RS24_G4_280_6": [268.95777669822576, 1.1341323869852025, 1.199954388766957e-11, 5.0599285579780595e-14, NaN, 280.0, 1800.0, 310.0], "RS24_G4_265_6": [173.25375036323467, 0.23511194551403466, 7.729711357331787e-12, 1.0489513050505695e-14, NaN, 265.0, 1800.0, 315.0], "RS24_G4_245_6": [123.91017189286724, 0.16841472491606432, 5.528248946768414e-12, 7.513818368701005e-15, NaN, 245.0, 2400.0, 307.0], "RS24_G4_225_6": [98.53324815518681, 0.13388424917554811, 4.396058184848167e-12, 5.973242133289377e-15, NaN, 225.0, 3600.0, 307.0], "RS24_G4_205_6": [0.061762243067832956, 0.11494850554552222, 2.7555207936036828e-15, 5.1284244465745614e-15, NaN, 205.0, 3600.0, 373.0], "RS24_G4_180_6": [0.01525345101978738, 0.35107721295605365, 6.805323021231096e-16, 1.5663300301421147e-14, NaN, 180.0, 3600.0, 396.0], "RS24_G4_250_7": [0.7747353435527732, 0.027576469166514454, 3.456479626808125e-14, 1.2303234213667552e-15, NaN, 250.0, 3600.0, 315.0], "RS24_G4_225_8": [122.93993410609777, 0.8412485726307365, 5.484961814316845e-12, 3.753228217322818e-14, NaN, 225.0, 5400.0, 330.0], "RS24_G4_210_8": [54.10578055430824, 0.3702898698402193, 2.4139279269344265e-12, 1.6520472465433177e-14, NaN, 210.0, 3600.0, 310.0], "RS24_G4_195_8": [46.938928163921496, 0.30374470114208246, 2.0941790025841656e-12, 1.3551561575001447e-14, NaN, 195.0, 5400.0, 348.0], "RS24_G4_180_8": [36.80572286336459, 0.23812529207060953, 1.6420863238763537e-12, 1.0623953425118653e-14, NaN, 180.0, 7200.0, 340.0], "RS24_G4_165_8": [0.0652338032448636, 0.11241691431731034, 2.9104043564229316e-15, 5.015477572825481e-15, NaN, 165.0, 9000.0, 346.0], "RS24_G4_150_8": [13.52688721584679, 0.10070953275074, 6.035017049989644e-13, 4.493153062850897e-15, NaN, 150.0, 10800.0, 325.0], "RS24_G4_200_9": [1.8227096897214647, 0.02291121967310727, 8.13201432016358e-14, 1.0221834421837811e-15, NaN, 200.0, 3600.0, 310.0], "RS24_G4_300_9": [2.470310728706299, 0.02349333847702158, 1.102128459313955e-13, 1.0481546567779771e-15, NaN, 300.0, 3600.0, 330.0], "RS24_G4_400_9": [41.818840264726205, 0.30376704063319887, 1.8657464203054432e-12, 1.3552558250789634e-14, NaN, 400.0, 3600.0, 360.0], "RS24_G4_400-2_9": [37.68561058707744, 0.2738936942136562, 1.6813424907235406e-12, 1.2219759713288846e-14, NaN, 400.0, 3600.0, 330.0], "RS24_G4_350_10": [10.146884713637172, 0.07516761961971025, 4.527029853501014e-13, 3.3536013036365774e-15, NaN, 350.0, 3600.0, 320.0], "RS24_G4_325_10": [6.976649372155427, 0.01601385314470776, 3.11263021868271e-13, 7.144576222319872e-16, NaN, 325.0, 5400.0, 310.0], "RS24_G4_305_10": [4.953428503945048, 0.01664793225994226, 2.2099707789529077e-13, 7.427470447016266e-16, NaN, 305.0, 7200.0, 310.0], "RS24_G4_275_10": [2.5248557608822417, 0.017435789315369737, 1.1264637105747486e-13, 7.778972657878886e-16, NaN, 275.0, 10800.0, 330.0], "RS24_G4_250_10": [1.3071580347625464, 0.01694463765836728, 5.831882014645072e-14, 7.559845479774818e-16, NaN, 250.0, 14400.0, 300.0], "RS24_G4_285_11": [3.7081494863725233, 0.01779145475552359, 1.6543898841672718e-13, 7.937652697208704e-16, NaN, 285.0, 10800.0, 330.0], "RS24_G4_315_11": [8.567172065167336, 0.02638509746585655, 3.8222414853071007e-13, 1.1771704053652427e-15, NaN, 315.0, 9000.0, 360.0], "RS24_G4_340_11": [14.951405957332208, 0.04377030081130239, 6.670565698818687e-13, 1.9528107794816806e-15, NaN, 340.0, 7200.0, 360.0], "RS24_G4_365_11": [28.77817669930529, 0.08276948040200917, 1.2839375702375877e-12, 3.692758115553188e-15, NaN, 365.0, 7200.0, 360.0], "RS24_G4_385_11": [33.34379533430262, 0.2073085916701294, 1.4876325213840733e-12, 9.249067175431846e-15, NaN, 385.0, 5400.0, 360.0], "RS24_G4_415_11": [43.68688247166724, 0.27143498785867, 1.9490890725290996e-12, 1.2110064596175157e-14, NaN, 415.0, 3600.0, 360.0], "RS24_G4_440_11": [67.30554412442652, 0.4181371871162312, 3.002835019381927e-12, 1.865517922353133e-14, NaN, 440.0, 3600.0, 360.0], "RS24_G4_470_11": [55.74394618471734, 0.34631496871176143, 2.4870146419522324e-12, 1.5450832904067163e-14, NaN, 470.0, 1800.0, 360.0], "RS24_G4_500_11": [80.30102282624479, 0.49428516214258705, 3.5826279479898627e-12, 2.2052519056954895e-14, NaN, 500.0, 1800.0, 360.0], "RS24_G4_550_11": [116.76843707906323, 0.7187038988504325, 5.209620642413814e-12, 3.2064954887589563e-14, NaN, 550.0, 1800.0, 360.0],