{"RS24_G4_150_1": [874.8458469683336, 4.206027197845283, 3.903122365344577e-11, 1.87651788964276e-13, NaN, 150.0, 7200.0, 297.0], "RS24_G4_175_1": [1207.933963298506, 5.807420476236967, 5.3891940898478886e-11, 2.5909790649758926e-13, NaN, 175.0, 5400.0, 315.0], "RS24_G4_200_1": [787.9331526443397, 3.7881747972067883, 3.515361616152135e-11, 1.6900931548169842e-13, NaN, 200.0, 1800.0, 331.0], "RS24_G4_225_1": [789.338369305785, 3.5106721040308964, 3.5216309864628576e-11, 1.566285403779288e-13, NaN, 225.0, 1200.0, 308.0], "RS24_G4_250_1": [1138.8426267291914, 5.0651238099514355, 5.080943279776886e-11, 2.259803609329631e-13, NaN, 250.0, 900.0, 300.0], "RS24_G4_235_2": [638.2949839206398, 2.8388948020148543, 2.8477513336336206e-11, 1.2665721433099197e-13, NaN, 235.0, 900.0, 304.0], "RS24_G4_210_2": [379.7210589233441, 1.6888621271819648, 1.6941244709705723e-11, 7.534853784161527e-14, NaN, 210.0, 1200.0, 308.0], "RS24_G4_185_2": [207.3600695448116, 0.922289519742734, 9.251363859409815e-12, 4.114792182308976e-14, NaN, 185.0, 1800.0, 285.0], "RS24_G4_160_2": [152.46194709878654, 0.6781529977338498, 6.8020856205401326e-12, 3.025577753787141e-14, NaN, 160.0, 3600.0, 336.0], "RS24_G4_175_3": [248.045582793555, 1.1032237372619313, 1.1066546925740832e-11, 4.922029701355988e-14, NaN, 175.0, 3600.0, 340.0], "RS24_G4_195_3": [267.2948408898564, 1.1888619299899117, 1.1925352051836192e-11, 5.3041042651463886e-14, NaN, 195.0, 1800.0, 360.0], "RS24_G4_205_3": [299.9898989491018, 1.5171707511927277, 1.3384041177349058e-11, 6.768853177445916e-14, NaN, 205.0, 1800.0, 305.0], "RS24_G4_220_3": [409.63437730223325, 2.071670221390249, 1.827582659508491e-11, 9.24275105465445e-14, NaN, 220.0, 1500.0, 296.0], "RS24_G4_240_3": [273.44899625897176, 0.9324489299873246, 1.2199919526143114e-11, 4.160118363466247e-14, NaN, 240.0, 1500.0, 325.0], "RS24_G4_270_3": [1137.8055118491602, 3.879520730169115, 5.076316194562149e-11, 1.7308471179482085e-13, NaN, 270.0, 1500.0, 311.0], "RS24_G4_300_3": [1003.2883874243254, 3.5872475143749663, 4.4761684100308973e-11, 1.6004495022641946e-13, NaN, 300.0, 900.0, 293.0], "RS24_G4_285_4": [1000.4976103746814, 3.5772761002061895, 4.4637173658190473e-11, 1.5960007585465285e-13, NaN, 285.0, 1200.0, 309.0], "RS24_G4_260_4": [543.0374388701252, 1.9416466660738203, 2.4227600556354297e-11, 8.662651316471044e-14, NaN, 260.0, 1200.0, 311.0], "RS24_G4_230_4": [0.8613482772072957, 0.026876311599007267, 3.842902994589523e-14, 1.1990859105473037e-15, NaN, 230.0, 1500.0, 329.0], "RS24_G4_200_4": [242.1528628472688, 0.49603113716028197, 1.0803643385708431e-11, 2.213041568485241e-14, NaN, 200.0, 3600.0, 349.0], "RS24_G4_185_4": [172.8496142101019, 0.3541499657847644, 7.711680833858387e-12, 1.58003910852487e-14, NaN, 185.0, 3600.0, 350.0], "RS24_G4_215_5": [314.8528086695804, 0.42826454189414914, 1.404714949003214e-11, 1.9107010881330826e-14, NaN, 215.0, 3600.0, 330.0], "RS24_G4_230_5": [382.63163591495066, 1.1432359838374275, 1.707110002297451e-11, 5.1005442305587015e-14, NaN, 230.0, 2700.0, 312.0], "RS24_G4_250_5": [427.4529923135749, 1.277161738141917, 1.9070803618879936e-11, 5.698053618907455e-14, NaN, 250.0, 1800.0, 300.0], "RS24_G4_275_5": [632.0596893332204, 1.8884167942691197, 2.8199325838012864e-11, 8.42516638828018e-14, NaN, 275.0, 1800.0, 303.0], "RS24_G4_295_5": [733.9388326149644, 2.192815422448959, 3.27446610428734e-11, 9.783240039479606e-14, NaN, 295.0, 1800.0, 315.0], "RS24_G4_315_5": [706.2763927628541, 2.9781659634508366, 3.151050204170849e-11, 1.3287079340817508e-13, NaN, 315.0, 1500.0, 290.0], "RS24_G4_305_6": [469.2068452047472, 1.978547990749187, 2.0933650629282907e-11, 8.827286476082745e-14, NaN, 305.0, 1500.0, 285.0], "RS24_G4_280_6": [268.95777666852507, 1.1341323804455907, 1.1999543886344475e-11, 5.0599285288016003e-14, NaN, 280.0, 1800.0, 310.0], "RS24_G4_265_6": [173.25375034416652, 0.23511196211700036, 7.72971135648106e-12, 1.0489513791246557e-14, NaN, 265.0, 1800.0, 315.0], "RS24_G4_245_6": [123.91017186341377, 0.16841473674270732, 5.5282489454543475e-12, 7.513818896346359e-15, NaN, 245.0, 2400.0, 307.0], "RS24_G4_225_6": [98.53324814949487, 0.13388425861353492, 4.396058184594221e-12, 5.973242554364902e-15, NaN, 225.0, 3600.0, 307.0], "RS24_G4_205_6": [0.06176224445356812, 0.11494848389324179, 2.7555208554282194e-15, 5.128423480558659e-15, "", 205, 3600, 373], "RS24_G4_180_6": [0.015253450027472052, 0.35107652382287413, 6.805322578509882e-16, 1.56632695557631e-14, "", 180, 3600, 396], "RS24_G4_250_7": [0.7747353445675293, 0.027576485883451615, 3.456479631335457e-14, 1.2303241671924518e-15, "", 250, 3600, 315], "RS24_G4_225_8": [122.93993414095178, 0.8412485699235956, 5.484961815871855e-12, 3.7532282052449164e-14, "", 225, 5400, 330], "RS24_G4_210_8": [54.10578057584622, 0.3702898686846685, 2.413927927895343e-12, 1.6520472413878312e-14, "", 210, 3600, 310], "RS24_G4_195_8": [46.938928154605065, 0.303744708629652, 2.0941790021685134e-12, 1.355156190905916e-14, "", 195, 5400, 348], "RS24_G4_180_8": [36.80572285735124, 0.23812529793033976, 1.6420863236080681e-12, 1.062395368655036e-14, "", 180, 7200, 340], "RS24_G4_165_8": [0.06523380126328288, 0.11241714626452123, 2.910404268014762e-15, 5.0154879211439826e-15, "", 165, 9000, 346], "RS24_G4_150_8": [13.526887214367745, 0.1007095315075119, 6.035017049329769e-13, 4.493153007384308e-15, "", 150, 10800, 325]}