{"20UM06Z_01": [18.532108371754063, 0.028883073547355347, 8.268095106520059e-13, 1.2886175402585593e-15, NaN, "zirc"], "20UM06Z_02": [13.291174214286757, 0.020741492032020265, 5.929853758493243e-13, 9.253811025261116e-16, NaN, "zirc"], "20UM06Z_03": [31.795537118935115, 0.043159411362330855, 1.418557023241506e-12, 1.925555963341253e-15, NaN, "zirc"], "20UM06Z_04": [15.59299641769957, 0.024102519580861778, 6.956811108101887e-13, 1.0753332551468625e-15, NaN, "zirc"], "20UM06z_05": [24.146540670872582, 0.08407111904856947, 1.0772972548796546e-12, 3.7508306883452066e-15, NaN, "zirc"], "20UM06Z_06": [18.823290286569733, 0.06625673422355773, 8.398005838569524e-13, 2.9560423941981672e-15, NaN, "zirc"], "20UM06Z_07": [16.15975149427005, 0.05737078367673893, 7.209668731270656e-13, 2.5595959523841762e-15, NaN, "zirc"], "FCTZ_AM_02": [3.0235802872071686, 0.019287270914519306, 1.3489695222660695e-13, 8.605010669456279e-16, "15 min lasing", "zirc"], "20UM06Z_08": [9.745627837289764, 0.035667835805865515, 4.3480092073212114e-13, 1.5913195237737803e-15, NaN, "zirc"], "20UM07Z_01": [1.2356743513124786, 0.023112384276307307, 5.512957755476392e-14, 1.0311583954808291e-15, NaN, "zirc"], "20UM07Z_02": [2.508907551818002, 0.018120385146231006, 1.1193484214410645e-13, 8.084404901503973e-16, NaN, "zirc"], "20UM07Z_04": [0.4107941243913775, 0.03572527314183694, 1.832756867990441e-14, 1.5938820889549808e-15, NaN, "zirc"], "22DP01_C1_1": [23.959355291401096, 0.054511679158166695, 1.0689459842688095e-12, 2.4320370820989866e-15, NaN, "zirc"], "22DPOI_C1_2": [34.78793976419449, 0.0773216234067495, 1.5520629858211156e-12, 3.4497021239738332e-15, NaN, "zirc"], "22DPOI_C1_3": [29.083566104015517, 0.06458782504828366, 1.297562510217521e-12, 2.8815840567629004e-15, NaN, "zirc"], "22DP01_C1_4": [27.97441130162759, 0.0626969278780252, 1.2480775988947796e-12, 2.7972217309728377e-15, NaN, "zirc"], "FCTZ_AM_04": [1.4765790884225878, 0.023747162984683136, 6.587753584467688e-14, 1.0594790302794295e-15, NaN, "zirc"], "22DP01_C1_5": [38.172281925554095, 0.08482818909395766, 1.703055319244851e-12, 3.784607347816439e-15, NaN, "zirc"], "22DP01_C1_6": [28.517586643483543, 0.0968155928493527, 1.2723113519890933e-12, 4.319425040124596e-15, NaN, "zirc"], "22DP01_C1_7": [30.034925089547617, 0.10175083600042002, 1.3400073654656739e-12, 4.539610778996164e-15, NaN, "zirc"], "22DP01_C1_8": [25.182113160000604, 0.0859136074305893, 1.123499293298858e-12, 3.833033257365454e-15, NaN, "zirc"], "20UM08Z_08": [9.554871406365542, 0.03359690070247279, 4.262903277578987e-13, 1.4989248104966887e-15, NaN, "zirc"], "20UM08Z_09": [5.181289577511544, 0.022922116805099185, 2.311630934911905e-13, 1.0226696174310334e-15, NaN, "zirc"], "20UM08Z_10": [10.132288138383254, 0.035517789714851374, 4.520517595423955e-13, 1.5846252215067087e-15, NaN, "zirc"], "FCTZ_AM_03": [8.466080993012019, 0.030238364753473065, 3.7771397309770763e-13, 1.34908382053507e-15, NaN, "zirc"], "20UM08Z_11": [5.011879420928549, 0.022256566701022277, 2.236048639657602e-13, 9.92976117650677e-16, NaN, "zirc"], "20UM08Z_13": [19.79576608450386, 0.06879944458117619, 8.831875651157249e-13, 3.0694853476031133e-15, NaN, "zirc"], "20UM08Z_14": [7.251800225628628, 0.02669683345933788, 3.2353886970771067e-13, 1.1910784982304754e-15, NaN, "zirc"], "20UM08Z_15": [15.098057813398452, 0.03743924761005117, 6.735994384491144e-13, 1.6703510132083149e-15, NaN, "zirc"], "20UM08Z_16": [37.58869161243367, 0.08936746445965198, 1.6770184533074716e-12, 3.987126994719906e-15, NaN, "zirc"], "TR1704Z_01": [17.697050965115217, 0.042708601602604486, 7.895534471810126e-13, 1.9054430981799092e-15, NaN, "zirc"], "TR1704Z_02": [1.559940535257623, 0.03806569306595321, 6.959670452652909e-14, 1.6982998601745876e-15, NaN, "zirc"], "FCTZ_AM_05": [3.5944522232405607, 0.019630129352815773, 1.6036638811638083e-13, 8.757976868392868e-16, NaN, "zirc"], "TR1704Z_03": [11.268876642512913, 0.02942017838925974, 5.027606247217325e-13, 1.3125804581627438e-15, NaN, "zirc"], "TR1704Z_04": [11.105674479446709, 0.028700908249129374, 4.954793646581025e-13, 1.2804902404358602e-15, NaN, "zirc"]}