{"20UM06Z_01": [18.532108368088366, 0.028883073714589702, 8.268095104884609e-13, 1.2886175477197154e-15, NaN, "zirc"], "20UM06Z_02": [13.291174214707526, 0.020741463186357605, 5.929853758680969e-13, 9.25379815577657e-16, NaN, "zirc"], "20UM06Z_03": [31.795537122772224, 0.04315941991241374, 1.4185570234126984e-12, 1.9255563448029685e-15, NaN, "zirc"], "20UM06Z_04": [15.592996417529807, 0.024102555034730508, 6.956811108026147e-13, 1.075334836920251e-15, NaN, "zirc"], "20UM06z_05": [24.146540675146746, 0.08407112428787995, 1.0772972550703464e-12, 3.750830922096901e-15, NaN, "zirc"], "20UM06Z_06": [18.823290289847073, 0.06625673843448017, 8.398005840031708e-13, 2.9560425820683575e-15, NaN, "zirc"], "20UM06Z_07": [16.159751501856316, 0.057370787351259105, 7.209668734655268e-13, 2.559596116322794e-15, NaN, "zirc"], "FCTZ_AM_02": [3.023580289196768, 0.019286831223238106, 1.3489695231537286e-13, 8.604814501310834e-16, "15 min lasing", "zirc"], "20UM06Z_08": [9.745627838510197, 0.035667829118550286, 4.348009207865707e-13, 1.5913192254193933e-15, NaN, "zirc"], "20UM07Z_01": [1.2356743586043204, 0.023111294865776247, 5.5129577880089243e-14, 1.0311097914596344e-15, NaN, "zirc"], "20UM07Z_02": [2.508907556438747, 0.018120147094277925, 1.1193484235026084e-13, 8.084298694689893e-16, NaN, "zirc"], "20UM07Z_04": [0.41079412432328366, 0.03572790140268513, 1.8327568676866406e-14, 1.5939993487411941e-15, NaN, "zirc"], "22DP01_C1_1": [23.959355295066864, 0.05451167692177327, 1.0689459844323576e-12, 2.432036982322355e-15, NaN, "zirc"], "22DPOI_C1_2": [34.787939761751055, 0.07732162015415045, 1.5520629857121019e-12, 3.4497019788592145e-15, NaN, "zirc"], "22DPOI_C1_3": [29.083566099719892, 0.06458782250685745, 1.2975625100258717e-12, 2.8815839433772396e-15, NaN, "zirc"], "22DP01_C1_4": [27.974411297347086, 0.06269693581493607, 1.2480775987038048e-12, 2.7972220850779005e-15, NaN, "zirc"], "FCTZ_AM_04": [1.4765790915613637, 0.023746368447362293, 6.587753598471328e-14, 1.0594435820184837e-15, NaN, "zirc"], "22DP01_C1_5": [38.17228192492324, 0.08482818554430875, 1.7030553192167055e-12, 3.7846071894489486e-15, NaN, "zirc"], "22DP01_C1_6": [28.517586647322343, 0.09681559183055313, 1.2723113521603613e-12, 4.319424994670881e-15, NaN, "zirc"], "22DP01_C1_7": [30.03492509242906, 0.10175083407178036, 1.3400073655942292e-12, 4.5396106929499575e-15, NaN, "zirc"], "22DP01_C1_8": [25.182113159896048, 0.08591360881385034, 1.1234992932941932e-12, 3.833033319079608e-15, NaN, "zirc"], "20UM08Z_08": [9.554871408864697, 0.033596909517771646, 4.2629032786939845e-13, 1.4989252037910075e-15, NaN, "zirc"], "20UM08Z_09": [5.181289571230643, 0.022922118683120975, 2.3116309321096825e-13, 1.0226697012189246e-15, NaN, "zirc"], "20UM08Z_10": [10.132288142551207, 0.035517788827566975, 4.5205175972834863e-13, 1.5846251819205394e-15, NaN, "zirc"], "FCTZ_AM_03": [8.466080987327846, 0.03023836368572857, 3.7771397284410836e-13, 1.3490837728976783e-15, NaN, "zirc"], "20UM08Z_11": [5.011879420258384, 0.02225656732277428, 2.236048639358608e-13, 9.929761453901258e-16, NaN, "zirc"], "20UM08Z_13": [19.795766084186482, 0.06879944332693387, 8.831875651015651e-13, 3.0694852916451266e-15, NaN, "zirc"], "20UM08Z_14": [7.251800225041572, 0.026696832297603983, 3.235388696815192e-13, 1.1910784463997492e-15, NaN, "zirc"], "20UM08Z_15": [15.09805781184845, 0.03743924862287569, 6.735994383799611e-13, 1.6703510583954532e-15, NaN, "zirc"], "20UM08Z_16": [37.58869161223573, 0.08936746825062712, 1.6770184532986401e-12, 3.9871271638541585e-15, NaN, "zirc"], "TR1704Z_01": [17.6970509657128, 0.04270860348866844, 7.895534472076737e-13, 1.9054431823266008e-15, NaN, "zirc"], "TR1704Z_02": [1.5599405276159928, 0.038065678039448256, 6.959670418559796e-14, 1.698299189767478e-15, NaN, "zirc"], "FCTZ_AM_05": [3.594452214032568, 0.019630575168867754, 1.603663877055665e-13, 8.758175769103129e-16, NaN, "zirc"], "TR1704Z_03": [11.268876641925225, 0.02942017983473791, 5.027606246955127e-13, 1.3125805226527128e-15, NaN, "zirc"], "TR1704Z_04": [11.105674479731363, 0.028700849216520878, 4.954793646708023e-13, 1.2804876066976388e-15, NaN, "zirc"], "TR1704Z_05": [4.88386944730477, 0.028320304838778326, 2.1789370247634377e-13, 1.2635096296412207e-15, NaN, "zirc"], "TR1704Z_06": [9.246458108782873, 0.04996953840272767, 4.125304768797569e-13, 2.229389595910041e-15, NaN, "zirc"], "TR1704Z_07": [19.123296536843615, 0.100131592284576, 8.531853545482115e-13, 4.467368264681716e-15, NaN, "zirc"], "TR1704Z_08": [24.64369624283555, 0.12904774412318176, 1.0994778371926271e-12, 5.757461592004183e-15, NaN, "zirc"], "TR0815Z_01": [17.527356835160273, 0.0919307576526647, 7.81982548191321e-13, 4.101488250765802e-15, NaN, "zirc"], "FCTZ_AM_06": [4.446878197962249, 0.01761131447132705, 1.9839734977970238e-13, 7.857283158439836e-16, NaN, "zirc"], "TR0815Z_03": [18.366008607785112, 0.041247519210367706, 8.193989742029584e-13, 1.8402569470138173e-15, NaN, "zirc"], "TR0815Z_04": [30.641301634741083, 0.06992478726426188, 1.3670608385268616e-12, 3.11969248078263e-15, NaN, "zirc"], "TR0815Z_05": [10.067920404149103, 0.03734385632651429, 4.4917999483131535e-13, 1.6660951336894033e-15, NaN, "zirc"], "TR0815Z_07": [10.237241309914614, 0.038120240262447085, 4.567342424339526e-13, 1.7007334818616525e-15, NaN, "zirc"], "TR0815Z_08": [9.874435135601026, 0.037235799226006845, 4.4054765484077023e-13, 1.661274169091052e-15, NaN, "zirc"], "labFCT12": [2.1151505817579874, 0.024268760641401998, 9.436738564102737e-14, 1.0827500955385917e-15, NaN, "zirc"]}