{"20UM06Z_01": [18.532108371754063, 0.028883073547355018, 8.268095106520059e-13, 1.2886175402585443e-15, NaN, "zirc"], "20UM06Z_02": [13.291174214286757, 0.02074149203201998, 5.929853758493243e-13, 9.253811025260987e-16, NaN, "zirc"], "20UM06Z_03": [31.795537118935115, 0.04315941136233036, 1.418557023241506e-12, 1.925555963341231e-15, NaN, "zirc"], "20UM06Z_04": [15.592996417699565, 0.02410251958086124, 6.956811108101884e-13, 1.0753332551468386e-15, NaN, "zirc"], "20UM06z_05": [24.14654067087258, 0.08407111904856937, 1.0772972548796544e-12, 3.750830688345202e-15, NaN, "zirc"], "20UM06Z_06": [18.82329028656973, 0.0662567342235576, 8.398005838569522e-13, 2.9560423941981613e-15, NaN, "zirc"], "20UM06Z_07": [16.159751494270047, 0.05737078367673879, 7.209668731270655e-13, 2.5595959523841703e-15, NaN, "zirc"], "FCTZ_AM_02": [3.023580287207168, 0.019287270914518952, 1.3489695222660693e-13, 8.605010669456121e-16, "15 min lasing", "zirc"], "20UM06Z_08": [9.74562783728976, 0.035667835805865356, 4.3480092073212094e-13, 1.5913195237737734e-15, NaN, "zirc"], "20UM07Z_01": [1.2356743513124784, 0.023112384276306117, 5.512957755476391e-14, 1.031158395480776e-15, NaN, "zirc"], "20UM07Z_02": [2.508907551818003, 0.0181203851462303, 1.1193484214410649e-13, 8.084404901503658e-16, NaN, "zirc"], "20UM07Z_04": [0.4107941243913773, 0.03572527314183386, 1.83275686799044e-14, 1.5938820889548433e-15, NaN, "zirc"], "22DP01_C1_1": [23.9593552914011, 0.05451167915816535, 1.0689459842688095e-12, 2.4320370820989267e-15, NaN, "zirc"], "22DP01_C1_2": [34.78793976419448, 0.07732162340674757, 1.5520629858211154e-12, 3.4497021239737472e-15, NaN, "zirc"], "22DP01_C1_3": [29.083566104015514, 0.06458782504828206, 1.297562510217521e-12, 2.8815840567628294e-15, NaN, "zirc"], "22DP01_C1_4": [27.974411301627583, 0.06269692787802365, 1.2480775988947792e-12, 2.797221730972769e-15, NaN, "zirc"], "FCTZ_AM_04": [1.4765790884225884, 0.023747162984680915, 6.58775358446769e-14, 1.0594790302793305e-15, NaN, "zirc"], "22DP01_C1_5": [38.17228192555409, 0.08482818909395556, 1.7030553192448508e-12, 3.784607347816345e-15, NaN, "zirc"], "22DP01_C1_6": [28.517586643483543, 0.0968155928493527, 1.2723113519890933e-12, 4.319425040124596e-15, NaN, "zirc"], "22DP01_C1_7": [30.034925089547617, 0.10175083600042002, 1.3400073654656739e-12, 4.539610778996164e-15, NaN, "zirc"], "22DP01_C1_8": [25.182113160000604, 0.08591360743058929, 1.123499293298858e-12, 3.833033257365454e-15, NaN, "zirc"], "20UM08Z_08": [9.554871406365544, 0.03359690070247276, 4.262903277578988e-13, 1.4989248104966878e-15, NaN, "zirc"], "20UM08Z_09": [5.181289577511544, 0.022922116805098133, 2.311630934911905e-13, 1.0226696174309865e-15, NaN, "zirc"], "20UM08Z_10": [10.132288138383254, 0.03551778971485131, 4.520517595423955e-13, 1.584625221506706e-15, NaN, "zirc"], "FCTZ_AM_03": [8.466080993012019, 0.030238364753472954, 3.7771397309770763e-13, 1.3490838205350653e-15, NaN, "zirc"], "20UM08Z_11": [5.01187942092855, 0.022256566701021416, 2.2360486396576021e-13, 9.929761176506386e-16, NaN, "zirc"], "20UM08Z_13": [19.79576608450386, 0.06879944458117611, 8.831875651157249e-13, 3.06948534760311e-15, NaN, "zirc"], "20UM08Z_14": [7.25180022562863, 0.026696833459337634, 3.2353886970771077e-13, 1.1910784982304644e-15, NaN, "zirc"], "20UM08Z_15": [15.098057813398452, 0.03743924761005106, 6.735994384491144e-13, 1.6703510132083098e-15, NaN, "zirc"], "20UM08Z_16": [37.58869161243365, 0.08936746445965192, 1.6770184533074705e-12, 3.9871269947199034e-15, NaN, "zirc"], "TR1704Z_01": [17.697050965115217, 0.04270860160260445, 7.895534471810126e-13, 1.9054430981799073e-15, NaN, "zirc"], "TR1704Z_02": [1.5599405352576228, 0.038065693065945164, 6.959670452652907e-14, 1.6982998601742286e-15, NaN, "zirc"], "FCTZ_AM_05": [3.5944522232405607, 0.019630129352814562, 1.6036638811638083e-13, 8.757976868392326e-16, NaN, "zirc"], "TR1704Z_03": [11.268876642512913, 0.0294201783892596, 5.027606247217325e-13, 1.3125804581627375e-15, NaN, "zirc"], "TR1704Z_04": [11.105674479446709, 0.02870090824912933, 4.954793646581025e-13, 1.2804902404358583e-15, NaN, "zirc"]}