count,time,mass(0.97),mass(1.95),mass(2.85),mass(3.82),mass(5.15),valid,fileName,cha,Measure Mode,unit,cycles,Time,amuNames,intensity,lifebit
1,1762651526.139829,4.706125354865531e-13,1.5116168950238262e-12,3.46567496922745e-11,4.282927484888788e-11,-6.163776086753892e-14,True,(UIUC Quad) HeliumMID.par,5,IVT,(A),195,7:25:23 PM,"['0.97', '1.95', '2.85', '3.82', '5.15']","[4.706125354865531e-13, 1.5116168950238262e-12, 3.46567496922745e-11, 4.282927484888788e-11, -6.163776086753892e-14]",True
2,1762651528.6441395,4.265323988103531e-13,1.6296185321312828e-12,3.7061111124447876e-11,4.5943367166234594e-11,-6.06903782329575e-14,True,(UIUC Quad) HeliumMID.par,5,IVT,(A),196,7:25:25 PM,"['0.97', '1.95', '2.85', '3.82', '5.15']","[4.265323988103531e-13, 1.6296185321312828e-12, 3.7061111124447876e-11, 4.5943367166234594e-11, -6.06903782329575e-14]",False
3,1762651531.151649,4.4678689459058674e-13,1.580369190547215e-12,3.715467516984816e-11,4.5703229395455125e-11,-5.73281588758627e-14,True,(UIUC Quad) HeliumMID.par,5,IVT,(A),197,7:25:28 PM,"['0.97', '1.95', '2.85', '3.82', '5.15']","[4.4678689459058674e-13, 1.580369190547215e-12, 3.715467516984816e-11, 4.5703229395455125e-11, -5.73281588758627e-14]",True
4,1762651533.7579646,4.121308329330109e-13,1.6131732451588054e-12,3.660460129450982e-11,4.650331855704515e-11,-6.648485608622481e-14,True,(UIUC Quad) HeliumMID.par,5,IVT,(A),198,7:25:31 PM,"['0.97', '1.95', '2.85', '3.82', '5.15']","[4.121308329330109e-13, 1.6131732451588054e-12, 3.660460129450982e-11, 4.650331855704515e-11, -6.648485608622481e-14]",False
5,1762651536.2837706,3.975173868461107e-13,1.6104230579280787e-12,3.68854218002479e-11,4.6430356087645563e-11,-6.10099468232976e-14,True,(UIUC Quad) HeliumMID.par,5,IVT,(A),199,7:25:33 PM,"['0.97', '1.95', '2.85', '3.82', '5.15']","[3.975173868461107e-13, 1.6104230579280787e-12, 3.68854218002479e-11, 4.6430356087645563e-11, -6.10099468232976e-14]",True
6,1762651538.8750534,4.087598586433733e-13,1.5404225204435074e-12,3.796670269839986e-11,4.619300081332156e-11,-5.505583714079075e-14,True,(UIUC Quad) HeliumMID.par,5,IVT,(A),200,7:25:36 PM,"['0.97', '1.95', '2.85', '3.82', '5.15']","[4.087598586433733e-13, 1.5404225204435074e-12, 3.796670269839986e-11, 4.619300081332156e-11, -5.505583714079075e-14]",False
