,,Raw.Average,Raw.Average,Raw.Average,Raw.Average,Raw.Average,Raw.Average,Raw.Average,Raw.Average,Raw.Average,Raw.Average,Raw.Average,Raw.Average,Raw.Average,Raw.Average,Raw.Average,Raw.Average,Raw.STD,Raw.STD,Raw.STD,Raw.STD,Raw.STD,Raw.STD,Raw.STD,Raw.STD,Raw.STD,Raw.STD,Raw.STD,Raw.STD,Raw.STD,Raw.STD,Raw.STD,Raw.STD,Raw.RSD,Raw.RSD,Raw.RSD,Raw.RSD,Raw.RSD,Raw.RSD,Raw.RSD,Raw.RSD,Raw.RSD,Raw.RSD,Raw.RSD,Raw.RSD,Raw.RSD,Raw.RSD,Raw.RSD,Raw.RSD,Raw.Ratio.Average,Raw.Ratio.Average,Raw.Ratio.Average,Raw.Ratio.Average,Raw.Ratio.Average,Raw.Ratio.Average,Raw.Ratio.Average,Raw.Ratio.Average,Raw.Ratio.Average,Raw.Ratio.Average,Raw.Ratio.Average,Raw.Ratio.Average,Raw.Ratio.Average,Raw.Ratio.STD,Raw.Ratio.STD,Raw.Ratio.STD,Raw.Ratio.STD,Raw.Ratio.STD,Raw.Ratio.STD,Raw.Ratio.STD,Raw.Ratio.STD,Raw.Ratio.STD,Raw.Ratio.STD,Raw.Ratio.STD,Raw.Ratio.STD,Raw.Ratio.STD,Raw.Ratio.RSD,Raw.Ratio.RSD,Raw.Ratio.RSD,Raw.Ratio.RSD,Raw.Ratio.RSD,Raw.Ratio.RSD,Raw.Ratio.RSD,Raw.Ratio.RSD,Raw.Ratio.RSD,Raw.Ratio.RSD,Raw.Ratio.RSD,Raw.Ratio.RSD,Raw.Ratio.RSD,Raw.Ratio,Raw.Ratio,Raw.Ratio,Raw.Ratio,Raw.Ratio,Raw.Ratio,Raw.Ratio,Raw.Ratio,Raw.Ratio,Raw.Ratio,Raw.Ratio,Raw.Ratio,Raw.Ratio,Raw.Ratio,Raw.Ratio,Raw.Ratio,Raw.Ratio,Raw.Ratio,Raw.Ratio,Raw.Ratio,Raw.Ratio,Raw.Ratio,Raw.Ratio,Raw.Ratio,Raw.Ratio,Raw.Ratio,Raw.Ratio,Raw.Ratio,Raw.Ratio,Raw.Ratio,Raw.Ratio,Raw.Ratio,Raw.Ratio,Raw.Ratio,Raw.Ratio,Raw.Ratio,Raw.Ratio,Raw.Ratio,Raw.Ratio,Raw.Ratio,Raw.Ratio,Raw.Ratio,Raw.Ratio,Raw.Ratio,Raw.Ratio,Raw.Ratio,Raw.Ratio,Raw.Ratio,Raw.Ratio,Raw.Ratio,Raw.Ratio,Raw.Ratio,Raw.Ratio,Raw.Ratio,Raw.Ratio,Raw.Ratio,Raw.Ratio,Raw.Ratio,Raw.Ratio,Raw.Ratio,Raw.Ratio,Raw.Ratio,Raw.Ratio,Raw.Ratio,Raw.Ratio,Raw.Ratio,Raw.Ratio,Raw.Ratio,Raw.Ratio,Raw.Ratio,Raw.Ratio,Raw.Ratio,Raw.Ratio,Raw.Ratio,Raw.Ratio,Raw.Ratio,Raw.Ratio,Raw.Ratio,Raw.Ratio,Raw.Ratio,Raw.Ratio,Raw.Ratio,Raw.Ratio,Raw.Ratio,Raw.Ratio,Raw.Ratio,Raw.Ratio,Raw.Ratio,Raw.Ratio,Raw.Ratio,Raw.Ratio,Raw.Ratio,Raw.Ratio,Raw.Ratio,Raw.Ratio,Raw.Ratio,Raw.Ratio,Raw.Ratio,Raw.Ratio,Raw.Ratio,Raw.Ratio,Raw.Ratio,Raw.Ratio,Raw.Ratio,Raw.Ratio,Raw.Ratio,Raw.Ratio,Raw.Ratio,Raw.Ratio,Raw.Ratio,Raw.Ratio,Raw.Ratio,Raw.Ratio,Raw.Ratio,Raw.Ratio,Raw.Ratio,Raw.Ratio,Raw.Ratio,Raw.Ratio,Raw.Ratio,Raw.Ratio,Raw.Ratio,Raw.Ratio,Raw.Ratio,Raw.Ratio,Raw.Ratio,Raw.Ratio,Raw.Ratio,Raw.Ratio,Raw.Ratio,Raw.RawIntensityPerRun,Raw.RawIntensityPerRun,Raw.RawIntensityPerRun,Raw.RawIntensityPerRun,Raw.RawIntensityPerRun,Raw.RawIntensityPerRun,Raw.RawIntensityPerRun,Raw.RawIntensityPerRun,Raw.RawIntensityPerRun,Raw.RawIntensityPerRun,Raw.RawIntensityPerRun,Raw.RawIntensityPerRun,Raw.RawIntensityPerRun,Raw.RawIntensityPerRun,Raw.RawIntensityPerRun,Raw.RawIntensityPerRun,Raw.RawIntensityPerRun,Raw.RawIntensityPerRun,Raw.RawIntensityPerRun,Raw.RawIntensityPerRun,Raw.RawIntensityPerRun,Raw.RawIntensityPerRun,Raw.RawIntensityPerRun,Raw.RawIntensityPerRun,Raw.RawIntensityPerRun,Raw.RawIntensityPerRun,Raw.RawIntensityPerRun,Raw.RawIntensityPerRun,Raw.RawIntensityPerRun,Raw.RawIntensityPerRun,Raw.RawIntensityPerRun,Raw.RawIntensityPerRun,Raw.RawIntensityPerRun,Raw.RawIntensityPerRun,Raw.RawIntensityPerRun,Raw.RawIntensityPerRun,Raw.RawIntensityPerRun,Raw.RawIntensityPerRun,Raw.RawIntensityPerRun,Raw.RawIntensityPerRun,Raw.RawIntensityPerRun,Raw.RawIntensityPerRun,Raw.RawIntensityPerRun,Raw.RawIntensityPerRun,Raw.RawIntensityPerRun,Raw.RawIntensityPerRun,Raw.RawIntensityPerRun,Raw.RawIntensityPerRun,Raw.RawIntensityPerRun,Raw.RawIntensityPerRun,Raw.RawIntensityPerRun,Raw.RawIntensityPerRun,Raw.RawIntensityPerRun,Raw.RawIntensityPerRun,Raw.RawIntensityPerRun,Raw.RawIntensityPerRun,Raw.RawIntensityPerRun,Raw.RawIntensityPerRun,Raw.RawIntensityPerRun,Raw.RawIntensityPerRun,Raw.RawIntensityPerRun,Raw.RawIntensityPerRun,Raw.RawIntensityPerRun,Raw.RawIntensityPerRun,Raw.RawIntensityPerRun,Raw.RawIntensityPerRun,Raw.RawIntensityPerRun,Raw.RawIntensityPerRun,Raw.RawIntensityPerRun,Raw.RawIntensityPerRun,Raw.RawIntensityPerRun,Raw.RawIntensityPerRun,Raw.RawIntensityPerRun,Raw.RawIntensityPerRun,Raw.RawIntensityPerRun,Raw.RawIntensityPerRun,Raw.RawIntensityPerRun,Raw.RawIntensityPerRun,Raw.RawIntensityPerRun,Raw.RawIntensityPerRun,Raw.RawIntensityPerRun,Raw.RawIntensityPerRun,Raw.RawIntensityPerRun,Raw.RawIntensityPerRun,Raw.RawIntensityPerRun,Raw.RawIntensityPerRun,Raw.RawIntensityPerRun,Raw.RawIntensityPerRun,Raw.RawIntensityPerRun,Raw.RawIntensityPerRun,Raw.RawIntensityPerRun,Raw.RawIntensityPerRun,Raw.RawIntensityPerRun,Raw.RawIntensityPerRun,Raw.RawIntensityPerRun,Raw.RawIntensityPerRun,Raw.RawIntensityPerRun,Raw.RawIntensityPerRun,Raw.RawIntensityPerRun,Raw.RawIntensityPerRun,Raw.RawIntensityPerRun,Raw.RawIntensityPerRun,Raw.RawIntensityPerRun,Raw.RawIntensityPerRun,Raw.RawIntensityPerRun,Raw.RawIntensityPerRun,Raw.RawIntensityPerRun,Raw.RawIntensityPerRun,Raw.RawIntensityPerRun,Raw.RawIntensityPerRun,Raw.RawIntensityPerRun,Raw.RawIntensityPerRun,Raw.RawIntensityPerRun,Raw.RawIntensityPerRun,Raw.RawIntensityPerRun,Raw.RawIntensityPerRun,Raw.RawIntensityPerRun,Raw.RawIntensityPerRun,Raw.RawIntensityPerRun,Raw.RawIntensityPerRun,Raw.RawIntensityPerRun,Raw.RawIntensityPerRun,Raw.RawIntensityPerRun,Raw.RawIntensityPerRun,Raw.RawIntensityPerRun,Raw.RawIntensityPerRun,Raw.RawIntensityPerRun,Raw.RawIntensityPerRun,Raw.RawIntensityPerRun,Raw.RawIntensityPerRun,Raw.RawIntensityPerRun,Raw.RawIntensityPerRun,Raw.RawIntensityPerRun,Raw.RawIntensityPerRun,Raw.RawIntensityPerRun,Raw.RawIntensityPerRun,Raw.RawIntensityPerRun,Raw.RawIntensityPerRun,Raw.RawIntensityPerRun,Raw.RawIntensityPerRun,Raw.RawIntensityPerRun,Raw.RawIntensityPerRun,Raw.RawIntensityPerRun,Raw.RawIntensityPerRun,Raw.RawIntensityPerRun,Raw.RawIntensityPerRun,Raw.RawIntensityPerRun,Raw.RawIntensityPerRun,Raw.RawIntensityPerRun,Raw.RawIntensityPerRun,Raw.RawIntensityPerRun,Raw.RawIntensityPerRun,Raw.RawIntensityPerRun,Raw.RawIntensityPerRun,Raw.RawIntensityPerRun,Raw.RawIntensityPerRun,Raw.RawIntensityPerRun,Raw.RawIntensityPerRun,Raw.RawIntensityPerRun,Raw.RawIntensityPerRun,Raw.RawIntensityAverage,Raw.RawIntensityAverage,Raw.RawIntensityAverage,Raw.RawIntensityAverage,Raw.RawIntensityAverage,Raw.RawIntensityAverage,Raw.RawIntensityAverage,Raw.RawIntensityAverage,Raw.RawIntensityAverage,Raw.RawIntensityAverage,Raw.RawIntensityAverage,Raw.RawIntensityAverage,Raw.RawIntensityAverage,Raw.RawIntensityAverage,Raw.RawIntensityAverage,Raw.RawIntensityAverage
,,0,0,0,0,0,0,0,0,0,0,0,0,0,0,0,0,0,0,0,0,0,0,0,0,0,0,0,0,0,0,0,0,0,0,0,0,0,0,0,0,0,0,0,0,0,0,0,0,0,0,0,0,0,0,0,0,0,0,0,0,0,0,0,0,0,0,0,0,0,0,0,0,0,0,0,0,0,0,0,0,0,0,0,0,0,0,0,0,0,0,0,0,0,0,0,0,0,0,0,0,1,1,1,1,1,1,1,1,1,1,1,1,1,2,2,2,2,2,2,2,2,2,2,2,2,2,3,3,3,3,3,3,3,3,3,3,3,3,3,4,4,4,4,4,4,4,4,4,4,4,4,4,5,5,5,5,5,5,5,5,5,5,5,5,5,6,6,6,6,6,6,6,6,6,6,6,6,6,7,7,7,7,7,7,7,7,7,7,7,7,7,8,8,8,8,8,8,8,8,8,8,8,8,8,9,9,9,9,9,9,9,9,9,9,9,9,9,0,0,0,0,0,0,0,0,0,0,0,0,0,0,0,0,1,1,1,1,1,1,1,1,1,1,1,1,1,1,1,1,2,2,2,2,2,2,2,2,2,2,2,2,2,2,2,2,3,3,3,3,3,3,3,3,3,3,3,3,3,3,3,3,4,4,4,4,4,4,4,4,4,4,4,4,4,4,4,4,5,5,5,5,5,5,5,5,5,5,5,5,5,5,5,5,6,6,6,6,6,6,6,6,6,6,6,6,6,6,6,6,7,7,7,7,7,7,7,7,7,7,7,7,7,7,7,7,8,8,8,8,8,8,8,8,8,8,8,8,8,8,8,8,9,9,9,9,9,9,9,9,9,9,9,9,9,9,9,9,0,0,0,0,0,0,0,0,0,0,0,0,0,0,0,0
,,144Sm (KED),146Nd (KED),147Sm (KED),148Sm (KED),149Sm (KED),150Sm (KED),152Sm (KED),154Sm (KED),157Gd (KED),229Th (KED),230Th (KED),232Th (KED),233U (KED),235U (KED),236U (KED),238U (KED),144Sm (KED),146Nd (KED),147Sm (KED),148Sm (KED),149Sm (KED),150Sm (KED),152Sm (KED),154Sm (KED),157Gd (KED),229Th (KED),230Th (KED),232Th (KED),233U (KED),235U (KED),236U (KED),238U (KED),144Sm (KED),146Nd (KED),147Sm (KED),148Sm (KED),149Sm (KED),150Sm (KED),152Sm (KED),154Sm (KED),157Gd (KED),229Th (KED),230Th (KED),232Th (KED),233U (KED),235U (KED),236U (KED),238U (KED),238U (KED) / 235U (KED),238U (KED) / 236U (KED),232Th (KED) / 230Th (KED),152Sm (KED) / 149Sm (KED),144Sm (KED) / 152Sm (KED),147Sm (KED) / 152Sm (KED),148Sm (KED) / 152Sm (KED),150Sm (KED) / 152Sm (KED),154Sm (KED) / 152Sm (KED),238U (KED) / 233U (KED),232Th (KED) / 229Th (KED),230Th (KED) / 236U (KED),232Th (KED) / 238U (KED),238U (KED) / 235U (KED),238U (KED) / 236U (KED),232Th (KED) / 230Th (KED),152Sm (KED) / 149Sm (KED),144Sm (KED) / 152Sm (KED),147Sm (KED) / 152Sm (KED),148Sm (KED) / 152Sm (KED),150Sm (KED) / 152Sm (KED),154Sm (KED) / 152Sm (KED),238U (KED) / 233U (KED),232Th (KED) / 229Th (KED),230Th (KED) / 236U (KED),232Th (KED) / 238U (KED),238U (KED) / 235U (KED),238U (KED) / 236U (KED),232Th (KED) / 230Th (KED),152Sm (KED) / 149Sm (KED),144Sm (KED) / 152Sm (KED),147Sm (KED) / 152Sm (KED),148Sm (KED) / 152Sm (KED),150Sm (KED) / 152Sm (KED),154Sm (KED) / 152Sm (KED),238U (KED) / 233U (KED),232Th (KED) / 229Th (KED),230Th (KED) / 236U (KED),232Th (KED) / 238U (KED),238U (KED) / 235U (KED),238U (KED) / 236U (KED),232Th (KED) / 230Th (KED),152Sm (KED) / 149Sm (KED),144Sm (KED) / 152Sm (KED),147Sm (KED) / 152Sm (KED),148Sm (KED) / 152Sm (KED),150Sm (KED) / 152Sm (KED),154Sm (KED) / 152Sm (KED),238U (KED) / 233U (KED),232Th (KED) / 229Th (KED),230Th (KED) / 236U (KED),232Th (KED) / 238U (KED),238U (KED) / 235U (KED),238U (KED) / 236U (KED),232Th (KED) / 230Th (KED),152Sm (KED) / 149Sm (KED),144Sm (KED) / 152Sm (KED),147Sm (KED) / 152Sm (KED),148Sm (KED) / 152Sm (KED),150Sm (KED) / 152Sm (KED),154Sm (KED) / 152Sm (KED),238U (KED) / 233U (KED),232Th (KED) / 229Th (KED),230Th (KED) / 236U (KED),232Th (KED) / 238U (KED),238U (KED) / 235U (KED),238U (KED) / 236U (KED),232Th (KED) / 230Th (KED),152Sm (KED) / 149Sm (KED),144Sm (KED) / 152Sm (KED),147Sm (KED) / 152Sm (KED),148Sm (KED) / 152Sm (KED),150Sm (KED) / 152Sm (KED),154Sm (KED) / 152Sm (KED),238U (KED) / 233U (KED),232Th (KED) / 229Th (KED),230Th (KED) / 236U (KED),232Th (KED) / 238U (KED),238U (KED) / 235U (KED),238U (KED) / 236U (KED),232Th (KED) / 230Th (KED),152Sm (KED) / 149Sm (KED),144Sm (KED) / 152Sm (KED),147Sm (KED) / 152Sm (KED),148Sm (KED) / 152Sm (KED),150Sm (KED) / 152Sm (KED),154Sm (KED) / 152Sm (KED),238U (KED) / 233U (KED),232Th (KED) / 229Th (KED),230Th (KED) / 236U (KED),232Th (KED) / 238U (KED),238U (KED) / 235U (KED),238U (KED) / 236U (KED),232Th (KED) / 230Th (KED),152Sm (KED) / 149Sm (KED),144Sm (KED) / 152Sm (KED),147Sm (KED) / 152Sm (KED),148Sm (KED) / 152Sm (KED),150Sm (KED) / 152Sm (KED),154Sm (KED) / 152Sm (KED),238U (KED) / 233U (KED),232Th (KED) / 229Th (KED),230Th (KED) / 236U (KED),232Th (KED) / 238U (KED),238U (KED) / 235U (KED),238U (KED) / 236U (KED),232Th (KED) / 230Th (KED),152Sm (KED) / 149Sm (KED),144Sm (KED) / 152Sm (KED),147Sm (KED) / 152Sm (KED),148Sm (KED) / 152Sm (KED),150Sm (KED) / 152Sm (KED),154Sm (KED) / 152Sm (KED),238U (KED) / 233U (KED),232Th (KED) / 229Th (KED),230Th (KED) / 236U (KED),232Th (KED) / 238U (KED),238U (KED) / 235U (KED),238U (KED) / 236U (KED),232Th (KED) / 230Th (KED),152Sm (KED) / 149Sm (KED),144Sm (KED) / 152Sm (KED),147Sm (KED) / 152Sm (KED),148Sm (KED) / 152Sm (KED),150Sm (KED) / 152Sm (KED),154Sm (KED) / 152Sm (KED),238U (KED) / 233U (KED),232Th (KED) / 229Th (KED),230Th (KED) / 236U (KED),232Th (KED) / 238U (KED),238U (KED) / 235U (KED),238U (KED) / 236U (KED),232Th (KED) / 230Th (KED),152Sm (KED) / 149Sm (KED),144Sm (KED) / 152Sm (KED),147Sm (KED) / 152Sm (KED),148Sm (KED) / 152Sm (KED),150Sm (KED) / 152Sm (KED),154Sm (KED) / 152Sm (KED),238U (KED) / 233U (KED),232Th (KED) / 229Th (KED),230Th (KED) / 236U (KED),232Th (KED) / 238U (KED),238U (KED) / 235U (KED),238U (KED) / 236U (KED),232Th (KED) / 230Th (KED),152Sm (KED) / 149Sm (KED),144Sm (KED) / 152Sm (KED),147Sm (KED) / 152Sm (KED),148Sm (KED) / 152Sm (KED),150Sm (KED) / 152Sm (KED),154Sm (KED) / 152Sm (KED),238U (KED) / 233U (KED),232Th (KED) / 229Th (KED),230Th (KED) / 236U (KED),232Th (KED) / 238U (KED),238U (KED) / 235U (KED),238U (KED) / 236U (KED),232Th (KED) / 230Th (KED),152Sm (KED) / 149Sm (KED),144Sm (KED) / 152Sm (KED),147Sm (KED) / 152Sm (KED),148Sm (KED) / 152Sm (KED),150Sm (KED) / 152Sm (KED),154Sm (KED) / 152Sm (KED),238U (KED) / 233U (KED),232Th (KED) / 229Th (KED),230Th (KED) / 236U (KED),232Th (KED) / 238U (KED),144Sm (KED),146Nd (KED),147Sm (KED),148Sm (KED),149Sm (KED),150Sm (KED),152Sm (KED),154Sm (KED),157Gd (KED),229Th (KED),230Th (KED),232Th (KED),233U (KED),235U (KED),236U (KED),238U (KED),144Sm (KED),146Nd (KED),147Sm (KED),148Sm (KED),149Sm (KED),150Sm (KED),152Sm (KED),154Sm (KED),157Gd (KED),229Th (KED),230Th (KED),232Th (KED),233U (KED),235U (KED),236U (KED),238U (KED),144Sm (KED),146Nd (KED),147Sm (KED),148Sm (KED),149Sm (KED),150Sm (KED),152Sm (KED),154Sm (KED),157Gd (KED),229Th (KED),230Th (KED),232Th (KED),233U (KED),235U (KED),236U (KED),238U (KED),144Sm (KED),146Nd (KED),147Sm (KED),148Sm (KED),149Sm (KED),150Sm (KED),152Sm (KED),154Sm (KED),157Gd (KED),229Th (KED),230Th (KED),232Th (KED),233U (KED),235U (KED),236U (KED),238U (KED),144Sm (KED),146Nd (KED),147Sm (KED),148Sm (KED),149Sm (KED),150Sm (KED),152Sm (KED),154Sm (KED),157Gd (KED),229Th (KED),230Th (KED),232Th (KED),233U (KED),235U (KED),236U (KED),238U (KED),144Sm (KED),146Nd (KED),147Sm (KED),148Sm (KED),149Sm (KED),150Sm (KED),152Sm (KED),154Sm (KED),157Gd (KED),229Th (KED),230Th (KED),232Th (KED),233U (KED),235U (KED),236U (KED),238U (KED),144Sm (KED),146Nd (KED),147Sm (KED),148Sm (KED),149Sm (KED),150Sm (KED),152Sm (KED),154Sm (KED),157Gd (KED),229Th (KED),230Th (KED),232Th (KED),233U (KED),235U (KED),236U (KED),238U (KED),144Sm (KED),146Nd (KED),147Sm (KED),148Sm (KED),149Sm (KED),150Sm (KED),152Sm (KED),154Sm (KED),157Gd (KED),229Th (KED),230Th (KED),232Th (KED),233U (KED),235U (KED),236U (KED),238U (KED),144Sm (KED),146Nd (KED),147Sm (KED),148Sm (KED),149Sm (KED),150Sm (KED),152Sm (KED),154Sm (KED),157Gd (KED),229Th (KED),230Th (KED),232Th (KED),233U (KED),235U (KED),236U (KED),238U (KED),144Sm (KED),146Nd (KED),147Sm (KED),148Sm (KED),149Sm (KED),150Sm (KED),152Sm (KED),154Sm (KED),157Gd (KED),229Th (KED),230Th (KED),232Th (KED),233U (KED),235U (KED),236U (KED),238U (KED),144Sm (KED),146Nd (KED),147Sm (KED),148Sm (KED),149Sm (KED),150Sm (KED),152Sm (KED),154Sm (KED),157Gd (KED),229Th (KED),230Th (KED),232Th (KED),233U (KED),235U (KED),236U (KED),238U (KED)
,,Y (cps),Y (cps),Y (cps),Y (cps),Y (cps),Y (cps),Y (cps),Y (cps),Y (cps),Y (cps),Y (cps),Y (cps),Y (cps),Y (cps),Y (cps),Y (cps),Y (cps),Y (cps),Y (cps),Y (cps),Y (cps),Y (cps),Y (cps),Y (cps),Y (cps),Y (cps),Y (cps),Y (cps),Y (cps),Y (cps),Y (cps),Y (cps),Y (%),Y (%),Y (%),Y (%),Y (%),Y (%),Y (%),Y (%),Y (%),Y (%),Y (%),Y (%),Y (%),Y (%),Y (%),Y (%),Y,Y,Y,Y,Y,Y,Y,Y,Y,Y,Y,Y,Y,Y,Y,Y,Y,Y,Y,Y,Y,Y,Y,Y,Y,Y,Y (%),Y (%),Y (%),Y (%),Y (%),Y (%),Y (%),Y (%),Y (%),Y (%),Y (%),Y (%),Y (%),Y,Y,Y,Y,Y,Y,Y,Y,Y,Y,Y,Y,Y,Y,Y,Y,Y,Y,Y,Y,Y,Y,Y,Y,Y,Y,Y,Y,Y,Y,Y,Y,Y,Y,Y,Y,Y,Y,Y,Y,Y,Y,Y,Y,Y,Y,Y,Y,Y,Y,Y,Y,Y,Y,Y,Y,Y,Y,Y,Y,Y,Y,Y,Y,Y,Y,Y,Y,Y,Y,Y,Y,Y,Y,Y,Y,Y,Y,Y,Y,Y,Y,Y,Y,Y,Y,Y,Y,Y,Y,Y,Y,Y,Y,Y,Y,Y,Y,Y,Y,Y,Y,Y,Y,Y,Y,Y,Y,Y,Y,Y,Y,Y,Y,Y,Y,Y,Y,Y,Y,Y,Y,Y,Y,Y,Y,Y,Y,Y,Y,Y (cps),Y (cps),Y (cps),Y (cps),Y (cps),Y (cps),Y (cps),Y (cps),Y (cps),Y (cps),Y (cps),Y (cps),Y (cps),Y (cps),Y (cps),Y (cps),Y (cps),Y (cps),Y (cps),Y (cps),Y (cps),Y (cps),Y (cps),Y (cps),Y (cps),Y (cps),Y (cps),Y (cps),Y (cps),Y (cps),Y (cps),Y (cps),Y (cps),Y (cps),Y (cps),Y (cps),Y (cps),Y (cps),Y (cps),Y (cps),Y (cps),Y (cps),Y (cps),Y (cps),Y (cps),Y (cps),Y (cps),Y (cps),Y (cps),Y (cps),Y (cps),Y (cps),Y (cps),Y (cps),Y (cps),Y (cps),Y (cps),Y (cps),Y (cps),Y (cps),Y (cps),Y (cps),Y (cps),Y (cps),Y (cps),Y (cps),Y (cps),Y (cps),Y (cps),Y (cps),Y (cps),Y (cps),Y (cps),Y (cps),Y (cps),Y (cps),Y (cps),Y (cps),Y (cps),Y (cps),Y (cps),Y (cps),Y (cps),Y (cps),Y (cps),Y (cps),Y (cps),Y (cps),Y (cps),Y (cps),Y (cps),Y (cps),Y (cps),Y (cps),Y (cps),Y (cps),Y (cps),Y (cps),Y (cps),Y (cps),Y (cps),Y (cps),Y (cps),Y (cps),Y (cps),Y (cps),Y (cps),Y (cps),Y (cps),Y (cps),Y (cps),Y (cps),Y (cps),Y (cps),Y (cps),Y (cps),Y (cps),Y (cps),Y (cps),Y (cps),Y (cps),Y (cps),Y (cps),Y (cps),Y (cps),Y (cps),Y (cps),Y (cps),Y (cps),Y (cps),Y (cps),Y (cps),Y (cps),Y (cps),Y (cps),Y (cps),Y (cps),Y (cps),Y (cps),Y (cps),Y (cps),Y (cps),Y (cps),Y (cps),Y (cps),Y (cps),Y (cps),Y (cps),Y (cps),Y (cps),Y (cps),Y (cps),Y (cps),Y (cps),Y (cps),Y (cps),Y (cps),Y (cps),Y (cps),Y (cps),Y (cps),Y (cps),Y (cps),Y (cps),Y (cps),Y (cps),Y (cps),Y (cps),Y (cps),Y (cps),Y (cps),Y (cps),Y (cps),Y (cps),Y (cps),Y (cps)
1,AB1,-2.291682625,7.00000784,1.20000096,0.254450355,1.20000096,0.503315869,2.36421946,3.609970895,2.80000256,0,7.80000752,70.00028576,0,0,0,35.40007856,4.538459965,2.708016675,1.932185112,2.398831126,1.398412916,2.567525654,2.062474099,2.613302747,2.149937649,0,2.740643714,30.15538233,0,0,0,7.777487754,198.0405103,38.68590917,161.0152972,942.7501596,116.5343165,510.1221345,87.23699868,72.39124145,76.78341725,N/A,35.13642399,43.07894175,N/A,N/A,N/A,21.97025563,N/A,N/A,9.935031503,0.880830667,6.484767804,0.450202486,6.093854718,0.090107745,-19.79702469,N/A,N/A,N/A,1.914380773,N/A,N/A,5.292026497,1.020167623,20.28040732,0.995205419,17.39391519,25.99892,49.23513859,N/A,N/A,N/A,0.408314633,N/A,N/A,53.26632829,115.818813,312.739144,221.057291,285.4337031,28853.14697,248.6996877,N/A,N/A,N/A,21.32880976,N/A,N/A,21.3334464,1.961661342,0.627503739,0.509771987,0.168144687,0.175261922,0.296742671,N/A,N/A,N/A,2.782619766,N/A,N/A,14.7500593,N/A,60.17820021,0,52.43981155,51.34731548,-145.6,N/A,N/A,N/A,2.360006354,N/A,N/A,13.66670987,N/A,0.077644206,0,0.783287805,0.451783667,1.251127147,N/A,N/A,N/A,2.050001888,N/A,N/A,5.333349333,1.987220447,-2.670643584,0.503215434,-0.508484975,0.015807551,-0.070096463,N/A,N/A,N/A,1.777780109,N/A,N/A,6.500011,-0.038338679,4.005773466,0,0.136561882,-52.57632449,-41.26663884,N/A,N/A,N/A,1.529411798,N/A,N/A,4.333340978,0,N/A,N/A,N/A,N/A,N/A,N/A,N/A,N/A,1.857144294,N/A,N/A,5.600012288,N/A,0.461895836,0,0.659685328,1.68761015,2,N/A,N/A,N/A,1.866670364,N/A,N/A,8.666686933,N/A,-0.96749662,0,0.163346879,-0.322304305,0.433118971,N/A,N/A,N/A,1.857145502,N/A,N/A,9.666686933,N/A,-4.59685147,0,1.681171548,-1.329380336,1.884789644,N/A,N/A,N/A,1.705884324,N/A,N/A,9.500012,0.493610224,1.246884451,3.038834951,-0.67883224,1.361200066,2.897734628,N/A,N/A,N/A,1.357143331,8.0000096,4.0000032,2.0000016,2.0000016,2.0000016,2.0000016,4.0000032,2.0000016,6.0000048,0,6.0000048,128.0007808,0,0,0,46.0000976,8.000016,8.0000096,0,0,0,0,0,8.0000064,4.0000032,0,8.0000096,118.000616,0,0,0,50.0001264,6.0000048,4.0000032,0,6.000008,0,4.0000032,6.000008,8.0000064,4.0000032,0,6.0000048,82.0003248,0,0,0,40.0001216,6.0000048,12.0000128,2.0000016,2.0000016,2.0000016,4.0000032,4.0000032,0,2.0000016,0,12.0000096,64.0002432,0,0,0,36.0000896,8.0000096,6.0000048,0,2.0000016,2.0000016,6.0000048,0,4.0000032,6.000008,0,8.0000096,52.0001504,0,0,0,34.0000976,6.000008,6.000008,2.0000016,0,2.0000016,0,0,2.0000016,0,0,12.0000128,52.0001472,0,0,0,28.0000576,12.0000128,8.0000096,0,4.0000032,0,6.000008,2.0000016,4.0000032,0,0,10.0000112,56.0001856,0,0,0,30.00004,10.0000176,10.0000144,0,4.0000032,0,2.0000016,4.0000032,2.0000016,2.0000016,0,6.0000048,52.0001632,0,0,0,28.000048,2.0000016,8.0000096,0,6.000008,0,0,2.0000016,4.0000032,2.0000016,0,6.0000048,58.000168,0,0,0,34.0000592,8.0000096,4.0000032,6.0000048,0,4.0000032,4.0000032,2.0000016,6.0000048,2.0000016,0,4.0000032,38.0000784,0,0,0,28.000048,7.40000944,7.00000784,1.20000096,2.60000272,1.20000096,2.80000256,2.40000224,4.0000032,2.80000256,0,7.80000752,70.00028576,0,0,0,35.40007856
2,AB2,-3.522633952,5.00000592,0.60000048,-0.475393694,0.80000064,-0.240489159,1.376998227,2.149267215,1.80000144,0,3.20000256,41.40010288,0,0.40000032,0,30.40007072,3.801216513,2.538595027,0.966092556,1.54464703,1.398412916,1.441699353,1.347190135,1.185053783,1.988859443,0,1.932185112,8.113135617,0,0.843274717,0,8.36928359,107.9083596,50.77184043,161.0152972,324.9195456,174.8014747,599.4862145,97.8352847,55.13757315,110.4921029,N/A,60.38073644,19.59689724,N/A,210.8185107,N/A,27.53047408,18.5000336,N/A,11.7291883,0.487220447,27.06044242,-17.27777778,-0.272343923,17.10350795,-30.38683289,N/A,N/A,N/A,1.434951398,3.535540694,N/A,5.62658013,0.480958025,92.61977685,34.56955047,39.23245805,33.97448119,52.40544729,N/A,N/A,N/A,0.398103873,19.11099607,N/A,47.97075455,98.7146635,342.2700021,200.0809995,14405.48319,198.6404268,172.4610376,N/A,N/A,N/A,27.74336985,21.0000384,N/A,14.5000408,0.961661342,-2.239435218,0,-1.045311998,0.016332445,1.645182724,N/A,N/A,N/A,1.380953742,N/A,N/A,11.0000208,N/A,-78.25,-78.25,-78.25,0,-67.35,N/A,N/A,N/A,2.2000024,N/A,N/A,9.5000104,N/A,-1.769051774,0,-0.670157068,0.343804538,1,N/A,N/A,N/A,0.863635613,N/A,N/A,10.0000144,N/A,-3.538105764,1,-0.340314672,0.68761015,1,N/A,N/A,N/A,1.428571363,16.0000288,N/A,24.0000512,N/A,90.26762535,-78.25,0.409727816,77.02098349,-145.6001252,N/A,N/A,N/A,1.5000005,N/A,N/A,N/A,N/A,0.116217423,0,0.165981921,0.17300761,0.433118622,N/A,N/A,N/A,1.909091319,N/A,N/A,N/A,N/A,-4.657142593,0,-1.375471567,-1.34681591,0.740327869,N/A,N/A,N/A,0.944444064,N/A,N/A,5.3333424,N/A,246.767452,0,78.65968586,77.02094241,-67.35,N/A,N/A,N/A,1.454546869,N/A,N/A,8.0000056,0.5,-3.153577661,0,-0.005235602,0.015706806,2,N/A,N/A,N/A,1.230767517,N/A,N/A,11.5000208,0,N/A,N/A,N/A,N/A,N/A,N/A,N/A,N/A,1.437500588,4.0000064,6.000008,0,0,2.0000016,2.0000016,2.0000016,4.0000032,6.0000048,0,4.0000032,58.0002096,0,2.0000016,0,42.0001104,2.0000016,0,2.0000016,2.0000016,0,0,0,2.0000016,2.0000016,0,4.0000032,44.0001184,0,0,0,20.000032,2.0000016,4.0000032,0,0,0,2.0000016,2.0000016,2.0000016,0,0,4.0000032,38.000072,0,0,0,44.0001216,4.0000032,8.0000096,2.0000016,2.0000016,0,4.0000064,2.0000016,2.0000016,0,0,4.0000032,40.0000896,0,0,0,28.000064,6.0000048,6.000008,2.0000016,2.0000016,0,0,0,4.0000064,2.0000016,0,2.0000016,48.0001408,0,2.0000016,0,32.0000832,6.000008,4.0000032,0,2.0000016,0,2.0000016,4.0000064,2.0000016,2.0000016,0,0,42.0000976,0,0,0,22.0000464,2.0000016,8.000016,0,0,0,0,2.0000016,2.0000016,4.0000032,0,0,34.0000528,0,0,0,36.0000704,2.0000016,6.0000048,0,0,0,0,0,2.0000016,2.0000016,0,6.0000048,32.00008,0,0,0,22.0000336,2.0000016,6.0000048,0,2.0000016,4.0000032,2.0000016,2.0000016,4.0000032,0,0,4.0000032,32.000048,0,0,0,26.0000752,4.0000064,2.0000016,0,2.0000016,2.0000016,2.0000016,0,0,0,0,4.0000032,46.00012,0,0,0,32.0000704,3.40000368,5.00000592,0.60000048,1.20000096,0.80000064,1.40000144,1.40000144,2.40000224,1.80000144,0,3.20000256,41.40010288,0,0.40000032,0,30.40007072
3,AB3,-0.092146031,1.80000144,0.40000032,-0.203141524,0.20000016,1.209425051,1.182109568,0.404984305,1.40000144,0,2.20000176,18.00002976,0,0.20000016,0,22.20003408,3.515744742,1.751191472,0.843274717,1.137413424,0.632456038,1.84715881,1.68060836,1.280458172,1.646547083,0,1.475730755,5.656869586,0,0.632456038,0,6.142760795,3815.405526,97.28833731,210.8185107,559.9118303,316.227766,152.7303249,142.1702697,316.1747645,117.610385,N/A,67.07861703,31.4270013,N/A,316.227766,N/A,27.67005119,11.0000064,N/A,8.925934104,0,-2.575107156,-5.51692803,-9.39643475,-14.85218892,4.785964028,N/A,N/A,N/A,0.861948208,,N/A,3.565962247,,36.26291623,14.82095491,26.79421684,36.52231565,5.727955785,N/A,N/A,N/A,0.354518599,,N/A,39.95057778,,1408.20999,268.6450653,285.1530133,245.9052725,119.6823827,N/A,N/A,N/A,41.12991885,N/A,N/A,8.0000032,N/A,30.08915067,0,-52.03010471,25.67364747,10.9,N/A,N/A,N/A,0.9999996,N/A,N/A,10.0000048,N/A,0.615475713,0,-0.335078534,-0.328097731,0,N/A,N/A,N/A,0.909090817,N/A,N/A,11.0000096,N/A,N/A,N/A,N/A,N/A,N/A,N/A,N/A,N/A,1.571429584,N/A,N/A,N/A,N/A,0.311720708,0.506472492,-0.16970806,0.340300016,0.87184466,N/A,N/A,N/A,0.699999872,11.0000064,N/A,12.0000096,N/A,0.503215434,0,0,0.503215434,-0.070096463,N/A,N/A,N/A,1.090909329,N/A,N/A,12.0000208,N/A,-78.2499374,-39.1249687,-39.1249687,-78.2499374,10.9,N/A,N/A,N/A,0.857143657,N/A,N/A,12.000016,N/A,-1.384525887,0,-0.335078534,0.671902269,0,N/A,N/A,N/A,1.090909752,N/A,N/A,1.333333333,0,N/A,N/A,N/A,N/A,N/A,N/A,N/A,N/A,0.4999998,N/A,N/A,8.0000064,N/A,N/A,N/A,N/A,N/A,N/A,N/A,N/A,N/A,0.4999998,N/A,N/A,6.0000032,N/A,30.08915067,0,26.21989529,-52.57635253,10.9,N/A,N/A,N/A,0.399999872,2.0000016,2.0000016,0,2.0000016,0,0,0,0,2.0000016,0,2.0000016,16.0000192,0,0,0,16.0000256,4.0000064,2.0000016,0,0,0,0,2.0000016,0,0,0,2.0000016,20.0000256,0,0,0,22.0000304,0,0,0,0,0,2.0000016,0,2.0000016,0,0,2.0000016,22.0000368,0,0,0,14.0000144,4.0000032,2.0000016,2.0000016,0,0,2.0000016,4.0000032,4.0000032,4.0000032,0,0,14.0000176,0,0,0,20.0000288,2.0000016,0,0,0,0,2.0000016,4.0000032,0,2.0000016,0,2.0000016,24.0000384,0,2.0000016,0,22.0000304,4.0000032,0,2.0000016,2.0000016,0,4.0000032,0,0,4.0000064,0,2.0000016,24.0000608,0,0,0,28.0000448,0,2.0000016,0,0,0,2.0000016,2.0000016,0,0,0,2.0000016,24.0000512,0,0,0,22.0000336,0,6.0000048,0,0,2.0000016,0,0,0,0,0,6.0000048,8.0000064,0,0,0,16.0000192,6.000008,2.0000016,0,0,0,4.0000032,0,0,0,0,2.0000016,16.0000256,0,0,0,32.000064,2.0000016,2.0000016,0,0,0,2.0000016,0,0,2.0000016,0,2.0000016,12.000016,0,0,0,30.0000496,2.40000256,1.80000144,0.40000032,0.40000032,0.20000016,1.80000144,1.20000096,0.60000048,1.40000144,0,2.20000176,18.00002976,0,0.20000016,0,22.20003408
4,SBU1,-0.999768672,2.60000272,0.80000096,0.1287957,0.6000008,0.546946126,0.397444407,1.172141513,0.20000016,0,30677.03338,3986.238065,6.2000056,95.60045152,46445.62948,71.4002632,5.348503692,2.836276608,1.932186069,1.830297307,1.349899091,1.648441898,0.844659399,1.427449506,0.632456038,0,509.729821,95.24381421,3.705855307,17.65865323,579.8698799,11.03738051,534.9741235,109.0874477,241.5229688,1421.085724,224.9828818,301.3901769,212.522653,121.7813285,316.227766,N/A,1.661600764,2.389315757,59.7718058,18.47130735,1.24849181,15.45845914,0.757327015,0.001537144,0.129945174,-0.003194886,18.67486616,0,17.47818499,17.45433392,4.3,16.15004534,N/A,0.660535413,57.00797686,0.119031513,0.000234655,0.002415402,0.004518251,36.00286942,0,30.29423446,29.35629087,5.715767665,9.859673744,N/A,0.010669328,8.645849293,15.71732034,15.26563344,1.858785627,141.4213562,192.787831,,173.3259745,168.1891215,132.9248294,61.05044002,N/A,1.615254537,15.16603425,0.676921527,0.00187002,0.132914208,N/A,-4.153577661,0,-1.005235602,0.015706806,1,14.6667136,N/A,0.656249953,46.64384785,0.79999979,0.001194292,0.128761955,0,N/A,N/A,N/A,N/A,N/A,4.000008457,N/A,0.641079499,69.11766276,0.829787086,0.001695933,0.132408639,N/A,N/A,N/A,N/A,N/A,N/A,13.0000384,N/A,0.644128143,50.28978714,0.744680275,0.00151472,0.125596962,N/A,N/A,N/A,N/A,N/A,N/A,17.5000496,N/A,0.665821811,55.2083659,0.624998842,0.001326209,0.127126866,N/A,N/A,N/A,N/A,N/A,N/A,30.0000704,N/A,0.672629527,64.47646005,0.699999176,0.001192096,0.129077229,-0.006389771,60.17817614,0,52.43979058,51.34729494,10.9,7.0000136,N/A,0.662094268,71.68994984,1.052632268,0.001702344,0.129912619,N/A,N/A,N/A,N/A,N/A,N/A,13.3333808,N/A,0.667087649,50.90810357,0.699998816,0.001499864,0.132731457,N/A,0,0,1,1,1,35.0000976,N/A,0.658733445,58.29506484,0.716980232,0.001644626,0.130863496,N/A,N/A,N/A,N/A,N/A,N/A,19.0000576,N/A,0.6684978,53.19262641,0.727272143,0.001731333,0.130058304,N/A,N/A,N/A,N/A,N/A,N/A,8.00002336,N/A,0.669032041,50.25790027,0,6.0000048,0,0,0,2.0000016,2.0000016,2.0000016,0,0,30882.13883,4104.67503,6.0000048,130.0008176,47058.50067,88.000352,2.0000016,4.0000032,0,0,2.0000016,0,0,0,0,0,30060.13125,3870.601279,14.0000144,70.0002384,46889.86516,56.000176,2.0000016,0,0,0,0,2.0000016,0,0,0,0,29625.09198,3922.618122,6.0000048,94.0003696,45992.54404,78.0002928,0,8.0000128,0,2.0000016,0,2.0000016,0,0,0,0,30769.8497,3864.599658,4.0000032,94.0004144,46213.33994,70.0002544,6.0000048,2.0000016,6.000008,2.0000016,0,0,0,2.0000016,0,0,30431.01658,3868.599776,2.0000016,96.00048,45241.86847,60.0001888,4.0000064,4.0000032,0,0,4.0000064,0,0,0,2.0000016,0,31102.68348,4014.648203,8.0000064,80.0003136,46976.21619,56.0001536,6.0000048,2.0000016,0,0,0,4.0000032,0,0,0,0,31349.272,4072.666042,6.0000048,76.0002816,46994.2324,80.0003488,0,0,0,2.0000016,0,2.0000016,2.0000016,2.0000016,0,0,30743.79849,4080.669182,2.0000016,100.000528,46671.07575,70.0002512,0,0,0,0,0,2.0000016,0,2.0000016,0,0,30892.1527,4042.655097,4.0000032,106.0005392,46211.30045,76.0002912,6.0000048,0,2.0000016,4.0000032,0,0,0,4.0000032,0,0,30914.19878,4020.648265,10.0000112,110.0005328,46207.35168,80.0003232,2.6000024,2.60000272,0.80000096,1.0000008,0.6000008,1.40000112,0.40000032,1.20000096,0.20000016,0,30677.03338,3986.238065,6.2000056,95.60045152,46445.62948,71.4002632
5,SBU2,0.384758962,1.60000192,0.40000032,-0.136125978,0.80000064,0.27504364,0.20000016,0.20000016,0,0,31647.46371,4182.902888,1.80000176,91.00041072,47691.31385,74.00028192,5.954727511,3.747596791,0.843274717,1.662693711,1.398412916,1.711286735,0.632456038,0.632456038,0,0,528.8093248,113.373015,1.751191919,14.94444873,843.5962261,18.18437436,1547.651412,234.2245184,210.8185107,1221.437478,174.8014747,622.1873498,316.227766,316.227766,N/A,N/A,1.670937455,2.710390798,97.28834483,16.42239701,1.768867658,24.57338525,0.839113954,0.001551069,0.132197214,0,0,0,1,0,0,26.000066,N/A,0.66362962,59.9399005,0.263052405,0.000380326,0.003888102,0,,,,,,11.40617776,N/A,0.006688833,16.08172526,31.34882978,24.52022651,2.941137736,,,,,,,43.86980309,N/A,1.007916543,26.82974968,0.829267506,0.001385038,0.128402982,N/A,0,0,1,0,0,17.000024,N/A,0.652698298,60.50980824,0.97499987,0.00160169,0.12633226,0,N/A,N/A,N/A,N/A,N/A,19.500052,N/A,0.659056216,51.98263945,0.833332183,0.001690999,0.133730945,N/A,N/A,N/A,N/A,N/A,N/A,40.0001168,N/A,0.656371244,51.90845871,0.555553754,0.001039755,0.126101921,N/A,N/A,N/A,N/A,N/A,N/A,N/A,N/A,0.669629883,81.21301838,0.43999895,0.000952437,0.133222119,N/A,N/A,N/A,N/A,N/A,N/A,22.000032,N/A,0.663362301,92.7877578,0.599999564,0.001380837,0.13634242,N/A,N/A,N/A,N/A,N/A,N/A,16.5000528,N/A,0.672534374,66.40534489,1.080001199,0.002260507,0.135278498,0,N/A,N/A,N/A,N/A,N/A,N/A,N/A,0.658297733,39.39538326,1.051282664,0.001713498,0.134120023,0,N/A,N/A,N/A,N/A,N/A,N/A,N/A,0.668196361,52.3014852,0.745453706,0.001741405,0.132202403,N/A,N/A,N/A,N/A,N/A,N/A,41.0001184,N/A,0.666432314,50.59361393,1.281250148,0.001744527,0.136238568,N/A,N/A,N/A,N/A,N/A,N/A,N/A,N/A,0.669717477,52.30149513,0,0,0,2.0000016,0,0,2.0000016,0,0,0,32045.04518,4114.679353,4.0000064,82.0003248,49096.25979,68.0002048,0,0,2.0000016,0,2.0000016,0,0,0,0,0,32095.20615,4054.659933,4.0000032,80.000288,48698.73822,78.0002704,4.0000032,0,0,0,0,0,0,0,0,0,31052.58962,4152.692145,2.0000016,96.0004896,47309.49122,80.0002976,0,0,0,0,0,0,0,0,0,0,32201.43031,4060.662224,0,90.0005424,48088.40097,50.0001392,6.000008,2.0000016,0,0,0,2.0000016,0,0,0,0,30645.59084,4082.670548,2.0000016,100.000464,46197.36575,44.0000992,8.0000096,0,2.0000016,0,0,2.0000016,0,0,0,0,32145.31691,4382.770294,4.0000032,110.00052,47797.28463,66.000264,4.0000064,0,0,0,4.0000032,0,0,0,0,0,31451.60387,4254.725722,0,100.0004608,47777.17181,108.0006176,2.0000016,2.0000016,0,0,2.0000016,2.0000016,0,0,0,0,31976.86797,4288.738272,0,78.0002544,47855.49555,82.0003152,2.0000016,12.000016,0,0,0,0,0,2.0000016,0,0,31381.3634,4148.691642,2.0000016,110.0005296,47088.59814,82.0003024,0,0,0,2.0000016,0,2.0000016,0,0,0,0,31479.62289,4288.738752,0,64.0002336,47004.3324,82.0003088,2.60000304,1.60000192,0.40000032,0.40000032,0.80000064,0.80000064,0.20000016,0.20000016,0,0,31647.46371,4182.902888,1.80000176,91.00041072,47691.31385,74.00028192
6,SBU3,-0.199767392,2.60000272,0.40000032,1.72879794,0.40000032,0.146945806,0.78466516,0.232843592,1.20000128,0,31594.31738,4154.094186,5.60000608,93.80042928,48111.32342,70.80025664,4.070266236,2.118701976,0.843274717,3.115352649,0.843274717,1.871890695,1.400150676,0.879671162,1.398413628,0,420.5919963,108.7863114,3.502385381,11.94255299,942.8850476,12.65622139,2037.502811,81.48845228,210.8185107,180.203399,210.8185107,1273.864659,178.4392563,377.7948765,116.5343447,N/A,1.331226724,2.618773347,62.54252819,12.73187456,1.95979861,17.87595411,0.766664101,0.001475243,0.131472069,0.487220437,-17.38502536,-16.76785267,-19.77613013,7.566465256,-4.96001378,15.6389325,N/A,0.656805591,60.87724752,0.168924937,0.000285321,0.002435819,0.725179812,50.31572453,30.78338159,85.98510024,32.46203306,28.04830731,10.33823554,N/A,0.008643524,13.97318501,22.03376115,19.34059343,1.852727137,148.8401876,289.4199088,183.5857113,434.7923465,429.0250726,565.4884956,66.10576225,N/A,1.315994286,22.95304991,0.755554959,0.00138725,0.130219735,-0.025559126,-9.035818031,-39.1249687,-12.90507341,25.67364747,10.9,17.000044,N/A,0.647440687,60.77460546,0.755100935,0.001516235,0.133388429,N/A,-18.07169866,0,52.43979058,51.34729494,10.9,9.2500224,N/A,0.642498674,56.52282376,0.784312842,0.001690213,0.127372097,N/A,N/A,N/A,N/A,N/A,N/A,40.0001168,N/A,0.661275791,49.83281686,0.880952215,0.00152043,0.130070749,N/A,30.08915067,-78.25,-208.5302299,-52.57635253,-67.35,18.5000536,N/A,0.646171698,55.27913966,0.479165451,0.000940669,0.132407655,N/A,0.503215434,0,2.012862541,0.503215434,-0.070096463,N/A,N/A,0.655872186,92.31993969,0.559999615,0.00116065,0.133364555,1,3.0000016,0,0,2,0,4.666676,N/A,0.663702875,76.26279842,0.973683785,0.001519991,0.132047054,N/A,-126.4109745,0,26.21989529,25.67364747,10.9,12.33336533,N/A,0.656857387,57.06354466,0.999999537,0.001619713,0.135468676,N/A,N/A,N/A,N/A,N/A,N/A,19.0000528,N/A,0.665891598,55.69348625,0.641508002,0.001409185,0.131825105,N/A,N/A,N/A,N/A,N/A,N/A,8.5000208,N/A,0.662249231,61.95145403,0.836363672,0.001988097,0.128556637,N/A,-1.76905399,0,2.329843996,0.343804013,0,11.5000408,N/A,0.666095785,43.07186645,6.000008,4.0000064,2.0000016,2.0000016,2.0000016,0,0,0,4.0000064,0,31736.2585,4132.687174,4.0000032,90.000376,49018.01685,68.0002304,6.0000048,4.0000032,0,0,0,0,0,0,2.0000016,0,31357.31085,4182.702434,8.0000064,98.0004592,48805.25383,74.0002384,2.0000016,0,0,0,0,0,0,0,0,0,31299.16409,3986.640179,2.0000016,102.0004944,47331.48331,80.0002976,2.0000016,2.0000016,2.0000016,6.000008,0,2.0000016,0,2.0000016,2.0000016,0,31449.58797,4090.671459,4.0000032,84.0003264,48670.63668,74.0002736,2.0000016,0,0,8.0000096,0,2.0000016,4.0000032,0,2.0000016,0,32073.12393,4246.727122,0,96.0004672,48901.48511,46.0001072,6.000008,0,0,0,2.0000016,4.0000032,2.0000016,0,0,0,32022.99207,4270.732086,12.0000192,100.0004288,48248.98804,56.0002016,6.000008,2.0000016,0,0,0,0,0,0,2.0000016,0,31978.878,4222.716639,6.0000048,76.0002912,48684.65912,74.0002512,2.0000016,4.0000032,0,2.0000016,0,0,0,2.0000016,0,0,31245.0098,4232.720104,4.0000032,76.0003072,46922.06646,76.000272,0,6.0000048,0,2.0000016,0,0,0,0,0,0,31956.83057,4212.712553,8.0000064,106.0005808,48254.99082,68.0002208,2.0000016,4.0000064,0,6.000008,0,2.0000016,2.0000016,0,0,0,30824.01807,3962.632113,8.0000128,110.0005616,46275.65398,92.0004736,3.40000368,2.60000272,0.40000032,2.60000304,0.40000032,1.0000008,0.80000064,0.40000032,1.20000128,0,31594.31738,4154.094186,5.60000608,93.80042928,48111.32342,70.80025664
7,SBU4,-1.676440738,5.40000496,0.60000048,-0.609424786,0.80000064,0.028272704,0.374441194,0.721406328,2.0000016,0,31589.80549,4186.305621,5.80000592,96.80046624,47950.51459,76.80029248,5.710561751,2.503333287,0.966092556,1.820558075,1.032796385,2.033314947,0.857486559,1.555673629,2.981426355,0,645.9974324,98.7779683,2.57337115,13.99058783,1225.813544,13.13867789,340.6360644,46.35798126,161.0152972,298.7338418,129.0994449,7191.795135,229.004333,215.6445776,149.0711985,N/A,2.044955397,2.359549857,44.36842282,14.45301699,2.556413741,17.10758835,0.804535261,0.001601494,0.132524146,-0.006389776,-7.055089354,-19.5625,2.393182581,2.24176211,3.252777778,17.29504814,N/A,0.658934384,56.077866,0.160890704,0.000268256,0.001846988,0.012779553,52.68415565,32.73432354,24.91499514,30.35242521,10.27112683,10.86771686,N/A,0.009469054,10.56505064,19.997968,16.75033976,1.393699088,200,746.7539106,167.3320053,1041.082086,1353.953886,315.7647872,62.83715878,N/A,1.437025261,18.83996556,0.844826623,0.001992827,0.131779065,N/A,-48.16084933,-78.25,26.21989529,-52.57635253,10.9,16.33339627,N/A,0.651917302,43.10913478,0.693876218,0.0014159,0.130691458,N/A,92.28553423,0,34.95986038,34.23152996,-15.18333333,11.33335289,N/A,0.670539763,61.89266829,1.138888458,0.001826033,0.132138709,-0.025559105,-48.16082526,-39.125,-12.90508374,25.67366801,10.9,10.2500271,N/A,0.674545107,48.81264207,0.553190318,0.001091498,0.134980616,0,N/A,N/A,N/A,N/A,N/A,5.200006976,N/A,0.648569394,80.20564996,0.847825487,0.00163961,0.132591693,N/A,-31.60271233,0,-32.57002618,6.418411867,10.9,19.500052,N/A,0.651056917,52.64955565,0.88679228,0.001922713,0.132729996,0,N/A,N/A,N/A,N/A,N/A,15.66672747,N/A,0.651972987,45.00742101,0.740740337,0.001646291,0.133708543,0,N/A,N/A,N/A,N/A,N/A,10.0000344,N/A,0.660678199,53.65899538,0.897435745,0.001428579,0.133294014,N/A,-3.153577661,0,-1.005235602,0.015706806,2,11.66669867,N/A,0.652958655,60.92451336,0.654544323,0.001498062,0.128741153,N/A,-3.538105764,0,-0.340314672,-0.31239145,0,36.0000896,N/A,0.657228586,56.48123189,0.787232816,0.00155343,0.13458621,N/A,N/A,N/A,N/A,N/A,N/A,37.000096,N/A,0.66987693,58.03684764,4.0000032,2.0000016,2.0000016,0,0,2.0000016,0,0,2.0000016,0,32059.07464,4224.714867,6.0000048,116.000672,49176.59729,98.000456,4.0000032,8.0000064,0,0,0,0,0,2.0000016,6.0000048,0,32203.43848,4208.714317,6.000008,98.000488,48026.14291,68.000208,8.0000096,4.0000064,2.0000016,2.0000016,2.0000016,0,0,0,4.0000032,0,30291.29061,4002.652036,8.0000096,72.000304,44906.24909,82.0003152,6.0000048,4.0000032,0,0,2.0000016,2.0000016,0,2.0000016,0,0,30898.54067,4170.704064,10.0000112,94.0004304,47641.0712,52.000128,6.0000048,2.0000016,0,4.0000032,0,0,0,0,8.0000064,0,30972.37446,4106.679577,4.0000032,92.000384,47572.45281,78.0002704,2.0000016,8.0000064,0,2.0000016,2.0000016,6.000008,0,0,0,0,31874.61391,4230.717378,6.0000048,106.0005168,48889.47021,94.00044,8.0000064,8.0000064,0,0,2.0000016,0,0,2.0000016,0,0,32105.2003,4292.739549,8.0000096,108.00056,48594.3086,80.0003712,2.0000016,6.0000048,0,0,0,2.0000016,2.0000016,4.0000032,0,0,31994.91808,4264.731044,6.0000048,78.0002896,48999.9142,70.000248,4.0000032,8.0000096,0,2.0000016,0,2.0000016,2.0000016,0,0,0,31587.8954,4066.662071,2.0000016,110.000552,48062.26645,72.0002368,14.0000208,4.0000032,2.0000016,2.0000016,0,4.0000064,0,0,0,0,31910.70835,4294.741305,2.0000016,94.0004656,47636.67316,74.0002512,5.80000592,5.40000496,0.60000048,1.20000096,0.80000064,1.80000208,0.40000032,1.0000008,2.0000016,0,31589.80549,4186.305621,5.80000592,96.80046624,47950.51459,76.80029248
8,SBU5,1.800235094,2.60000208,0.60000048,0.728796395,0.60000048,1.346947296,1.584665804,1.232844757,1.20000096,0,32054.5104,4216.115145,4.20000496,99.80047248,48676.50047,66.6002312,4.553281119,2.319005473,0.966092556,1.617448932,1.349898195,2.006169939,1.57700359,1.627884019,1.398412916,0,733.0916852,77.21495774,3.047771575,21.07043079,929.5121969,9.570841737,252.927028,89.19244683,161.0152972,221.9342665,224.9828526,148.9419775,99.51647758,132.042904,116.5343165,N/A,2.287015699,1.831424311,72.56590418,21.11255615,1.909570713,14.37058335,0.70459889,0.001367585,0.131569957,0.493610224,-6.079740668,0.360841424,-1.652218127,-1.291096211,2.278838572,19.04634172,N/A,0.658519505,64.48171081,0.213298421,0.000189851,0.002935937,0.698070273,18.70276664,0.48143351,5.002609939,5.402510536,3.849620024,10.14524918,N/A,0.008282788,9.295297432,30.27231864,13.88223887,2.231464648,141.4213562,307.6244146,133.4196902,302.7814462,418.4436831,168.9290356,53.2661302,N/A,1.257789351,14.41540138,0.97435872,0.001557346,0.133324027,N/A,N/A,N/A,N/A,N/A,N/A,38.0000992,N/A,0.653933539,55.98309584,0.617020362,0.001177504,0.13180131,N/A,-0.884525887,0.5,-0.335078534,-0.328097731,0.5,29.0000656,N/A,0.653826683,73.18465406,0.885714006,0.00131236,0.13231104,0,N/A,N/A,N/A,N/A,N/A,15.5000316,N/A,0.647701687,65.30072537,0.403224655,0.001041189,0.130650572,N/A,1.006430868,0,1.006430868,1.006431673,0.936334405,25.0000544,N/A,0.663790428,83.29378734,0.844444677,0.001602299,0.137862974,N/A,N/A,N/A,N/A,N/A,N/A,12.66668907,N/A,0.655858736,56.43054743,0.492062473,0.001271252,0.129327049,N/A,-48.16091193,0,-12.90510471,-13.45135253,10.9,15.500036,N/A,0.673291656,68.49534696,1.000000351,0.001640869,0.130704365,N/A,4.051779935,0,1.012944984,1.012944984,-0.141100324,20.500064,N/A,0.648018834,51.61832057,0.729165917,0.001402431,0.127886766,N/A,-0.779007137,1.012944984,0.334112743,1.361200066,1.884791265,7.000016,N/A,0.661214653,60.29573289,0.599998877,0.001347829,0.128341929,0.987220447,-1.791952121,1.012944984,-0.67883224,1.361200066,0.87184466,8.2500196,N/A,0.659815682,62.82847091,0.499998862,0.00132277,0.133489535,N/A,4.0000016,0,0,0,1,N/A,N/A,0.66774315,67.38642674,6.0000048,6.0000048,0,4.0000032,0,2.0000016,0,0,0,0,31912.70086,4254.729795,2.0000016,78.0002864,48801.13794,76.0002592,2.0000016,4.0000032,2.0000016,0,0,0,4.0000032,2.0000016,0,0,32205.46838,4244.722933,2.0000016,94.0004272,49256.88903,58.0001776,6.0000048,0,0,0,4.0000032,4.0000032,0,0,0,0,30599.56077,4048.659705,4.0000064,70.0002768,47243.29327,62.0002256,4.0000032,0,0,4.0000032,0,4.0000064,4.0000032,4.0000032,2.0000016,0,31876.6439,4164.701761,2.0000016,124.0007232,48022.15057,50.0001488,6.000008,4.0000032,0,2.0000016,0,0,0,0,0,0,31108.71158,4288.739482,6.0000144,90.0003504,47432.03052,76.0003168,8.0000096,4.0000032,0,2.0000016,0,2.0000016,0,0,4.0000032,0,32837.09625,4246.724772,4.0000032,126.0006544,48770.98352,62.0001936,8.0000064,0,0,2.0000016,0,2.0000016,2.0000016,0,2.0000016,0,32383.91366,4232.718887,4.0000032,82.0002928,49973.72292,82.0003216,4.0000032,4.0000032,2.0000016,2.0000016,0,4.0000032,2.0000016,4.0000064,2.0000016,0,33003.53737,4220.715677,10.0000112,96.0004256,49913.49966,70.0002384,2.0000016,4.0000032,2.0000016,0,2.0000016,4.0000032,2.0000016,2.0000016,2.0000016,0,32309.72369,4146.692249,8.0000064,110.0005552,48967.80203,66.0002096,8.0000096,0,0,0,0,0,2.0000016,2.0000016,0,0,32307.74752,4312.74619,0,128.0007328,48383.49521,64.0002208,5.40000528,2.60000208,0.60000048,1.60000128,0.60000048,2.20000208,1.60000128,1.40000144,1.20000096,0,32054.5104,4216.115145,4.20000496,99.80047248,48676.50047,66.6002312
9,SBS1,6.246667611,5.6000064,129.0007662,279.1269787,36048.16197,224.7649106,165.1935608,79.9167455,0.60000048,0.20000016,66.20026288,18.600028,0,0,0,17.8000264,9.429512904,4.195241156,16.03487263,22.21629526,766.8366419,29.4861103,25.22983312,11.90911738,0.966092556,0.632456038,28.54180689,8.540120114,0,0,0,5.116436989,150.9526918,74.91493502,12.43005999,7.959207439,2.127255871,13.11864482,15.27289139,14.90190486,161.0152972,316.227766,43.11434071,45.91455515,N/A,N/A,N/A,28.7439854,N/A,N/A,0.282412985,0.004578249,0.034557148,0.798941627,1.730908477,1.374976256,0.498423713,N/A,5.0000016,N/A,1.14810997,N/A,N/A,0.072650103,0.000661414,0.064415247,0.172591661,0.322876768,0.178116898,0.12822126,N/A,,N/A,0.608866659,N/A,N/A,25.72477423,14.44686651,186.4020958,21.60253707,18.65360143,12.95417994,25.72535302,N/A,,N/A,53.03208529,N/A,N/A,0.254901292,0.00532566,0.024618724,0.599998291,1.366601226,1.226879442,0.399998093,N/A,N/A,N/A,1.625000825,N/A,N/A,0.229507084,0.004909256,0.058121432,0.711109703,1.714787275,1.337157577,0.577776452,N/A,N/A,N/A,1.555556602,N/A,N/A,0.297296742,0.005185794,0.039735817,0.747356341,1.53500111,1.216348313,0.350165063,N/A,N/A,N/A,1.833334667,N/A,N/A,0.392856755,0.005451096,0.029048712,0.642939225,1.204188424,1.204401038,0.355766142,N/A,N/A,N/A,1.37500045,N/A,N/A,0.399999032,0.004313351,0.121459262,0.868420471,1.820139099,1.346632434,0.539472355,N/A,N/A,N/A,2.0000006,N/A,N/A,0.2142852,0.004463592,0.060975254,0.707316004,1.658544538,1.609763277,0.499998468,N/A,N/A,N/A,0.428570792,N/A,N/A,0.285713698,0.003707304,-0.11482255,1.209187793,1.965377154,1.383898685,0.624904775,N/A,N/A,N/A,0.800000064,N/A,N/A,0.263157447,0.004571408,0.092871057,0.768291619,1.92275552,1.605760839,0.43902289,N/A,5.0000016,N/A,1,N/A,N/A,0.173912777,0.004401453,0.048688681,0.898732719,1.772093333,1.190073557,0.443036013,N/A,N/A,N/A,0.363636099,N/A,N/A,0.312499819,0.003453579,-0.015124914,0.836064106,2.349597095,1.6288474,0.754096881,N/A,N/A,N/A,0.4999996,16.000016,8.000016,120.0006816,276.0032096,37554.35075,248.002768,200.0017056,80.0003008,0,0,102.0004624,26.0000496,0,0,0,16.0000224,16.0000448,4.0000032,128.0007136,310.0043569,36665.70845,242.0025744,180.00136,104.0005472,0,0,122.0008144,28.0000512,0,0,0,18.0000208,10.0000144,2.0000016,136.000832,280.003344,35091.22826,222.0022576,182.0014448,64.000192,2.0000016,0,74.0002512,22.0000336,0,0,0,12.0000096,14.0000144,6.0000048,126.0007024,238.0025872,35951.6797,238.0023696,196.0016288,70.0002448,2.0000016,0,56.0001408,22.0000336,0,0,0,16.0000192,24.0000352,4.0000032,132.0007648,278.0032464,35239.65326,206.0018448,152.0009824,82.000328,0,0,80.0003296,32.0000544,0,0,0,16.0000224,10.0000112,0,116.0006304,272.0031936,36741.96793,264.0030112,164.0011392,82.0003184,0,0,56.0001792,12.0000096,0,0,0,28.000064,4.0000064,14.0000176,162.0012432,268.0030112,36138.19196,190.0015536,134.0008144,84.0003712,2.0000016,0,56.0001824,16.0000192,0,0,0,20.0000224,18.0000176,2.0000016,126.0007376,316.0043457,35875.42318,264.00288,164.0011872,72.0002752,0,2.0000016,38.0001072,10.0000112,0,0,0,10.0000112,16.000032,6.0000048,142.0008496,282.0033488,35897.51018,190.00164,158.0012016,70.0002224,0,0,46.0001072,8.0000064,0,0,0,22.0000336,12.0000224,10.0000112,102.0005072,290.0035632,35325.90608,202.0017008,122.0008208,92.0004384,0,0,32.0000544,10.0000112,0,0,0,20.0000384,14.00002144,5.6000064,129.0007662,281.0034207,36048.16197,226.60226,165.2012285,80.00032384,0.60000048,0.20000016,66.20026288,18.600028,0,0,0,17.8000264
10,SBS2,9.738581206,1.20000096,130.0008016,284.0013471,37138.36103,207.8082,165.5986927,78.57244759,0.20000016,0,16.0000256,9.80001264,0,0.20000016,0,8.60001168,3.488650076,1.686549435,14.78756076,24.81797462,580.1151207,22.39502698,22.38574151,11.90449943,0.632456038,0,5.163990739,4.848832484,0,0.632456038,0,5.581729631,35.8229808,140.5456738,11.3749766,8.738682009,1.562037485,10.77677733,13.51806656,15.1509846,316.227766,N/A,32.27489048,49.47781868,N/A,316.227766,N/A,64.90374477,2,N/A,0.678672079,0.004460838,0.060683056,0.799160136,1.747744504,1.27216364,0.483081025,N/A,N/A,N/A,1.400974367,,N/A,0.369989616,0.000608633,0.027681958,0.146891391,0.315307997,0.198155595,0.102906745,N/A,N/A,N/A,1.111453297,,N/A,54.51669914,13.64391056,45.61727706,18.3807205,18.04085189,15.57626623,21.30217088,N/A,N/A,N/A,79.33430643,N/A,N/A,0.857142302,0.004576839,0.068965092,0.701148226,1.413797432,1.436785839,0.40229739,N/A,N/A,N/A,0.545453898,N/A,N/A,0.800000096,0.004538343,0.060240557,0.771083144,1.506028143,1.144579246,0.385540339,N/A,N/A,N/A,2.0000012,N/A,N/A,0.833332933,0.004692858,0.034883481,0.872092155,1.593029834,1.139535207,0.441858521,N/A,N/A,N/A,1.2499999,N/A,N/A,0.50000032,0.00486645,0.03671509,0.784089479,1.685573611,1.072089036,0.443179868,N/A,N/A,N/A,0.714286302,N/A,N/A,0.857142498,0.005695714,0.043134952,0.532708146,1.323975138,0.996934528,0.355138325,N/A,N/A,N/A,1.999999467,2,N/A,1.333333778,0.004709349,0.053058881,0.71274668,1.65157094,1.341256259,0.584689961,N/A,N/A,N/A,4.0000024,N/A,N/A,0.23076889,0.004212057,0.064102147,0.923076664,2.038473596,1.179487961,0.423075075,N/A,N/A,N/A,1.5,N/A,N/A,0.624999575,0.003794789,0.070422174,0.971831725,2.225367853,1.549301545,0.633801929,N/A,N/A,N/A,1.2500004,N/A,N/A,0,0.003650707,0.130434168,1.014493278,2.173927381,1.565222997,0.536230505,N/A,N/A,N/A,0,N/A,N/A,0.7500004,0.003871275,0.044874021,0.708331856,1.865701108,1.296443777,0.624998336,N/A,N/A,N/A,0.7500001,12.000016,0,122.0007056,246.0025968,38017.79114,250.0026096,174.001304,70.0002704,0,0,14.000024,12.0000128,0,0,0,22.0000496,10.000008,0,128.000768,250.0025584,36577.49977,190.0015888,166.0012528,64.0001792,0,0,20.0000256,16.0000224,0,0,0,8.0000064,6.0000048,0,150.0010032,274.0032368,36651.72019,196.0015616,172.0013216,76.0002496,0,0,12.0000192,10.0000112,0,0,0,8.0000096,12.000016,4.0000032,138.0008624,298.0036656,36166.28653,190.0015856,176.0014208,78.0002864,0,0,20.0000288,10.0000208,0,0,0,14.0000176,12.000016,2.0000016,114.0005584,284.00336,37572.44556,214.0020848,214.0019056,76.0002784,0,0,14.0000208,12.0000128,0,0,0,6.000008,12.000016,2.0000016,124.0006848,288.0035584,36942.64411,234.0023472,174.0013744,102.0005072,2.0000016,0,12.0000128,16.0000224,0,2.0000016,0,4.0000032,10.000008,0,144.0010112,318.0042033,37036.80931,184.0014656,156.0011392,66.0001936,0,0,26.0000592,6.0000048,0,0,0,4.0000032,10.0000112,0,138.000968,316.0042113,37419.97147,220.0021952,142.000888,90.0004368,0,0,16.0000288,10.0000112,0,0,0,8.0000064,18.0000272,0,140.000944,300.0038465,37801.13127,216.0021184,138.0008592,74.0002704,0,0,18.0000304,0,0,0,0,4.0000032,12.0000128,4.0000032,102.0005104,270.0031792,37197.31094,188.0016192,144.0010208,90.0003984,0,0,8.0000064,6.000008,0,0,0,8.0000096,11.4000136,1.20000096,130.0008016,284.4034416,37138.36103,208.2019176,165.6012487,78.60030704,0.20000016,0,16.0000256,9.80001264,0,0.20000016,0,8.60001168
11,SBS3,7.415952768,6.20000752,118.4006509,265.3256266,36583.73375,212.5678535,161.1883977,70.46096277,1.0000008,0.20000016,8.60000976,12.80001728,0,0,0.20000016,12.40001632,7.108165528,3.823906768,9.418777216,25.75407687,767.2961474,22.27008284,15.48053055,20.85017781,1.414214694,0.632456038,2.6749911,5.827150845,0,0,0.632456038,7.229583156,95.84966019,61.6758408,7.955004593,9.706592311,2.097369702,10.47669366,9.603998035,29.59110548,141.4213562,316.227766,31.10451238,45.52455452,N/A,N/A,316.227766,58.30301323,N/A,6.0000016,1.760000786,0.004408183,0.043747102,0.742806785,1.654647617,1.328561776,0.440797353,N/A,3,5.0000032,1.47705361,N/A,,1.287505919,0.000439835,0.042309627,0.109895019,0.180428695,0.170380107,0.137548521,N/A,,,1.364389385,N/A,,73.15371271,9.977703624,96.71412584,14.79456322,10.90435773,12.82440229,31.20447973,N/A,,,92.37236721,N/A,N/A,5.0000064,0.004411572,0.069599889,0.702379228,1.749946042,1.143045871,0.583331814,N/A,N/A,N/A,5.0000064,N/A,N/A,2,0.004582415,0.132148022,0.729520996,1.674728417,1.227760412,0.292521433,N/A,N/A,N/A,0.8,N/A,N/A,0.6,0.004580882,0.049775567,0.623527779,1.498003963,1.309930845,0.411763148,N/A,3,N/A,1.5,N/A,N/A,2.00000096,0.005065207,0.029591532,0.61538308,1.527364562,0.989356907,0.36263564,N/A,N/A,N/A,0.76923057,N/A,N/A,1.599999616,0.004750154,0.058831966,0.647154036,1.706147799,1.447279701,0.398419139,N/A,N/A,N/A,1.1428576,N/A,N/A,0.499999867,0.003711149,-0.013570567,0.926644162,1.622731191,1.373194987,0.512752327,N/A,N/A,N/A,0.272727021,N/A,N/A,1.7500001,0.004467741,0.034712299,0.743901206,1.438965126,1.488001254,0.414632529,N/A,N/A,N/A,1.166666889,N/A,N/A,1.8000016,0.00421466,0.001004798,0.896103552,1.861370117,1.394282966,0.74025862,N/A,N/A,N/A,1.285715135,N/A,N/A,1.7499997,0.003663691,0.006896537,0.83613802,1.995690933,1.563101167,0.398977407,N/A,N/A,N/A,2.333332622,N/A,6.0000016,0.599999616,0.004634364,0.068480972,0.707315791,1.471528015,1.349663647,0.292681477,N/A,N/A,5.0000032,0.499999867,20.0000352,6.000008,118.0005936,296.0036096,38081.95128,194.0017328,168.0012576,98.0004784,0,0,4.0000032,20.0000416,0,0,0,4.0000032,28.0000576,4.0000032,124.0008256,286.0034128,37093.03542,210.0018,170.0012368,50.0001232,2.0000016,0,4.0000032,8.0000064,0,0,0,10.000008,14.0000176,4.0000032,106.0005136,256.0028896,37111.03525,224.0022976,170.0012688,70.0002576,0,2.0000016,10.000008,6.0000048,0,0,0,4.0000032,22.0000336,12.000016,112.000592,282.0034608,35931.68361,184.001536,182.001416,66.0002,0,0,10.000008,20.0000256,0,0,0,26.00004,10.0000112,0,110.0005328,290.0038577,35783.22453,246.0025424,170.0013712,68.0002112,2.0000016,0,10.0000144,16.0000192,0,0,0,14.0000112,12.0000128,10.0000112,126.0006928,224.0021056,36639.66666,190.001544,136.000832,70.000232,2.0000016,0,12.0000192,6.000008,0,0,0,22.0000496,14.0000208,6.0000048,122.0006928,238.0024848,36707.857,246.002584,164.0012032,68.0002336,0,0,8.0000096,14.0000176,0,0,0,12.0000128,14.0000144,10.0000112,138.0008976,290.0037617,36539.37827,218.0020368,154.0010608,114.0006128,0,0,10.000008,18.0000304,0,0,0,14.0000144,12.0000192,8.000016,112.0005408,270.0030832,36561.43701,212.0019136,134.0009424,54.0001424,4.0000032,0,8.0000096,14.0000144,0,0,0,6.000008,14.0000144,2.0000016,116.0006272,242.0024944,35388.06843,222.002632,164.001184,48.0001088,0,0,10.0000144,6.0000048,0,0,2.0000016,12.0000128,16.00002368,6.20000752,118.4006509,267.403116,36583.73375,214.6020619,161.2011773,70.60026,1.0000008,0.20000016,8.60000976,12.80001728,0,0,0.20000016,12.40001632
12,SBS4,9.769297723,0.60000048,135.2008691,266.4020649,36866.76886,219.8052676,166.1935782,69.31666182,0.60000048,0,4.80000544,7.200008,0,0,0,8.80000928,6.340810909,0.966092556,22.96305518,27.45289685,328.519897,18.37728557,13.34354545,12.93660902,0.966092556,0,4.022166174,4.022168083,0,0,0,3.011094956,64.90549361,161.0152972,16.98439908,10.30506158,0.891100325,8.360712084,8.028917599,18.66305832,161.0152972,N/A,83.79503365,55.86338353,N/A,N/A,N/A,34.21695206,N/A,N/A,2.020833914,0.004507357,0.058799617,0.817283678,1.604926278,1.331595588,0.420489352,N/A,N/A,N/A,0.981904875,N/A,N/A,1.738198041,0.000350599,0.03828992,0.144964558,0.134224483,0.172161257,0.096141515,N/A,N/A,N/A,0.677480729,N/A,N/A,86.01389897,7.778373317,65.11933607,17.73736115,8.363280264,12.92894467,22.86419736,N/A,N/A,N/A,68.9965746,N/A,N/A,N/A,0.004065429,0.106666097,0.973334041,1.800009425,1.480005587,0.4133319,N/A,N/A,N/A,0.7499997,N/A,N/A,1.2499999,0.005122162,0.042110628,0.589551301,1.526528708,1.158052139,0.419640952,N/A,N/A,N/A,1.6666672,N/A,N/A,4.000004,0.0043705,0.08641932,0.765431039,1.604945926,1.407411887,0.33333203,N/A,N/A,N/A,1.600001088,N/A,N/A,0.7499997,0.004323191,0.025320389,0.873558509,1.468596161,1.13942537,0.479325323,N/A,N/A,N/A,0.4999996,N/A,N/A,0.666666311,0.004586737,0.071428094,1.095238208,1.55952977,1.214286948,0.309522394,N/A,N/A,N/A,2,N/A,N/A,1,0.004629327,0.05494573,0.678569994,1.781732672,1.400859318,0.369045766,N/A,N/A,N/A,0.28571422,N/A,N/A,3.0000016,0.004732487,0.114958772,0.827706942,1.724400952,1.264556133,0.446738491,N/A,N/A,N/A,0.7500004,N/A,N/A,5,0.004710989,0.068181319,0.863635016,1.625006225,1.19318299,0.409088935,N/A,N/A,N/A,1.666666667,N/A,N/A,N/A,0.004620543,-0.0044712,0.755812704,1.379828495,1.368280892,0.372091397,N/A,N/A,N/A,0.2,N/A,N/A,0.4999998,0.003912204,0.022437018,0.749999028,1.578684448,1.68989462,0.652776335,N/A,N/A,N/A,0.399999872,16.0000192,0,146.0010608,270.0031792,36896.7162,222.0022896,150.0009808,62.0001904,0,0,0,6.0000048,0,0,0,8.0000096,8.0000064,0,112.0005664,290.0037361,37089.01759,220.0020512,190.0015056,80.0002816,2.0000016,0,8.0000096,10.0000112,0,0,0,6.0000048,14.000024,0,124.0006624,260.0029888,37066.94624,228.0022592,162.0010896,54.000152,0,0,4.0000032,16.0000288,0,0,0,10.0000112,4.0000032,0,138.0009136,232.0023328,36541.4324,180.0013856,158.0011408,76.0002912,2.0000016,0,8.0000096,6.0000048,0,0,0,12.0000192,12.000016,0,184.0014944,262.0031024,36627.63785,204.0018432,168.0013472,52.0001792,0,0,12.000016,8.0000064,0,0,0,4.0000032,12.0000128,2.0000016,114.0006992,300.0037152,36290.6727,236.0025024,168.0013856,62.0002,0,0,4.0000032,4.0000032,0,0,0,14.0000144,20.0000384,0,144.0009344,300.0039457,36762.013,220.0020992,174.0013072,78.0002576,2.0000016,0,2.0000016,6.000008,0,0,0,8.0000064,12.0000128,0,152.0010368,286.0034928,37359.77569,210.0019664,176.0014752,72.000256,0,0,2.0000016,10.000008,0,0,0,6.0000048,2.0000016,2.0000016,130.0007888,238.0024912,37225.353,236.0023264,172.001328,64.0002144,0,0,0,2.0000016,0,0,0,10.000008,6.0000048,2.0000016,108.0005344,228.0021376,36808.12393,244.0025408,144.0008992,94.0003792,0,0,8.0000096,4.0000032,0,0,0,10.0000112,10.60001392,0.60000048,135.2008691,266.6031122,36866.76886,220.0021264,166.2012459,69.40024016,0.60000048,0,4.80000544,7.200008,0,0,0,8.80000928
13,SBS5,11.36953581,3.20000352,119.8006645,297.5316245,37101.50738,221.7522551,169.9834123,79.40531027,1.40000112,0,4.80000608,20.00003168,0,0.20000016,0,10.60001424,5.301193074,3.425400835,14.250279,25.55557598,808.3211136,16.5221916,20.75662394,12.39035351,1.897368114,0,3.910107318,5.077194536,0,0.632456038,0,4.325642677,46.62629296,107.0436583,11.89499162,8.589196535,2.178674589,7.45074344,12.21097027,15.60393565,135.5261854,N/A,81.46046593,25.38593247,N/A,316.227766,N/A,40.80789496,7.0000048,N/A,5.868522583,0.004579623,0.067715369,0.71371256,1.771799402,1.316671431,0.472339631,N/A,N/A,N/A,2.695358535,,N/A,3.918624035,0.000538076,0.032414714,0.124298707,0.237517513,0.136785901,0.090351468,N/A,N/A,N/A,2.665198662,,N/A,66.77360408,11.74935252,47.86906539,17.4157937,13.40544041,10.38876503,19.1284961,N/A,N/A,N/A,98.88104408,N/A,N/A,5.5000056,0.004930375,0.007217076,0.656248421,1.374895857,1.177413166,0.447914843,N/A,N/A,N/A,1.3750003,N/A,N/A,1.399998976,0.004471667,0.062282307,0.583420221,1.623227237,1.301912364,0.46269608,N/A,N/A,N/A,1.399999872,N/A,N/A,9.0000064,0.004380052,0.04519316,0.787498667,1.870822518,1.2584022,0.612498637,N/A,N/A,N/A,1.500000667,N/A,N/A,2.750002,0.003921713,0.030996247,1.000355201,1.921941757,1.546995692,0.46851776,N/A,N/A,N/A,2.750002,N/A,N/A,3.0000016,0.004835972,0.084615811,0.666664634,1.762954854,1.429690936,0.43333146,N/A,N/A,N/A,0.7499995,N/A,N/A,7.5000028,0.005676762,0.067960656,0.621356958,1.407771845,1.067961821,0.407765196,N/A,N/A,N/A,2.500002267,N/A,N/A,N/A,0.004738246,0.087559385,0.597875198,1.75529419,1.283964932,0.525686144,N/A,N/A,N/A,2.2499999,7.0000048,N/A,10.0000112,0.004761299,0.088888287,0.699998357,1.955569359,1.288891729,0.355554127,N/A,N/A,N/A,1.428572049,N/A,N/A,12.000008,0.004250489,0.084813312,0.794871196,1.98289619,1.4060531,0.384613772,N/A,N/A,N/A,3.0000008,N/A,N/A,1.666666667,0.003829655,0.117627449,0.728836749,2.062620212,1.405428368,0.624818292,N/A,N/A,N/A,10.000008,18.0000272,12.0000192,126.000728,268.0031136,38942.59239,230.0023568,192.0015712,86.0003536,0,0,4.0000032,22.00004,0,0,0,16.0000256,16.0000256,4.0000032,98.0004528,274.0031376,37564.46339,220.0021056,168.0013152,78.0003184,2.0000016,0,10.0000176,14.0000144,0,0,0,10.0000112,10.0000112,2.0000016,126.0006864,300.0038977,36529.51116,202.0019856,160.0011424,98.0004816,0,0,2.0000016,18.0000272,0,0,0,12.0000128,10.0000112,4.0000032,144.0009184,278.0034224,36705.84433,224.0020928,144.0009056,68.0002208,4.0000032,0,8.0000064,22.0000336,0,0,0,8.0000064,18.0000304,2.0000016,120.0006624,318.0047505,37221.37981,258.0027696,180.0015424,78.0003312,0,0,4.0000032,12.000016,0,0,0,16.000032,14.0000208,0,128.0006816,290.0036016,36288.61793,220.0021088,206.001848,84.000384,0,0,4.0000064,30.0000592,0,0,0,12.0000128,18.0000272,2.0000016,104.0005152,306.0039473,36711.94161,224.0021632,174.0013264,92.0004032,4.0000032,0,0,18.0000208,0,0,0,8.0000096,16.000016,0,126.0006832,352.0052193,37805.10659,232.0023136,180.0013984,64.00024,0,0,2.0000016,20.0000384,0,2.0000016,0,14.0000208,16.0000256,2.0000016,124.0007968,310.0041841,36701.92334,220.0020544,156.00112,60.0001792,0,0,2.0000016,24.0000352,0,0,0,8.0000096,22.00004,4.0000032,102.00052,290.003496,36543.69326,198.0017392,140.0008672,88.000352,4.0000032,0,12.0000192,20.000032,0,0,0,2.0000016,15.80002352,3.20000352,119.8006645,298.603877,37101.50738,222.802169,170.0013037,79.6003264,1.40000112,0,4.80000608,20.00003168,0,0.20000016,0,10.60001424
14,SN1,780.4561923,2.0000016,4314.949386,3503.024331,40912.15609,2486.793965,8758.258876,7935.330227,1.40000112,0,32566.01652,59948.36065,12.0000144,295.6037069,49445.53315,34166.3071,31.27140851,2.494440253,167.3638754,96.24331262,1073.528463,97.94014774,185.2979326,139.2076588,2.118701506,0,564.7291821,1120.793227,3.771244275,30.07914951,968.4448321,701.5804802,4.006811505,124.7219129,3.87869846,2.747434888,2.623984081,3.938410223,2.115693715,1.75427682,151.3357008,N/A,1.734105802,1.869597792,31.42699791,10.17549808,1.958609343,2.053427893,116.7135599,0.690990801,1.840875129,0.214124848,0.089121558,0.492658891,0.400038109,0.283881617,0.906240435,3080.76494,N/A,0.658675353,1.754712551,12.63428463,0.004661808,0.019289867,0.003582733,0.00335309,0.0155876,0.010598116,0.007344354,0.016955222,869.6152762,N/A,0.006244471,0.014128338,10.82503579,0.674655574,1.047863937,1.673198154,3.762377947,3.163974108,2.649276595,2.587118595,1.870940779,28.22725177,N/A,0.948034741,0.805165392,121.3208939,0.685602,1.851708882,0.211569078,0.091240586,0.501124755,0.397924418,0.289870046,0.891897718,2911.732351,N/A,0.648336949,1.751061531,111.6174552,0.692595537,1.827506309,0.210924935,0.09003322,0.498781682,0.403589434,0.299444728,0.916149714,1730.090505,N/A,0.655706317,1.730169148,128.7265589,0.69174141,1.854206207,0.210475848,0.086676585,0.499681376,0.397407017,0.287934878,0.91559412,3398.413458,N/A,0.656515887,1.759784532,116.5403159,0.685579611,1.868377333,0.219650954,0.085854921,0.479743053,0.39484554,0.282066654,0.892130107,2758.152074,N/A,0.652932735,1.779406364,122.2657848,0.694007003,1.861175571,0.214303923,0.091334973,0.512869497,0.395827192,0.284475334,0.896499663,4279.351181,N/A,0.657786028,1.764038808,141.1190934,0.688034738,1.82947823,0.216782831,0.086439141,0.466354108,0.390575614,0.285504377,0.903895266,3443.336642,N/A,0.664712654,1.767465018,114.5119204,0.700963236,1.849745293,0.211874364,0.095636254,0.510517212,0.420385717,0.277708403,0.936355639,4380.131892,N/A,0.659602351,1.740599622,110.7799208,0.690501313,1.833986469,0.219276819,0.084715561,0.47819258,0.401093222,0.275049997,0.878348229,2468.840244,N/A,0.661894784,1.758006909,96.36289124,0.687612694,1.827262546,0.210505516,0.088104647,0.500028201,0.384591417,0.280387476,0.911892428,3372.747571,N/A,0.658381788,1.749584312,103.8907641,0.693270469,1.805304452,0.215884208,0.091179697,0.479296441,0.414141521,0.276374277,0.919641466,2064.853484,N/A,0.670884035,1.747009268,826.0275417,0,4536.828053,3602.525401,42791.18053,2624.277774,9053.29063,8074.609257,0,0,33041.66003,61183.53535,12.0000128,288.0033632,50963.71583,34940.82549,800.0262313,2.0000016,4416.783906,3574.512946,41982.44535,2652.282552,8855.144573,8112.63817,0,0,32758.89629,59867.08965,20.0000352,310.0041201,49959.70828,34601.87099,746.0227799,0,4300.742682,3420.470327,40892.91117,2478.246897,8606.970138,7880.491246,0,0,32253.60819,59804.84049,10.0000144,264.0028896,49128.45038,33984.18352,752.0228231,2.0000016,4186.705741,3446.477406,39731.1055,2462.244893,8727.051902,7786.433121,6.0000048,0,31521.75223,58894.52736,12.0000096,284.0034464,48277.1816,33097.85136,804.0269257,0,4514.81914,3484.489122,41077.43965,2504.252429,8803.107583,7892.49434,4.0000032,0,32448.08374,60391.58078,8.0000064,280.0034112,49329.2383,34234.83683,768.02458,2.0000016,4128.685862,3458.480414,40838.62863,2528.258862,8853.139088,8002.566002,2.0000016,0,33266.238,60859.85823,10.0000144,244.0025312,50046.04291,34433.416,830.0288507,0,4430.788504,3648.535557,40963.04375,2410.236464,8679.018848,8126.648241,0,0,32973.45659,60992.49612,8.0000064,306.0038032,49989.90159,35041.08317,768.024164,8.0000064,4272.732055,3586.516812,40748.35722,2460.243301,8935.195695,7848.469459,2.0000016,0,33131.86788,60763.39738,14.0000144,312.0041857,50056.0945,34563.79897,770.0240472,4.0000032,4338.75558,3338.448411,41219.9258,2434.240624,8677.021758,7912.510442,0,0,32293.7225,59009.10959,10.000008,350.0050929,49050.1455,33727.5027,768.0245192,2.0000016,4022.652332,3476.488492,38876.52335,2320.217816,8392.827463,7718.392156,0,0,31970.87976,57717.17156,16.0000224,318.0042257,47654.85256,33037.70199,783.2252463,2.0000016,4314.949386,3503.694489,40912.15609,2487.450161,8758.276768,7935.525243,1.40000112,0,32566.01652,59948.36065,12.0000144,295.6037069,49445.53315,34166.3071
15,SN2,781.9490335,5.40000624,4393.975991,3515.688038,41288.17001,2472.075056,8955.55811,8138.017812,4.60000496,0,33039.46021,62397.05866,10.80001376,299.6038314,49799.29533,35178.89024,29.46322347,3.777130311,123.7888825,95.66315231,704.0828452,73.49492785,182.1986225,184.2671985,4.221643257,0,558.0583995,495.173906,6.051639798,31.57853533,653.798999,524.7687656,3.767921209,69.94677678,2.817240757,2.721036431,1.705289542,2.97300552,2.034475354,2.264276176,91.77475445,N/A,1.689066335,0.793585333,56.03363045,10.54009729,1.312867973,1.491714952,118.4947568,0.706489863,1.888899369,0.216913642,0.087341549,0.490681456,0.392749433,0.276059238,0.908792377,3641.8701,N/A,0.663444269,1.774012005,11.53729083,0.01202399,0.024830584,0.003275265,0.003597743,0.011733259,0.014355517,0.006928213,0.015737702,2167.635952,N/A,0.006215755,0.026480241,9.73654122,1.701933763,1.314553052,1.509939694,4.119166059,2.391217169,3.655133602,2.509683317,1.731715905,59.51985911,N/A,0.936891747,1.492675397,103.8407808,0.731303564,1.859490816,0.213992253,0.088484027,0.485796918,0.394830498,0.286949133,0.898766115,4543.096021,N/A,0.675693445,1.718090569,109.5551595,0.703235603,1.877593833,0.222382599,0.081601581,0.488668801,0.37921955,0.269852988,0.900040914,2535.450245,N/A,0.663860876,1.772465843,113.2996007,0.703019679,1.862045714,0.222012662,0.088444417,0.485882376,0.369637501,0.271448748,0.923635634,3534.991558,N/A,0.668040755,1.769399154,128.2224174,0.712163841,1.899266309,0.214034026,0.088511198,0.507725592,0.40184744,0.278934296,0.92045092,8783.332835,N/A,0.663138456,1.768520745,121.2076544,0.697062355,1.897595142,0.2188732,0.086186923,0.478557702,0.374258107,0.269154729,0.881949728,1721.166297,N/A,0.660474046,1.797991717,111.4550956,0.716938589,1.934129385,0.214761471,0.086124118,0.477288903,0.403937229,0.284891884,0.902848559,2173.399352,N/A,0.657735216,1.774412801,121.3556102,0.706681797,1.904366314,0.216541289,0.09269652,0.495006486,0.410400401,0.280081731,0.932385272,2184.42494,N/A,0.659442853,1.777066795,105.7526135,0.707746712,1.860484683,0.213629979,0.085997572,0.506926764,0.400217347,0.266977795,0.92189123,N/A,N/A,0.669692173,1.760449053,134.4856159,0.699964122,1.882379095,0.215041038,0.092486875,0.478469293,0.406235955,0.279391956,0.894491324,4404.449539,N/A,0.661678604,1.779419734,135.7730195,0.686782373,1.911642397,0.217867901,0.082882259,0.502491721,0.386910308,0.272909114,0.911464073,2896.520109,N/A,0.654686264,1.822303642,832.0282282,12.0000224,4476.80297,3642.533837,43064.08011,2648.282347,9215.405079,8282.74944,2.0000016,0,33581.06305,62443.67835,8.0000096,350.0051857,49698.66628,36344.81178,758.0235576,2.0000016,4522.820637,3510.495217,41619.22128,2498.251013,9255.441734,8330.78742,4.0000032,0,33508.88663,62916.07887,14.0000208,324.0044225,50475.76661,35496.35617,810.0267577,2.0000016,4434.788593,3374.458247,41111.56702,2478.247217,9127.339561,8430.846034,4.0000032,0,33591.09838,62548.16078,10.000008,312.0041345,50283.00762,35349.94386,796.025476,10.0000112,4486.809742,3554.507229,41288.18374,2468.24461,8837.127305,8134.652095,4.0000032,0,32714.77767,62134.07503,4.0000032,274.0032528,49333.25368,35133.35944,782.0252184,8.0000096,4280.737334,3350.449659,40868.7808,2410.235596,8945.20865,7890.504598,10.0000144,0,32616.52736,61892.96385,20.0000352,284.0034048,49383.51106,34423.38653,754.0234648,0,4178.702079,3536.502372,40766.5258,2494.250971,8755.079059,7904.510512,0,0,31902.82751,61704.19616,16.0000192,312.0039617,48504.05867,34774.43136,818.0277946,4.0000032,4338.756896,3598.520593,40477.50269,2456.242936,8765.076155,8172.682675,2.0000016,0,32614.51904,62109.9914,16.0000224,288.0035616,49457.68823,34950.84797,766.0237527,4.0000032,4482.807127,3540.504751,41394.49928,2362.225342,8843.131591,8152.66049,2.0000016,0,33422.65586,62182.33928,0,334.0046289,49907.49068,35321.86243,828.0277225,6.0000048,4240.721899,3602.520967,41215.86076,2478.247847,8863.152598,7928.524569,4.0000032,0,33308.36266,62698.96557,8.0000064,262.0029232,50339.18654,35235.6245,750.0228471,6.0000048,4496.812634,3464.481773,41075.47863,2444.239976,8949.207226,8158.667959,14.0000176,0,33133.88394,63340.13731,12.0000128,256.0028384,50610.32397,34758.27839,789.425482,5.40000624,4393.975991,3517.497464,41288.17001,2473.846785,8955.616896,8138.658579,4.60000496,0,33039.46021,62397.05866,10.80001376,299.6038314,49799.29533,35178.89024
16,SN3,795.0415936,1.0000008,4333.35578,3558.37573,41048.19715,2470.11813,8930.789298,8024.072662,0.80000064,0,32818.6731,62269.04426,12.20001648,294.6037157,49575.84635,34860.64001,49.75024614,1.699674531,143.4661377,124.3872604,796.3340162,88.14737547,206.9850074,169.2364927,1.032796385,0,541.3813566,824.3768056,8.350664717,19.27738051,1077.573387,901.1151904,6.257565207,169.9673171,3.310739875,3.495619063,1.939997543,3.568548985,2.317656374,2.109109673,129.0994449,N/A,1.649613788,1.323895068,68.44797899,6.543495374,2.173585458,2.58490719,118.7471121,0.703179699,1.897650505,0.217582511,0.089027958,0.485415941,0.398475273,0.27669298,0.898627357,3359.044512,N/A,0.66215762,1.786835087,7.725536965,0.010040205,0.028978749,0.003809214,0.005299861,0.018609351,0.011803038,0.011069293,0.015229445,1734.389495,N/A,0.012692791,0.028785288,6.505873557,1.427829234,1.527085667,1.750698535,5.953030415,3.833691842,2.962050258,4.000568801,1.694745298,51.63341804,N/A,1.916883679,1.610964988,119.07207,0.709298689,1.927228667,0.219349832,0.09356014,0.48628318,0.390027127,0.261104498,0.899559512,1292.796349,N/A,0.648700653,1.762578325,111.1574963,0.701083642,1.894644392,0.214294455,0.083715519,0.501698828,0.395627983,0.276391956,0.891629626,5965.528958,N/A,0.651430359,1.760458814,114.4998563,0.688894307,1.913266066,0.219106818,0.092798205,0.463394199,0.420500995,0.273574985,0.889977828,5801.399273,N/A,0.650435172,1.806453514,119.7385363,0.710146588,1.898622308,0.212603391,0.092508692,0.504109693,0.41384173,0.289109604,0.906269913,4400.438638,N/A,0.660507971,1.765910292,125.137957,0.69524308,1.932906489,0.22388072,0.083975975,0.455004685,0.39088868,0.26713256,0.901889252,N/A,N/A,0.653321507,1.816356632,114.8485076,0.699469618,1.879167645,0.214259987,0.098824291,0.503069325,0.395103657,0.278734393,0.91864611,1513.929274,N/A,0.68262198,1.833905442,108.1544772,0.699248353,1.862873056,0.218672969,0.085628773,0.477879852,0.402793074,0.272412039,0.88415168,1922.769401,N/A,0.667442177,1.77813797,128.8555264,0.716169251,1.911455169,0.21792137,0.085092644,0.490018451,0.389452947,0.265144292,0.874960212,2920.754896,N/A,0.66818466,1.783384334,114.2349865,0.693188121,1.914815172,0.213545297,0.083798099,0.505062414,0.4039742,0.292064319,0.925130618,2855.908171,N/A,0.6563182,1.81296824,131.7717072,0.719055336,1.841526086,0.222190273,0.090377239,0.467638779,0.382542335,0.291261155,0.894058823,3557.875648,N/A,0.68261352,1.74819731,878.0317468,4.0000032,4534.826262,3638.532243,42514.20851,2436.238343,9325.484503,8388.828285,0,0,33105.81012,63802.46629,28.0000576,304.0038881,51034.03234,36198.37224,750.0231991,0,4494.814896,3544.506095,41807.84597,2476.247926,8959.215111,7988.55742,2.0000016,0,33258.19815,63012.4586,6.0000048,322.0043953,51054.11143,35793.20238,844.0287786,0,4214.71558,3824.58843,41510.86542,2488.250288,9095.313635,8094.62747,0,0,32865.16184,62879.79891,6.0000048,304.0040801,50527.95925,34808.42348,816.027617,0,4446.797621,3650.535677,41490.83069,2550.262211,8821.116842,7994.568221,2.0000016,0,32742.85431,62166.31363,8.0000096,294.0035216,49572.2319,35203.55135,752.0229639,0,4074.66508,3500.492431,39999.94128,2392.229689,8955.215667,8076.612762,0,0,31750.32852,61370.41601,0,270.0031824,48598.32132,33787.64662,846.0292026,0,4306.748216,3382.460205,39955.86818,2386.229477,8560.943796,7864.477715,0,0,32504.25981,61080.95336,22.0000304,290.0036817,47616.77878,33306.49004,762.0235735,0,4252.726035,3584.517291,40696.17417,2424.236481,8899.178794,7868.479882,2.0000016,0,33035.61558,61541.15815,18.0000208,320.0042209,49495.84656,34609.88921,760.0240072,2.0000016,4360.763545,3466.482946,40836.66666,2360.223599,8899.182334,7786.43046,0,0,32700.74546,62506.00896,12.0000128,272.0030496,48939.68303,35049.09613,738.0223191,4.0000032,4414.780857,3532.503023,40933.0484,2554.264119,8741.059977,8086.622219,0,0,32448.1096,62132.13255,12.000016,300.0039201,49439.60049,34270.94375,818.0277978,0,4232.719707,3462.489749,40736.52222,2636.280148,9051.284561,8092.636562,2.0000016,0,33775.6476,62198.73612,10.000008,270.0032176,49479.89835,35578.78494,796.4261206,1.0000008,4333.35578,3558.710809,41048.19715,2470.446228,8930.799522,8024.1841,0.80000064,0,32818.6731,62269.04426,12.20001648,294.6037157,49575.84635,34860.64001
17,SN4,813.8889049,1.40000112,4394.575928,3673.674655,41136.86215,2529.399038,9068.682625,8173.912663,1.20000096,0,32934.16112,62121.69032,13.00001744,299.4038661,50251.08944,34810.25176,36.91880112,1.646546522,140.2699794,127.9884564,908.0502706,106.2315464,141.8083968,133.0988833,1.686549435,0,279.0296592,768.1599777,6.128270287,15.32063981,662.524476,507.8092933,4.536098342,117.6103718,3.191888858,3.483935526,2.207388272,4.199872966,1.56371551,1.628337478,140.5456738,N/A,0.847234755,1.236540689,47.14047743,5.117048089,1.318428084,1.45879236,116.5046769,0.692759117,1.886279387,0.220510881,0.089712209,0.484523917,0.405107524,0.278889472,0.90151023,3420.138556,N/A,0.655442125,1.784715405,5.428098144,0.008342811,0.021505863,0.004190195,0.002812026,0.010442935,0.012953133,0.010009567,0.019191506,2055.921354,N/A,0.005410199,0.018576812,4.659124673,1.204287368,1.140120792,1.900221577,3.134495907,2.155298246,3.197455497,3.589080291,2.128817295,60.11222411,N/A,0.825427419,1.040883741,109.2642622,0.689760881,1.888969954,0.216758683,0.091482583,0.507360354,0.42282278,0.295164223,0.899945237,2950.1729,N/A,0.648029407,1.774684695,121.8568991,0.697258237,1.92238629,0.215463617,0.090779477,0.483050718,0.410317773,0.274780466,0.900727247,1754.758806,N/A,0.648649684,1.788369347,118.5888341,0.709306437,1.909321306,0.219477065,0.088342519,0.491728489,0.413594282,0.29242307,0.903744106,4417.484579,N/A,0.661970554,1.781901892,114.7693113,0.678927339,1.861196566,0.220019368,0.086776455,0.472259536,0.393611972,0.272531483,0.933016225,8493.034716,N/A,0.661172461,1.812523733,127.2771825,0.691863013,1.883099058,0.229388293,0.08747729,0.47591044,0.391567168,0.272582865,0.887156178,2454.656546,N/A,0.654234396,1.780682233,117.784755,0.695738679,1.863958661,0.21917332,0.090919026,0.477556989,0.393218248,0.285545579,0.898887377,4416.983953,N/A,0.652935465,1.749284254,113.9391905,0.683347751,1.881170301,0.220168038,0.091680544,0.475217907,0.420326156,0.283436029,0.909361823,1443.245658,N/A,0.654545642,1.801881723,110.2346663,0.689392453,1.881628715,0.225219314,0.092810562,0.491013739,0.387114169,0.262835089,0.889334667,2921.254065,N/A,0.652003995,1.779580606,113.2403847,0.695135989,1.909346573,0.222272201,0.092499255,0.484606206,0.404226563,0.275254449,0.866129752,1925.109007,N/A,0.657561527,1.806139903,118.0912828,0.696860392,1.861716446,0.217168912,0.084354376,0.486534788,0.414276129,0.274341469,0.926799686,3424.685331,N/A,0.663318117,1.772105664,850.029145,2.0000016,4698.885481,3916.616299,42726.94384,2734.300774,9261.436066,8334.785279,0,0,33260.22759,62827.57057,12.0000096,324.0044129,51325.18255,35402.10312,824.0278218,0,4384.77116,3724.556179,42128.9131,2494.250433,9077.299103,8176.68178,4.0000032,0,32648.60863,62763.23762,20.000032,288.0036545,50333.19132,35095.23227,802.0264377,2.0000016,4448.793508,3742.563495,41221.87416,2646.282566,9047.281532,8176.682856,2.0000016,0,32981.4937,62972.26861,8.0000096,298.0037648,49823.20364,35339.91904,784.0248584,4.0000032,4236.722883,3532.502145,40774.4779,2446.239987,8971.225985,8370.8089,4.0000032,0,33083.74748,61575.35721,4.0000032,296.0039201,50037.99979,33972.16604,794.0258297,2.0000016,4304.744251,3542.50571,39432.18774,2466.245146,9045.282242,8024.578024,0,0,32496.20717,61193.57712,14.0000208,270.0031696,49670.58806,34365.24271,826.0279834,0,4338.755638,3572.511616,41452.64991,2594.271505,9085.314912,8166.674892,0,0,33161.96575,61812.53327,8.0000064,300.0040193,50789.04045,35335.89989,832.028673,0,4312.746261,3814.587014,41219.89098,2572.267702,9075.302504,8252.733634,0,0,33178.01664,62413.49953,24.0000416,304.0038785,50688.622,34637.95583,856.0300107,0,4528.82182,3570.513324,40953.02245,2424.236215,9223.411611,8202.699691,0,0,33153.92897,62383.38476,12.0000192,318.0043633,50849.27276,35055.10487,852.0293834,4.0000032,4434.791686,3700.551302,41171.72871,2520.256897,9151.356325,7926.518444,2.0000016,0,32778.9437,62586.36382,18.0000208,306.0039249,49849.24202,34652.00217,738.0222839,0,4256.726588,3624.530568,40286.93267,2400.232528,8749.069318,8108.634696,0,0,32598.4716,60689.11071,10.0000112,290.0035536,49144.55185,34246.89166,815.8272427,1.40000112,4394.575928,3674.143765,41136.86215,2529.858375,9068.69796,8174.07982,1.20000096,0,32934.16112,62121.69032,13.00001744,299.4038661,50251.08944,34810.25176
18,SN5,772.3788885,2.20000208,4414.585652,3591.982927,41234.40075,2521.135023,9038.27374,8182.60431,0.60000048,0,32500.85493,63212.58083,13.40001808,308.6040985,49283.50754,35707.02342,34.22739866,1.751191838,120.9194996,83.86226943,674.2989078,81.56340729,326.0432243,217.667751,1.349898195,0,581.7275519,1054.133909,2.67499126,32.86481893,1026.370123,833.4474713,4.431425971,79.59955374,2.739090577,2.334706794,1.635282423,3.235185999,3.60736169,2.660128033,224.9828526,N/A,1.789883845,1.667601441,19.96259441,10.64950825,2.082583351,2.334127551,116.7771137,0.72450363,1.945105431,0.219172432,0.085537353,0.48870541,0.397978482,0.279077215,0.905937729,2787.763675,N/A,0.659555449,1.770699412,11.54997606,0.005435079,0.022225243,0.006211538,0.004591952,0.01314538,0.019141195,0.008286334,0.027838182,712.9149909,N/A,0.008985453,0.025875232,9.890616144,0.750179692,1.142624097,2.834087289,5.368358242,2.689837131,4.809605405,2.969190379,3.072858259,25.57300668,N/A,1.362349884,1.461300081,112.5700359,0.719781625,1.978384612,0.233654822,0.081895001,0.470241454,0.353899757,0.263302305,0.860932888,3039.429032,N/A,0.643553772,1.768865494,138.2673341,0.725114254,1.955562159,0.217465599,0.0825009,0.501445335,0.41343221,0.284166274,0.933251521,2264.152335,N/A,0.66068359,1.781798965,99.79728206,0.728145241,1.950276854,0.21074618,0.090152116,0.508725038,0.420606084,0.278711934,0.95947336,4540.840804,N/A,0.663303252,1.776602943,123.0447611,0.716205141,1.965484787,0.223171813,0.08357417,0.483463672,0.399704551,0.272623436,0.909122354,2443.33998,N/A,0.659021002,1.808554115,107.0424194,0.732311428,1.912092592,0.21840358,0.084690045,0.473258319,0.387351003,0.283835079,0.905868327,3032.908256,N/A,0.661207371,1.726437233,118.0614086,0.724168753,1.924545069,0.217993114,0.084857735,0.496832166,0.385261277,0.280441782,0.882380026,2287.466967,N/A,0.653453784,1.736613535,113.067338,0.720081039,1.951258807,0.221895084,0.084139663,0.478295958,0.399927655,0.283709459,0.879097669,2190.706078,N/A,0.650661526,1.763147428,107.2168856,0.721493098,1.955374742,0.217498,0.078817282,0.481808809,0.40460626,0.271049848,0.911821756,2211.375424,N/A,0.658966491,1.785916507,118.1404178,0.732946759,1.911509102,0.217404948,0.091935188,0.491914784,0.400530646,0.29286346,0.909606633,2973.236016,N/A,0.674362278,1.758722057,130.5632545,0.724788957,1.946565587,0.213491174,0.092811435,0.50106857,0.414465377,0.280068572,0.907822755,2894.181859,N/A,0.67034142,1.800335844,812.0271433,4.0000064,4630.863562,3486.489223,42146.9669,2594.271902,9847.893171,8478.888291,4.0000032,0,32610.52582,64516.16246,12.0000128,324.0044033,50672.5735,36473.18729,752.0232775,0,4570.841835,3768.572782,41916.21235,2590.270568,9115.334248,8506.899554,0,0,33007.53844,64548.29315,16.000016,262.0031248,49959.67653,36226.47359,788.0252584,0,4446.797205,3676.543943,41476.72905,2436.238353,8741.062213,8386.816336,0,0,33091.8252,64538.22073,8.0000064,364.0054593,49889.43612,36326.75549,750.0233976,2.0000016,4322.751006,3574.513132,40064.25134,2438.240032,8941.211621,8128.655359,0,0,31475.64957,61864.91037,14.0000304,278.0031728,47761.22377,34206.83399,778.0249816,4.0000032,4316.751056,3534.501347,41763.7025,2590.269265,9121.342151,8262.734958,0,0,32861.17505,62833.60938,12.0000192,340.0049953,49698.74277,36394.95731,778.0253497,4.0000032,4522.82293,3508.497575,41759.67446,2554.26409,9103.32148,8032.589047,0,0,33025.58487,63559.22652,16.0000224,310.0041169,50540.04684,36599.52271,766.0248504,2.0000016,4338.76425,3628.532322,40881.01415,2574.268696,9071.296076,7974.555235,0,0,31672.2037,61800.6664,16.000016,310.0040465,48676.92717,35051.3323,704.0201446,2.0000016,4286.736925,3600.52255,40906.92448,2412.233927,8897.174245,8112.637043,0,0,32315.75499,63189.41108,16.0000256,330.0045809,49040.05806,35382.0634,822.0274297,4.0000032,4368.764316,3558.509265,40850.68247,2602.273932,8881.166076,8078.622913,2.0000016,0,32827.05588,62749.21609,12.0000128,302.0039281,48678.66567,35678.87025,804.0266505,0,4340.763432,3590.518867,40577.8498,2426.237625,8663.012799,7864.480143,0,0,32121.23575,62526.09213,12.0000192,266.0031568,47917.72491,34730.23788,775.4248483,2.20000208,4414.585652,3592.720101,41234.40075,2521.856839,9038.281408,8182.687888,0.60000048,0,32500.85493,63212.58083,13.40001808,308.6040985,49283.50754,35707.02342
19,CTJ1ap61,-207.0339325,3612.325234,917.8345282,1005.185749,40381.38896,806.9646927,1811.679397,1534.271271,1538.09579,0.80000064,33485.02598,7571.700229,7.60000768,130.4007834,50609.14722,3378.259112,88.9108736,107.9798987,64.42316715,66.13031031,550.0953255,60.90325893,62.63053244,63.82763634,35.76891906,1.032796385,364.0328023,189.1397402,3.747596146,24.19944235,662.0530166,104.8644345,42.94507307,2.989207552,7.019039399,6.578914433,1.362249639,7.547202434,3.457042816,4.160127192,2.325532602,129.0994449,1.087151022,2.497982414,49.31042577,18.55774308,1.308168687,3.104096844,26.9093167,0.066747319,0.226123841,0.044858226,-0.114269613,0.506411767,0.555218657,0.446079576,0.847953149,606.830659,3826.671513,0.661690129,2.243046346,6.26046568,0.001689122,0.005238981,0.001216055,0.048537054,0.027264852,0.03738057,0.038538552,0.049209044,437.1995106,48.3504085,0.007139924,0.084614797,23.26504887,2.530621957,2.316863568,2.710885746,42.47590649,5.383929473,6.732585375,8.639389597,5.803273961,72.04637804,1.263510817,1.079043461,3.772316055,41.79143127,0.069231247,0.235016832,0.044315458,-0.052841424,0.550958857,0.605135526,0.462376247,0.817874483,351.0490658,3890.210425,0.652887656,2.216334299,24.45758363,0.064498638,0.231959476,0.046241955,-0.126051529,0.492419554,0.490705545,0.376963984,0.822920991,230.6011843,N/A,0.669774363,2.408740937,27.14643905,0.06654931,0.223751439,0.045756322,-0.189002575,0.472795039,0.524102334,0.38750575,0.848811772,427.5585433,3807.158637,0.662099279,2.22610371,31.6893707,0.066298093,0.222623675,0.045379251,-0.064531874,0.503685509,0.548951912,0.482340579,0.799684325,1711.233522,3776.143636,0.657156665,2.206679327,19.94225323,0.066039193,0.2174706,0.042344305,-0.102545717,0.477555676,0.578522315,0.471490832,0.930314457,827.6093162,N/A,0.654779492,2.156223955,21.16933837,0.06679728,0.222118482,0.0433332,-0.176719185,0.496513578,0.544670628,0.465027508,0.910808781,275.2028439,N/A,0.674608602,2.243250612,28.96791593,0.064271702,0.227411852,0.045357051,-0.169002042,0.538657079,0.523463732,0.417020003,0.869139903,811.1049601,N/A,0.666946489,2.359849404,23.76701277,0.067086264,0.229596428,0.045054,-0.090685395,0.527703374,0.548589039,0.447949485,0.877528659,427.8082453,3833.173356,0.654512022,2.240005811,24.90478864,0.069428081,0.223309788,0.044899711,-0.08407127,0.480602345,0.603933955,0.479864812,0.828672169,442.0625686,N/A,0.661305447,2.127035299,25.25703337,0.06727338,0.227979834,0.045901006,-0.087245118,0.523226655,0.584111586,0.470256561,0.773775945,564.0763407,N/A,0.662831276,2.24624011,4832.940123,3560.510858,1008.041221,2300.214292,41286.10198,2014.164905,1850.13781,1720.119077,1606.104108,2.0000016,33105.82914,7780.427074,10.000008,84.0003168,50706.77758,3510.493466,4918.97475,3722.557253,918.0344477,2162.187989,40316.93448,1924.149308,1884.1434,1750.123463,1550.09658,0,33524.93862,7776.427178,14.0000144,132.0007712,50054.07862,3228.419901,4980.993209,3854.59659,890.0321756,2278.210245,41141.64835,1994.160293,1902.146685,1812.1324,1538.095592,2.0000016,34030.27656,7614.323366,8.0000064,126.000728,51397.54359,3420.471083,4764.913706,3526.500844,918.0344573,2182.193286,40164.48536,2036.167383,1842.137039,1670.112505,1526.093739,2.0000016,33924.0348,7552.293313,2.0000016,108.00056,51622.44652,3422.469781,4732.898824,3542.504192,800.0261801,2156.187873,39562.63231,1952.153625,1694.115917,1764.126198,1476.088533,0,32823.05678,7138.049843,4.0000032,166.0012976,50128.41294,3310.439913,4532.823263,3494.491159,858.0301275,2112.179788,39879.58633,1950.153355,1748.124143,1792.130941,1566.099006,0,33352.45767,7408.197256,12.000016,156.0010272,49439.716,3302.438531,4764.910277,3664.539443,984.0395216,2184.192235,40276.83692,1964.155299,1846.136869,1798.129873,1510.092811,0,33667.32329,7656.348352,4.0000032,112.0005472,50479.79686,3244.422436,4798.926114,3586.517594,970.0385792,2210.19623,40800.52749,2000.161114,1858.138786,1830.135551,1558.098882,2.0000016,33390.55807,7666.352845,8.0000096,144.0008512,51015.95834,3422.47007,4790.922708,3570.511918,872.0309739,2292.212439,40411.26788,2042.169613,1834.135999,1718.118679,1540.095894,0,33685.34623,7522.26752,8.0000064,142.0009392,50937.65128,3536.503378,4824.935699,3600.522492,960.0375983,2278.209551,39973.86849,2044.169173,1854.139081,1630.107231,1510.092759,0,33346.43863,7602.315545,6.000008,134.0007952,50309.09045,3384.462557,4794.323867,3612.325234,917.8345282,2215.598393,40381.38896,1992.160407,1831.335573,1748.523592,1538.09579,0.80000064,33485.02598,7571.700229,7.60000768,130.4007834,50609.14722,3378.259112
20,CTJ1ap62,-542.7563989,9422.161877,1445.88464,1571.935742,41582.18257,1405.022651,2901.425749,2529.896662,2263.007179,0.40000032,34209.41718,13293.88849,6.80000736,188.6015832,51204.04761,11473.2757,180.9728439,241.0540416,49.94295958,99.19830489,874.4763793,141.1399498,88.76343454,61.49051728,79.59809809,0.843274717,557.2135568,343.1531477,3.011095287,19.75548139,985.5954253,287.6042023,33.34329069,2.558372959,3.454145524,6.310582692,2.103007406,10.04538608,3.059304018,2.430554505,3.517359504,210.8185107,1.628830898,2.581284987,44.28076512,10.47471662,1.924838897,2.50673138,61.51941005,0.224109076,0.388592177,0.069780049,-0.187667798,0.498501387,0.542245473,0.484739056,0.872505337,1950.941133,6423.314872,0.668186906,1.158922205,7.41644556,0.00571585,0.007254573,0.001748364,0.063750962,0.015783893,0.03758585,0.050613158,0.028427599,738.8559497,234.9832814,0.00910394,0.026018608,12.05545624,2.55047689,1.866886068,2.505535244,33.97011249,3.166268639,6.931519317,10.44132034,3.258157555,37.87177056,3.65828682,1.36248407,2.245069393,58.1765644,0.227375774,0.399626054,0.071042267,-0.194491401,0.499771673,0.506466797,0.554621698,0.84576913,1939.233603,N/A,0.666577149,1.171547835,62.54449023,0.215053405,0.397344896,0.068601705,-0.192526293,0.469760571,0.552706442,0.466459194,0.905278459,2845.79432,N/A,0.647074666,1.195571936,54.97660143,0.226233841,0.387695895,0.067576671,-0.151910899,0.525120718,0.58584197,0.454432527,0.911325908,1429.402567,N/A,0.680791386,1.166669074,53.52833097,0.223833052,0.389515646,0.067927822,-0.239184565,0.483232761,0.539213221,0.462619126,0.876477046,1873.507828,N/A,0.676576658,1.177382841,70.2290558,0.218143485,0.379817712,0.071553628,-0.238830981,0.499528987,0.485228767,0.383384458,0.823013951,1896.196118,6589.473144,0.665293404,1.158367021,74.9576396,0.225248326,0.384528271,0.069452858,-0.133627099,0.494130373,0.507623305,0.520181198,0.890526964,835.2471797,N/A,0.671625885,1.146552983,68.01924559,0.231109067,0.389776718,0.069578895,-0.249416673,0.510411175,0.561751767,0.501384842,0.879169615,2890.837147,N/A,0.667556114,1.125865959,61.80233993,0.23266592,0.385604344,0.068392501,-0.272740737,0.504712887,0.579185485,0.53548216,0.883676388,2997.43398,N/A,0.671890679,1.113544966,53.99346696,0.218011008,0.377162064,0.070705129,-0.127469205,0.510819801,0.513351478,0.516417784,0.86902753,1363.346099,6257.156601,0.66322568,1.147389611,56.96636563,0.223416887,0.394850171,0.072969017,-0.076480123,0.48752492,0.591085498,0.452407573,0.840788381,1438.41249,N/A,0.671257439,1.186329819,12382.14631,9361.509364,1488.089682,4644.865509,41912.21911,4722.897757,3008.366349,2854.327998,2412.234794,0,34110.50807,13631.44775,6.000008,200.001792,51172.63336,11635.41713,12716.47212,9589.681987,1368.075198,4822.93354,42452.03328,4504.813562,2940.348259,2942.349576,2196.19411,0,34250.8947,13609.41818,4.0000032,182.0014256,52931.90494,11383.18639,12814.5848,9565.666671,1484.088396,4860.947465,41821.90603,4422.78401,2854.328276,2882.335427,2202.196503,0,34411.33714,13341.13416,8.0000096,208.00184,50546.08191,11435.23426,12534.29231,9543.646589,1372.076558,4728.896897,41799.80746,4444.795615,2868.331021,2804.318747,2266.207608,0,33978.16372,13235.02641,6.0000048,210.0019888,50220.71533,11241.05596,12802.56484,9771.821682,1520.092991,4750.904353,42528.27868,4372.7716,3070.377651,2802.317651,2138.184078,2.0000016,34698.11022,13178.95683,6.0000048,162.0011216,52154.59829,11377.18581,12860.62383,9571.672046,1448.084869,4694.888722,42195.13161,4664.872583,2960.351626,2934.346577,2330.218739,0,34866.59623,13407.19196,14.0000208,156.0011488,51913.71716,11693.47789,11867.64161,9069.306382,1410.08105,4590.846382,39705.10737,4360.763411,2792.314404,2752.30525,2322.218128,0,33400.63776,13018.79096,4.0000032,170.0012656,50034.20243,11563.35784,12260.0284,9415.548427,1436.08348,4802.932053,41603.20646,4612.852827,2874.334073,2830.321469,2268.210446,0,34623.91351,13351.13144,4.0000064,194.0016368,51532.06408,11989.75511,12093.86824,8999.263522,1466.08672,4488.81283,40592.05299,4434.791248,2898.337235,2802.319331,2212.196869,2.0000016,33180.22787,12514.32321,8.0000064,202.0018,50028.56321,10906.77751,12692.48385,9333.5021,1466.087457,4904.971564,41212.08274,4422.783254,3036.370794,2846.328523,2282.210517,0,34573.78254,13651.46396,8.0000064,202.0018128,51505.99536,11507.30913,12502.47063,9422.161877,1445.88464,4729.099931,41582.18257,4496.412587,2930.345969,2845.127055,2263.007179,0.40000032,34209.41718,13293.88849,6.80000736,188.6015832,51204.04761,11473.2757
21,Blank,8.047377619,13.40002032,147.4009656,309.7141673,40871.37038,231.6058994,179.1681885,87.43820202,2.6000024,0.20000016,34979.72608,4574.84205,7.40000784,109.6005798,52467.36948,91.20043648,9.362472509,6.467023941,19.43790353,27.81719911,538.6512654,18.31866244,13.60034329,13.37724071,2.5033336,0.632456038,410.7188768,149.3145467,3.657570458,12.74724191,582.8213731,12.33613037,116.341906,48.26129951,13.18709376,8.981571412,1.317918289,7.909410978,7.590824803,15.29908027,96.28197265,316.227766,1.174162644,3.26381862,49.42657544,11.63063364,1.110826365,13.526394,0.84319242,0.001738915,0.130782621,0.004382973,0.043888245,0.822841967,1.735108805,1.299576199,0.490697831,16.58315911,2248.403785,0.666725865,51.11346836,0.157377005,0.000240039,0.003934233,0.000317236,0.051263275,0.089641551,0.175042563,0.141908929,0.083272891,10.69230334,,0.007251685,8.108384509,18.66442363,13.80397934,3.008222758,7.237922491,116.8041107,10.89413937,10.08827588,10.91963127,16.97029933,64.47687845,,1.087656171,15.86349893,0.645159827,0.001517544,0.130631268,0.004749513,0.005447844,0.899105821,1.383863563,1.061220542,0.493604416,40.0001312,N/A,0.66751705,57.46035704,0.892857829,0.0019283,0.131929697,0.004584202,0.064661269,0.840539064,1.748383602,1.355077806,0.402826656,25.0001192,N/A,0.672753898,46.0282293,1.130435678,0.002001091,0.129305864,0.004157492,-0.059509564,0.869046503,1.793390731,1.389702735,0.547617272,26.0001056,N/A,0.676585422,43.719381,0.781817308,0.001629125,0.13044439,0.00451704,0.060381029,0.935483179,1.81361277,1.157763457,0.333331533,14.33338987,N/A,0.664361292,53.19556407,0.615384045,0.001528433,0.127309481,0.003938658,0.020909221,0.802848247,1.77850039,1.396114824,0.55065578,5.714304033,2248.403785,0.674836043,56.20986304,0.90740704,0.001906117,0.122891537,0.004042935,0.077880438,0.938271215,1.650063248,1.342020149,0.481479976,9.800035584,N/A,0.665481341,42.90503084,0.821428006,0.001723377,0.130331452,0.004946038,0.114662077,0.750285319,1.527187383,1.167324768,0.435985917,15.333392,N/A,0.660983453,49.9872732,0.99999902,0.001858496,0.132924859,0.004294274,0.053964196,0.666958817,1.81678268,1.552776653,0.4896635,12.250046,N/A,0.670382017,47.9476083,0.898305247,0.002001674,0.135162888,0.00422803,0.094425991,0.784203496,2.007743311,1.280908201,0.555314273,10.60004992,N/A,0.661513109,44.6686298,0.7391302,0.001294994,0.136894772,0.004371554,0.006059954,0.741678005,1.831560369,1.292852852,0.616498984,6.800017664,N/A,0.652845022,69.01274702,26.0000464,18.0000272,178.0014352,280.0032896,41683.44754,216.0020384,198.0016272,98.000456,2.0000016,0,35189.48707,4596.847318,2.0000016,124.0007872,52716.9861,80.0003264,26.0000336,10.0000112,158.0010736,332.0047425,41005.15241,258.0029296,188.0014432,76.0002912,2.0000016,0,34888.64657,4602.848558,4.0000032,112.0005376,51859.44916,100.0005568,26.0000624,26.0000528,146.000936,310.0040209,40409.29031,242.0024144,168.0012928,92.0004096,0,0,35163.43021,4546.837729,4.0000032,92.0003744,51971.90047,104.0005056,14.0000176,2.0000016,174.0013008,338.0049041,41177.74422,216.001968,186.001528,62.0001744,0,0,35071.19186,4574.840214,6.0000048,110.0006448,52789.33658,86.000408,20.0000416,12.0000128,130.000728,292.0035712,41111.56798,230.0022448,162.0010864,90.0003952,6.0000048,2.0000016,35321.8875,4496.811168,14.000024,130.00076,52341.4359,80.0003936,32.0001056,14.0000176,152.0009952,272.0032128,40070.18364,222.002152,162.001128,78.0002992,0,0,34214.82958,4204.712999,10.0000112,108.0005568,51413.65728,98.0004656,34.0000624,8.0000096,150.0009648,308.0039201,40421.28974,236.0024576,200.0019072,88.000368,6.0000048,0,35285.80651,4598.850409,6.0000048,112.0005952,53383.79705,92.0004256,26.0000464,12.0000224,116.0005888,320.0042689,40501.52551,274.0033392,174.0013424,86.000344,6.000008,0,35349.94934,4698.887018,8.0000064,98.0005424,52731.05252,98.0004464,36.0000768,14.0000176,138.0008432,358.0053553,41621.23128,230.0022288,176.0013664,98.000472,2.0000016,0,35031.07188,4734.900846,10.000008,118.0006288,52955.97532,106.000584,26.0000336,18.0000304,132.0007904,332.0049793,40712.27121,236.002384,178.001432,110.0005392,2.0000016,0,34280.96028,4692.884244,10.0000112,92.0003712,52510.10442,68.0002528,26.60005264,13.40002032,147.4009656,314.2042265,40871.37038,236.0024157,179.2014154,87.80037488,2.6000024,0.20000016,34979.72608,4574.84205,7.40000784,109.6005798,52467.36948,91.20043648
22,Dur255,-5739.59549,77865.25225,8652.211891,8839.349116,48703.26563,8202.282985,17881.63643,15635.75946,14905.12907,0.80000064,34840.85767,138377.6891,22.40003584,167.6012554,52031.39955,9352.511569,1206.168209,2654.382142,389.8314359,413.9972456,1837.394649,508.6817615,714.4741199,634.3340089,470.1063966,1.398412916,959.2901978,3921.082412,4.599528416,23.84799015,1654.485578,305.3749079,21.01486439,3.408943098,4.505569683,4.683571608,3.772631312,6.20170948,3.995574581,4.056944024,3.153990779,174.8014747,2.753348402,2.833608827,20.53357615,14.22900449,3.179782963,3.265164717,56.75936704,0.17976739,3.9718398,0.367148072,-0.321671108,0.483853545,0.494275545,0.458503838,0.874499713,433.0375981,58023.38343,0.669755111,14.79907884,7.753887118,0.003020412,0.044727951,0.004320975,0.068737052,0.009988154,0.0092725,0.016847107,0.014857673,86.56181707,20634.67293,0.009351026,0.223614012,13.66098236,1.6801779,1.126126767,1.176902505,21.36873657,2.064292836,1.875977887,3.674365427,1.698991191,19.98944606,35.56268476,1.396185848,1.510999533,70.81749664,0.179832155,3.948561997,0.370456446,-0.37155155,0.470614162,0.491251877,0.433930276,0.861580368,395.3995127,N/A,0.664956411,14.60040118,60.0351866,0.182156986,3.996554702,0.370418054,-0.186898448,0.476266165,0.50855602,0.485420185,0.865374951,320.1893311,N/A,0.666172942,14.61594562,54.65703099,0.181434434,3.965594081,0.365940492,-0.376669867,0.506202309,0.510718998,0.456022026,0.882736757,437.2586807,N/A,0.673344803,14.71722929,52.47020716,0.180078922,4.050571799,0.359418802,-0.423865174,0.487502145,0.4985455,0.448168528,0.879865939,477.4818437,70366.95896,0.655176107,14.73708212,46.62116157,0.181689044,3.936407201,0.374194899,-0.346351312,0.482404693,0.483721162,0.470127045,0.861559962,428.0700892,34201.75616,0.670500805,14.52682086,57.4160591,0.179303521,3.972680222,0.370819293,-0.327302525,0.489790241,0.483958324,0.449739264,0.862768548,516.7474921,N/A,0.669608909,14.83597232,51.64345327,0.171567361,3.990149827,0.36621596,-0.252126128,0.484944949,0.491365612,0.483613657,0.864664474,324.6178301,69501.43516,0.657564544,15.29300815,65.10736175,0.180451636,4.015960594,0.365246678,-0.292101618,0.475751869,0.49155594,0.453355583,0.909130892,360.5964835,N/A,0.674129978,15.00279791,61.47819146,0.181117756,3.951773193,0.365459998,-0.351898942,0.477809204,0.494965898,0.443166768,0.87719923,478.1662628,N/A,0.681645165,14.87268365,47.34752184,0.180042088,3.89014438,0.363310095,-0.28794552,0.487249713,0.488116123,0.461495049,0.880116008,591.8484547,N/A,0.684451447,14.78884732,103787.4564,79973.15029,8787.092178,35969.7161,50401.45039,34341.15663,18866.24242,18209.26659,15235.29217,0,35089.22985,138551.9995,24.0000352,134.0008144,52769.21806,9489.602224,105973.6077,79033.15538,8791.100069,35869.43221,49831.20037,34890.66738,18651.92504,18083.0983,15145.19319,0,35129.34718,140396.3576,30.000056,160.0011328,52733.07419,9605.697864,104634.364,80538.77334,9237.422771,36306.65959,49867.34326,34746.29768,18447.63345,18279.37537,15583.74739,0,35700.93956,141575.4346,22.0000368,176.0012736,53020.29418,9619.707066,102321.2422,79290.91535,8578.951579,35341.97369,48961.74566,33901.937,17788.65929,17564.35203,14936.93346,2.0000016,34744.23797,140734.0305,20.0000352,182.001448,53030.38008,9549.653681,100875.8739,77352.88748,8665.007434,34607.94614,48002.02436,33823.78184,18151.18334,17536.30767,14794.78191,4.0000032,34754.31456,136807.1341,22.0000304,202.0017232,51833.36737,9417.554976,101777.6153,77715.25376,8711.054092,34648.04514,47962.10781,33496.93489,17974.95953,17412.13817,14842.82147,0,34736.31869,137996.2863,18.0000208,162.0011152,51875.53248,9301.465606,101837.6507,76871.87112,8835.132929,34710.22382,49748.88832,34032.36485,18405.57877,17788.66741,14612.55126,2.0000016,34836.53185,139002.9815,28.0000512,176.0013184,52978.11777,9089.315862,104251.3054,79103.65315,8582.949687,35374.00407,49393.49858,34132.63163,18233.31113,18499.70737,15063.11444,0,35025.02282,140659.1114,26.0000464,144.0010016,51955.88978,9375.525304,92801.53928,71114.24637,7682.412685,31787.12249,43994.99515,30457.84027,16254.79172,16026.52113,13801.80339,0,32392.85802,128009.228,18.0000208,140.0009088,47521.58411,8607.002676,102407.9647,77658.61629,8650.995489,34688.11367,48869.40237,33673.34376,17946.88845,17720.57676,15035.05206,0,35999.77618,140044.327,16.0000256,200.0018176,52596.53747,9469.590427,102066.862,77865.25225,8652.211891,34930.32369,48703.26563,33749.69559,18072.11732,17712.00108,14905.12907,0.80000064,34840.85767,138377.6891,22.40003584,167.6012554,52031.39955,9352.511569
23,CTJ1ap63,-423.2932823,6919.521443,1414.681334,1483.398996,42371.56644,1261.02253,2743.603892,2387.016605,2105.379036,0.60000048,35185.70111,5320.737006,6.60000656,122.0007046,52839.51409,639.4169555,178.9401157,102.8291003,56.03845852,107.0681171,670.5716023,101.8711275,96.51997946,111.4029323,61.71387677,0.966092556,397.467775,124.7881193,3.77712937,9.798031694,511.992473,37.28827426,42.2733181,1.486072428,3.961207176,7.217755803,1.582598092,8.078454198,3.517999801,4.667036336,2.931247804,161.0152972,1.129628691,2.345316431,57.22917599,8.031127134,0.968957573,5.831605486,5.273820397,0.012099597,0.151211182,0.064773614,-0.155449801,0.516001819,0.54186476,0.46024522,0.871099008,101.1496977,2612.213068,0.665918639,8.341267718,0.538065418,0.000663481,0.002715088,0.002708327,0.067330034,0.02260437,0.050438451,0.042053747,0.052534812,40.54859063,89.850293,0.0068246,0.418789702,10.2025738,5.483496712,1.795560416,4.181219637,43.31303976,4.38067639,9.308309827,9.137247862,6.030865813,40.08770321,3.43962344,1.024839882,5.020696094,4.470674816,0.011488939,0.149707424,0.060985668,-0.209471633,0.556919249,0.598131484,0.506168305,0.9623124,152.0037449,N/A,0.660764739,8.610141478,5.785842122,0.012419191,0.155073769,0.068404571,-0.132940796,0.487000569,0.50295496,0.401095394,0.80062879,64.80173541,N/A,0.666023498,8.316385066,5.454649055,0.011254037,0.155036692,0.067031236,-0.019636104,0.513972878,0.54191586,0.443079288,0.914295151,42.85812447,N/A,0.658030539,9.06509198,5.312620439,0.012799468,0.152844609,0.063040695,-0.102230589,0.507634586,0.61002359,0.463826884,0.855158277,170.0046913,N/A,0.670800278,8.010349325,4.484931996,0.01138973,0.145786597,0.065956506,-0.237225669,0.510022316,0.568000901,0.409487326,0.889683314,98.66901339,2508.503079,0.662076914,8.474471005,5.603560773,0.012205687,0.149861274,0.063120787,-0.196527656,0.519470097,0.584084552,0.472015402,0.84983019,N/A,2661.567292,0.666984471,8.189227324,5.047723284,0.012002078,0.150739653,0.063455627,-0.219387931,0.509136291,0.523970866,0.538943428,0.914655177,79.50201525,N/A,0.663634238,8.334889891,5.531379579,0.013229484,0.151131104,0.066135232,-0.100316376,0.545414511,0.504222517,0.431138794,0.833978689,118.0033308,N/A,0.6588707,7.5268133,6.111243783,0.012593921,0.151328574,0.068168857,-0.179792656,0.4850146,0.445089478,0.475921788,0.800383294,82.50214186,N/A,0.680030111,8.171242635,4.935578121,0.011613437,0.150602128,0.061436964,-0.156968604,0.525433098,0.540253389,0.460775591,0.890064798,102.0024822,2666.568833,0.671970898,8.714065172,8901.177594,6827.870074,1468.087138,3864.598835,43224.68318,3574.511957,2662.286446,2822.32128,2050.170525,0,34968.86819,5235.099183,4.0000032,136.0008256,52921.81336,608.015466,9325.491058,7009.980055,1392.078424,3786.577473,41787.76162,3446.479272,2886.335801,2592.271085,2180.192692,0,34752.27434,5389.166157,10.000008,112.0006144,52178.75114,648.0178725,9253.432376,6723.811239,1462.086058,3794.579588,42438.05854,3466.484012,2872.332868,2902.338227,2164.188266,0,35083.22954,5439.187846,14.0000208,110.0005936,53315.50351,600.014634,9323.478806,6933.92513,1374.076608,3974.634913,42937.6974,3530.502048,2734.300716,2614.276412,2150.187477,0,35638.75911,5447.192216,4.0000032,128.0007328,53128.71843,680.0193094,8971.233699,6941.932917,1376.077348,3858.600499,40906.84886,3382.459066,2724.298628,2686.29165,2052.169284,2.0000016,34413.38427,5017.010172,6.0000048,132.0007872,51977.92514,592.014554,9295.461865,7092.024206,1384.078648,3932.622787,42211.21074,3584.517179,2692.292298,2568.26484,2182.192633,2.0000016,35520.44293,5323.138842,0,116.0007456,53255.27723,650.0172277,8967.226342,6901.90875,1366.075727,3718.560196,42283.46626,3710.552571,2710.295503,2750.304093,2126.181492,0,35167.44591,5301.128587,8.0000064,126.0006928,52992.21155,636.0166308,9231.417086,6871.893325,1538.095758,3724.55625,42640.649,3470.485222,2846.326148,2638.279596,2056.170622,0,35261.69234,5329.1385,6.0000048,128.0007168,53518.37978,708.020551,9173.369516,6999.963635,1398.078902,3628.530289,42285.44026,3668.540602,2908.341375,2588.269459,2018.164306,0,35638.7857,5393.166624,8.0000096,108.0005888,52407.65833,660.0179269,9127.344475,6891.905096,1388.078731,3736.560139,42999.84858,3478.486239,2668.287161,2640.281864,2074.173063,2.0000016,35412.12876,5333.141932,6.0000048,124.0007488,52698.9024,612.0153828,9156.963282,6919.521443,1414.681334,3801.982097,42371.56644,3531.301817,2770.509694,2680.28985,2105.379036,0.60000048,35185.70111,5320.737006,6.60000656,122.0007046,52839.51409,639.4169555
24,SN1,837.7986369,3.20000288,4600.851163,3702.479555,43650.97046,2632.030177,9498.398489,8508.478919,1.60000128,0,34801.65173,64212.86563,10.80001376,307.4039532,52265.37665,36057.39187,47.37397786,3.01109335,111.4010325,84.48284284,789.0773731,111.5044963,233.1517168,144.1086168,1.264912076,0,628.0048665,1043.073662,4.442230279,21.60403541,652.5653619,565.7795242,5.654578054,94.09658251,2.421313548,2.281790934,1.807697205,4.236444448,2.454642402,1.693705986,79.0569415,N/A,1.804526036,1.624399802,41.13170944,7.027897719,1.248561483,1.569108288,117.7740874,0.689929656,1.845256872,0.217582693,0.088194396,0.484652374,0.389894668,0.27704596,0.896091952,4014.369881,N/A,0.665870893,1.780996387,7.662487273,0.010133804,0.019734754,0.002282299,0.004269834,0.016872422,0.008240589,0.0075639,0.019136072,2067.55946,N/A,0.009301742,0.02536498,6.506089278,1.468817058,1.069485483,1.048934258,4.841389687,3.481345245,2.113542458,2.7301969,2.13550311,51.50396006,N/A,1.396928769,1.424201682,117.0367187,0.701771241,1.852874985,0.21972588,0.089631021,0.464722205,0.37308268,0.276013607,0.878959688,3674.998398,N/A,0.664657371,1.75488385,118.9560668,0.690866642,1.826113235,0.219321029,0.089727931,0.50259812,0.386516745,0.26837325,0.869565561,9100.24646,N/A,0.667568196,1.764530293,111.1188806,0.693507113,1.853415389,0.22007939,0.089092479,0.461743339,0.395984624,0.281621874,0.897489659,2619.262208,N/A,0.665892618,1.779614948,125.6495752,0.680934297,1.833700468,0.220854709,0.079452578,0.46954426,0.384046163,0.286169487,0.897114124,4460.607867,N/A,0.67427673,1.815772182,131.4523603,0.686774137,1.850651799,0.217277066,0.085249994,0.50288418,0.398751615,0.274076882,0.934295731,2201.850783,N/A,0.648852374,1.748463938,110.8879169,0.697338048,1.838507487,0.2171736,0.093576725,0.481462417,0.393392286,0.287135945,0.890355593,4574.186898,N/A,0.669091833,1.764037325,123.243591,0.671683872,1.877017499,0.214257838,0.0927877,0.495085261,0.383192591,0.284383565,0.90261917,4467.627982,N/A,0.651442953,1.820454344,115.6396592,0.704401767,1.866244571,0.216293278,0.088546816,0.478112801,0.397427754,0.273449153,0.874666411,2004.443161,N/A,0.675426708,1.789477945,118.2677054,0.691084468,1.808426068,0.215348627,0.090135449,0.481516549,0.397188116,0.274450187,0.911191836,4523.793522,N/A,0.676069534,1.769135069,105.4883997,0.68093497,1.845617222,0.215495518,0.083743271,0.50885461,0.389364108,0.264785651,0.904661748,2516.681528,N/A,0.665430617,1.803593973,882.0317596,2.0000016,4558.833527,3660.537948,44645.64459,2708.295456,9809.854648,8622.979044,4.0000032,0,34806.45239,64492.00497,10.000008,314.0041329,52367.51127,36750.01338,866.0307451,0,4850.94686,3730.5595,44007.36671,2590.269089,9651.74096,8392.821547,0,0,35173.44508,64230.69358,4.0000032,306.0038544,52688.91671,36401.01496,872.0309163,4.0000032,4490.80873,3852.595017,44192.09044,2740.301486,9725.793854,8729.055064,2.0000016,0,35209.58756,65257.99143,14.0000208,330.0044529,52875.774,36669.72539,778.024844,6.000008,4548.83311,3722.558358,43864.86572,2774.310513,9687.762156,8691.028264,0,0,35335.99647,64795.63327,8.0000064,284.00328,52405.77782,35684.89148,788.0251304,10.000008,4566.836715,3624.529553,41795.89437,2492.252436,9081.314846,8484.888409,2.0000016,0,33284.36428,61597.76863,16.000016,268.0031584,51297.2837,35229.64775,904.0336589,4.0000032,4622.85722,3778.574646,44212.09115,2758.305309,9601.699019,8548.926422,0,0,35111.27556,64552.34299,8.0000064,330.0046161,52476.01869,36593.52445,866.0305499,0,4620.859873,3576.513802,43561.82679,2654.28343,9333.488376,8424.841053,2.0000016,0,34664.0243,65064.98021,8.0000096,290.0034512,53211.14325,35741.06675,840.0286026,2.0000016,4520.82329,3758.571309,43716.37449,2586.270504,9455.583496,8270.737521,2.0000016,0,34595.90531,64564.42048,18.0000272,312.0039585,51220.81333,36080.03143,846.0292762,2.0000016,4504.817538,3716.554886,43443.40734,2568.268909,9355.503669,8524.913868,2.0000016,0,35404.08229,64025.66532,8.0000064,306.0038833,52367.51626,36190.37713,780.0257545,2.0000016,4722.894767,3614.523057,43070.14301,2458.24377,9281.44834,8396.826754,2.0000016,0,34431.38408,63547.15542,14.0000336,334.0047441,51743.01148,35233.62596,842.2291238,3.20000288,4600.851163,3703.551808,43650.97046,2633.08009,9498.418936,8508.701795,1.60000128,0,34801.65173,64212.86563,10.80001376,307.4039532,52265.37665,36057.39187
25,CTJ1ap64,10.03215133,15.00001968,144.6009742,326.1784939,41284.96383,259.0815887,190.427822,92.30598038,13.60002304,0.20000016,35469.3079,4773.715738,3.6000032,104.0005286,52739.15286,97.000452,14.86057159,5.830961438,15.83403467,23.52859382,816.8786782,22.65500462,26.47889399,14.52434771,7.93306867,0.632456038,361.7604126,134.252844,3.373099544,15.2608307,838.1686714,17.02951858,148.1294601,38.87302525,10.95015767,7.213410528,1.97863484,8.744351435,13.9049503,15.73500184,58.33128846,316.227766,1.019925209,2.812334277,93.69712627,14.67380108,1.589272155,17.55612292,0.94744815,0.001839395,0.134601502,0.004606787,0.047515174,0.770534163,1.741044877,1.380481402,0.489693659,24.20008978,2405.46296,0.672627375,50.69611944,0.205969764,0.000324283,0.004089915,0.000587402,0.070359141,0.120831543,0.267045859,0.195896931,0.080971239,12.73307498,,0.007766309,9.671052021,21.7394233,17.62989264,3.038535646,12.75078804,148.0772039,15.68152966,15.3382525,14.19047956,16.53508007,52.6158171,,1.154622761,19.0765134,0.685184249,0.001420724,0.135724731,0.005525263,0.071686264,0.586722025,1.463835839,1.119119988,0.464938844,7.400018432,2405.46296,0.680528516,65.0123297,0.705881098,0.001832922,0.135402237,0.005015678,-0.006716957,0.699201563,1.463033001,1.220725366,0.570250065,48.0001744,N/A,0.677535642,50.0511377,1.306123541,0.00242051,0.134265999,0.004114672,-0.041561795,0.724455687,1.805162946,1.507138971,0.616155867,N/A,N/A,0.671657583,37.2569387,0.899999965,0.002101519,0.141837553,0.003690047,0.022884088,0.986827811,2.325007617,1.595578535,0.563996472,13.5000596,N/A,0.674000218,45.49021625,0.888888326,0.001776053,0.132731289,0.004941053,0.173796238,0.676848058,1.671445717,1.423713934,0.446962896,24.0000872,N/A,0.660521416,49.36330895,0.944444013,0.001903038,0.130347704,0.004190064,-0.005362031,0.803040472,1.780486327,1.618278488,0.560547225,25.5001032,N/A,0.660541231,45.24346473,1.066665553,0.001814761,0.129033102,0.004368688,0.071799745,0.865017014,1.908225493,1.510411434,0.437830784,24.0000816,N/A,0.670518732,47.67521714,1.200000185,0.002074604,0.1355139,0.004317028,-0.014003152,0.888168163,1.620507816,1.496125812,0.43326375,27.000104,N/A,0.676848386,44.21197921,1.021739084,0.001751745,0.14009737,0.00536901,0.143628935,0.804028304,1.476961047,1.173525513,0.368989835,N/A,N/A,0.670015128,53.58504535,0.755555492,0.001298072,0.131061135,0.004536364,0.059000407,0.671032529,1.895782963,1.14019598,0.434000854,N/A,N/A,0.684106895,69.07155671,36.0001056,14.0000144,136.0009152,344.0051329,41952.37218,264.0030016,232.0023424,110.0005904,16.0000224,2.0000016,35446.22819,4810.929769,10.0000112,108.0005376,52086.32313,74.0002672,18.000024,14.0000176,144.0011392,306.0039601,41061.4144,256.0027712,206.001944,118.0006608,4.0000032,0,35486.34519,4804.930521,2.0000016,136.0008448,52375.61391,96.0004256,26.0000432,24.000032,126.0007312,322.0043025,42269.39393,270.0030352,174.001368,108.0005024,6.000008,0,35518.41589,4768.915575,0,98.0004816,52881.73135,128.000736,20.0000288,12.000016,146.000968,348.0053377,40094.28191,240.002688,148.0009088,84.0003488,4.0000032,0,34637.99878,4912.968976,8.0000064,120.0006304,51391.67296,108.0005632,42.0001008,4.0000032,142.0009392,352.0052225,42460.04886,300.0038241,210.0018384,96.0003968,16.0000352,0,35702.95076,4738.898668,4.0000032,108.0005472,54052.67703,96.0004256,24.0000544,18.0000304,138.0007952,312.0042081,41013.18912,284.0034816,172.0012256,98.0004144,12.0000128,0,35404.1968,4614.855771,4.0000032,108.0005728,53598.76894,102.0004944,32.0000544,14.0000144,152.00104,340.0050401,40222.67153,270.0033072,176.00144,80.0002944,22.00004,0,35470.2785,4576.840068,4.0000032,90.000472,52899.75777,96.0004032,28.0000512,22.0000336,156.001104,292.0036576,40686.24233,270.0031696,176.0014848,80.0003552,28.0000448,0,35235.61777,4774.915967,4.0000032,90.0004048,52058.36121,108.0005024,46.0001136,10.0000112,180.0013408,334.0045329,41697.51422,266.0032816,224.0021792,84.0003456,10.0000176,0,35953.68698,5037.016983,0,92.0004192,53661.00776,94.000424,36.0000928,18.000024,126.0007696,362.0053905,41392.50985,220.0020512,188.0015104,84.000336,18.0000432,0,35837.36011,4696.885086,0,90.000376,52385.61453,68.0002784,30.80006688,15.00001968,144.6009742,331.2046785,41284.96383,264.0030612,190.6016242,94.20042448,13.60002304,0.20000016,35469.3079,4773.715738,3.6000032,104.0005286,52739.15286,97.000452
26,CTJ1ap65,-319.1663441,4872.153373,843.4290025,991.1239132,42393.0613,848.4992029,1634.211422,1379.576125,1228.461389,0.20000016,36021.2809,12812.57337,6.40000608,133.2008051,54231.32972,3487.089698,192.1103579,116.3752988,44.28555099,84.75891162,672.1012254,61.74838257,52.02410146,44.88431171,52.55620845,0.632456038,551.0778564,152.5657494,3.747595652,17.02827931,859.7933621,101.1510224,60.19129567,2.388580364,5.250655462,8.55179766,1.585403849,7.27736483,3.183437636,3.253485683,4.278214108,316.227766,1.529867463,1.190750249,58.55612644,12.7839162,1.585418183,2.900729009,26.50800885,0.064305193,0.355725587,0.038546912,-0.196052734,0.516385956,0.60651171,0.519152231,0.844740808,800.0368279,6321.191915,0.66424661,3.676623096,2.949858502,0.001766026,0.003560502,0.000986455,0.119121327,0.02808306,0.04872291,0.033037199,0.032582161,544.7343257,,0.006171962,0.098168588,11.12817835,2.74631956,1.00091247,2.559103259,60.75983956,5.438385779,8.033300799,6.363682276,3.857060112,68.08865626,,0.929167184,2.670074836,21.37319412,0.063151583,0.357193119,0.038635602,-0.226971559,0.518547753,0.579015187,0.461081521,0.901077444,288.5398676,N/A,0.653411661,3.695776735,30.13544734,0.066531758,0.350586263,0.038776183,-0.38709331,0.522781777,0.540886992,0.55753335,0.832104462,919.1352905,N/A,0.663622277,3.49692933,28.07136214,0.062136014,0.358775256,0.038615627,-0.039263507,0.546037573,0.655712707,0.520754617,0.871002281,276.0363872,6321.191915,0.661001096,3.81664068,27.54337376,0.063581768,0.355321107,0.038016396,-0.087492964,0.509360701,0.634563988,0.565427056,0.819618585,867.6207907,N/A,0.660938826,3.693598362,25.36573914,0.064423206,0.354556493,0.038154908,-0.331805538,0.527783067,0.650700232,0.556639681,0.83740723,437.5613439,N/A,0.670884209,3.692246408,29.30902621,0.066024697,0.358457181,0.0371351,-0.324017554,0.51254793,0.572805558,0.504554226,0.884476519,1729.24005,N/A,0.667655683,3.624794751,27.35285445,0.063200068,0.352188655,0.038238333,-0.212671843,0.46081178,0.687169316,0.490993563,0.850526653,1723.237971,N/A,0.671183963,3.740239294,22.54059359,0.066652804,0.360525829,0.037618831,-0.119999099,0.563445238,0.559433052,0.500293305,0.838639971,450.814739,N/A,0.667468778,3.610346779,28.88517371,0.061935032,0.358703161,0.039794203,-0.109244992,0.511741138,0.613471563,0.511707532,0.81718226,426.0582533,N/A,0.65655501,3.80250645,24.50332403,0.065415005,0.350948807,0.04048394,-0.121966973,0.490802601,0.571358506,0.522537462,0.79537268,882.1235856,N/A,0.669744596,3.59315217,6423.656104,4908.968948,852.0292746,2596.273837,42528.30483,2368.227699,1658.110579,1644.10891,1174.055435,0,35825.32842,12796.56081,12.0000128,162.0011536,54828.11301,3462.482104,6459.67331,5133.056048,874.0312411,2624.277982,43116.29789,2616.275933,1688.116312,1568.099843,1270.065768,0,36671.75887,12856.61491,4.0000032,122.000648,55259.98769,3676.544103,6489.686426,4732.899852,878.0314876,2640.282863,41641.31897,2390.230056,1624.108686,1576.099965,1260.064775,2.0000016,35237.6418,12642.39394,12.0000128,118.0006928,53309.50588,3312.44018,6529.708502,4818.934072,828.0278538,2646.28241,42761.0702,2500.251878,1642.108268,1512.092454,1290.066997,0,36076.04763,12818.58118,4.0000032,126.0007568,54583.03586,3470.485939,6317.59869,4948.981869,850.0296283,2706.293464,42211.24853,2520.254842,1626.107017,1518.093534,1216.059974,0,36453.10411,12924.68474,8.0000064,138.0008496,54335.91017,3500.493552,6173.531422,4816.933126,784.024852,2490.249518,41191.79766,2352.222021,1546.096894,1532.095155,1286.067096,0,34972.90946,12536.29054,2.0000016,118.0006064,52381.65473,3458.482866,6495.691554,4944.980941,760.0231527,2790.314687,43132.46711,2432.239406,1664.113057,1564.098902,1158.05475,0,36601.56244,12890.65505,2.0000016,126.000696,54532.83223,3446.478699,6421.651888,4776.914169,902.0330108,2496.251203,42556.45279,2368.226265,1616.106849,1508.091798,1188.057052,0,36116.11066,13020.79074,8.0000064,160.0011456,54109.06378,3606.520797,6523.705261,4846.942886,876.0315564,2674.286791,43017.9401,2466.244993,1728.121074,1576.100599,1272.066362,0,36132.17235,12960.72442,8.0000064,118.000632,55032.97026,3408.468753,6429.658112,4792.921819,830.0279674,2572.266476,41773.71487,2456.243615,1706.117354,1508.091484,1170.055681,0,36126.17323,12678.43739,4.0000064,144.0008704,53940.22357,3528.499988,6426.456127,4872.153373,843.4290025,2623.677923,42393.0613,2447.041671,1649.910609,1550.697264,1228.461389,0.20000016,36021.2809,12812.57337,6.40000608,133.2008051,54231.32972,3487.089698
27,CTJ1ap66,-43.939457,1454.285879,338.204935,528.9422164,41466.57328,420.6853074,586.0413512,436.1416105,342.2049433,0.40000032,35904.74149,9410.950109,7.80000976,141.0009205,53588.15403,4285.338948,85.21158696,46.41867677,31.27674546,36.26321122,615.2044004,23.33650369,39.55824622,27.65900839,34.03952257,0.843274717,352.520249,164.7570084,2.394440836,12.83241359,772.0141304,153.5302948,193.9295403,3.19185364,9.247867854,6.855798251,1.483615239,5.547259027,6.750077641,6.341749499,9.947115971,210.8185107,0.98182088,1.750694739,30.69792102,9.100943131,1.440643262,3.582687313,30.63836768,0.079954199,0.262110096,0.014131469,-0.074211798,0.579377026,0.904645516,0.719460218,0.746288731,603.6449923,4798.340971,0.670078505,2.198179009,3.119584728,0.00213234,0.003864327,0.00090297,0.149229614,0.065199608,0.064627636,0.042634082,0.055718249,216.0135703,160.636203,0.006927992,0.073721546,10.18195473,2.666952282,1.474314597,6.389779909,201.0861059,11.25339893,7.143973521,5.925842822,7.466044481,35.78486909,3.347744647,1.033907562,3.353755325,30.32025891,0.082347462,0.258981631,0.012395274,0.142458337,0.659743048,0.980806546,0.787096101,0.774805633,553.3475116,4684.754022,0.672992036,2.116550653,34.42218975,0.078329019,0.260122914,0.015869567,-0.089821634,0.515996536,0.853310672,0.635670372,0.671655255,516.3353935,N/A,0.673107235,2.235322465,28.06961689,0.080394123,0.261169549,0.014064655,-0.246283144,0.542046181,0.846330497,0.715554223,0.755534442,540.3433363,N/A,0.667916822,2.169804574,31.48359001,0.079969897,0.264657618,0.014195067,-0.03299129,0.466246759,0.842039739,0.752166761,0.813503034,434.4756699,N/A,0.66080552,2.186913103,31.99126591,0.08346797,0.259685591,0.013701547,-0.30950706,0.642517675,0.923480221,0.692614764,0.790618577,1119.699733,N/A,0.676133333,2.103586379,27.59893235,0.077606941,0.263696646,0.014196576,0.014404824,0.51213894,0.941586097,0.716423026,0.754341741,680.7769324,N/A,0.670034646,2.276676378,24.51596679,0.076774499,0.260340999,0.014298527,-0.020305952,0.611987874,0.85922124,0.761629525,0.708215469,670.1077471,N/A,0.681787929,2.311931078,34.3867332,0.080134064,0.263988205,0.014776896,0.117070677,0.608572435,0.982329168,0.732553923,0.719590378,722.124625,N/A,0.661474224,2.179115655,32.32902069,0.081703707,0.257548506,0.013378597,-0.208488006,0.629451076,0.986085889,0.688698647,0.816685655,439.6771684,N/A,0.674152146,2.125079577,31.26610232,0.078814308,0.270909306,0.014437979,-0.108654731,0.605069733,0.831265089,0.712194838,0.657937129,359.5618066,4911.927919,0.662381166,2.276810226,2092.17581,1458.086535,340.0048449,994.0414658,41577.09714,884.032334,520.0113251,450.0083762,364.0056161,2.0000016,36178.30154,9369.51554,8.0000096,146.0009104,53757.3992,4426.785405,1876.142501,1398.079081,342.0048081,1034.044413,41765.75543,880.0317356,668.0186117,502.0102962,408.0069409,0,35496.35856,9233.416222,8.0000064,120.000688,52735.07208,4130.686452,1900.145675,1478.087911,322.0042929,998.0409089,42237.31406,910.0345982,598.0149588,492.010365,310.0040849,0,35913.53998,9379.523044,8.0000064,154.0010384,53769.4797,4322.750148,2046.168377,1492.091779,278.0033008,1002.040749,42004.58186,938.03728,600.0151076,526.0114515,294.0036496,0,35901.53976,9501.615995,10.0000112,138.0008304,54329.96348,4344.761565,1906.14561,1504.091887,366.0057265,1030.042992,41575.08923,888.0323212,574.0137171,498.0106706,342.0048689,0,36280.62478,9421.555499,4.0000064,140.0009024,53658.97972,4478.806096,1966.156587,1414.080422,296.0037857,1018.041738,40712.32054,878.0315708,582.0139411,480.0095426,316.0040801,0,35265.80644,9299.474882,6.0000144,148.0010656,52632.81034,4084.671397,1946.153166,1414.081763,352.0051361,968.0380559,40226.74374,902.0335165,580.0139331,460.0087554,378.0058225,0,35704.96021,9295.464995,6.0000048,164.0012704,52369.59868,4020.649699,1994.162069,1388.078065,376.0061505,1072.046709,41811.85616,908.03331,622.01565,490.0099954,326.0043537,0,35765.12465,9441.571041,6.000008,126.0007312,54068.81081,4332.753527,1976.157577,1510.092491,346.0053649,1048.044895,41087.55202,874.0313083,554.0133684,496.0101602,338.0048593,0,36278.60364,9343.500176,10.0000112,136.0009216,53813.67377,4396.776608,1992.162529,1486.088858,364.0059393,998.0400416,41667.42262,916.0340749,606.0151604,444.0081378,346.0051569,2.0000016,36262.55536,9823.863697,12.0000192,138.0008464,54745.75252,4314.748583,1969.55699,1454.285879,338.204935,1016.242197,41466.57328,897.8332049,590.4145773,483.8097751,342.2049433,0.40000032,35904.74149,9410.950109,7.80000976,141.0009205,53588.15403,4285.338948
28,CTJ1ap67,-453.0296539,6009.649747,1199.058584,1272.730558,42585.13037,1030.410713,2382.012199,2044.599501,1895.345334,0.60000048,36182.151,6324.805742,5.20000544,122.4006992,54246.99067,698.42012,242.6922717,129.969393,58.62122825,101.5646486,991.3964197,73.79543566,98.79182132,48.70818443,73.94316955,0.966092556,610.9883048,169.3089256,3.293094901,11.50083523,1010.416968,35.28891831,53.5709461,2.162678333,4.88893779,7.980058934,2.328034248,7.161749655,4.147410385,2.382284863,3.901303272,161.0152972,1.688645611,2.676903173,63.32868184,9.396053542,1.862623079,5.052677795,5.750197715,0.012872931,0.174800123,0.055944701,-0.191569461,0.503822294,0.535120325,0.433121237,0.859370704,158.7656841,3217.49554,0.667015046,9.07380241,0.592819311,0.000549985,0.003408178,0.002222184,0.106425152,0.025827266,0.047706292,0.033423989,0.033244021,97.40786747,46.13559973,0.003430269,0.462962305,10.30954657,4.27241393,1.949757266,3.972108893,55.55434129,5.126265,8.915058773,7.71700545,3.868414499,61.35322506,1.433897861,0.514271682,5.102186321,5.206462512,0.01195185,0.177027008,0.054092704,-0.209052996,0.472325209,0.577132231,0.441909938,0.875472847,N/A,N/A,0.664387224,9.840692803,5.984530185,0.013721035,0.172022054,0.057618465,-0.127459762,0.52012463,0.485782845,0.376987791,0.826964699,383.0118948,3182.811791,0.662828918,8.309955473,5.185834565,0.013172775,0.178223915,0.05544313,-0.018039092,0.50314796,0.510674895,0.498001166,0.822656203,181.5052138,3269.855577,0.665764703,9.007607852,5.650935398,0.013290775,0.174071223,0.054667196,-0.140953785,0.554615959,0.569364766,0.42132338,0.916324348,178.0052562,N/A,0.67209375,8.802509783,5.467860173,0.012724749,0.180066142,0.053161194,-0.415293573,0.501986617,0.51877793,0.455853653,0.90156418,113.0030385,3199.819251,0.667008296,9.438741041,6.78015781,0.012876182,0.172741599,0.054751589,-0.222970492,0.51509191,0.566224099,0.440244623,0.86928479,169.5045473,N/A,0.663747589,8.904566508,5.850137896,0.012789983,0.178375182,0.059774907,-0.274144743,0.463891485,0.487380327,0.398177376,0.816689188,87.75243817,N/A,0.664680888,9.269955348,6.518009517,0.013365676,0.172861116,0.054841008,-0.108860663,0.516720162,0.611615693,0.45152969,0.856383469,182.5053042,N/A,0.667221838,8.62932106,4.910548667,0.012098089,0.17313552,0.055798526,-0.202917747,0.503029034,0.466898867,0.414410338,0.866065565,65.80166673,N/A,0.670030625,9.588795071,5.94750043,0.012738199,0.169477474,0.059298289,-0.196001762,0.487289972,0.557351601,0.432774417,0.842301755,67.80179723,N/A,0.672386633,8.945879164,7836.462284,6017.450738,1118.051598,3382.46122,43760.47545,3020.366861,2390.229557,2324.21909,1808.132637,0,36467.14358,6455.669317,0,126.0006704,54888.38777,656.0177669,8226.712823,6169.528355,1286.067864,3268.430374,42913.58337,2956.353851,2498.252658,2324.217694,2006.161512,2.0000016,37004.72416,6365.628675,2.0000016,128.0007584,55828.46968,766.0244024,8154.666971,5921.404209,1218.059934,3220.417168,43664.16958,3148.399459,2444.240958,2246.204411,1828.134884,2.0000016,36693.82069,6539.716386,4.0000032,140.0008864,55115.29903,726.0214358,7980.554041,5999.445042,1282.06662,3326.445649,42285.49611,2942.347867,2336.219288,2386.230927,1924.149679,0,36005.81957,6267.57705,4.0000032,126.0006608,53572.61481,712.0215943,7384.189492,6001.442693,1118.050497,3166.403596,41896.19239,2984.360511,2250.205342,2258.206017,1796.130061,2.0000016,35540.51603,6399.643622,6.0000048,124.000752,53283.46923,678.0187733,7502.262116,5781.344411,1160.054751,3212.415577,41133.62902,2888.334797,2276.210077,2220.199468,1884.143352,0,34950.83366,6037.46289,4.0000032,100.0004352,52656.81448,678.0187317,7706.37985,6071.478193,1184.056662,3278.432609,42700.91473,3008.363353,2576.266072,2344.222168,1864.140507,0,36483.19906,6507.697277,8.0000096,120.0006496,54888.29262,702.0203478,8000.56544,5965.427536,1228.061629,3452.481559,43337.04789,3030.370105,2402.234121,2314.216816,2002.161019,0,36443.08596,6299.592498,4.0000032,112.0007264,54619.14448,730.0218007,8152.669408,6241.561915,1212.059187,3216.416195,43182.52626,3046.372851,2434.238921,2356.225215,1934.151662,0,36443.10577,6309.596062,10.0000144,134.0008336,54390.20909,658.0176149,7730.397511,5927.41438,1184.0571,3340.447907,40977.26891,2996.361948,2454.241654,2312.214759,1906.148032,0,35789.26149,6065.473645,10.0000112,114.0006192,53227.20554,678.0187317,7867.485994,6009.649747,1199.058584,3286.435185,42585.13037,3002.16316,2406.233865,2308.615657,1895.345334,0.60000048,36182.151,6324.805742,5.20000544,122.4006992,54246.99067,698.42012
29,CTJ1ap68,-652.412872,15652.21236,4781.119053,4296.330762,46272.77383,3513.744397,9815.696204,8682.303277,9833.276543,0.60000048,36283.43387,6544.31886,5.4000056,202.0018026,53905.70313,11665.85841,397.5804682,320.7160016,140.9895704,140.1796271,562.2162438,168.2336131,161.0541821,157.9176685,137.9752317,1.349898195,414.7079736,135.2184926,2.11870258,25.17534436,691.6196598,137.2760164,60.9400098,2.049013866,2.948882235,3.262775492,1.215004413,4.787872824,1.640782057,1.818845339,1.403146053,224.9828526,1.142967821,2.066196581,39.23519227,12.46293055,1.283017602,1.176733092,58.53777053,0.216440936,0.180362707,0.212162021,-0.066614618,0.487256103,0.43787147,0.35790494,0.884831639,2543.719566,2511.424004,0.673113476,0.561063888,7.061930985,0.003527988,0.002834622,0.004711468,0.041097845,0.017982831,0.017903496,0.014394353,0.02524903,1274.233073,1265.021367,0.004312486,0.014025468,12.06388785,1.630000413,1.571623282,2.220693639,61.69493513,3.690632269,4.088756083,4.021836988,2.853540598,50.09329998,50.37068073,0.640677461,2.499798679,51.71398188,0.214343718,0.178620814,0.210499048,-0.042000204,0.506771929,0.440703245,0.368938564,0.901016465,1947.909269,N/A,0.670632963,0.558864082,59.9751316,0.209527214,0.180608329,0.205848745,-0.13697967,0.515886768,0.447934574,0.334226008,0.929387974,1151.530737,N/A,0.667517063,0.575386551,46.43221916,0.21416045,0.187051764,0.210797655,-0.08255775,0.492724058,0.428385189,0.377321535,0.883612223,2878.824408,3405.929191,0.677279459,0.591548617,49.98825975,0.216959616,0.180908892,0.216575229,-0.077718607,0.467631164,0.421906783,0.372678769,0.86279452,5798.691639,N/A,0.676472679,0.564067752,64.87229934,0.219814433,0.179518604,0.220986864,-0.06909607,0.458643368,0.44164492,0.352357345,0.858955156,2886.838235,N/A,0.674789856,0.551089077,66.79530211,0.221744223,0.180995476,0.216764021,-0.046350013,0.483377395,0.424322795,0.337246117,0.843756526,1981.607654,N/A,0.667474783,0.544816521,66.41702095,0.215500266,0.176544854,0.208644084,-0.113979182,0.473510866,0.405114291,0.364480319,0.890111617,2922.368422,N/A,0.669734819,0.548668628,57.76214814,0.219872764,0.178522488,0.213348093,0.002934698,0.503440077,0.450333689,0.362857415,0.883783088,1963.929611,N/A,0.680187537,0.552268363,60.45674042,0.217269757,0.182024108,0.21048575,-0.025395627,0.486402588,0.452255458,0.350102817,0.909679153,1974.934514,N/A,0.675082856,0.565570454,60.96460193,0.215216923,0.178831743,0.207670719,-0.075003754,0.484172819,0.466113753,0.358840512,0.885219671,1930.561172,1616.918817,0.671962748,0.55835883,21191.96651,15603.74316,4968.993288,9549.6569,46580.66932,8737.064168,9933.954152,10238.20164,10076.06686,0,36567.45109,6531.707863,6.000008,226.002152,54526.77262,11687.47119,21220.01433,16272.59761,4932.979706,9735.809701,46452.24592,8534.917075,9687.757969,10256.20849,9829.878418,0,36685.79655,6625.760415,10.0000112,192.001584,54958.58997,11515.32027,20801.31623,15609.74713,4838.942096,9437.574423,46588.73099,8827.120164,9947.976996,10064.05562,9951.970548,2.0000016,36416.99856,6811.863832,4.0000032,248.0025088,53769.53055,11515.30684,21097.79943,15804.01282,4712.891075,9547.656025,46534.5132,8941.200429,10206.17194,10090.08068,10012.01744,0,36160.27425,6541.715151,2.0000016,232.0023264,53454.15324,11597.39256,20500.82084,15303.37938,4560.834278,9519.632506,44998.98465,8524.910514,10068.06653,9891.922519,9693.767611,0,35448.27674,6363.625161,4.0000032,178.001432,52532.32013,11547.36218,21005.67125,15505.62564,4820.933151,9427.558228,46010.56587,8450.862911,10098.08464,9773.829381,9753.814406,0,35789.20481,6477.684167,6.000008,178.0014672,53618.81187,11889.66178,21205.99454,16126.41235,4658.871954,9389.532866,47156.84601,8877.160042,9963.978847,10120.10849,9779.835993,0,36328.74306,6413.652626,4.0000032,176.0013152,54243.47372,11689.48304,21416.34316,15447.54727,4942.980453,9597.701725,46020.6071,8630.987632,9941.958217,10024.03285,9667.746242,0,36453.1238,6507.702353,6.0000048,204.0018848,53592.75469,11783.58709,21101.82853,15419.52357,4728.896714,9563.6633,46189.28635,8462.875608,9847.884693,10214.17983,9835.876914,0,36818.18112,6701.796591,6.000008,196.0016832,54538.7589,11849.62288,20643.04842,15429.53462,4644.867814,9641.725649,46195.28884,8504.899053,9717.776804,9847.884745,9731.791002,4.0000032,36166.28872,6467.680443,6.0000048,190.001672,53821.86558,11583.3763,21018.48033,15652.21236,4781.119053,9541.051132,46272.77383,8649.19976,9941.361079,10052.05042,9833.276543,0.60000048,36283.43387,6544.31886,5.4000056,202.0018026,53905.70313,11665.85841
30,SN2,852.4618454,7.20000768,4680.280476,3828.977291,44251.08638,2661.723612,9713.935623,8678.864234,4.00000352,0,35590.44118,67635.00807,11.20001376,327.2045281,53580.30305,37713.88753,25.8688106,3.425400254,91.63725222,89.33747383,950.0521211,94.24955849,315.4617471,239.7121777,2.108187131,0,441.9926787,758.755455,5.82715021,17.21023098,971.5958639,688.961016,3.034600403,47.57495278,1.957943604,2.333194141,2.146957733,3.540922057,3.247517375,2.762022441,52.70463189,N/A,1.241885922,1.121838345,52.02806296,5.259777753,1.813345219,1.82680986,115.5466883,0.70397277,1.900453493,0.219515535,0.087848859,0.482143272,0.394381879,0.274056944,0.893702957,4560.174248,N/A,0.664392735,1.793687984,6.454672,0.012501737,0.015723578,0.005262502,0.00411711,0.014085572,0.010063985,0.006478089,0.016757107,2883.393694,N/A,0.011917108,0.024161019,5.586202506,1.775883632,0.827359252,2.397325597,4.686583122,2.921449352,2.551837708,2.363774957,1.875019775,63.22990168,N/A,1.793684272,1.347002334,119.1488279,0.698303803,1.91255807,0.22068769,0.086011225,0.4677927,0.380791177,0.279249256,0.882735951,9532.027385,N/A,0.656642104,1.798452408,109.9806721,0.688083414,1.915836417,0.220351861,0.08972989,0.486062207,0.399448168,0.278633467,0.900902885,6342.305569,N/A,0.642781765,1.789702657,108.2489425,0.712285942,1.905469289,0.216392741,0.087287815,0.479021825,0.396441091,0.264604287,0.899149368,2395.039175,N/A,0.658409864,1.761342885,116.5053538,0.690377885,1.908565294,0.214646946,0.092902281,0.491247637,0.403263016,0.279860193,0.885013689,3681.615038,N/A,0.660551669,1.826110044,111.7629568,0.700215699,1.909547078,0.216520404,0.094024979,0.494910895,0.39973749,0.276114545,0.904763268,3643.517992,N/A,0.666101124,1.816513766,106.7521189,0.702153919,1.907526403,0.214048614,0.085829078,0.492279735,0.407569076,0.271305181,0.903234825,2335.232973,N/A,0.668078004,1.814953099,120.2308471,0.693142124,1.90505718,0.228488913,0.082878905,0.463924116,0.374562995,0.266544668,0.862402823,9438.242214,N/A,0.658007804,1.808492728,120.8255071,0.722250668,1.889223269,0.218594115,0.087991718,0.477671387,0.395062253,0.269719818,0.908571887,1746.49888,N/A,0.669687215,1.751730701,114.8511449,0.709839869,1.865052025,0.216668308,0.090679452,0.504816331,0.39667897,0.284307125,0.91552224,3744.19802,N/A,0.679987935,1.786618266,127.1605123,0.723074373,1.885699908,0.228755757,0.081153246,0.463705891,0.390264553,0.2702309,0.874732631,2743.065237,N/A,0.683679866,1.782963286,882.0315163,8.0000096,4736.899483,3858.597,45884.14265,2830.321027,10126.11655,8939.199182,4.0000032,0,35853.3664,68571.64526,4.0000032,320.0043233,54601.0775,38128.14004,894.0328988,4.0000032,4812.930642,3956.628958,44936.68435,2760.308112,9901.93316,8921.191284,4.0000032,0,35548.49498,68105.10126,6.0000048,346.0050129,55304.14349,38053.86386,864.0306987,8.0000064,4680.880317,3876.602865,45157.46439,2588.271062,9771.824161,8787.096361,6.0000048,0,35422.16331,67495.84434,16.0000192,354.0050545,53799.5635,38320.67278,880.0313483,8.0000064,4594.851162,3774.573664,43575.88954,2620.277953,9353.508265,8278.75078,6.0000048,0,35225.61999,67230.39577,10.000008,316.0041889,53327.57701,36816.17983,874.0310843,6.0000048,4556.833788,3682.546349,42524.31675,2544.260753,9207.407815,8330.779854,2.0000016,0,34660.08226,66185.05882,10.000008,326.0043409,52034.26478,36435.20906,824.0281226,10.0000144,4646.870345,3850.595592,44099.75505,2564.263918,9439.568122,8526.913189,6.0000048,0,35550.50223,67813.52164,16.0000256,350.0051121,53213.1009,37363.78735,842.0290138,14.0000176,4604.852655,3722.556463,43441.38444,2650.282355,9925.951391,8560.938158,6.000008,0,35839.35695,68276.02427,4.0000032,314.0042673,54466.46185,37752.99906,858.0299771,2.0000016,4642.865059,3840.591864,44465.0073,2622.275893,9719.788925,8831.126966,0,0,35626.71456,67306.81813,22.0000368,318.0043729,53199.03646,38423.03963,874.0313916,4.0000032,4834.938719,3800.580544,44204.06277,2724.297847,9577.67059,8769.080817,4.0000032,0,35867.41803,66894.60064,10.0000112,326.0047793,52747.13887,37442.02213,832.0283722,8.0000096,4690.882587,3950.625294,44222.15653,2736.300263,10116.09843,8849.137638,2.0000016,0,36310.69309,68471.07061,14.0000176,302.0038289,53110.66612,38402.9616,862.4304424,7.20000768,4680.280476,3831.389859,44251.08638,2664.085918,9713.986741,8679.421423,4.00000352,0,35590.44118,67635.00807,11.20001376,327.2045281,53580.30305,37713.88753
31,CTJ1ap69,-1437.387005,27248.49539,7365.777073,6466.354997,48214.71163,5332.802936,14954.6459,13330.92424,15160.60456,0,35490.57005,7781.027852,9.20000992,132.400784,53398.91061,3804.781293,600.3771253,387.6358328,191.2435539,258.8886002,948.4746017,374.2411281,345.9514032,249.1911739,282.3392496,0,689.49016,142.0001072,4.131187297,13.68875629,772.5740257,85.55473718,41.76864846,1.422595366,2.59637988,4.003624922,1.967189203,7.01771906,2.31333731,1.869271548,1.862321839,N/A,1.942741858,1.824953077,44.90416133,10.33887857,1.446797354,2.248611171,29.00784774,0.071265092,0.219271356,0.310188747,-0.096394658,0.492549692,0.432472116,0.356520092,0.891703811,510.2601411,N/A,0.664599004,2.046075827,2.978600361,0.001885606,0.003453678,0.005354816,0.040894603,0.006747464,0.016442796,0.022243376,0.020087397,260.7928453,N/A,0.00524514,0.06229288,10.26825702,2.64590465,1.575070109,1.726309001,42.42413864,1.369905254,3.802047765,6.239024392,2.252698358,51.10978191,N/A,0.789218822,3.044504978,34.09432974,0.070543409,0.219867561,0.314420088,-0.043755534,0.495358984,0.450086717,0.398470325,0.881257733,954.6452695,N/A,0.662974896,2.066340092,27.94528806,0.071290095,0.222655681,0.30685413,-0.051551793,0.492134971,0.435295718,0.357388857,0.883054883,950.1446231,N/A,0.664399709,2.075076073,26.0036897,0.068761035,0.223422769,0.321525837,-0.136211404,0.489413432,0.429818145,0.34360338,0.859633767,461.5677831,N/A,0.661483676,2.149335216,32.0908331,0.070024295,0.216260536,0.315104814,-0.122547362,0.483233948,0.41224304,0.338764894,0.914939448,465.3189991,N/A,0.658132651,2.03255341,30.11553394,0.073626526,0.222339188,0.310710223,-0.154659394,0.486219,0.449555931,0.342400266,0.918619818,316.2144435,N/A,0.660644383,1.995030099,29.48210577,0.073273631,0.212113414,0.309604537,-0.062953561,0.486526494,0.42498832,0.351991717,0.899815206,329.218521,N/A,0.672276429,1.946114113,26.62567519,0.074263885,0.221440394,0.306628765,-0.121163422,0.493404959,0.430287179,0.373081441,0.873700504,492.5775098,N/A,0.659429066,1.966288613,31.7164602,0.069095315,0.217966259,0.304790656,-0.128632835,0.493538636,0.441923517,0.344240425,0.874580468,267.3256071,N/A,0.665962702,2.100828394,25.05693361,0.070699141,0.217881469,0.306786861,-0.088093712,0.505617317,0.401252701,0.329675941,0.899440099,626.4272958,N/A,0.666861583,2.05514209,26.94762808,0.071073585,0.218766288,0.305461554,-0.054377563,0.500049174,0.449269892,0.385583675,0.911996184,239.1613593,N/A,0.673824944,2.074050169,36731.94688,27013.19052,7568.294209,15928.14655,48592.32476,14950.95675,15473.58949,15591.74307,15273.3393,0,35887.4836,7890.493487,4.0000032,112.0005632,54130.98419,3818.584133,36822.1742,27159.48847,7454.231448,15693.86469,49361.30963,14324.23611,15341.42207,15497.62051,15235.30332,0,35420.14181,7886.4958,4.0000032,136.0008,53311.49503,3800.581533,35785.2408,27371.95866,7588.307553,15836.04423,48222.88214,14308.21445,15699.85856,15453.55851,15255.30948,0,35522.43442,7936.520649,8.0000096,142.0008752,53701.15051,3692.546696,36250.52223,27514.26513,7270.116909,15421.51857,47745.11239,14123.98916,15237.29099,15864.08401,15069.09071,0,34986.94195,7566.294826,8.0000096,116.0006176,53160.92718,3722.556459,34561.73468,26552.21496,6917.925291,15293.3603,45791.87207,13583.39342,14412.31379,15079.11532,14422.33638,0,34048.41098,7570.296064,12.0000128,126.0006672,51538.18281,3794.57737,36802.13918,27265.72226,7326.149931,15535.66204,48636.4637,14246.13747,15251.31133,15655.81238,15121.14603,0,36246.50506,7688.369921,12.0000128,134.000824,53916.07307,3950.626466,35785.17868,27149.47115,7346.162946,15503.62566,48556.13971,14462.38097,15083.10234,15127.15824,15211.26543,0,34990.93159,7748.405684,8.0000096,148.0009344,53062.46478,3940.624807,36559.43086,27784.87195,7326.155888,15870.08807,48702.735,14226.10601,15039.06904,15107.13611,15253.31186,0,36072.01077,7862.481247,14.0000144,118.000632,54165.21171,3742.562349,37165.20466,27786.85879,7498.252582,15261.31602,48339.41281,14005.86548,15025.03202,15465.57868,15269.3383,0,35452.25228,7724.388792,6.0000048,150.0010672,53162.83496,3758.566782,36425.0303,26886.91202,7362.173972,15623.78274,48198.86415,14498.44471,14920.92686,15585.72177,15495.60479,0,36278.58803,7936.532049,16.0000192,142.0008592,53839.78189,3826.586341,36288.86025,27248.49539,7365.777073,15596.74089,48214.71163,14272.97245,15148.39165,15442.75286,15160.60456,0,35490.57005,7781.027852,9.20000992,132.400784,53398.91061,3804.781293
32,CTJ1ap70,-1185.557171,16200.5266,2550.062521,2556.109491,43494.51372,2208.115775,5145.123825,4538.566937,3361.454807,0,36221.89496,6299.393876,7.200008,245.0025803,53957.22853,19994.42766,350.0958031,488.8737625,98.30432633,231.2610037,1162.326631,166.6454853,132.328078,130.3690897,130.2079049,0,678.0908628,132.2174774,2.699797655,22.49484714,1516.143869,596.6922688,29.53006499,3.017641183,3.854977104,9.047382538,2.672352284,7.54695416,2.571912406,2.872472556,3.873558099,N/A,1.872046903,2.098892052,37.49714799,9.18147356,2.809899453,2.984292819,82.23960354,0.370605424,0.173914674,0.118326416,-0.230274117,0.495691144,0.497092772,0.429618057,0.882392706,3507.454448,N/A,0.671501383,0.315197885,8.107358281,0.007085687,0.002014874,0.002766608,0.067202938,0.016501906,0.046541732,0.036801843,0.026204957,2423.838496,N/A,0.009138012,0.007218813,9.85821664,1.911922106,1.15854155,2.338115641,29.18388682,3.329070109,9.36278598,8.566176966,2.969761315,69.10534498,N/A,1.360832939,2.290247925,80.31660027,0.378462216,0.177001358,0.116813343,-0.129255575,0.511336149,0.536836712,0.476426003,0.907229752,2550.078764,N/A,0.669486834,0.313109404,89.3132649,0.364089194,0.175705071,0.113840037,-0.207361972,0.507526622,0.542985985,0.441081216,0.917321302,9913.85643,N/A,0.666097002,0.321450411,98.65704744,0.375763829,0.171398945,0.121008312,-0.221652342,0.492631454,0.483780937,0.371279536,0.863033193,2052.084456,N/A,0.66702753,0.304254444,87.17257015,0.368755025,0.174329814,0.119972688,-0.298472336,0.504310249,0.4964636,0.430732681,0.839396077,2571.614688,N/A,0.66026242,0.312140629,77.79294032,0.37736616,0.174615709,0.120557718,-0.237563628,0.467273901,0.401810658,0.368003303,0.871961685,2528.294661,N/A,0.67415989,0.311948765,83.08222432,0.366337726,0.172014554,0.117615131,-0.113291629,0.49004157,0.476053385,0.42733773,0.903111499,3323.317066,N/A,0.664708482,0.312115092,81.24112225,0.377719059,0.171088193,0.117284011,-0.315382275,0.474897815,0.481607559,0.435650695,0.903654622,3385.0806,N/A,0.679978447,0.307996859,81.39350914,0.37084213,0.17376485,0.11991953,-0.26128888,0.492695635,0.549004523,0.480610045,0.869736433,1855.787261,N/A,0.688327856,0.322528582,71.42739332,0.356357657,0.176065204,0.114426811,-0.287255042,0.522127863,0.461554712,0.434434831,0.894694784,4892.827128,N/A,0.663488072,0.327808762,71.99936329,0.370361242,0.173163046,0.121826583,-0.231217488,0.49407018,0.540829651,0.430624533,0.853787716,2001.603427,N/A,0.681477297,0.318625901,21851.11919,16262.60737,2630.277679,8210.701444,44035.47124,7786.426892,5187.080253,5137.057822,3376.458171,0,36088.06662,6387.6368,8.0000096,254.0029648,53904.07218,20400.6546,21538.57293,16318.66863,2582.267364,8230.718203,44693.8072,7598.314973,5133.062871,5159.068563,3530.500329,0,36274.60218,6373.631549,2.0000016,222.0020592,54458.4378,19827.72872,21744.92243,16540.95241,2570.26746,8066.608641,43116.24977,7364.171936,5261.111106,4978.993663,3418.47015,0,36427.08046,6243.563152,10.000008,208.0019776,54611.05996,20520.86097,21636.73483,16779.26898,2694.292686,8274.74458,44531.21954,7806.442401,5387.162567,4970.992649,3492.490178,0,36836.21833,6421.651107,8.0000096,236.0024736,55790.26944,20572.94219,21352.23455,16316.6517,2436.238996,7562.291188,43246.73707,7272.125512,5257.107664,5019.009949,3394.463089,0,36134.17583,6309.594746,8.0000096,260.0027904,53598.82183,20226.38156,21211.99263,15737.91994,2498.250126,7700.376977,43345.07888,7342.159443,5141.058935,5073.033546,3366.455577,0,36180.38484,6223.552774,6.000008,240.0023488,54430.4546,19939.92898,21161.91878,16460.84577,2452.243196,8002.566563,44027.5537,7650.347894,5205.088113,5117.050793,3236.420112,0,36563.42413,6255.570151,6.0000048,250.0026992,53771.44568,20310.49985,19619.57068,15089.21981,2398.235853,7728.397571,40590.39335,7290.147048,4906.972343,4662.879433,3082.382389,0,34445.71724,5985.454874,10.0000176,228.0022752,50042.60241,18557.90527,21424.35937,16520.91921,2634.279158,7864.476283,44091.72914,7612.31972,5089.039182,4991.001179,3424.471937,0,36439.06583,6415.651545,4.0000032,274.0030576,54920.45355,19571.32417,20903.4875,15978.21214,2604.272694,8204.700487,43266.89727,7512.262144,5313.134099,4958.991661,3292.436138,0,36830.21413,6377.632064,10.000008,278.0031568,54044.66784,20016.05028,21244.49129,16200.5266,2550.062521,7984.558194,43494.51372,7523.471796,5188.081713,5006.807926,3361.454807,0,36221.89496,6299.393876,7.200008,245.0025803,53957.22853,19994.42766
33,CTJ1ap71,-83.61149961,4817.932924,1710.918647,1607.233067,42735.80664,1339.790446,3357.099756,2974.059444,3440.276494,0,36633.46211,5162.670359,6.00000576,157.2011402,54735.08189,7721.991304,221.9721454,127.6122427,75.55981672,60.63140015,585.5709744,88.46958988,90.97704115,121.6678729,104.0216065,0,388.7343568,91.62962016,4.000004267,16.65889757,684.4921402,172.1518368,265.4804021,2.648692804,4.416330188,3.772408706,1.370211587,6.603240839,2.70998921,4.090969772,3.023640881,N/A,1.06114556,1.774849328,66.66667378,10.59718623,1.250554702,2.229371026,49.65069305,0.141087061,0.140940182,0.07857214,-0.024656491,0.510204489,0.479045278,0.399450699,0.886645336,1542.534932,N/A,0.669364546,0.668771811,5.646633787,0.00304054,0.002822582,0.002549178,0.06573776,0.030886552,0.021735769,0.030124917,0.046292269,975.376174,N/A,0.009816052,0.01498193,11.37271897,2.155080574,2.002680954,3.244379344,266.6144161,6.053759312,4.537309866,7.541585635,5.221058218,63.23203148,N/A,1.466473224,2.240215526,49.06594126,0.137267646,0.13852436,0.077865005,-0.072435101,0.520062214,0.464349818,0.366593778,0.93347624,3827.17121,N/A,0.662968697,0.669038313,43.24644097,0.14234931,0.14282768,0.080294099,-0.072807509,0.522248266,0.465839477,0.401115228,0.865394296,1297.402593,N/A,0.666670724,0.668911095,45.28728203,0.137557285,0.146803552,0.077311154,-0.047296441,0.511324886,0.490803804,0.389224245,0.900845072,1902.07849,N/A,0.657797886,0.702013465,46.50751705,0.139589877,0.138623486,0.076982022,0.059201301,0.527669179,0.522044799,0.433294736,0.941421814,N/A,N/A,0.683369843,0.678638822,46.09899926,0.140014346,0.140434343,0.082035002,-0.096992656,0.486252258,0.463060497,0.400069886,0.902848967,540.0201812,N/A,0.664254098,0.666246637,54.69751519,0.144414715,0.141941047,0.075621169,0.014700038,0.570495281,0.491701948,0.444792243,0.898817623,1969.121486,N/A,0.677006969,0.665410573,51.24964403,0.142882213,0.138200903,0.078955473,0.062637285,0.496087789,0.493245992,0.420956144,0.855392228,789.2489395,N/A,0.671877416,0.649864415,53.84116271,0.146696761,0.140174624,0.075615442,-0.082400752,0.525003924,0.476625388,0.412402969,0.916641109,1328.090427,N/A,0.679392263,0.649186489,61.39512616,0.13877401,0.138365858,0.083139811,0.05877129,0.457192495,0.47910804,0.378771589,0.782504741,1248.373197,N/A,0.676604555,0.674614576,45.11730184,0.141324444,0.143505962,0.077902225,-0.069942369,0.485708597,0.443673018,0.347286169,0.869111271,981.3078662,N/A,0.653703011,0.663793727,6721.812314,5031.016336,1750.123706,3248.424824,43218.64344,2884.333719,3410.46596,3634.534949,3540.504799,0,36968.60564,5121.052438,2.0000016,156.0012576,55762.21892,7654.348543,6435.665523,4828.936909,1794.129662,3218.416228,42785.16301,2962.35294,3480.488767,3464.482131,3528.500206,0,36457.14098,5207.088877,6.000008,180.0015392,54685.37868,7784.425939,6497.692442,4806.930535,1704.119186,3246.42674,43108.29818,2874.330997,3378.458535,3500.491519,3576.51344,0,36382.92846,5341.143119,4.0000032,168.0012512,55310.19366,7608.320045,6629.764369,4650.86712,1698.116573,3238.42223,41803.86721,2920.344764,3260.426613,3490.48937,3308.441019,0,36884.45048,5113.0511,0,162.0012176,53974.36081,7534.27439,6335.610652,4818.934731,1686.115789,3220.418221,42269.44771,2968.353572,3510.493732,3598.518595,3358.45269,0,35867.4232,5037.017995,14.0000144,164.0011808,53996.54039,7560.290313,6741.823266,4834.939529,1852.138158,3216.416566,42931.68506,3030.370377,3290.43525,3396.463372,3434.473001,0,36924.49308,5241.101218,4.0000032,144.0009152,54540.78726,7876.492247,6857.885294,4798.924014,1692.115746,3290.439024,43200.55134,3010.363796,3454.47867,3392.464307,3408.468612,0,37113.02619,5129.053746,10.0000112,154.0010352,55237.79388,7892.498235,6549.718644,4924.974043,1714.118419,3206.417369,43178.52241,2962.35327,3310.439212,3488.489378,3558.508593,0,36904.49918,5173.074307,6.0000048,148.001056,54319.86967,7968.548939,6551.724157,4584.842779,1586.102175,3198.414459,41727.56451,2818.319171,3512.499288,3186.407011,3386.462555,0,36519.33103,5053.028572,6.0000048,122.000648,53974.40905,7490.245176,6547.716907,4898.963248,1632.10706,3132.394021,43134.32356,2774.310472,3402.463482,3380.460044,3302.440029,0,36312.72287,5211.092219,8.0000064,174.0013008,55549.26661,7850.46921,6586.941357,4817.932924,1710.918647,3221.618968,42735.80664,2920.543308,3401.064951,3453.280068,3440.276494,0,36633.46211,5162.670359,6.00000576,157.2011402,54735.08189,7721.991304
34,SN3,846.5067147,2.40000192,4672.079083,3857.795953,44166.60762,2662.899308,9639.517028,8664.471781,1.0000008,0,35484.7582,67711.87278,13.80001872,322.8044743,53140.2725,37505.883,44.92734089,1.837874637,125.3662234,103.2025446,711.4229002,92.97288712,182.2246584,166.8835069,1.054093397,0,508.0439642,858.7646129,6.629910498,28.87934168,554.355829,654.4374378,5.307381514,76.57804862,2.683306964,2.675168563,1.610770984,3.491415799,1.890391996,1.926066714,105.4092553,N/A,1.431724464,1.268262976,48.04276452,8.946388288,1.043193425,1.744892762,117.0057869,0.705767215,1.908363225,0.218301422,0.087885221,0.484833274,0.400466337,0.276339485,0.899092174,3398.357221,N/A,0.667784818,1.805558626,10.4712773,0.007892073,0.023635448,0.005305938,0.005733923,0.015917783,0.017079838,0.011151136,0.02229064,1719.086464,N/A,0.009193746,0.017346503,8.949367014,1.118226018,1.238519348,2.430555862,6.524330817,3.283145721,4.264987182,4.035303097,2.479238532,50.58580814,N/A,1.376752746,0.960727766,117.7677604,0.694039081,1.878372656,0.22006411,0.080687226,0.463076346,0.386813458,0.265107731,0.904002247,6045.484056,N/A,0.670358077,1.814281522,127.1406605,0.721243115,1.935934692,0.22294308,0.08324866,0.469857768,0.382434434,0.277903834,0.887090324,1745.314103,N/A,0.661371645,1.775229857,113.6372702,0.697560929,1.952121126,0.211608953,0.094952753,0.483968472,0.420009914,0.299963491,0.902856185,6212.246552,N/A,0.650714058,1.821020366,116.8385938,0.708862373,1.89993096,0.229074707,0.083066305,0.479787913,0.38694443,0.271965827,0.889436657,2351.406787,N/A,0.67620834,1.812409868,97.15496395,0.702657353,1.896267932,0.21161253,0.0978703,0.500011881,0.429105036,0.276843499,0.909194306,1449.875306,N/A,0.667099496,1.800307615,105.3887467,0.704188355,1.902308932,0.221342414,0.085568534,0.468115002,0.387999181,0.260646137,0.888198584,2292.235566,N/A,0.67083718,1.812213381,127.049687,0.706384628,1.912156369,0.216955109,0.087869593,0.48480045,0.387433204,0.272104161,0.858836257,4732.656643,N/A,0.664432578,1.798593762,126.4364095,0.714873309,1.927438498,0.216914489,0.093794359,0.495282787,0.412232802,0.273174755,0.946829725,2727.444363,N/A,0.660720929,1.781433073,127.7658711,0.70541166,1.897073641,0.215320595,0.086771554,0.515269805,0.416027712,0.288050199,0.907547493,2701.365546,N/A,0.672187089,1.80772233,110.8779057,0.702451351,1.882027447,0.217178237,0.085022922,0.488162313,0.395663202,0.27763522,0.896929957,3725.54329,N/A,0.683918789,1.832374486,788.025012,4.0000032,4490.812178,3752.571835,44067.97298,2572.268646,9697.804804,8767.092826,2.0000016,0,35035.28043,65809.31274,6.0000048,308.0039329,52263.53145,36272.93335,826.0276473,4.0000032,4630.865922,3770.571583,44208.09491,2740.301685,9855.888829,8743.063617,0,0,35209.56883,68163.4258,22.0000272,302.0037616,53237.19137,38396.95774,894.0332701,0,4556.833811,3954.628217,44495.08901,2824.324015,9415.559217,8500.895877,0,0,34770.30934,67875.85543,6.000008,328.0044385,53434.08359,37273.52901,818.0274873,0,4724.896596,3810.584575,42989.84357,2678.288414,9847.885837,8759.070655,0,0,35889.46985,68187.51492,16.0000256,322.0046353,53074.57443,37622.56878,926.0349117,2.0000016,4716.894679,4048.660489,44579.42645,2612.277396,9433.565201,8576.943762,0,0,35789.18378,67865.88153,26.0000464,388.007197,53648.94439,37696.82523,824.0275241,2.0000016,4492.81289,3724.557911,43361.18372,2502.251573,9597.694657,8524.9147,2.0000016,0,34938.81113,66464.4125,16.0000224,348.0050913,52082.40118,36675.8204,870.0309787,2.0000016,4784.919983,3824.587563,45492.70736,2686.290328,9869.900845,8476.885346,2.0000016,0,35612.70892,68097.06819,8.0000064,298.003752,53598.67969,37861.28343,896.0327436,2.0000016,4716.894843,3926.626865,43905.04208,2602.274159,9523.639767,9017.265218,0,0,35291.76383,68022.70428,14.0000144,302.0036752,53414.0244,38184.26036,822.0275033,2.0000016,4864.948505,3928.618923,43848.82735,2720.298158,9441.581136,8568.938687,2.0000016,0,36037.89958,68366.54938,14.0000176,296.0036576,53612.90057,37819.16518,834.0287162,6.0000048,4740.911426,3844.593458,44717.88873,2698.293054,9711.777786,8711.0401,2.0000016,0,36272.58631,68266.003,10.0000144,336.0046017,53036.39394,37255.48655,849.8295795,2.40000192,4672.079083,3858.600142,44166.60762,2663.686743,9639.529808,8664.611079,1.0000008,0,35484.7582,67711.87278,13.80001872,322.8044743,53140.2725,37505.883