,,Raw.Average,Raw.Average,Raw.Average,Raw.Average,Raw.Average,Raw.Average,Raw.Average,Raw.Average,Raw.Average,Raw.Average,Raw.Average,Raw.Average,Raw.Average,Raw.Average,Raw.Average,Raw.Average,Raw.STD,Raw.STD,Raw.STD,Raw.STD,Raw.STD,Raw.STD,Raw.STD,Raw.STD,Raw.STD,Raw.STD,Raw.STD,Raw.STD,Raw.STD,Raw.STD,Raw.STD,Raw.STD,Raw.RSD,Raw.RSD,Raw.RSD,Raw.RSD,Raw.RSD,Raw.RSD,Raw.RSD,Raw.RSD,Raw.RSD,Raw.RSD,Raw.RSD,Raw.RSD,Raw.RSD,Raw.RSD,Raw.RSD,Raw.RSD,Raw.Ratio.Average,Raw.Ratio.Average,Raw.Ratio.Average,Raw.Ratio.Average,Raw.Ratio.Average,Raw.Ratio.Average,Raw.Ratio.Average,Raw.Ratio.Average,Raw.Ratio.Average,Raw.Ratio.Average,Raw.Ratio.Average,Raw.Ratio.Average,Raw.Ratio.Average,Raw.Ratio.STD,Raw.Ratio.STD,Raw.Ratio.STD,Raw.Ratio.STD,Raw.Ratio.STD,Raw.Ratio.STD,Raw.Ratio.STD,Raw.Ratio.STD,Raw.Ratio.STD,Raw.Ratio.STD,Raw.Ratio.STD,Raw.Ratio.STD,Raw.Ratio.STD,Raw.Ratio.RSD,Raw.Ratio.RSD,Raw.Ratio.RSD,Raw.Ratio.RSD,Raw.Ratio.RSD,Raw.Ratio.RSD,Raw.Ratio.RSD,Raw.Ratio.RSD,Raw.Ratio.RSD,Raw.Ratio.RSD,Raw.Ratio.RSD,Raw.Ratio.RSD,Raw.Ratio.RSD,Raw.Ratio,Raw.Ratio,Raw.Ratio,Raw.Ratio,Raw.Ratio,Raw.Ratio,Raw.Ratio,Raw.Ratio,Raw.Ratio,Raw.Ratio,Raw.Ratio,Raw.Ratio,Raw.Ratio,Raw.Ratio,Raw.Ratio,Raw.Ratio,Raw.Ratio,Raw.Ratio,Raw.Ratio,Raw.Ratio,Raw.Ratio,Raw.Ratio,Raw.Ratio,Raw.Ratio,Raw.Ratio,Raw.Ratio,Raw.Ratio,Raw.Ratio,Raw.Ratio,Raw.Ratio,Raw.Ratio,Raw.Ratio,Raw.Ratio,Raw.Ratio,Raw.Ratio,Raw.Ratio,Raw.Ratio,Raw.Ratio,Raw.Ratio,Raw.Ratio,Raw.Ratio,Raw.Ratio,Raw.Ratio,Raw.Ratio,Raw.Ratio,Raw.Ratio,Raw.Ratio,Raw.Ratio,Raw.Ratio,Raw.Ratio,Raw.Ratio,Raw.Ratio,Raw.Ratio,Raw.Ratio,Raw.Ratio,Raw.Ratio,Raw.Ratio,Raw.Ratio,Raw.Ratio,Raw.Ratio,Raw.Ratio,Raw.Ratio,Raw.Ratio,Raw.Ratio,Raw.Ratio,Raw.Ratio,Raw.Ratio,Raw.Ratio,Raw.Ratio,Raw.Ratio,Raw.Ratio,Raw.Ratio,Raw.Ratio,Raw.Ratio,Raw.Ratio,Raw.Ratio,Raw.Ratio,Raw.Ratio,Raw.Ratio,Raw.Ratio,Raw.Ratio,Raw.Ratio,Raw.Ratio,Raw.Ratio,Raw.Ratio,Raw.Ratio,Raw.Ratio,Raw.Ratio,Raw.Ratio,Raw.Ratio,Raw.Ratio,Raw.Ratio,Raw.Ratio,Raw.Ratio,Raw.Ratio,Raw.Ratio,Raw.Ratio,Raw.Ratio,Raw.Ratio,Raw.Ratio,Raw.Ratio,Raw.Ratio,Raw.Ratio,Raw.Ratio,Raw.Ratio,Raw.Ratio,Raw.Ratio,Raw.Ratio,Raw.Ratio,Raw.Ratio,Raw.Ratio,Raw.Ratio,Raw.Ratio,Raw.Ratio,Raw.Ratio,Raw.Ratio,Raw.Ratio,Raw.Ratio,Raw.Ratio,Raw.Ratio,Raw.Ratio,Raw.Ratio,Raw.Ratio,Raw.Ratio,Raw.Ratio,Raw.Ratio,Raw.Ratio,Raw.Ratio,Raw.Ratio,Raw.Ratio,Raw.RawIntensityPerRun,Raw.RawIntensityPerRun,Raw.RawIntensityPerRun,Raw.RawIntensityPerRun,Raw.RawIntensityPerRun,Raw.RawIntensityPerRun,Raw.RawIntensityPerRun,Raw.RawIntensityPerRun,Raw.RawIntensityPerRun,Raw.RawIntensityPerRun,Raw.RawIntensityPerRun,Raw.RawIntensityPerRun,Raw.RawIntensityPerRun,Raw.RawIntensityPerRun,Raw.RawIntensityPerRun,Raw.RawIntensityPerRun,Raw.RawIntensityPerRun,Raw.RawIntensityPerRun,Raw.RawIntensityPerRun,Raw.RawIntensityPerRun,Raw.RawIntensityPerRun,Raw.RawIntensityPerRun,Raw.RawIntensityPerRun,Raw.RawIntensityPerRun,Raw.RawIntensityPerRun,Raw.RawIntensityPerRun,Raw.RawIntensityPerRun,Raw.RawIntensityPerRun,Raw.RawIntensityPerRun,Raw.RawIntensityPerRun,Raw.RawIntensityPerRun,Raw.RawIntensityPerRun,Raw.RawIntensityPerRun,Raw.RawIntensityPerRun,Raw.RawIntensityPerRun,Raw.RawIntensityPerRun,Raw.RawIntensityPerRun,Raw.RawIntensityPerRun,Raw.RawIntensityPerRun,Raw.RawIntensityPerRun,Raw.RawIntensityPerRun,Raw.RawIntensityPerRun,Raw.RawIntensityPerRun,Raw.RawIntensityPerRun,Raw.RawIntensityPerRun,Raw.RawIntensityPerRun,Raw.RawIntensityPerRun,Raw.RawIntensityPerRun,Raw.RawIntensityPerRun,Raw.RawIntensityPerRun,Raw.RawIntensityPerRun,Raw.RawIntensityPerRun,Raw.RawIntensityPerRun,Raw.RawIntensityPerRun,Raw.RawIntensityPerRun,Raw.RawIntensityPerRun,Raw.RawIntensityPerRun,Raw.RawIntensityPerRun,Raw.RawIntensityPerRun,Raw.RawIntensityPerRun,Raw.RawIntensityPerRun,Raw.RawIntensityPerRun,Raw.RawIntensityPerRun,Raw.RawIntensityPerRun,Raw.RawIntensityPerRun,Raw.RawIntensityPerRun,Raw.RawIntensityPerRun,Raw.RawIntensityPerRun,Raw.RawIntensityPerRun,Raw.RawIntensityPerRun,Raw.RawIntensityPerRun,Raw.RawIntensityPerRun,Raw.RawIntensityPerRun,Raw.RawIntensityPerRun,Raw.RawIntensityPerRun,Raw.RawIntensityPerRun,Raw.RawIntensityPerRun,Raw.RawIntensityPerRun,Raw.RawIntensityPerRun,Raw.RawIntensityPerRun,Raw.RawIntensityPerRun,Raw.RawIntensityPerRun,Raw.RawIntensityPerRun,Raw.RawIntensityPerRun,Raw.RawIntensityPerRun,Raw.RawIntensityPerRun,Raw.RawIntensityPerRun,Raw.RawIntensityPerRun,Raw.RawIntensityPerRun,Raw.RawIntensityPerRun,Raw.RawIntensityPerRun,Raw.RawIntensityPerRun,Raw.RawIntensityPerRun,Raw.RawIntensityPerRun,Raw.RawIntensityPerRun,Raw.RawIntensityPerRun,Raw.RawIntensityPerRun,Raw.RawIntensityPerRun,Raw.RawIntensityPerRun,Raw.RawIntensityPerRun,Raw.RawIntensityPerRun,Raw.RawIntensityPerRun,Raw.RawIntensityPerRun,Raw.RawIntensityPerRun,Raw.RawIntensityPerRun,Raw.RawIntensityPerRun,Raw.RawIntensityPerRun,Raw.RawIntensityPerRun,Raw.RawIntensityPerRun,Raw.RawIntensityPerRun,Raw.RawIntensityPerRun,Raw.RawIntensityPerRun,Raw.RawIntensityPerRun,Raw.RawIntensityPerRun,Raw.RawIntensityPerRun,Raw.RawIntensityPerRun,Raw.RawIntensityPerRun,Raw.RawIntensityPerRun,Raw.RawIntensityPerRun,Raw.RawIntensityPerRun,Raw.RawIntensityPerRun,Raw.RawIntensityPerRun,Raw.RawIntensityPerRun,Raw.RawIntensityPerRun,Raw.RawIntensityPerRun,Raw.RawIntensityPerRun,Raw.RawIntensityPerRun,Raw.RawIntensityPerRun,Raw.RawIntensityPerRun,Raw.RawIntensityPerRun,Raw.RawIntensityPerRun,Raw.RawIntensityPerRun,Raw.RawIntensityPerRun,Raw.RawIntensityPerRun,Raw.RawIntensityPerRun,Raw.RawIntensityPerRun,Raw.RawIntensityPerRun,Raw.RawIntensityPerRun,Raw.RawIntensityPerRun,Raw.RawIntensityPerRun,Raw.RawIntensityPerRun,Raw.RawIntensityPerRun,Raw.RawIntensityPerRun,Raw.RawIntensityPerRun,Raw.RawIntensityPerRun,Raw.RawIntensityPerRun,Raw.RawIntensityPerRun,Raw.RawIntensityPerRun,Raw.RawIntensityPerRun,Raw.RawIntensityPerRun,Raw.RawIntensityPerRun,Raw.RawIntensityPerRun,Raw.RawIntensityPerRun,Raw.RawIntensityPerRun,Raw.RawIntensityPerRun,Raw.RawIntensityPerRun,Raw.RawIntensityPerRun,Raw.RawIntensityPerRun,Raw.RawIntensityPerRun,Raw.RawIntensityPerRun,Raw.RawIntensityAverage,Raw.RawIntensityAverage,Raw.RawIntensityAverage,Raw.RawIntensityAverage,Raw.RawIntensityAverage,Raw.RawIntensityAverage,Raw.RawIntensityAverage,Raw.RawIntensityAverage,Raw.RawIntensityAverage,Raw.RawIntensityAverage,Raw.RawIntensityAverage,Raw.RawIntensityAverage,Raw.RawIntensityAverage,Raw.RawIntensityAverage,Raw.RawIntensityAverage,Raw.RawIntensityAverage
,,0,0,0,0,0,0,0,0,0,0,0,0,0,0,0,0,0,0,0,0,0,0,0,0,0,0,0,0,0,0,0,0,0,0,0,0,0,0,0,0,0,0,0,0,0,0,0,0,0,0,0,0,0,0,0,0,0,0,0,0,0,0,0,0,0,0,0,0,0,0,0,0,0,0,0,0,0,0,0,0,0,0,0,0,0,0,0,0,0,0,0,0,0,0,0,0,0,0,0,0,1,1,1,1,1,1,1,1,1,1,1,1,1,2,2,2,2,2,2,2,2,2,2,2,2,2,3,3,3,3,3,3,3,3,3,3,3,3,3,4,4,4,4,4,4,4,4,4,4,4,4,4,5,5,5,5,5,5,5,5,5,5,5,5,5,6,6,6,6,6,6,6,6,6,6,6,6,6,7,7,7,7,7,7,7,7,7,7,7,7,7,8,8,8,8,8,8,8,8,8,8,8,8,8,9,9,9,9,9,9,9,9,9,9,9,9,9,0,0,0,0,0,0,0,0,0,0,0,0,0,0,0,0,1,1,1,1,1,1,1,1,1,1,1,1,1,1,1,1,2,2,2,2,2,2,2,2,2,2,2,2,2,2,2,2,3,3,3,3,3,3,3,3,3,3,3,3,3,3,3,3,4,4,4,4,4,4,4,4,4,4,4,4,4,4,4,4,5,5,5,5,5,5,5,5,5,5,5,5,5,5,5,5,6,6,6,6,6,6,6,6,6,6,6,6,6,6,6,6,7,7,7,7,7,7,7,7,7,7,7,7,7,7,7,7,8,8,8,8,8,8,8,8,8,8,8,8,8,8,8,8,9,9,9,9,9,9,9,9,9,9,9,9,9,9,9,9,0,0,0,0,0,0,0,0,0,0,0,0,0,0,0,0
,,144Sm (KED),146Nd (KED),147Sm (KED),148Sm (KED),149Sm (KED),150Sm (KED),152Sm (KED),154Sm (KED),157Gd (KED),229Th (KED),230Th (KED),232Th (KED),233U (KED),235U (KED),236U (KED),238U (KED),144Sm (KED),146Nd (KED),147Sm (KED),148Sm (KED),149Sm (KED),150Sm (KED),152Sm (KED),154Sm (KED),157Gd (KED),229Th (KED),230Th (KED),232Th (KED),233U (KED),235U (KED),236U (KED),238U (KED),144Sm (KED),146Nd (KED),147Sm (KED),148Sm (KED),149Sm (KED),150Sm (KED),152Sm (KED),154Sm (KED),157Gd (KED),229Th (KED),230Th (KED),232Th (KED),233U (KED),235U (KED),236U (KED),238U (KED),238U (KED) / 235U (KED),238U (KED) / 236U (KED),232Th (KED) / 230Th (KED),152Sm (KED) / 149Sm (KED),144Sm (KED) / 152Sm (KED),147Sm (KED) / 152Sm (KED),148Sm (KED) / 152Sm (KED),150Sm (KED) / 152Sm (KED),154Sm (KED) / 152Sm (KED),238U (KED) / 233U (KED),232Th (KED) / 229Th (KED),230Th (KED) / 236U (KED),232Th (KED) / 238U (KED),238U (KED) / 235U (KED),238U (KED) / 236U (KED),232Th (KED) / 230Th (KED),152Sm (KED) / 149Sm (KED),144Sm (KED) / 152Sm (KED),147Sm (KED) / 152Sm (KED),148Sm (KED) / 152Sm (KED),150Sm (KED) / 152Sm (KED),154Sm (KED) / 152Sm (KED),238U (KED) / 233U (KED),232Th (KED) / 229Th (KED),230Th (KED) / 236U (KED),232Th (KED) / 238U (KED),238U (KED) / 235U (KED),238U (KED) / 236U (KED),232Th (KED) / 230Th (KED),152Sm (KED) / 149Sm (KED),144Sm (KED) / 152Sm (KED),147Sm (KED) / 152Sm (KED),148Sm (KED) / 152Sm (KED),150Sm (KED) / 152Sm (KED),154Sm (KED) / 152Sm (KED),238U (KED) / 233U (KED),232Th (KED) / 229Th (KED),230Th (KED) / 236U (KED),232Th (KED) / 238U (KED),238U (KED) / 235U (KED),238U (KED) / 236U (KED),232Th (KED) / 230Th (KED),152Sm (KED) / 149Sm (KED),144Sm (KED) / 152Sm (KED),147Sm (KED) / 152Sm (KED),148Sm (KED) / 152Sm (KED),150Sm (KED) / 152Sm (KED),154Sm (KED) / 152Sm (KED),238U (KED) / 233U (KED),232Th (KED) / 229Th (KED),230Th (KED) / 236U (KED),232Th (KED) / 238U (KED),238U (KED) / 235U (KED),238U (KED) / 236U (KED),232Th (KED) / 230Th (KED),152Sm (KED) / 149Sm (KED),144Sm (KED) / 152Sm (KED),147Sm (KED) / 152Sm (KED),148Sm (KED) / 152Sm (KED),150Sm (KED) / 152Sm (KED),154Sm (KED) / 152Sm (KED),238U (KED) / 233U (KED),232Th (KED) / 229Th (KED),230Th (KED) / 236U (KED),232Th (KED) / 238U (KED),238U (KED) / 235U (KED),238U (KED) / 236U (KED),232Th (KED) / 230Th (KED),152Sm (KED) / 149Sm (KED),144Sm (KED) / 152Sm (KED),147Sm (KED) / 152Sm (KED),148Sm (KED) / 152Sm (KED),150Sm (KED) / 152Sm (KED),154Sm (KED) / 152Sm (KED),238U (KED) / 233U (KED),232Th (KED) / 229Th (KED),230Th (KED) / 236U (KED),232Th (KED) / 238U (KED),238U (KED) / 235U (KED),238U (KED) / 236U (KED),232Th (KED) / 230Th (KED),152Sm (KED) / 149Sm (KED),144Sm (KED) / 152Sm (KED),147Sm (KED) / 152Sm (KED),148Sm (KED) / 152Sm (KED),150Sm (KED) / 152Sm (KED),154Sm (KED) / 152Sm (KED),238U (KED) / 233U (KED),232Th (KED) / 229Th (KED),230Th (KED) / 236U (KED),232Th (KED) / 238U (KED),238U (KED) / 235U (KED),238U (KED) / 236U (KED),232Th (KED) / 230Th (KED),152Sm (KED) / 149Sm (KED),144Sm (KED) / 152Sm (KED),147Sm (KED) / 152Sm (KED),148Sm (KED) / 152Sm (KED),150Sm (KED) / 152Sm (KED),154Sm (KED) / 152Sm (KED),238U (KED) / 233U (KED),232Th (KED) / 229Th (KED),230Th (KED) / 236U (KED),232Th (KED) / 238U (KED),238U (KED) / 235U (KED),238U (KED) / 236U (KED),232Th (KED) / 230Th (KED),152Sm (KED) / 149Sm (KED),144Sm (KED) / 152Sm (KED),147Sm (KED) / 152Sm (KED),148Sm (KED) / 152Sm (KED),150Sm (KED) / 152Sm (KED),154Sm (KED) / 152Sm (KED),238U (KED) / 233U (KED),232Th (KED) / 229Th (KED),230Th (KED) / 236U (KED),232Th (KED) / 238U (KED),238U (KED) / 235U (KED),238U (KED) / 236U (KED),232Th (KED) / 230Th (KED),152Sm (KED) / 149Sm (KED),144Sm (KED) / 152Sm (KED),147Sm (KED) / 152Sm (KED),148Sm (KED) / 152Sm (KED),150Sm (KED) / 152Sm (KED),154Sm (KED) / 152Sm (KED),238U (KED) / 233U (KED),232Th (KED) / 229Th (KED),230Th (KED) / 236U (KED),232Th (KED) / 238U (KED),238U (KED) / 235U (KED),238U (KED) / 236U (KED),232Th (KED) / 230Th (KED),152Sm (KED) / 149Sm (KED),144Sm (KED) / 152Sm (KED),147Sm (KED) / 152Sm (KED),148Sm (KED) / 152Sm (KED),150Sm (KED) / 152Sm (KED),154Sm (KED) / 152Sm (KED),238U (KED) / 233U (KED),232Th (KED) / 229Th (KED),230Th (KED) / 236U (KED),232Th (KED) / 238U (KED),238U (KED) / 235U (KED),238U (KED) / 236U (KED),232Th (KED) / 230Th (KED),152Sm (KED) / 149Sm (KED),144Sm (KED) / 152Sm (KED),147Sm (KED) / 152Sm (KED),148Sm (KED) / 152Sm (KED),150Sm (KED) / 152Sm (KED),154Sm (KED) / 152Sm (KED),238U (KED) / 233U (KED),232Th (KED) / 229Th (KED),230Th (KED) / 236U (KED),232Th (KED) / 238U (KED),238U (KED) / 235U (KED),238U (KED) / 236U (KED),232Th (KED) / 230Th (KED),152Sm (KED) / 149Sm (KED),144Sm (KED) / 152Sm (KED),147Sm (KED) / 152Sm (KED),148Sm (KED) / 152Sm (KED),150Sm (KED) / 152Sm (KED),154Sm (KED) / 152Sm (KED),238U (KED) / 233U (KED),232Th (KED) / 229Th (KED),230Th (KED) / 236U (KED),232Th (KED) / 238U (KED),144Sm (KED),146Nd (KED),147Sm (KED),148Sm (KED),149Sm (KED),150Sm (KED),152Sm (KED),154Sm (KED),157Gd (KED),229Th (KED),230Th (KED),232Th (KED),233U (KED),235U (KED),236U (KED),238U (KED),144Sm (KED),146Nd (KED),147Sm (KED),148Sm (KED),149Sm (KED),150Sm (KED),152Sm (KED),154Sm (KED),157Gd (KED),229Th (KED),230Th (KED),232Th (KED),233U (KED),235U (KED),236U (KED),238U (KED),144Sm (KED),146Nd (KED),147Sm (KED),148Sm (KED),149Sm (KED),150Sm (KED),152Sm (KED),154Sm (KED),157Gd (KED),229Th (KED),230Th (KED),232Th (KED),233U (KED),235U (KED),236U (KED),238U (KED),144Sm (KED),146Nd (KED),147Sm (KED),148Sm (KED),149Sm (KED),150Sm (KED),152Sm (KED),154Sm (KED),157Gd (KED),229Th (KED),230Th (KED),232Th (KED),233U (KED),235U (KED),236U (KED),238U (KED),144Sm (KED),146Nd (KED),147Sm (KED),148Sm (KED),149Sm (KED),150Sm (KED),152Sm (KED),154Sm (KED),157Gd (KED),229Th (KED),230Th (KED),232Th (KED),233U (KED),235U (KED),236U (KED),238U (KED),144Sm (KED),146Nd (KED),147Sm (KED),148Sm (KED),149Sm (KED),150Sm (KED),152Sm (KED),154Sm (KED),157Gd (KED),229Th (KED),230Th (KED),232Th (KED),233U (KED),235U (KED),236U (KED),238U (KED),144Sm (KED),146Nd (KED),147Sm (KED),148Sm (KED),149Sm (KED),150Sm (KED),152Sm (KED),154Sm (KED),157Gd (KED),229Th (KED),230Th (KED),232Th (KED),233U (KED),235U (KED),236U (KED),238U (KED),144Sm (KED),146Nd (KED),147Sm (KED),148Sm (KED),149Sm (KED),150Sm (KED),152Sm (KED),154Sm (KED),157Gd (KED),229Th (KED),230Th (KED),232Th (KED),233U (KED),235U (KED),236U (KED),238U (KED),144Sm (KED),146Nd (KED),147Sm (KED),148Sm (KED),149Sm (KED),150Sm (KED),152Sm (KED),154Sm (KED),157Gd (KED),229Th (KED),230Th (KED),232Th (KED),233U (KED),235U (KED),236U (KED),238U (KED),144Sm (KED),146Nd (KED),147Sm (KED),148Sm (KED),149Sm (KED),150Sm (KED),152Sm (KED),154Sm (KED),157Gd (KED),229Th (KED),230Th (KED),232Th (KED),233U (KED),235U (KED),236U (KED),238U (KED),144Sm (KED),146Nd (KED),147Sm (KED),148Sm (KED),149Sm (KED),150Sm (KED),152Sm (KED),154Sm (KED),157Gd (KED),229Th (KED),230Th (KED),232Th (KED),233U (KED),235U (KED),236U (KED),238U (KED)
,,Y (cps),Y (cps),Y (cps),Y (cps),Y (cps),Y (cps),Y (cps),Y (cps),Y (cps),Y (cps),Y (cps),Y (cps),Y (cps),Y (cps),Y (cps),Y (cps),Y (cps),Y (cps),Y (cps),Y (cps),Y (cps),Y (cps),Y (cps),Y (cps),Y (cps),Y (cps),Y (cps),Y (cps),Y (cps),Y (cps),Y (cps),Y (cps),Y (%),Y (%),Y (%),Y (%),Y (%),Y (%),Y (%),Y (%),Y (%),Y (%),Y (%),Y (%),Y (%),Y (%),Y (%),Y (%),Y,Y,Y,Y,Y,Y,Y,Y,Y,Y,Y,Y,Y,Y,Y,Y,Y,Y,Y,Y,Y,Y,Y,Y,Y,Y,Y (%),Y (%),Y (%),Y (%),Y (%),Y (%),Y (%),Y (%),Y (%),Y (%),Y (%),Y (%),Y (%),Y,Y,Y,Y,Y,Y,Y,Y,Y,Y,Y,Y,Y,Y,Y,Y,Y,Y,Y,Y,Y,Y,Y,Y,Y,Y,Y,Y,Y,Y,Y,Y,Y,Y,Y,Y,Y,Y,Y,Y,Y,Y,Y,Y,Y,Y,Y,Y,Y,Y,Y,Y,Y,Y,Y,Y,Y,Y,Y,Y,Y,Y,Y,Y,Y,Y,Y,Y,Y,Y,Y,Y,Y,Y,Y,Y,Y,Y,Y,Y,Y,Y,Y,Y,Y,Y,Y,Y,Y,Y,Y,Y,Y,Y,Y,Y,Y,Y,Y,Y,Y,Y,Y,Y,Y,Y,Y,Y,Y,Y,Y,Y,Y,Y,Y,Y,Y,Y,Y,Y,Y,Y,Y,Y,Y,Y,Y,Y,Y,Y,Y (cps),Y (cps),Y (cps),Y (cps),Y (cps),Y (cps),Y (cps),Y (cps),Y (cps),Y (cps),Y (cps),Y (cps),Y (cps),Y (cps),Y (cps),Y (cps),Y (cps),Y (cps),Y (cps),Y (cps),Y (cps),Y (cps),Y (cps),Y (cps),Y (cps),Y (cps),Y (cps),Y (cps),Y (cps),Y (cps),Y (cps),Y (cps),Y (cps),Y (cps),Y (cps),Y (cps),Y (cps),Y (cps),Y (cps),Y (cps),Y (cps),Y (cps),Y (cps),Y (cps),Y (cps),Y (cps),Y (cps),Y (cps),Y (cps),Y (cps),Y (cps),Y (cps),Y (cps),Y (cps),Y (cps),Y (cps),Y (cps),Y (cps),Y (cps),Y (cps),Y (cps),Y (cps),Y (cps),Y (cps),Y (cps),Y (cps),Y (cps),Y (cps),Y (cps),Y (cps),Y (cps),Y (cps),Y (cps),Y (cps),Y (cps),Y (cps),Y (cps),Y (cps),Y (cps),Y (cps),Y (cps),Y (cps),Y (cps),Y (cps),Y (cps),Y (cps),Y (cps),Y (cps),Y (cps),Y (cps),Y (cps),Y (cps),Y (cps),Y (cps),Y (cps),Y (cps),Y (cps),Y (cps),Y (cps),Y (cps),Y (cps),Y (cps),Y (cps),Y (cps),Y (cps),Y (cps),Y (cps),Y (cps),Y (cps),Y (cps),Y (cps),Y (cps),Y (cps),Y (cps),Y (cps),Y (cps),Y (cps),Y (cps),Y (cps),Y (cps),Y (cps),Y (cps),Y (cps),Y (cps),Y (cps),Y (cps),Y (cps),Y (cps),Y (cps),Y (cps),Y (cps),Y (cps),Y (cps),Y (cps),Y (cps),Y (cps),Y (cps),Y (cps),Y (cps),Y (cps),Y (cps),Y (cps),Y (cps),Y (cps),Y (cps),Y (cps),Y (cps),Y (cps),Y (cps),Y (cps),Y (cps),Y (cps),Y (cps),Y (cps),Y (cps),Y (cps),Y (cps),Y (cps),Y (cps),Y (cps),Y (cps),Y (cps),Y (cps),Y (cps),Y (cps),Y (cps),Y (cps),Y (cps),Y (cps),Y (cps),Y (cps),Y (cps),Y (cps),Y (cps),Y (cps),Y (cps)
1,AB1,-0.275512018,15.80002736,4.80000512,4.105759755,5.6000064,1.81605439,9.403207404,7.854833023,15.40002224,0,1.40000112,331.4047017,0,0.20000016,0,63.20020544,10.31557121,5.769667942,2.699796759,3.529564637,3.627063312,2.956939284,5.332593267,5.546926224,4.903524262,0,1.897368114,31.15708071,0,0.632456038,0,8.337379012,3744.145646,36.51682247,56.24570583,85.96617552,64.76891369,162.8221765,56.71036528,70.61800306,31.84102065,N/A,135.5261854,9.401520424,N/A,316.227766,N/A,13.19201252,31.0000768,N/A,148.6687461,1.53226872,0.392589781,0.744317516,0.704806508,0.484294721,1.048315957,N/A,N/A,N/A,5.292252483,,N/A,56.74056249,0.750380245,1.335722036,0.676444398,1.111010059,1.171739805,1.0169519,N/A,N/A,N/A,0.577405202,,N/A,38.16576382,48.97184387,340.2335213,90.88116069,157.6333427,241.9476726,97.00814849,N/A,N/A,N/A,10.91038652,N/A,N/A,186.0027488,0.948881779,0.405855072,1.580808941,-0.361406958,0.205991906,2.574410685,N/A,N/A,N/A,4.769287752,N/A,N/A,191.0029601,2.965922797,-0.855755414,0.449550684,0.447196834,0.231836353,0.43669607,N/A,N/A,N/A,5.617719843,31.0000768,N/A,N/A,0.984025167,-0.234401859,0.508117086,0.336527403,0.345395468,1.601462779,N/A,N/A,N/A,5.483930363,N/A,N/A,53.33402134,1.491480833,-0.962615644,0.223491411,-0.114086709,-0.104725971,0.161227964,N/A,N/A,N/A,6.153913042,N/A,N/A,N/A,2.423323392,-0.142714317,0.825312877,0.754015992,0.55776981,0.067764893,N/A,N/A,N/A,4.94122846,N/A,N/A,N/A,0.897763517,3.427824039,2.227759942,3.703214117,3.742089404,-0.127402889,N/A,N/A,N/A,6.280068573,N/A,N/A,N/A,1.936103026,0.33787206,0.258250513,0.42726166,-0.076619362,0.931517094,N/A,N/A,N/A,5.069014197,N/A,N/A,172.002368,N/A,1.761078013,0,0.605645427,0.208952838,1.479612545,N/A,N/A,N/A,5.058880798,N/A,N/A,N/A,0.965921172,-0.504089316,0.690187446,0.68476657,-0.328832753,2.721279873,N/A,N/A,N/A,5.000053092,N/A,N/A,141.001632,1.176996793,0.692845176,0.679696262,0.564930748,0.061089515,0.636590555,N/A,N/A,N/A,4.548428709,32.0000512,22.0000336,6.000008,6.000008,4.0000032,8.0000096,4.0000032,12.0000096,16.000016,0,2.0000016,372.0057953,0,0,0,78.0002832,18.0000272,24.0000384,8.0000064,16.000016,6.000008,12.000016,18.0000336,10.000008,16.0000192,0,2.0000016,382.0062257,0,0,0,68.0002272,12.0000128,10.0000112,4.0000064,6.0000048,8.0000128,6.000008,8.0000096,14.0000304,10.0000112,0,0,340.0047969,0,2.0000016,0,62.0002032,16.0000224,24.0000704,4.0000032,6.000008,12.000016,6.0000048,18.0000304,4.0000032,8.0000096,0,6.0000048,320.0043841,0,0,0,52.0001472,18.0000272,14.0000272,8.0000064,12.0000128,4.0000032,10.000008,10.0000112,4.0000032,24.000048,0,0,336.0048161,0,0,0,68.0002592,20.0000256,10.000008,4.0000064,10.0000144,2.0000016,10.000008,2.0000016,2.0000016,16.0000224,0,0,314.0042225,0,0,0,50.0001264,22.0000336,14.0000336,2.0000016,8.0000064,4.0000064,4.0000064,8.000016,10.0000112,20.0000352,0,0,294.0036912,0,0,0,58.0001712,34.0000688,12.000016,0,10.000008,0,6.0000048,10.000008,16.0000224,10.0000144,0,2.0000016,344.0050113,0,0,0,68.0002208,22.0000336,18.000024,4.0000032,10.000008,6.0000048,4.0000064,6.0000048,18.0000208,16.0000224,0,0,330.0045841,0,0,0,66.000216,22.0000464,10.0000112,8.0000096,10.0000112,10.000008,4.0000032,12.0000096,10.000008,18.000024,0,2.0000016,282.0034896,0,0,0,62.0002,21.60003488,15.80002736,4.80000512,9.40000976,5.6000064,7.00000752,9.6000128,10.00001184,15.40002224,0,1.40000112,331.4047017,0,0.20000016,0,63.20020544
2,AB2,1.954046212,2.20000176,0.40000032,1.062829035,0.80000064,1.478186174,0.579553175,0.377124858,1.6000016,0,0,32.40007616,0,0.20000016,0,10.4000144,4.52384067,1.475730755,0.843274717,1.811466802,1.398412916,1.363119153,0.968726138,1.023916168,1.837875102,0,0,9.418698936,0,0.632456038,0,4.402028623,231.5114475,67.07861703,210.8185107,170.4382118,174.8014747,92.21566111,167.1505186,271.5058811,114.867079,N/A,N/A,29.06999011,N/A,316.227766,N/A,42.32713969,7.0000032,N/A,N/A,0.162406816,-48.66636683,0.146604215,-10.90972016,-10.87615383,6.334332553,N/A,N/A,N/A,3.560995893,,N/A,N/A,0.281296856,89.16227897,0.387878295,30.63042403,30.6710058,5.699732496,N/A,N/A,N/A,1.498412676,,N/A,N/A,173.2050808,183.211291,264.5751311,280.7626921,282.002317,89.98157972,N/A,N/A,N/A,42.07847245,N/A,N/A,N/A,N/A,-156.5,0,0,-78.25,10.9,N/A,N/A,N/A,4.000003467,N/A,N/A,N/A,0.487220447,-0.394611812,1.026229508,0.682362029,1.715755443,0.740327869,N/A,N/A,N/A,5.3333392,N/A,N/A,N/A,0,N/A,N/A,N/A,N/A,N/A,N/A,N/A,N/A,1.1249999,N/A,N/A,N/A,N/A,-156.5,0,-78.25,0,10.9,N/A,N/A,N/A,2.111113521,7.0000032,N/A,N/A,N/A,0.230948226,0,0.329842932,0.343804538,0,N/A,N/A,N/A,2.857146351,N/A,N/A,N/A,N/A,69.21415067,0,-12.90510471,-13.45135253,10.9,N/A,N/A,N/A,6.000008533,N/A,N/A,N/A,N/A,N/A,N/A,N/A,N/A,N/A,N/A,N/A,N/A,4.7500089,N/A,N/A,N/A,N/A,5.615475713,0,0.664921466,0.671902269,0,N/A,N/A,N/A,3.3333344,N/A,N/A,N/A,N/A,-102.3305306,0,13.10993716,12.83681347,10.9,N/A,N/A,N/A,3.5000044,N/A,N/A,N/A,0,N/A,N/A,N/A,N/A,N/A,N/A,N/A,N/A,2.600000256,4.0000032,0,0,0,0,2.0000016,0,0,2.0000016,0,0,48.0001568,0,0,0,12.0000288,2.0000016,2.0000016,2.0000016,2.0000016,4.0000032,4.0000032,2.0000016,2.0000016,4.0000032,0,0,32.0000608,0,0,0,6.0000048,6.000008,2.0000016,0,6.0000144,2.0000016,4.0000032,0,0,0,0,0,18.0000272,0,0,0,16.0000256,4.0000032,0,0,2.0000016,0,0,0,0,2.0000016,0,0,38.0001008,0,0,0,18.0000272,6.0000048,4.0000032,0,2.0000016,0,2.0000016,2.0000016,0,0,0,0,40.0000992,0,2.0000016,0,14.0000176,2.0000016,4.0000032,0,2.0000016,0,2.0000016,0,0,4.0000032,0,0,36.00008,0,0,0,6.0000048,2.0000016,2.0000016,0,2.0000016,0,2.0000016,0,2.0000016,0,0,0,38.0001168,0,0,0,8.0000096,14.0000144,2.0000016,0,2.0000016,0,2.0000016,2.0000016,0,0,0,0,20.0000224,0,0,0,6.0000048,8.000016,2.0000016,0,0,0,0,0,0,4.0000064,0,0,28.0000576,0,0,0,8.0000064,2.0000016,4.0000032,2.0000016,0,2.0000016,4.0000032,0,2.0000016,0,0,0,26.00004,0,0,0,10.0000144,5.0000056,2.20000176,0.40000032,1.8000024,0.80000064,2.20000176,0.60000048,0.60000048,1.6000016,0,0,32.40007616,0,0.20000016,0,10.4000144
3,AB3,-1.215008861,4.20000368,0.40000032,0.192670204,0.40000032,-0.178010719,1.361662419,1.382110558,3.00000336,0,1.40000144,22.60004336,0,0.20000016,0,11.00001296,5.501804276,2.573370459,0.843274717,2.536773456,0.843274717,1.045733274,1.648589625,1.623125721,2.538594327,0,1.646547083,7.426697436,0,0.632456038,0,4.027687773,452.8200947,61.27067153,210.8185107,1316.64025,210.8185107,587.4552286,121.0718312,117.4381971,84.61971612,N/A,117.610385,32.86143003,N/A,316.227766,N/A,36.61530026,8.0000048,N/A,8.00001,0.987220437,-26.39084163,0.189520052,6.342920396,5.973792004,-0.951354929,N/A,N/A,N/A,2.188454094,,N/A,4.834779716,1.396140531,52.84295431,0.376438292,9.436106358,9.358372774,7.808258914,N/A,N/A,N/A,1.089658522,,N/A,60.4346709,141.4213562,200.2321679,198.627157,148.765959,156.6571579,820.7514012,N/A,N/A,N/A,49.7912442,8.0000048,N/A,6.5000052,N/A,-3.194400673,1.012944984,-1.018248361,1.028855114,0.87184466,N/A,N/A,N/A,1.625001625,N/A,N/A,6.500008,0,N/A,N/A,N/A,N/A,N/A,N/A,N/A,N/A,2.166668178,N/A,N/A,10.0000096,N/A,N/A,N/A,N/A,N/A,N/A,N/A,N/A,N/A,1.2500007,N/A,N/A,N/A,N/A,-2.604676756,0,-0.349240409,-0.320584785,2.792791811,N/A,N/A,N/A,2.200000896,N/A,N/A,N/A,N/A,1.316146941,0.503215434,0.837814178,0.338111592,0.433118971,N/A,N/A,N/A,2.5000018,N/A,N/A,2,N/A,15.04453802,0,13.1099424,12.8368186,-8.662492175,N/A,N/A,N/A,1,N/A,N/A,15.0000272,N/A,-94.30360788,0,8.739960435,8.557877926,-15.18331942,N/A,N/A,N/A,2.142860539,N/A,N/A,N/A,1.974440874,-0.584254548,0,0.503820809,0.007955065,0.365372059,N/A,N/A,N/A,2.000000267,N/A,N/A,N/A,N/A,-126.4109745,0,26.21989529,25.67364747,10.9,N/A,N/A,N/A,5.0000064,N/A,N/A,N/A,N/A,-0.389503569,0,2.699418831,-0.332344951,0.87184466,N/A,N/A,N/A,2.000000533,2.0000016,6.0000048,2.0000016,0,0,4.0000032,2.0000016,2.0000016,2.0000016,0,4.0000064,26.0000624,0,2.0000016,0,16.0000224,0,8.0000096,0,0,2.0000016,2.0000016,0,0,0,0,4.0000032,26.0000528,0,0,0,12.000016,2.0000016,2.0000016,0,0,0,0,0,0,0,0,2.0000016,20.0000352,0,0,0,16.0000192,6.0000048,8.0000064,0,2.0000016,0,2.0000016,2.0000016,6.0000144,4.0000032,0,0,22.0000336,0,0,0,10.0000112,8.0000064,2.0000016,2.0000016,4.0000032,0,2.0000016,4.0000032,2.0000016,2.0000016,0,0,20.0000384,0,0,0,8.0000096,4.0000064,4.0000032,0,0,0,0,0,2.0000016,8.0000096,0,2.0000016,4.0000032,0,0,0,4.0000032,10.0000112,2.0000016,0,0,0,0,0,2.0000016,6.000008,0,2.0000016,30.0000784,0,0,0,14.0000144,6.000008,6.0000048,0,4.0000032,2.0000016,2.0000016,4.0000032,2.0000016,4.0000064,0,0,24.0000352,0,0,0,12.000016,6.000008,2.0000016,0,0,0,0,0,0,2.0000016,0,0,30.0000624,0,0,0,6.0000048,2.0000016,2.0000016,0,6.0000048,0,0,2.0000016,2.0000016,2.0000016,0,0,24.000032,0,0,0,12.0000128,4.60000496,4.20000368,0.40000032,1.60000128,0.40000032,1.20000096,1.40000112,1.8000024,3.00000336,0,1.40000144,22.60004336,0,0.20000016,0,11.00001296
4,SBU1,-1.9226309,5.00000464,0.40000032,-0.075392625,0.60000048,1.359512541,0.366773456,2.237829586,2.60000208,0,42437.17139,5533.829803,7.20000768,138.8008944,65929.1671,86.60034928,5.290700353,3.55902973,0.843274717,1.900850524,0.966092556,2.238184569,0.840839564,2.431726463,1.646546522,0,688.6448001,161.9719788,3.293095722,20.2475847,940.5413092,6.670047948,275.1802415,71.18052855,210.8185107,2521.268527,161.0152972,164.6314029,229.2531123,108.6645059,63.32866172,N/A,1.622739635,2.926941822,45.73739179,14.58750305,1.426593647,7.702102825,0.637263445,0.001313602,0.130416343,0.31629393,53.30867964,-9.78125,-14.63160645,-19.90323916,-30.74847843,14.14456735,N/A,0.643698579,64.26115176,0.112924919,0.000101581,0.003831962,0.581074542,89.28102713,18.1113557,45.36125497,48.7986816,53.457407,5.728270448,N/A,0.007282303,5.408106427,17.72028815,7.733044027,2.938252871,183.7134663,167.4793443,185.16402,310.0223829,245.1795972,173.8538286,40.49802518,N/A,1.13132196,8.415825547,0.737703884,0.001360329,0.12645202,-0.025559105,69.21415067,0,-12.90510471,-13.45135253,10.9,22.50008,N/A,0.654207141,60.81309818,0.523254266,0.001351376,0.135121354,N/A,138.4283013,-39.125,52.43979058,12.22229494,-28.225,6.428591576,N/A,0.631550774,63.14747711,0.839284587,0.001467935,0.128724885,0.987220447,2.649333004,0,0.673528864,1.693545017,0.87184466,23.5000752,N/A,0.645048405,56.56501607,0.565787856,0.001286886,0.134436197,N/A,0,0,-39.125,-39.125,-67.35,14.33337653,N/A,0.637492317,66.59644752,0.461536862,0.00111088,0.127073321,N/A,N/A,N/A,N/A,N/A,N/A,18.000048,N/A,0.644860921,73.76547118,0.626664583,0.001409265,0.124249304,N/A,N/A,N/A,N/A,N/A,N/A,11.7500404,N/A,0.647126697,57.05457947,0.709676503,0.001322983,0.129195848,-0.012779553,216.6783013,0,-25.81020942,51.34729494,-145.6,8.800030784,N/A,0.652486855,63.71858237,0.611109578,0.001350954,0.132063813,N/A,2.526474069,0,-1.375469917,-1.346814293,0.740327869,8.800018752,N/A,0.647858797,63.33208242,0.714284322,0.001210543,0.132047463,N/A,-63.20542467,-39.125,13.10994764,-65.41317627,-28.225,13.33336907,N/A,0.635904552,69.36524453,0.583332009,0.001264874,0.134799226,N/A,60.17830134,0,-104.0603346,-105.1527051,10.9,14.0000432,N/A,0.640449326,68.25351878,2.0000016,4.0000032,0,2.0000016,2.0000016,2.0000016,0,0,4.0000032,0,43282.84116,5473.202675,4.0000032,122.0007024,66160.7593,90.000392,4.0000032,8.0000064,2.0000016,0,0,2.0000016,0,2.0000016,4.0000032,0,42060.69374,5683.297896,14.0000176,172.001264,66599.06921,90.0003952,8.0000096,2.0000016,0,2.0000016,2.0000016,4.0000032,2.0000016,2.0000016,2.0000016,0,41306.17607,5317.132779,4.0000032,112.0005984,64035.77736,94.000376,0,0,0,2.0000016,0,2.0000016,0,4.0000032,4.0000032,0,42602.48712,5727.316331,6.0000048,152.0010144,66828.23616,86.000328,6.0000048,12.0000128,0,4.0000032,0,6.0000048,0,8.0000096,0,0,41795.80959,5311.132337,4.0000032,156.0010816,64813.68036,72.0002496,4.0000032,6.000008,0,0,0,6.000008,0,2.0000016,0,0,43164.45273,5363.153201,8.0000064,150.0011344,66701.70295,94.0003984,0,4.0000032,0,2.0000016,2.0000016,0,0,4.0000032,2.0000016,0,43401.24883,5607.261144,10.0000112,124.0007328,66516.66393,88.0004064,16.0000192,8.0000064,0,0,0,0,2.0000016,2.0000016,4.0000032,0,42201.15119,5573.244938,10.0000176,144.0009216,65139.42755,88.0003424,6.0000048,2.0000016,2.0000016,0,0,4.0000032,0,2.0000016,4.0000032,0,42024.57759,5549.238874,6.0000048,112.000608,66086.29783,80.0002784,4.0000032,4.0000032,0,4.0000064,0,4.0000032,0,0,2.0000016,0,42532.27584,5733.317856,6.0000048,144.0008864,66410.05632,84.0003264,5.00000496,5.00000464,0.40000032,1.6000016,0.60000048,3.00000272,0.40000032,2.6000024,2.60000208,0,42437.17139,5533.829803,7.20000768,138.8008944,65929.1671,86.60034928
5,SBU2,3.03095353,2.0000016,0.60000048,1.129843836,0.20000016,1.143806413,0.571885762,0.293546561,2.20000176,0,42313.17959,5536.23216,7.40000912,134.6008216,65850.7762,83.0003416,6.353063955,2.494440253,1.349898195,1.694622327,0.632456038,3.104700055,1.342967689,0.960944022,1.988859443,0,610.6721911,149.6841166,2.836277761,15.29142162,1249.771587,9.104375251,209.6061154,124.7219129,224.9828526,149.9873056,316.227766,271.4357973,234.8314609,327.3565938,90.40262964,N/A,1.443219813,2.703718202,38.32803062,11.36057079,1.897884367,10.96908166,0.622646335,0.001261021,0.130852126,0,-7.628374035,-22.35714286,-27.9068149,-39.4355688,-8.982347553,13.0150386,N/A,0.642687368,67.46311238,0.088296362,0.000143852,0.003549074,,134.7025287,38.18209035,35.64213345,88.46825876,29.22527895,5.864862574,N/A,0.01075367,7.868290985,14.18082093,11.40757611,2.712278574,,1765.809177,170.7825128,127.7183855,224.3362057,325.3634841,45.06219885,N/A,1.673234983,11.66310108,0.6142842,0.001297069,0.132038053,N/A,N/A,N/A,N/A,N/A,N/A,10.7500332,N/A,0.64072193,65.22372868,0.589742075,0.00137423,0.128667013,N/A,5.199337212,0,0,0,-0.434551495,7.666684089,N/A,0.62401321,58.42539987,0.439023109,0.001067883,0.132665533,N/A,108.3391507,0,-52.03010471,25.67364747,-67.35,18.0000472,N/A,0.635824526,78.98993336,0.753845102,0.001529779,0.126875052,N/A,15.04457533,0,-65.14005236,-143.6633641,-28.225,24.5000816,N/A,0.659603245,54.70543166,0.74999912,0.001381828,0.136074623,N/A,-117.375,-78.25,0,-78.25,10.9,11.2500261,N/A,0.634259863,62.45831794,0.608693917,0.001268368,0.135751282,N/A,1.625866536,0,-0.337233108,-0.330207419,0.433118622,8.40002592,N/A,0.643279286,68.8490988,0.586205662,0.001069834,0.129127263,0,N/A,N/A,N/A,N/A,N/A,11.3333648,N/A,0.657345019,79.34048427,0.619046951,0.001167176,0.12518558,N/A,-234.75,0,-78.25,-156.5,10.9,9.7500309,N/A,0.648484544,69.55328759,0.640623797,0.001238697,0.131968977,N/A,N/A,N/A,N/A,N/A,N/A,20.500064,N/A,0.645735941,68.79579331,0.624999416,0.00121535,0.130167887,N/A,168.517452,-78.25,0.409685864,77.02094241,10.9,8.00002816,N/A,0.637606112,68.28964832,0,0,0,0,0,2.0000016,0,0,0,0,42482.16599,5609.262477,8.0000064,140.0008896,66303.59284,86.0003344,10.0000112,0,0,0,0,0,2.0000016,0,6.0000048,0,41775.73496,5375.159036,12.0000224,156.0010464,66946.87591,92.0003808,0,2.0000016,0,2.0000016,0,0,0,2.0000016,2.0000016,0,42869.45574,5687.299215,4.0000064,164.0011712,67423.40696,72.000304,2.0000016,2.0000016,0,4.0000032,0,8.000016,0,2.0000016,4.0000032,0,42255.38736,5361.154448,4.0000032,130.0007184,64061.8246,98.0004048,6.0000048,0,4.0000032,0,0,4.0000032,0,0,4.0000032,0,41310.22211,5621.272898,8.000016,120.0006592,65131.38308,90.0003888,12.0000288,4.0000032,0,0,0,0,4.0000064,2.0000016,2.0000016,0,42602.5206,5783.346772,10.000008,138.0009296,66227.09844,84.0003264,4.0000032,6.0000048,0,4.0000032,2.0000016,0,0,0,0,0,41781.82122,5395.172226,6.0000048,116.0006592,63561.47841,68.0002432,6.0000048,0,0,2.0000016,0,4.0000032,0,0,2.0000016,0,43337.10125,5425.180136,8.0000096,126.0006864,66828.2716,78.0003408,14.0000176,0,0,4.0000032,0,0,0,0,0,0,42746.99493,5641.277177,4.0000032,128.0007424,66198.87819,82.0003216,4.0000032,6.0000048,2.0000016,2.0000016,0,0,0,0,2.0000016,0,41970.3917,5463.197215,10.0000112,128.0007136,65824.95195,80.0003712,5.80000752,2.0000016,0.60000048,1.80000144,0.20000016,1.8000024,0.6000008,0.60000048,2.20000176,0,42313.17959,5536.23216,7.40000912,134.6008216,65850.7762,83.0003416
6,SBU3,-1.507388582,3.40000272,0.20000016,0.660733833,0.20000016,-0.115532379,0.976997903,0.349265411,1.80000176,0,42331.45691,5563.643648,6.6000072,141.0009352,65373.72001,82.0003552,4.446838579,1.646546522,0.632456038,1.692551001,0.632456038,1.738090021,2.539811094,0.912071178,1.751191919,0,874.41639,89.87780904,2.98887234,21.69001843,1213.315174,12.07394609,295.0028036,48.42780014,316.227766,256.1623026,316.227766,1504.418105,259.9607519,261.1398525,97.28834483,N/A,2.065642087,1.615448701,45.28589515,15.38288976,1.855967771,14.72426072,0.590138237,0.001253975,0.131454705,0,-22.48096603,-11.17857143,-35.34553594,-13.40407104,-3.397847983,15.98172275,N/A,0.647535891,69.26366654,0.108274426,0.000182229,0.002049836,,167.2762712,29.57572001,47.97324443,65.05624333,17.64896066,11.04128787,N/A,0.006570689,10.94171938,18.34729881,14.53209027,1.559347583,,744.0795516,264.5751311,135.7264592,485.3469005,519.4158404,69.08696917,N/A,1.014722039,15.7971992,0.609374059,0.001217613,0.128282089,N/A,-3.153577661,0,-0.005235602,-0.984293194,0,13.00005013,N/A,0.654577532,68.96328003,0.630135342,0.001402451,0.132493079,N/A,30.08915067,0,-12.90510471,25.67364747,-28.225,23.0000776,N/A,0.642150304,60.66557461,0.606555745,0.001122653,0.131278506,0,N/A,N/A,N/A,N/A,N/A,9.2500243,N/A,0.643367688,75.23279496,0.487177943,0.001130107,0.128681397,N/A,N/A,N/A,N/A,N/A,N/A,9.500023,N/A,0.643785138,73.30560672,0.460316208,0.000911066,0.134842081,N/A,-391.2502504,0,0,-156.5,10.9,9.666682845,N/A,0.640613299,94.81384543,0.79687494,0.001552416,0.130604608,N/A,108.3391507,-78.25,-130.2801047,25.67364747,10.9,8.500037467,N/A,0.65389445,55.0120643,0.671641083,0.001415197,0.133382481,N/A,69.2140953,0,-52.03012569,25.67362693,10.9,15.00005547,N/A,0.648061378,61.07986365,0.511626551,0.001331801,0.130642104,N/A,30.08915067,0,-52.03010471,-13.45135253,-28.225,44.0001904,N/A,0.659994897,64.74173089,0.466664559,0.001266177,0.132992703,N/A,-0.694481456,0,-0.168076184,0.086226584,-0.034935883,8.400021504,N/A,0.641653541,67.39599718,0.661015937,0.001190274,0.131347998,N/A,N/A,N/A,N/A,N/A,N/A,19.5000648,N/A,0.647260685,71.42590766,2.0000016,6.0000048,0,2.0000016,0,0,2.0000016,0,0,0,41932.2832,5379.16089,6.0000048,128.0007936,64060.07102,78.0003632,4.0000032,4.0000032,0,2.0000016,0,0,0,2.0000016,4.0000032,0,42124.88829,5581.25616,4.0000032,146.0009904,65599.73267,92.000384,4.0000032,4.0000032,0,0,2.0000016,0,0,0,0,0,42407.91797,5567.248133,8.0000096,122.0007952,65915.52356,74.0002832,4.0000032,4.0000032,0,2.0000016,0,2.0000016,0,2.0000016,0,0,43294.88488,5571.246285,8.0000096,156.0010592,67250.51931,76.0002752,10.0000144,0,0,0,0,4.0000032,0,0,2.0000016,0,40782.66613,5499.21957,6.000008,126.0007216,63661.90995,58.0001744,0,2.0000016,2.0000016,4.0000032,0,0,0,0,2.0000016,0,42963.73132,5611.261278,12.0000128,128.0007104,65704.38291,102.0005584,2.0000016,4.0000032,0,4.0000064,0,0,0,0,4.0000064,0,41213.90164,5497.212454,6.0000048,134.000744,63595.67631,90.0004048,4.0000032,4.0000032,0,4.0000032,0,2.0000016,0,2.0000016,4.0000032,0,43609.99523,5697.30153,2.0000016,172.0013376,66076.26122,88.0004512,0,4.0000032,0,0,0,2.0000016,8.0000096,0,2.0000016,0,42568.39881,5661.286409,10.0000144,180.0015328,66341.71888,84.000336,2.0000016,2.0000016,0,0,0,0,0,0,0,0,42415.90161,5571.243768,4.0000032,118.0006672,65531.40424,78.0003216,3.2000032,3.40000272,0.20000016,1.80000176,0.20000016,1.0000008,1.00000112,0.60000048,1.80000176,0,42331.45691,5563.643648,6.6000072,141.0009352,65373.72001,82.0003552
7,SBU4,-0.430483306,3.20000288,0.80000064,0.327748846,0.20000016,-0.449913205,0.374441194,0.521406168,2.0000016,0,41250.70077,5388.968083,9.00001136,129.6007952,64215.52025,87.800396,4.170889754,2.529824827,1.398412916,1.517407286,0.632456038,1.561692837,0.857063209,1.384910674,2.108186793,0,1061.899005,113.3229835,5.676470484,12.46524136,1512.868081,10.89147534,968.8853651,79.05695468,174.8014747,462.9786814,316.227766,347.1098025,228.8912712,265.6107195,105.4092553,N/A,2.574256886,2.102869822,63.07181466,9.618182776,2.355922797,12.40481346,0.685607587,0.001367293,0.130681257,-0.012779553,16.24683319,0.375,-19.90613918,17.24793838,-26.059375,13.69517512,N/A,0.642414204,62.26397786,0.125398726,0.000166685,0.002844272,,65.65590241,0.744023809,46.88432646,27.81729367,55.36339033,9.425336034,N/A,0.009892568,8.132678609,18.29016025,12.19089041,2.176495615,,404.1150767,198.4063491,235.5269701,161.2789486,212.4509522,68.82231113,N/A,1.539904969,13.06161104,0.53520942,0.001204532,0.128969506,N/A,N/A,N/A,N/A,N/A,N/A,38.000112,N/A,0.652439186,69.85679652,0.774193082,0.001497197,0.132668532,N/A,N/A,N/A,N/A,N/A,N/A,16.000064,N/A,0.660567395,58.53372239,0.910714929,0.001573115,0.13337458,N/A,-78.25,0,0,0,10.9,12.7500447,N/A,0.633118855,53.67818529,0.557375863,0.001059249,0.131317372,N/A,30.08915067,0,-130.2801047,25.67364747,-67.35,11.33335876,N/A,0.63808725,79.10502089,0.648646752,0.001490654,0.12829754,N/A,60.17830134,0,-25.81020942,51.34729494,-145.6,8.000028267,N/A,0.653692157,56.26193665,0.775861235,0.001485842,0.136540987,N/A,3,2,1,1,0,15.00005173,N/A,0.637094554,58.5456206,0.718749207,0.001409272,0.1273538,N/A,-63.20548727,0,13.10994764,-26.28817627,-28.225,11.5000428,N/A,0.637619547,57.62071363,0.520546586,0.001179437,0.129797975,N/A,-0.384525887,1,-0.335078534,0.671902269,0,5.428585535,N/A,0.643858258,70.85710945,0.656715657,0.001352539,0.128178166,-0.012779553,60.17830134,0,-25.81020942,51.34729494,10.9,14.66672427,N/A,0.630853958,59.78510146,0.758063139,0.001421091,0.130314112,N/A,118.3689253,0,8.876541035,34.23154365,10.9,4.272739187,N/A,0.636810875,58.39557176,6.0000048,6.0000048,2.0000016,0,0,0,0,0,0,0,41165.82732,5309.136431,2.0000016,142.0010224,63095.27111,76.0002848,4.0000032,4.0000032,0,2.0000016,0,0,0,0,0,0,42355.69092,5619.267319,6.000008,124.000736,64120.16585,96.000512,4.0000032,0,0,0,0,0,0,0,4.0000032,0,41051.33874,5475.205046,8.000016,112.0005376,64839.86131,102.0005616,2.0000016,2.0000016,0,4.0000032,0,0,0,2.0000016,2.0000016,0,40963.05452,5379.160659,6.000008,122.000696,64196.63536,68.0002432,4.0000032,4.0000032,0,2.0000016,0,0,0,4.0000032,2.0000016,0,42098.78678,5401.170763,12.0000128,148.0011136,64401.54795,96.0004416,6.0000048,0,4.0000032,2.0000016,0,2.0000016,2.0000016,0,0,0,38590.08455,5269.128242,6.0000048,116.0006176,60571.98939,90.0003824,6.000008,2.0000016,0,0,0,2.0000016,0,2.0000016,4.0000032,0,41625.21736,5301.129624,8.0000064,128.00072,65282.21654,92.000416,2.0000016,2.0000016,2.0000016,0,0,2.0000016,2.0000016,0,0,0,41488.80075,5385.162312,14.0000208,146.0009776,64437.78614,76.0003104,4.0000032,4.0000032,0,2.0000016,2.0000016,0,0,0,2.0000016,0,41045.31966,5261.113799,6.0000048,134.0007888,65063.10873,88.000416,2.0000016,8.0000096,0,2.0000016,0,0,0,0,6.0000048,0,42122.88706,5489.206637,22.0000304,124.0007424,66146.62012,94.000392,4.00000352,3.20000288,0.80000064,1.40000112,0.20000016,0.60000048,0.40000032,0.80000064,2.0000016,0,41250.70077,5388.968083,9.00001136,129.6007952,64215.52025,87.800396
8,SBU5,0.092612132,3.40000336,0.40000032,-0.139267342,0,0.284467731,0.987221237,1.060703724,1.0000008,0,44404.98384,5809.154195,8.400008,137.8008885,69077.28127,82.00034592,6.360547645,2.503333855,0.843274717,1.856941394,0,1.475132032,1.42034125,1.32163777,1.414214694,0,490.4845341,94.16158187,4.402025231,16.55854584,950.2171719,14.72726488,6867.942167,73.62739357,210.8185107,1333.364573,N/A,518.5586515,143.8726393,124.6000877,141.4213562,N/A,1.10457091,1.62091724,52.40501236,12.0162838,1.375585655,17.96000335,0.613039769,0.001187006,0.13083081,N/A,4.172331378,0.144706426,7.853735632,-15.05872926,-34.40230005,12.26837301,N/A,0.642863285,73.18620911,0.180793753,0.000211459,0.002228193,N/A,57.365717,0.382857217,12.56698109,51.9423283,55.1477943,6.2000023,N/A,0.004362188,14.89300825,29.49135804,17.81445865,1.703110053,N/A,1374.907978,264.5751311,160.0127847,344.9316831,160.3026374,50.53646718,N/A,0.678556051,20.34947353,0.52499812,0.001208484,0.130839681,N/A,N/A,N/A,N/A,N/A,N/A,6.000017829,N/A,0.639875627,69.2777844,0.51428434,0.001048923,0.135298598,N/A,0.307737056,0,0.332460733,0.335951134,0.5,12.00003733,N/A,0.640820867,82.65828496,0.44155688,0.000998696,0.132972835,N/A,N/A,N/A,N/A,N/A,N/A,5.666680089,N/A,0.643402633,85.66680957,0.358972407,0.000801758,0.131519865,N/A,N/A,N/A,N/A,N/A,N/A,14.0000304,N/A,0.641981907,105.3103271,0.614284575,0.001216595,0.131220572,N/A,-48.16084933,0,26.21989529,-130.8263525,-145.6,8.60002848,N/A,0.632540318,68.22508854,0.70769212,0.00133408,0.130901536,N/A,-0.779007137,1.012944984,0.334112743,0.348255082,-0.141100324,5.7500225,N/A,0.645534168,63.3405986,0.770490762,0.001346237,0.129555226,N/A,1,0,2,0,0,23.5000792,N/A,0.645951715,62.16322392,0.527776731,0.001106062,0.128564096,N/A,1.615475713,0,-0.335078534,-0.328097731,0,12.66670827,N/A,0.646970284,75.20115774,0.688523034,0.001246643,0.130097704,N/A,123.3838127,0,0.204863908,-0.614508257,-28.225,21.0000616,N/A,0.645812853,67.39600929,0.981818724,0.001562584,0.127337984,N/A,-48.16084933,0,26.21989529,25.67364747,-67.35,13.5000644,N/A,0.645742482,52.62280702,6.0000048,6.000008,0,0,0,0,0,0,0,0,44477.0051,5819.357167,14.0000144,160.0012128,69508.82835,84.000336,4.0000032,2.0000016,0,2.0000016,0,2.0000016,4.0000032,2.0000016,0,0,43987.2982,5951.419794,6.0000048,140.0009216,68642.11278,72.0002816,0,8.0000064,0,0,0,2.0000016,0,0,0,0,43808.67015,5825.363063,12.0000128,154.0010736,68089.04397,68.0002336,16.0000192,2.0000016,2.0000016,0,0,2.0000016,0,2.0000016,0,0,44840.34284,5897.395842,4.0000032,156.001312,69846.73919,56.0001664,4.0000032,2.0000016,0,0,0,4.0000032,0,4.0000032,2.0000016,0,44713.88615,5867.381739,10.000008,140.0008352,70689.38516,86.0003536,4.0000032,4.0000032,2.0000016,2.0000016,0,2.0000016,2.0000016,0,2.0000016,0,44517.16172,5827.364867,16.0000192,130.0006992,68961.74354,92.0004704,2.0000016,0,0,4.0000032,0,0,2.0000016,0,0,0,45103.29371,5843.367416,4.0000032,122.0006736,69824.55909,94.000392,6.000008,2.0000016,0,0,0,0,2.0000016,0,0,0,44454.95693,5715.311331,6.0000048,144.0008736,68712.51741,76.0003104,2.0000016,6.000008,0,2.0000016,0,2.0000016,0,2.0000016,4.0000032,0,43515.6483,5661.285916,4.0000032,122.0007312,67381.20513,84.0003136,4.0000032,2.0000016,0,0,0,0,0,2.0000016,2.0000016,0,44631.57525,5683.294816,8.0000064,110.000552,69116.67806,108.0006016,4.8000048,3.40000336,0.40000032,1.0000008,0,1.40000112,1.0000008,1.20000096,1.0000008,0,44404.98384,5809.154195,8.400008,137.8008885,69077.28127,82.00034592
9,SBS1,12.30787541,1.80000144,176.2013864,367.0024515,48969.43785,292.0130696,210.9559889,98.49900317,3.60000448,0,56.20019952,18.40002944,0,0,1.0000008,7.00000848,4.943287102,1.751191472,9.635680823,28.61275445,843.8917747,19.16412748,13.50077499,9.948084279,3.627063468,0,26.45683571,5.947935004,0,0,1.054093397,3.915786897,40.16361019,97.28833731,5.468561297,7.796338779,1.723302966,6.562763616,6.39980645,10.09968016,100.7516376,N/A,47.076053,32.325682,N/A,N/A,105.4092553,55.93974505,N/A,3.80000224,0.375230796,0.004309269,0.057782942,0.837048211,1.744710106,1.390775872,0.468254838,N/A,N/A,24.40006272,3.556430357,N/A,2.387470025,0.19042648,0.00028754,0.021561886,0.050365686,0.157628326,0.146507676,0.050197398,N/A,N/A,13.50192252,2.18579945,N/A,62.82812152,50.74916073,6.67259262,37.3153139,6.017059108,9.034642787,10.53424059,10.72010244,N/A,N/A,55.33560579,61.46048792,N/A,N/A,0.222221458,0.004048644,0.059413032,0.871396545,1.921048331,1.465537085,0.44421984,N/A,N/A,N/A,3.0000024,N/A,5.0000048,0.191488701,0.00450006,0.086685114,0.847430942,1.610714938,1.439485207,0.470270662,N/A,N/A,47.0001872,1.799999232,N/A,1,0.192307387,0.004401923,0.046301378,0.842690931,1.889126312,1.342755443,0.461725613,N/A,N/A,26.0000496,5.0000016,N/A,N/A,0.406249708,0.004186438,0.025151673,0.807790688,1.968187656,1.42010144,0.50833598,N/A,N/A,N/A,3.2500027,N/A,2,0.549998876,0.004458338,0.059605209,0.801891988,1.555725504,1.330533675,0.52132497,N/A,N/A,20.0000496,5.5000024,N/A,N/A,0.266666062,0.00367794,0.046513257,0.86849717,1.762618402,1.718797648,0.523099069,N/A,N/A,N/A,8.0000032,N/A,7.0000064,0.800000085,0.00440239,0.093457211,0.841119898,1.607483576,1.15887931,0.411212526,N/A,N/A,15.0000144,1.714285976,N/A,N/A,0.409090231,0.004685285,0.061416781,0.780875849,1.552987985,1.263444686,0.366057474,N/A,N/A,N/A,4.500004,N/A,N/A,0.428571309,0.004226447,0.032309248,0.93999838,1.853309503,1.403441353,0.479997711,N/A,N/A,N/A,1.800001664,N/A,4,0.285714139,0.004505222,0.066976512,0.768789723,1.725898854,1.364782873,0.496304537,N/A,N/A,14.0000128,1.0000004,12.0000224,0,176.0014208,388.0061697,49887.38703,296.0037088,202.0018256,90.0004592,2.0000016,0,108.000544,24.0000384,0,0,0,8.0000064,22.00004,2.0000016,188.0015136,358.0052881,49299.07192,320.0042209,222.0021264,106.000536,12.0000128,0,94.0004496,18.000024,0,0,2.0000016,10.0000176,10.000008,0,182.0014096,408.0068257,49064.12177,290.003576,216.0020256,100.0004608,2.0000016,0,52.0001408,10.0000112,0,0,2.0000016,2.0000016,8.0000096,2.0000016,168.00144,410.0068401,49678.61782,296.0038529,208.0020096,106.0005072,2.0000016,0,64.000176,26.0000528,0,0,0,8.0000096,16.0000224,2.0000016,178.0013488,346.0049937,49789.1215,296.0036896,222.0022736,116.0005984,2.0000016,0,40.0001312,22.0000272,0,0,2.0000016,4.0000032,14.0000208,4.0000032,158.0011344,322.0042353,49463.76001,314.0042321,182.001432,96.0004544,6.0000144,0,60.000208,16.0000192,0,0,0,2.0000016,20.0000384,0,180.0014144,344.0048417,48610.43042,248.002592,214.002088,88.0003392,0,0,30.0000528,24.0000448,0,0,2.0000016,14.000024,14.0000208,0,178.0014832,354.0052689,48652.54945,288.0035648,228.0021856,84.0003808,4.0000032,0,44.0001472,18.0000304,0,0,0,4.0000032,12.0000192,4.0000032,188.0014688,372.0057505,47321.51719,282.0033392,200.0019072,96.0004576,0,0,42.0000976,18.0000368,0,0,0,10.0000112,20.0000384,4.0000032,166.0012304,374.0057201,47927.80137,296.0036832,216.00208,108.0005408,6.000008,0,28.000048,8.0000096,0,0,2.0000016,8.0000064,14.800024,1.80000144,176.2013864,367.6055934,48969.43785,292.603646,211.0019954,99.00047344,3.60000448,0,56.20019952,18.40002944,0,0,1.0000008,7.00000848
10,SBS2,12.86168461,1.40000112,179.2014621,378.9369927,48808.45369,299.5445528,226.9716393,102.2661998,2.40000192,0,21.000036,13.40001648,0,0.20000016,0.20000016,5.00000752,6.324614123,1.646546522,18.76670087,36.08847961,1004.014203,29.97039626,24.10926793,17.62641692,2.06559277,0,5.830964365,3.777130612,0,0.632456038,0.632456038,4.737568922,49.17407257,117.6103718,10.47240388,9.523609547,2.057049809,10.00532174,10.62214997,17.23581884,86.06629658,N/A,27.76644938,28.18750722,N/A,316.227766,316.227766,94.75123593,2,5,0.704316264,0.004646911,0.056514182,0.797635974,1.685478221,1.325861942,0.451396195,N/A,N/A,13.0000176,3.652778893,,,0.33308449,0.000448054,0.026373027,0.121414857,0.235690969,0.130805126,0.066496049,N/A,N/A,,2.093310892,,,47.29189244,9.641971518,46.66621137,15.22183817,13.98362587,9.865667136,14.73119396,N/A,N/A,,57.30735293,N/A,N/A,0.699999648,0.005336062,0.074626185,0.656714248,1.514934455,1.201494914,0.470146792,N/A,N/A,N/A,7.0000032,2,N/A,0.599999648,0.004434832,0.036371785,0.963860477,1.736777844,1.591287429,0.533952572,N/A,N/A,N/A,3.0000016,N/A,N/A,0.642856784,0.004637482,0.035405916,0.734677224,1.841138357,1.265775376,0.404703418,N/A,N/A,N/A,4.5000016,N/A,N/A,0.545454374,0.004962355,0.026927192,0.816752157,1.444575556,1.227998799,0.323871656,N/A,N/A,N/A,3.0000008,N/A,5,0.384614987,0.004630325,0.031995038,0.716811917,1.651908924,1.351081543,0.539820356,N/A,N/A,13.0000176,1.00000032,N/A,N/A,0.7499998,0.004116383,0.089755803,0.823024439,1.673823194,1.236331022,0.415268383,N/A,N/A,N/A,6.0000032,N/A,N/A,0.416666411,0.005174205,0.065860442,0.728147152,1.514955385,1.178993503,0.397850109,N/A,N/A,N/A,5.0000016,N/A,N/A,1.3749999,0.004928757,0.098359748,0.680325594,1.393447253,1.336070517,0.48360421,N/A,N/A,N/A,1.37499825,N/A,N/A,1.199999936,0.004093301,0.070733941,1.030702721,1.950266054,1.455115614,0.460601951,N/A,N/A,N/A,N/A,N/A,N/A,0.428571151,0.004155409,0.035105767,0.825343808,2.132955189,1.414470701,0.484142499,N/A,N/A,N/A,1.999999467,20.000048,0,176.0014464,406.0071121,50224.88548,322.0043473,268.003088,126.000792,0,0,20.0000352,14.0000176,0,0,0,2.0000016,8.0000096,0,212.0020512,382.0059793,49596.23165,350.0052209,220.0020928,118.0005776,4.0000032,0,20.0000384,12.000016,0,2.0000016,0,4.0000032,8.0000064,0,166.001144,416.0072801,48722.80266,286.003368,226.0022416,92.0003808,4.0000032,0,28.000048,18.0000208,0,0,0,4.0000032,12.0000128,4.0000032,196.0016704,348.0051137,48359.48056,296.0037665,240.0024832,78.0003184,2.0000016,0,22.0000304,12.0000128,0,0,0,4.0000032,10.0000112,2.0000016,162.001256,374.0056369,48809.20254,306.0039473,226.0024592,122.000728,0,0,26.000056,10.0000112,0,0,2.0000016,10.000008,20.0000416,2.0000016,158.001192,322.0045521,46637.13591,238.0024592,192.0018656,80.0002848,2.0000016,0,16.0000256,12.000016,0,0,0,2.0000016,22.0000336,4.0000032,182.001576,380.0059009,48307.2566,296.0037537,250.00276,100.0004768,4.0000032,0,24.0000416,10.0000112,0,0,0,2.0000016,24.0000384,0,166.0012432,340.0048129,49505.91783,326.0047377,244.0026432,118.0007056,0,0,16.0000256,22.0000336,0,0,0,16.0000448,14.0000144,0,204.001824,386.0063857,48353.39422,288.0037409,198.0016656,92.0004192,6.0000048,0,10.0000112,12.0000128,0,0,0,0,10.000008,2.0000016,170.0012176,440.0082562,49568.22948,292.0035584,206.0018032,100.000448,2.0000016,0,28.000048,12.0000128,0,0,0,6.000008,14.8000224,1.40000112,179.2014621,379.406103,48808.45369,300.00389,227.0023103,102.6005131,2.40000192,0,21.000036,13.40001648,0,0.20000016,0.20000016,5.00000752
11,SBS3,12.98477921,1.60000128,172.6013407,381.8700379,48913.28258,301.8790081,220.9612553,103.7547952,3.20000288,0,10.80001504,10.60001168,0,0,0.40000032,4.200004,6.274019149,1.837874637,17.46262475,28.4064384,1375.419307,30.14643498,23.64251916,17.31406287,2.149937583,0,4.131191393,3.657568552,0,0,0.843274717,2.8982786,48.31825823,114.8670729,10.11731698,7.438771199,2.811954615,9.98626409,10.69984832,16.68748209,67.18548899,N/A,38.25171889,34.50532568,N/A,N/A,210.8185107,69.00656762,N/A,3.0000008,1.438095086,0.004513336,0.058650001,0.786494842,1.745812392,1.373466652,0.475385061,N/A,N/A,5.5000008,3.248149102,N/A,1.13E-06,1.65179004,0.000424198,0.029685912,0.093281419,0.220968919,0.138219661,0.096465536,N/A,N/A,0.707107913,2.453179896,N/A,3.77E-05,114.8595845,9.398767528,50.61536489,11.86039808,12.65708277,10.06356146,20.29208412,N/A,N/A,12.85650563,75.52547063,N/A,N/A,0.333333244,0.004865619,0.073177641,0.666733636,1.439180111,1.447311426,0.348494886,N/A,N/A,N/A,0.666666667,N/A,N/A,1.399999424,0.004577453,0.058550159,0.814250166,1.74060567,1.395488921,0.458994071,N/A,N/A,N/A,1.399999872,N/A,N/A,0.666666015,0.004748661,0.059340777,0.695138869,1.72938654,1.424196889,0.394889486,N/A,N/A,N/A,6.0000016,N/A,N/A,1.4999998,0.004379194,0.014963276,0.74100192,2.016148634,1.275195827,0.431467037,N/A,N/A,N/A,N/A,N/A,N/A,6,0.003813266,0.084232592,0.937093612,1.789965313,1.663614446,0.576167963,N/A,N/A,N/A,6,N/A,N/A,1.166667156,0.004820403,0.044334476,0.711939235,1.596199128,1.231862397,0.354787987,N/A,N/A,N/A,7.0000048,N/A,N/A,1.199999936,0.004317611,0.104773971,0.942972216,1.914533542,1.381127227,0.455869929,N/A,N/A,N/A,3.0000008,N/A,3,1,0.004369007,0.084904967,0.783017071,1.707556641,1.386796999,0.575469714,N/A,N/A,6.0000016,2.000000533,N/A,N/A,0.714284963,0.00523392,0.048693442,0.781482766,1.432700585,1.151470396,0.543771297,N/A,N/A,N/A,2.5000008,N/A,3.0000016,0.40000032,0.004008223,0.01352871,0.791318932,2.091847752,1.377601987,0.613938238,N/A,N/A,5,0.666666844,18.0000208,0,164.0011776,354.0052881,50554.11099,356.0054049,246.002616,86.0003408,2.0000016,0,12.0000128,4.0000032,0,0,0,6.0000048,16.0000224,2.0000016,184.00152,394.0063857,49367.33761,316.0040993,226.0022032,104.0005344,2.0000016,0,10.0000144,14.0000144,0,0,0,10.0000112,14.0000208,0,164.0012,408.0069185,49682.60109,336.0048033,236.0024864,94.0004048,6.0000048,0,18.0000368,12.0000128,0,0,0,2.0000016,6.0000048,2.0000016,160.0011072,436.0077793,49307.10479,276.0033152,216.0020384,94.0004592,6.0000048,0,8.0000096,12.0000128,0,0,0,0,16.0000224,0,178.0013936,340.0047937,49813.07667,316.0043841,190.0016112,110.0005776,4.0000032,0,2.0000016,12.0000096,0,0,0,2.0000016,16.0000256,4.0000032,168.0012992,378.0066289,48953.79783,292.0036096,236.0025792,84.0004064,2.0000016,0,12.0000128,14.0000208,0,0,0,2.0000016,22.0000496,0,198.0018064,402.0066481,48632.52201,290.0039697,210.001848,96.0004704,2.0000016,0,10.0000112,12.0000128,0,0,0,4.0000032,18.000024,0,166.0011952,362.0054449,48524.06868,294.0037553,212.0020128,122.0007376,0,0,12.0000128,12.0000128,0,0,2.0000016,6.0000048,18.0000272,4.0000032,200.0017792,368.0056833,48897.57816,296.0036352,256.002704,140.0010112,6.000008,0,14.0000304,10.0000112,0,0,0,4.0000032,8.0000064,4.0000032,144.000928,382.0060689,45400.62799,252.002672,182.0014,112.0005216,2.0000016,0,10.000008,4.0000064,0,0,2.0000016,6.000008,15.2000224,1.60000128,172.6013407,382.4061639,48913.28258,302.4039649,221.0021499,104.2005464,3.20000288,0,10.80001504,10.60001168,0,0,0.40000032,4.200004
12,SBS4,11.07715557,2.40000224,156.8011162,332.6005777,45006.55864,273.2158326,187.7836608,83.80533363,1.40000112,0,7.2000064,5.40000624,0,0,0,4.200004,6.849891077,2.065593046,21.54507931,23.17283312,450.2999022,36.44231412,12.80925758,12.22841906,1.646546522,0,4.022164017,2.836277962,0,0,0,2.573370984,61.83799653,86.06629658,13.74038645,6.967165625,1.000520626,13.33828782,6.82128441,14.59145681,117.6103718,N/A,55.86333947,52.52360526,N/A,N/A,N/A,61.27067937,N/A,N/A,0.73518533,0.004172574,0.058919302,0.837273613,1.778022301,1.45539458,0.447818564,N/A,N/A,N/A,1.25925957,N/A,N/A,0.316934669,0.000285335,0.035640117,0.115839684,0.166538508,0.166299839,0.070701086,N/A,N/A,N/A,0.736504576,N/A,N/A,43.10949305,6.838343081,60.48971275,13.83534394,9.366502755,11.4264435,15.78788628,N/A,N/A,N/A,58.48711363,N/A,N/A,1.333333333,0.004044497,0.002483654,0.785052512,1.627434042,1.412497648,0.374895888,N/A,N/A,N/A,N/A,N/A,N/A,0.666666667,0.004126102,0.099256928,0.967741584,1.756246146,1.50907957,0.494621699,N/A,N/A,N/A,1,N/A,N/A,N/A,0.003895378,0.079556508,0.931953085,1.795724377,1.613877187,0.453026333,N/A,N/A,N/A,2,N/A,N/A,1,0.004244889,0.002430992,0.915788393,1.666638016,1.372043891,0.326313946,N/A,N/A,N/A,0.333333333,N/A,N/A,0.666666311,0.004219723,0.073683706,0.642104022,1.989490096,1.315792916,0.484208718,N/A,N/A,N/A,1,N/A,N/A,0.833334133,0.003816786,0.065315179,0.895613789,2.066499048,1.426844881,0.566694295,N/A,N/A,N/A,2.5000024,N/A,N/A,0.666666667,0.004587786,0.096153161,0.701921362,1.519238763,1.586546276,0.403844585,N/A,N/A,N/A,0.9999996,N/A,N/A,0.2499999,0.00465028,0.065846701,0.93292172,1.702302706,1.567851539,0.430117443,N/A,N/A,N/A,0.5,N/A,N/A,0.80000096,0.004272284,0.027531107,0.715788067,1.76490456,1.101812127,0.51578797,N/A,N/A,N/A,1.0000008,N/A,N/A,0.4,0.00386801,0.076935085,0.883851596,1.891745256,1.647599768,0.428674765,N/A,N/A,N/A,2,6.000008,4.0000032,146.0009392,304.0040161,45982.48737,264.0030784,186.001576,70.0002384,2.0000016,0,6.0000048,8.0000064,0,0,0,0,24.0000448,4.0000032,180.0013792,328.0047201,45079.22962,282.0034448,186.0014928,92.0003744,0,0,6.0000048,4.0000032,0,0,0,4.0000032,14.000024,0,164.0012352,316.0041217,45175.5466,284.003408,176.001408,80.000288,2.0000016,0,0,4.0000032,0,0,0,2.0000016,6.0000048,4.0000064,174.0012848,318.0042513,44760.08948,262.0029648,190.0016272,62.0001808,0,0,2.0000016,2.0000016,0,0,0,6.0000048,14.0000144,0,122.0007248,378.0060945,45027.00809,250.0026224,190.001496,92.0003808,0,0,6.000008,4.0000032,0,0,0,4.0000032,14.0000176,2.0000016,154.0010448,356.0052545,45051.06901,246.0025776,172.0014016,98.0004336,4.0000032,0,12.0000096,10.0000176,0,0,0,4.0000032,20.000032,0,146.0009168,316.0044193,45338.16954,330.0045041,208.0018144,84.0004064,0,0,12.0000096,8.0000064,0,0,0,8.0000096,22.0000304,6.0000048,194.001736,356.0055329,44717.88718,328.0044321,208.0018304,90.0004176,4.0000032,0,8.0000096,2.0000016,0,0,0,4.0000032,8.0000064,2.0000016,136.0008288,336.0047265,44473.05369,210.0021872,190.0015312,98.000504,0,0,10.000008,8.000016,0,0,0,8.0000096,16.0000256,2.0000016,152.001072,326.0045329,44461.04586,284.0034592,172.001344,74.0002736,2.0000016,0,10.000008,4.0000032,0,0,0,2.0000016,14.4000208,2.40000224,156.8011162,333.404767,45006.55864,274.0032679,187.8015522,84.00034976,1.40000112,0,7.2000064,5.40000624,0,0,0,4.200004
13,SBS5,7.980302404,120.2007374,194.0016794,414.732012,52049.06804,313.7676352,262.414515,149.1663986,30.40005952,0,4.80000544,431.0077616,0,3.6000032,0,379.6060548,43.83268528,24.80980464,23.94477451,34.40722187,1215.736062,24.13092048,43.15426827,13.18065283,6.65333919,0,2.699798234,31.28828384,0,2.796826646,0,21.22537165,549.2609561,20.64030984,12.34256043,8.296254176,2.335749914,7.690697758,16.44507671,8.836207715,21.88594133,N/A,56.24573281,7.259331881,N/A,77.68956,N/A,5.591420733,126.2278045,N/A,93.65709634,0.005036797,0.022713798,0.750116381,1.611733484,1.215518094,0.580926578,N/A,N/A,N/A,1.139770339,58.18564973,N/A,42.76537564,0.000780544,0.168625409,0.115222358,0.245695512,0.160656446,0.103070886,N/A,N/A,N/A,0.116343784,46.09574726,N/A,45.66165012,15.49683709,742.3919672,15.36059748,15.24417744,13.21711682,17.74249783,N/A,N/A,N/A,10.20765148,N/A,N/A,72.00121069,0.006524971,0.088358298,0.554349594,1.132699785,0.965089874,0.422164203,N/A,N/A,N/A,1.193372745,192.0028784,N/A,N/A,0.005067939,0.301941242,0.801287628,1.49071873,1.203687096,0.494362676,N/A,N/A,N/A,1.187503856,95.00148963,N/A,102.5016584,0.004843791,0.180876125,0.670527608,1.752369535,1.278593327,0.522137648,N/A,N/A,N/A,1.078947907,39.20060091,N/A,79.00141016,0.00466176,0.060663249,0.755282746,1.715095757,1.37320631,0.582146242,N/A,N/A,N/A,1.20918698,180.0025792,N/A,48.40090024,0.004987892,-0.288118245,0.795132273,1.739517398,1.086522409,0.594599261,N/A,N/A,N/A,1.344451047,176.0024096,N/A,69.33452802,0.004384663,-0.059465774,0.92322542,1.728205291,1.477325493,0.721650974,N/A,N/A,N/A,1.181822365,103.0016496,N/A,197.0030353,0.004401759,-0.056384109,0.92343027,1.848913726,1.222269844,0.695652486,N/A,N/A,N/A,0.956310098,103.5017192,N/A,101.5016864,0.004349877,-0.154671776,0.688879403,1.578644807,1.261969006,0.722010328,N/A,N/A,N/A,0.980676333,61.33422081,N/A,72.6678642,0.006351315,0.067004832,0.684042082,1.267916191,0.997027754,0.509365152,N/A,N/A,N/A,1.184785622,186.0026928,N/A,100.5015736,0.004794009,0.086934134,0.705006783,1.863253623,1.289489824,0.545176811,N/A,N/A,N/A,1.080646437,178.001368,106.00052,196.0017664,436.0079394,54187.31576,376.0060193,354.0051921,154.001,34.0000784,0,6.000008,432.0078401,0,0,0,362.0057873,206.0018,90.0004208,216.0020096,432.0082178,53190.98317,354.0052177,270.0031376,138.0007824,34.000072,0,0,456.0086818,0,2.0000016,0,384.0060641,186.0014864,102.0004944,166.001256,468.0089986,51110.4043,350.0050705,248.0026208,134.0007472,34.0000848,0,4.0000032,410.0069617,0,4.0000032,0,380.0062625,156.001088,102.0005136,184.0014304,452.008557,52259.07906,368.0056545,244.002656,146.0009616,30.0000432,0,6.000008,474.009093,0,10.0000112,0,392.0064481,160.001184,170.001288,208.0018208,512.0110723,52445.8021,340.0047649,262.0029328,160.0011104,32.0000832,0,10.0000144,484.0096994,0,2.0000016,0,360.0054465,172.0012896,134.0008912,210.0019504,438.0079377,51877.54333,380.0060001,228.0022624,170.0012048,42.0000816,0,6.0000048,416.0075009,0,2.0000016,0,352.0051009,142.0008592,112.000576,214.002024,466.0088562,52648.67997,320.0042785,232.0024064,164.0011936,20.0000224,0,2.0000016,394.0063857,0,4.0000032,0,412.0069281,174.0013488,150.0012208,150.0010192,394.0064337,50058.06695,324.0042849,218.0020048,160.0011072,20.0000384,0,4.0000032,406.0070705,0,4.0000032,0,414.0072081,196.0016224,126.000872,220.0022208,450.008517,50638.47136,362.0055505,322.0042737,168.001392,30.0000464,0,6.000008,436.0077665,0,6.0000048,0,368.0056193,174.001304,110.0005776,176.001296,502.0104594,52074.33445,358.0054033,250.0026544,140.000896,28.0000448,0,4.0000032,402.0066161,0,2.0000016,0,372.0056833,174.4013351,120.2007374,194.0016794,455.0086989,52049.06804,353.2052244,262.8030141,153.4010395,30.40005952,0,4.80000544,431.0077616,0,3.6000032,0,379.6060548
14,SN1,1036.521858,5.00000656,5636.076236,4637.38922,53266.55031,3292.195793,11636.19367,10437.60352,2.6000024,0,42379.98144,74695.03767,9.80001136,383.2062023,65425.30657,43035.42996,36.95585275,2.538596147,142.7954221,108.1316766,826.585345,59.28421383,243.8930023,213.0883621,2.118702076,0,642.7332911,777.3689429,3.190267321,28.16234052,732.3563581,685.3843476,3.565371292,50.77185634,2.533596355,2.331736058,1.551790646,1.800749942,2.095986104,2.041544898,81.48846618,N/A,1.516596443,1.040723678,32.55371044,7.349134837,1.119377801,1.592604856,112.8324011,0.657799343,1.762675978,0.21845779,0.089117224,0.484401172,0.398601229,0.282994822,0.897118521,4877.04387,N/A,0.647777523,1.736046396,8.159133261,0.009105849,0.016909725,0.003440813,0.00382669,0.009822241,0.008926407,0.005793077,0.015335699,1696.65325,N/A,0.00814809,0.032401598,7.231197048,1.384289696,0.959321229,1.575047017,4.293995546,2.027707921,2.23943285,2.047061279,1.709439595,34.7885583,N/A,1.257853182,1.866401602,118.598416,0.65603826,1.765416528,0.224528843,0.086791136,0.472142923,0.386837504,0.270346711,0.878485106,7195.072598,N/A,0.636154363,1.71190843,97.25511809,0.650566575,1.762148245,0.222279423,0.085621973,0.496064015,0.406043168,0.287575343,0.903858881,3042.746948,N/A,0.645509625,1.748450806,107.7617519,0.667874442,1.739596242,0.214930691,0.089555282,0.483449547,0.393488345,0.284857174,0.920185667,4332.089444,N/A,0.654230311,1.704057706,122.7694241,0.662166409,1.77731947,0.216447619,0.090656679,0.478101541,0.392254475,0.280537885,0.904739618,7038.877878,N/A,0.651311448,1.748183692,105.6719769,0.659455794,1.786981535,0.215937764,0.090872536,0.491473467,0.403849913,0.280417523,0.885017392,4290.349827,N/A,0.650201942,1.761905612,108.6987289,0.654521649,1.772425347,0.215732755,0.092045926,0.477168972,0.41037792,0.287063652,0.885598246,3090.198713,N/A,0.64128362,1.736577152,118.6351461,0.673697182,1.743337443,0.217514525,0.091495445,0.4859994,0.398734144,0.278788201,0.917954097,3717.290047,N/A,0.651568516,1.686074725,121.2966917,0.658505521,1.774234107,0.220000522,0.095549416,0.484127509,0.409117046,0.290277656,0.898333803,7156.600683,N/A,0.640840978,1.726639921,117.2219967,0.65446905,1.767213244,0.221883179,0.082510321,0.473352344,0.385259655,0.287193962,0.900141181,5392.289871,N/A,0.642594822,1.735150163,110.4147611,0.64069855,1.738087615,0.215322577,0.086073529,0.502132002,0.400050122,0.282890109,0.876871215,3514.922688,N/A,0.664079603,1.801515756,1064.046296,2.0000016,5773.337706,4730.897888,54460.46433,3306.440909,12227.99614,10742.62476,4.0000032,0,41862.01418,73903.89174,6.0000048,364.0054529,65804.80553,43170.47013,1012.041634,2.0000016,5847.375268,4786.920938,53030.28747,3390.462548,11787.56727,10654.55286,2.0000016,0,42267.39595,74481.41761,14.0000208,438.0080082,65479.11036,42598.52056,1044.044412,6.0000048,5591.258197,4552.836811,53809.62379,3296.438545,11565.36517,10642.53834,2.0000016,0,42435.95849,73821.43392,10.0000176,402.0069265,64863.94439,43320.97069,1038.044333,4.0000032,5445.189723,4468.801411,52618.69333,3196.411919,11389.1909,10304.25222,0,0,41540.96626,73831.56816,6.0000048,344.0050433,63780.49456,42233.30106,1070.046311,8.0000096,5727.315694,4708.887787,53966.27543,3270.430254,11653.43354,10314.25928,6.0000048,0,42301.48626,75591.97486,10.000008,406.0067185,65058.99714,42903.5326,1080.047221,10.0000208,5527.224296,4756.909685,53693.14021,3328.445209,11583.36904,10258.2113,0,0,42387.81406,75129.23602,14.0000144,398.0067377,66098.38886,43262.82649,1060.045544,4.0000032,5601.262228,4596.849076,52986.0944,3214.41475,11525.32183,10580.48179,6.000008,0,43142.33376,75211.64582,12.000016,376.0061121,66213.04233,44607.54005,1094.049239,6.000008,5501.212107,4650.867652,51650.54608,3300.436298,11363.17267,10208.17776,2.0000016,0,41787.79634,74141.3335,6.000008,354.0052145,65207.74692,42939.66135,970.0383551,4.0000064,5533.228421,4504.813677,52682.90183,3358.451768,11689.47527,10522.43367,2.0000016,0,42355.69833,74851.55103,8.0000096,368.0057665,65913.53818,43138.37074,1002.041616,4.0000064,5813.358719,4632.861223,53767.47625,3276.430636,11577.37711,10152.12492,2.0000016,0,43718.35079,75986.32404,12.0000096,382.0060433,65832.99743,42179.106,1043.444496,5.00000656,5636.076236,4639.064615,53266.55031,3293.836284,11636.22689,10437.96569,2.6000024,0,42379.98144,74695.03767,9.80001136,383.2062023,65425.30657,43035.42996
15,SN2,1026.704874,1.40000144,5651.285244,4591.579405,53098.40519,3222.959548,11586.37553,10447.58366,1.40000144,0,42610.03188,84722.35615,12.60001488,421.8074153,65589.5605,48740.45043,34.11024459,1.34989888,119.5494234,141.4719119,715.9351686,130.0879811,281.385658,232.6276247,2.319006178,0,713.0496668,1298.162969,6.186014282,25.74229859,1015.078851,842.0203407,3.322302783,96.42124941,2.115437784,3.081116528,1.348317649,4.036289601,2.428590866,2.226616528,165.643128,N/A,1.673431432,1.532255508,49.09529346,6.102855865,1.547622584,1.727559621,115.8995132,0.7431117,1.988434572,0.218190046,0.088638705,0.487842136,0.396414247,0.27816435,0.901843374,5400.398702,N/A,0.64968107,1.738321803,6.597704205,0.005429697,0.01834587,0.003422696,0.003023431,0.008070798,0.012917213,0.009042185,0.013651833,3819.501133,N/A,0.00814045,0.012105958,5.692607348,0.730670378,0.922628799,1.568676511,3.410960426,1.654387163,3.258513783,3.250662665,1.513769855,70.72628048,N/A,1.252991721,0.696416381,117.5370254,0.733381515,1.977621813,0.222297111,0.087430861,0.479487933,0.392733492,0.274550946,0.894185967,2409.547159,N/A,0.644368339,1.737590679,109.8787651,0.739469524,2.008956511,0.215658491,0.092212754,0.503762287,0.408921728,0.28050585,0.907995489,2710.390458,N/A,0.641866363,1.74379277,113.8509105,0.744448761,1.986857262,0.219124639,0.08421236,0.482572409,0.399935798,0.267858757,0.902093902,5948.804515,N/A,0.661211757,1.764706251,111.4893295,0.737146891,1.962412015,0.217012477,0.090964669,0.487694955,0.38776909,0.289225501,0.914044607,3066.007547,N/A,0.652081703,1.735953829,120.5111285,0.74587761,1.992640162,0.216838845,0.0836198,0.490994227,0.408254035,0.275182998,0.872898464,11991.04635,N/A,0.649018536,1.733877492,129.7998148,0.740206205,1.979853287,0.216947033,0.089127475,0.486938433,0.383055466,0.261449001,0.911015767,3001.664402,N/A,0.645199781,1.725736557,112.7559727,0.745237677,1.998945252,0.214465153,0.091820595,0.497940014,0.406085318,0.288402374,0.90172888,2424.294375,N/A,0.648609034,1.739758991,121.7125891,0.750737629,2.023725498,0.21389524,0.090759703,0.479689448,0.412780379,0.287929035,0.922518079,12536.59795,N/A,0.638369354,1.720820017,107.7650911,0.749049386,1.970063599,0.222077825,0.0892249,0.488907816,0.391422937,0.278641405,0.89335969,4935.730078,N/A,0.664324707,1.747230484,113.6945054,0.745561806,1.98327032,0.223583645,0.087013936,0.480433839,0.373184229,0.277897635,0.898592891,4979.904189,N/A,0.651761127,1.733750963,1058.045773,2.0000016,5787.343828,4740.901548,54295.99354,3314.442868,12069.8425,10792.68379,0,0,42341.89453,83736.25424,20.0000288,410.0070801,65710.69983,48191.01257,1050.045207,2.0000016,5721.315177,4644.864747,52662.76526,3186.409507,11357.17247,10312.26136,0,0,42347.6467,85074.58057,18.000024,444.0083874,65975.79982,48787.0933,976.0385455,2.0000016,5577.245494,4622.857595,52743.14954,3096.386525,11557.37472,10426.34833,4.0000032,0,42269.38819,83983.24087,8.0000096,418.0071377,63927.15758,47590.49323,1060.04612,0,5683.296049,4518.821685,53699.13779,3370.455513,11653.45958,10652.54758,6.000008,0,43395.20916,85159.27987,16.0000224,440.0079329,66548.73,49056.18943,972.0384976,2.0000016,5691.304014,4732.900595,53456.22848,3190.408768,11591.38682,10118.10375,0,0,41735.62774,83164.08802,4.0000032,398.0065937,64305.75623,47964.22377,1004.04148,4.0000064,5455.216441,4292.746243,51639.76037,2930.349804,11203.09278,10206.19416,0,0,41862.40054,82881.41132,16.0000192,370.0058289,64882.84985,48026.68806,1038.043747,0,5629.276477,4590.847215,52713.13124,3260.426267,11305.12977,10194.16201,0,0,42199.1746,84353.83971,20.0000192,430.0076785,65061.0343,48485.93406,1034.043466,0,5465.197911,4702.889496,53265.32834,3280.433136,11393.2002,10510.43316,0,0,42640.6565,86292.98379,4.0000032,412.0069441,66796.2148,50146.4319,1060.045784,2.0000016,5793.347572,4638.863805,53357.73785,3302.437138,11849.6215,10586.48572,4.0000032,0,43774.55102,86238.64954,10.000008,458.0086162,65893.30578,49357.34026,1034.043498,0,5709.309479,4434.792227,53150.81948,3302.439324,11883.65393,10678.56694,0,0,43533.76979,86339.23353,10.0000112,438.0079537,66794.05684,49799.09767,1028.643212,1.40000144,5651.285244,4592.048515,53098.40519,3223.418885,11586.39343,10447.77868,1.40000144,0,42610.03188,84722.35615,12.60001488,421.8074153,65589.5605,48740.45043
16,SN3,1026.766578,2.80000256,5687.699175,4617.519627,53312.00201,3243.506344,11569.14675,10442.94727,1.60000128,0,42565.80698,75152.16311,12.20001648,391.2064942,65660.1222,43187.14175,33.80042098,2.529824883,171.7192603,103.3758112,1145.306507,152.8827898,280.424916,182.3502632,1.264912076,0,496.876399,767.6485005,4.66191062,38.24257294,562.0549243,633.7606975,3.291928438,90.35080607,3.019134012,2.238773617,2.148308943,4.713503647,2.42390318,1.746157082,79.0569415,N/A,1.167313471,1.021458956,38.21233052,9.775546548,0.856006516,1.467475438,111.3906319,0.657715101,1.765633431,0.217001826,0.088759713,0.491683222,0.399292945,0.280287364,0.902901655,4159.876242,N/A,0.648265707,1.740304682,11.49677337,0.00531807,0.014744614,0.001636857,0.002389191,0.011877919,0.011742553,0.009171354,0.016462966,1896.533723,N/A,0.003645416,0.016039492,10.32113129,0.808567351,0.835089219,0.754305568,2.691752001,2.41576664,2.9408365,3.272125345,1.823339893,45.59110927,N/A,0.562333677,0.921648529,111.0674039,0.655181512,1.750978555,0.217344652,0.088065198,0.492793163,0.390403328,0.285773356,0.887536748,2707.307899,N/A,0.651325933,1.740674484,111.1857278,0.65773999,1.787546874,0.219457938,0.091849532,0.47080805,0.385733857,0.277908974,0.891942378,7227.182549,N/A,0.643158594,1.74791886,138.6374194,0.659294399,1.779199542,0.216162709,0.090121266,0.479108068,0.40148124,0.271354314,0.921628771,2372.266846,N/A,0.647551538,1.747509763,111.8091651,0.664866742,1.757993066,0.219022497,0.084083616,0.493476506,0.382222134,0.290698497,0.876022929,2753.34318,N/A,0.649176222,1.716505315,113.9901776,0.65508155,1.75487254,0.216806391,0.089483919,0.47991487,0.401186791,0.273909041,0.911867187,4331.691679,N/A,0.648828905,1.738122574,110.4606202,0.655415633,1.773292472,0.215384455,0.089228391,0.504178508,0.400603327,0.281861824,0.891333087,5357.420119,N/A,0.642004986,1.737008624,94.72046915,0.648241982,1.767911104,0.218744303,0.085262753,0.489990277,0.396440056,0.276628309,0.907857041,3504.719193,N/A,0.645489016,1.760403107,111.5745069,0.655683217,1.777699298,0.216480601,0.090724344,0.498130607,0.414272923,0.283055043,0.897335696,2380.291489,N/A,0.651538138,1.76646109,111.7659281,0.65856834,1.739354362,0.214449444,0.089376865,0.501199205,0.400241226,0.296143343,0.917879037,3595.192305,N/A,0.651706365,1.721231099,98.69490119,0.667077645,1.767486493,0.216165273,0.089401244,0.507232966,0.420344568,0.265540943,0.92561368,7369.347165,N/A,0.651877371,1.727211903,1072.046652,2.0000016,5983.438423,4740.902867,55864.66424,3470.483711,12141.91158,10776.64863,2.0000016,0,43062.086,75400.78911,16.0000256,390.0063761,66114.49635,43316.99568,1090.048567,2.0000016,5573.24504,4566.839543,53940.25104,3290.435989,11837.61627,10558.47161,0,0,42401.81549,75795.23272,6.0000048,390.0062609,65927.46468,43363.12998,1028.042635,6.0000048,5421.178769,4544.830184,52345.51405,3072.382848,11315.14815,10428.36608,0,0,41940.31164,74620.18328,18.0000272,308.0039137,64767.5269,42700.86775,998.0399264,0,5857.374832,4536.828572,54193.57616,3450.478478,11869.63792,10398.33118,2.0000016,0,43013.91091,75618.15711,16.0000224,394.0066321,66259.22123,44053.55256,1042.043847,8.0000096,5529.224694,4624.858541,53140.78331,3158.402463,11521.31256,10506.41745,4.0000032,0,42903.51209,75290.19523,10.0000112,380.0061217,66124.53875,43316.9653,1022.042602,2.0000016,5759.330726,4576.841131,53036.31425,3220.419508,11423.22318,10182.15259,2.0000016,0,41982.45362,74447.16894,8.0000096,388.0062625,65392.72211,42859.41238,968.0381999,2.0000016,5547.234604,4488.812276,51755.00075,3132.396153,11321.13715,10278.22947,2.0000016,0,41878.06812,74036.70164,12.0000128,444.0083074,64878.04921,42056.67518,1036.043842,2.0000016,5673.293106,4718.894024,52610.57022,3224.417603,11389.19344,10220.18547,2.0000016,0,42574.45327,75684.57571,18.0000272,384.0062817,65344.52982,42845.31154,1022.043018,0,5731.316999,4576.841538,53323.55931,3386.460628,11435.23323,10496.416,2.0000016,0,42692.84183,74257.98064,12.000016,386.0064145,65509.32157,43142.36518,1028.043253,4.0000032,5801.354561,4808.929803,52909.78678,3038.372803,11437.25852,10586.48295,0,0,43208.61687,76370.64669,6.000008,448.0083714,66283.35143,44216.14194,1030.643254,2.80000256,5687.699175,4618.457848,53312.00201,3244.425018,11569.1672,10443.17014,1.60000128,0,42565.80698,75152.16311,12.20001648,391.2064942,65660.1222,43187.14175
17,SN4,1033.520988,2.40000192,5636.277325,4627.458238,52854.91591,3220.430495,11638.60266,10373.95448,2.60000208,0,42235.35176,84899.49627,12.20001584,410.0070744,65348.66138,48918.32051,36.1863966,2.06559277,159.8139413,184.4477306,1288.002193,111.2674002,244.7501693,265.0499329,1.897368114,0,540.3477615,1343.498886,5.921722338,35.4161948,1312.615819,1135.840771,3.501273513,86.06629658,2.835452056,3.98594047,2.436863574,3.455047404,2.102917132,2.554955619,72.97563831,N/A,1.279373177,1.582458018,48.53864467,8.637947248,2.008634594,2.321912852,119.9704013,0.748584684,2.01019339,0.220260306,0.088836674,0.484280926,0.397619139,0.27671128,0.891404658,5184.794699,N/A,0.646425038,1.735862838,8.703134976,0.009896113,0.023096604,0.004697052,0.003630172,0.009809441,0.014507503,0.008126023,0.017408239,3095.982908,N/A,0.008351952,0.019468867,7.254401822,1.321976374,1.148974241,2.132500598,4.086343434,2.025568378,3.648592619,2.936643357,1.95289976,59.71273864,N/A,1.292021704,1.121567117,106.6172815,0.741863565,1.96745196,0.210270457,0.087456007,0.502825695,0.421827261,0.279262819,0.907602993,6077.293203,N/A,0.655641361,1.738787214,127.4403347,0.76103059,2.026898384,0.221897217,0.088686062,0.481985043,0.387721112,0.281369056,0.90549789,12361.90699,N/A,0.646629821,1.722207959,132.2661225,0.758071322,1.99639805,0.221003458,0.095246357,0.485072899,0.403494262,0.276921784,0.903313414,4056.218877,N/A,0.659252879,1.736157436,112.6823917,0.755705083,2.04008621,0.223837004,0.083805931,0.483856514,0.396709962,0.275568264,0.876395651,2233.19702,N/A,0.647115664,1.746940403,127.9417457,0.739903423,1.997715767,0.215026018,0.093492868,0.489921765,0.400065944,0.279628688,0.914977249,7932.504031,N/A,0.652528069,1.761805085,126.2557398,0.73144618,2.00471176,0.225046003,0.088807544,0.467120073,0.369122053,0.260038272,0.866222256,3892.941076,N/A,0.644935997,1.767608899,123.4254861,0.754712045,1.997191805,0.219647926,0.091281998,0.477880903,0.406394151,0.279781809,0.898374222,6078.798097,N/A,0.649017273,1.717492104,117.3497095,0.755795277,2.044451094,0.218093284,0.08861179,0.49461413,0.410463227,0.291282729,0.888446482,3124.487716,N/A,0.640743111,1.733231198,109.6688286,0.739567867,2.019031222,0.223181684,0.08577029,0.480548103,0.391718853,0.27007511,0.866256607,3572.134987,N/A,0.634000371,1.730830394,116.0563726,0.747751488,2.00799765,0.224600005,0.085207889,0.478984132,0.38867457,0.273184272,0.886959812,2518.464989,N/A,0.634385839,1.70356769,1018.042112,4.0000032,5821.361459,4884.958996,55059.06669,3234.42046,11577.37178,10508.42347,6.0000048,0,42967.77104,84537.02534,8.0000064,456.0084802,65535.47962,48618.38451,1056.044879,0,5739.321625,4616.857293,53663.02443,3350.4515,11907.70135,10782.6539,2.0000016,0,42014.52192,85159.16658,4.0000032,388.0064161,64974.61232,49447.66753,1112.050748,4.0000032,5635.273714,4688.884417,52566.48461,3218.416574,11617.40045,10494.40917,2.0000016,0,42329.68718,84506.90494,12.0000128,368.0056353,64208.57387,48674.67845,1002.041504,2.0000016,5769.334918,4730.900238,53269.33502,3286.435272,11923.69946,10450.39074,4.0000032,0,42070.72079,85827.89732,22.0000336,436.0078689,65012.67572,49130.40948,1070.046474,0,5607.262527,4578.842858,53227.14152,3200.411935,11445.24585,10472.39477,2.0000016,0,41974.55119,83853.22271,6.0000048,372.0057281,64326.04689,47595.06226,1006.041824,2.0000016,5277.128827,4170.69996,50199.32335,2938.3494,11297.15706,9785.848876,0,0,41190.19961,82574.47756,12.000016,370.0057937,63867.11214,46715.3552,1050.04496,0,5497.211311,4674.877165,52371.57657,3218.416382,11503.3082,10334.27555,0,0,41819.92029,83522.40207,8.0000096,394.0064945,64435.75858,48630.44313,1014.041475,4.0000032,5629.273653,4672.88059,52184.74305,3316.442498,11381.19312,10112.09276,4.0000032,0,42381.77065,86647.45735,16.0000192,426.0075601,66144.71531,49991.86344,1038.043648,6.0000048,5769.339414,4704.888296,53793.60767,3244.422289,12005.77352,10400.33709,2.0000016,0,42871.42524,86558.74611,14.0000176,456.0088162,67620.50502,50009.95269,1002.040902,2.0000016,5617.2658,4558.834459,52214.85619,3204.412988,11727.50809,10402.34022,4.0000032,0,42732.94976,85807.66268,20.0000352,434.0079506,67361.13436,50369.38842,1036.843853,2.40000192,5636.277325,4628.262427,52854.91591,3221.21793,11638.63589,10374.31665,2.60000208,0,42235.35176,84899.49627,12.20001584,410.0070744,65348.66138,48918.32051
18,SN5,1027.320611,2.40000256,5631.471969,4605.448114,52969.08978,3247.837821,11593.55817,10336.77597,2.20000176,0,41767.53151,79746.53702,16.00002176,387.6063169,64585.12932,45728.76662,52.35437209,3.747596639,122.514239,85.50459638,760.077067,88.41357804,142.7128399,234.4690015,1.475730755,0,478.167222,830.9338017,6.798706491,21.96627637,455.9065729,657.4670931,5.096205753,156.1496934,2.175527814,1.856596671,1.43494455,2.722228847,1.230966695,2.26829915,67.07861703,N/A,1.144829979,1.041968508,42.49185778,5.667161604,0.705900225,1.437753829,118.360318,0.708063508,1.909365301,0.21888653,0.088606184,0.485766616,0.397260022,0.280167378,0.891648648,3454.904511,N/A,0.646709847,1.74406413,7.691114634,0.010891204,0.014835989,0.00186202,0.00426557,0.010130433,0.006822815,0.007854052,0.019813042,1655.491088,N/A,0.006410555,0.018127784,6.498051682,1.538167672,0.77701156,0.850678355,4.81407707,2.08545263,1.717468374,2.80334283,2.222068337,47.91713006,N/A,0.991256807,1.039398952,114.6910837,0.704028976,1.910276433,0.217661842,0.090109135,0.498687703,0.392466284,0.292925278,0.918497734,5677.297689,N/A,0.645137356,1.750482906,123.4881203,0.709016589,1.907319552,0.21806017,0.085764658,0.48998386,0.391664271,0.274572779,0.864175753,3281.304471,N/A,0.642324091,1.727910625,115.1219077,0.703429732,1.89161364,0.218551667,0.094601178,0.475461785,0.406113355,0.278456863,0.894557571,5698.624318,N/A,0.651991898,1.753290646,110.2190374,0.697329842,1.895488525,0.219659493,0.088612589,0.492934338,0.392369929,0.278323873,0.870547634,2226.458155,N/A,0.64211189,1.74539457,132.3246431,0.728277116,1.899757043,0.217819977,0.095421223,0.473205128,0.39524757,0.289060228,0.904476656,5855.450783,N/A,0.658378127,1.717421098,127.9556569,0.694491137,1.918436165,0.216741752,0.085006263,0.501546501,0.40474638,0.279487787,0.910651724,2070.583448,N/A,0.641769694,1.772800437,113.6694013,0.717359309,1.890694437,0.216789603,0.086557223,0.48675645,0.39303941,0.283335364,0.911630102,1656.351635,N/A,0.655392883,1.727373802,121.5129522,0.704135302,1.921724971,0.222076334,0.084048826,0.482802453,0.388228042,0.266111213,0.884943964,3246.178393,N/A,0.645831206,1.762601521,108.8729678,0.701325715,1.927202033,0.221473518,0.083951527,0.483071155,0.40536113,0.2854965,0.890505636,2264.593135,N/A,0.638955886,1.755813393,115.7474094,0.721241363,1.931140211,0.22003094,0.091989214,0.473216784,0.403363848,0.273903894,0.866499705,2572.20308,N/A,0.645205444,1.727552303,1054.045613,0,5833.366232,4590.848252,53741.31449,3426.473949,11697.4846,10744.62333,4.0000032,0,41619.19326,79504.16404,8.0000064,396.0065281,64512.14282,45418.41785,1014.042435,0,5793.347009,4630.860767,54221.4868,3246.424061,11823.59774,10218.17949,4.0000032,0,41617.19707,79377.29368,14.0000144,372.0059041,64791.58681,45938.30984,1110.050398,4.0000032,5551.235157,4742.90064,53421.96824,3252.42442,11675.46022,10444.37133,0,0,42255.36332,79930.82162,8.0000064,396.0065633,64809.64475,45589.03102,1010.041703,2.0000016,5603.258877,4460.798242,51748.9615,3164.405582,11367.17619,9895.92469,2.0000016,0,41003.18753,77721.07143,20.0000288,404.0066785,63856.76412,44529.22723,1102.05002,0,5465.196361,4564.839756,53022.30704,3338.448414,11549.34327,10446.36686,2.0000016,0,42347.65826,80450.26205,8.0000064,354.0054417,64321.18039,46843.64374,990.0402401,12.000016,5743.322201,4638.863113,52833.50171,3204.414915,11451.2513,10428.35706,2.0000016,0,42094.81249,80756.21064,22.0000336,356.0054049,65591.77364,45552.90543,996.0406353,0,5601.256445,4522.825587,53080.53499,3260.427336,11507.30811,10490.40847,0,0,42371.73516,80112.00397,28.0000448,408.0070753,64650.89305,46377.91998,990.0395936,4.0000032,5655.281022,4548.828971,52745.13921,3118.392029,11713.49828,10366.30155,4.0000032,0,41683.46106,80104.148,14.0000144,374.0057617,64542.34589,45446.54424,964.0376015,0,5547.233912,4654.869131,51849.38018,3278.43186,11483.2902,10226.19047,2.0000016,0,41264.07633,79524.21179,20.0000384,416.0073025,64580.47766,45291.94966,1076.04653,2.0000016,5521.222473,4706.888573,53026.30359,3196.409992,11667.45296,10110.101,2.0000016,0,41418.63059,79985.18302,18.000024,400.0065089,64194.48407,46299.71717,1030.643477,2.40000256,5631.471969,4606.252303,52969.08978,3248.625256,11593.58629,10337.08243,2.20000176,0,41767.53151,79746.53702,16.00002176,387.6063169,64585.12932,45728.76662
19,Blank,12.58548952,9.40001232,189.8016232,403.6571547,49978.71326,298.7198426,227.5101958,117.397701,7.2000096,1.0000008,41704.55814,5476.605123,7.80001008,132.2008187,63792.78597,109.8005707,10.04349914,3.657570205,20.16522855,30.53403181,786.9909634,31.84656898,15.83212078,13.33134156,3.011096751,1.414214694,622.8661263,114.2328648,3.047774305,15.84526152,867.3281545,16.85114435,79.8022129,38.91027033,10.62437096,7.564347974,1.574652311,10.66101558,6.958862097,11.35570922,41.82073245,141.4213562,1.493520503,2.085833509,39.07397905,11.98575143,1.359602252,15.34704623,0.839610882,0.001720657,0.131318118,0.004553408,0.054119498,0.837303954,1.786082717,1.317782647,0.516613089,18.76175005,2405.780728,0.653807713,51.01053804,0.153530366,0.000261959,0.001841576,0.000326223,0.043379832,0.097323523,0.224035331,0.15926361,0.05315176,17.22874903,711.0135102,0.009907446,8.265610153,18.28589525,15.22438224,1.402377383,7.164363534,80.15564265,11.62343997,12.54339058,12.08572675,10.28850441,91.82911497,29.55437718,1.515345541,16.20373058,0.876922541,0.001772584,0.131333099,0.004851539,0.089686443,0.818612557,1.786037074,1.132960506,0.556518559,9.500037734,N/A,0.635432854,47.08007224,1.000000468,0.002020174,0.129933919,0.003916588,-0.00932544,0.909677168,2.18652831,1.55009319,0.589302766,16.2500799,1342.288202,0.642134939,41.30095586,1.030769288,0.002129973,0.129640899,0.004816628,0.059498753,0.924766866,1.398292066,1.465844404,0.541766613,67.0003616,N/A,0.653158722,39.75452491,0.984374629,0.00198656,0.134115646,0.004323889,0.015678126,0.889098299,1.93556247,1.417297976,0.45122877,15.7500732,N/A,0.656115892,44.29536982,0.793102136,0.001439687,0.130389328,0.004662868,0.141958873,0.827858697,1.721785418,1.333960485,0.436194418,9.200013056,N/A,0.669595065,60.6437754,0.641024016,0.001564093,0.13356749,0.004513274,0.053339801,0.877685045,1.819671464,1.073933877,0.555603589,16.6667328,N/A,0.650990979,55.59212521,0.793649479,0.001552669,0.128472618,0.004879568,0.028148203,0.617948124,1.680346873,1.290281214,0.535506264,16.66673387,N/A,0.655179315,54.21154175,0.640623717,0.001327091,0.130528603,0.004569149,0.087463565,0.73679,1.770721729,1.152233784,0.466664551,13.66670933,2684.584421,0.665712607,65.47746439,0.964912024,0.001705699,0.132459661,0.004172001,0.03121793,0.934187781,2.006676073,1.459824462,0.554107319,13.7500608,2799.625643,0.655471877,50.90205934,0.670730518,0.001708043,0.132739912,0.00482857,0.043528727,0.836415007,1.555205689,1.301396572,0.479238036,9.166698222,2796.624644,0.654284879,50.84749153,30.0000496,6.0000048,198.0017232,434.0077777,49855.26496,276.0031488,242.0025648,136.0007712,10.0000144,0,40866.73745,5367.155278,12.0000128,130.0007344,64313.22714,114.0005744,12.0000128,10.0000112,180.0014144,436.0077825,50522.02199,310.0040433,198.0017456,118.0006384,10.000008,4.0000032,41322.21329,5369.157105,8.0000096,130.0007344,64351.29249,130.0007952,28.0000448,10.0000176,220.0021664,336.0046689,49391.42563,352.0055713,238.002376,130.0007312,8.0000096,0,41091.50261,5327.13935,2.0000016,130.0007984,62911.97105,134.0008304,20.0000384,12.000016,192.0015872,422.0074257,49943.67072,310.0039665,216.0020288,98.0004528,4.0000032,0,41615.18191,5581.247002,8.0000064,128.0007456,63426.57209,126.0006864,44.0001184,8.0000064,192.0016576,402.0068145,49738.83466,312.0044225,232.0023168,102.0004528,6.0000048,0,42789.16484,5579.25043,10.0000272,116.000672,63903.04688,92.0003808,26.0000528,10.0000144,200.0019328,418.0072913,50489.8147,248.0029952,228.0021728,128.0007968,10.0000272,0,41621.1985,5559.239027,6.0000048,156.0011392,63935.13864,100.0004768,18.0000336,8.0000128,152.0009856,416.0072065,50409.57289,320.0042049,246.0024944,132.000784,2.0000016,0,42197.16574,5421.18037,6.0000048,126.0008176,64405.52195,100.0004832,22.00004,2.0000016,162.0011504,390.0062737,48121.49193,254.0027376,220.002048,104.0004928,10.0000176,2.0000016,41134.0733,5369.173137,6.0000048,128.0007584,61789.53632,82.0003216,26.0000496,14.0000176,198.0017744,430.0075473,50803.13059,314.0042225,212.00184,118.0006352,4.0000032,2.0000016,42271.40335,5599.255765,8.0000064,114.0006256,64490.0336,110.0005744,30.0000592,14.0000208,204.00184,384.0061825,50511.90452,322.0043409,244.0024992,118.0006608,8.0000064,2.0000016,42136.94039,5593.253763,12.0000224,164.0011616,64401.51952,110.000584,25.60004992,9.40001232,189.8016232,406.8068971,49978.71326,301.8039653,227.6022087,118.4006416,7.2000096,1.0000008,41704.55814,5476.605123,7.80001008,132.2008187,63792.78597,109.8005707
20,Dur251,-7365.075924,99972.28769,11382.21089,11347.64806,61711.89234,10735.09984,23128.0658,20517.63038,19160.13388,0.40000032,40529.83225,171484.3965,20.20003056,196.8017194,61868.7691,10814.70087,758.746984,1910.726797,301.4643965,428.0812227,1220.149773,434.6661339,553.227889,584.2345497,465.0516878,0.843274717,902.5698227,3295.403868,5.370714326,20.48772809,1509.9413,267.2165505,10.3019574,1.91125645,2.648557467,3.772422447,1.977171218,4.049018086,2.392019695,2.84747575,2.427183915,210.8185107,2.226927112,1.921693131,26.58765446,10.41033999,2.44055494,2.470864,55.4662219,0.174820707,4.231408087,0.374757859,-0.318608146,0.492166244,0.490772291,0.464223592,0.887164622,573.0793047,83618.34592,0.655155333,15.85984472,5.658538284,0.002818887,0.028630945,0.003394696,0.033415158,0.007812165,0.018754631,0.016874483,0.016043827,162.3519249,3327.558779,0.006840166,0.231023587,10.20177342,1.612444693,0.676629252,0.905837045,10.48785439,1.587301988,3.821452636,3.634990384,1.808438554,28.32974836,3.97946018,1.044052491,1.456657306,60.43700194,0.174802157,4.236940335,0.376614991,-0.334766189,0.487963367,0.482722822,0.494826755,0.87815558,388.5259392,85971.2853,0.652077864,15.80538276,56.58044534,0.177773663,4.228852231,0.374155848,-0.336079536,0.49939311,0.485722487,0.459171488,0.890679733,430.8850349,N/A,0.647214299,15.39583307,56.6028614,0.171997017,4.220436483,0.379543178,-0.278986522,0.485516433,0.503398613,0.474821213,0.90540838,896.2185885,N/A,0.65508286,16.07432301,45.24773869,0.169699893,4.200078192,0.375590886,-0.25663999,0.478232064,0.49989845,0.448634288,0.866610965,593.2529614,N/A,0.649567237,16.0768115,58.95999018,0.175698395,4.216443465,0.379655394,-0.302363973,0.489112192,0.474563296,0.440874249,0.867585476,678.0444329,N/A,0.666887236,16.0040866,46.95894572,0.175325382,4.198334082,0.368817767,-0.303055375,0.488476486,0.460875297,0.469767807,0.888849291,490.9388736,N/A,0.661037622,15.82917856,58.15154137,0.175646989,4.244938434,0.375529184,-0.357753032,0.499643207,0.483996075,0.443659736,0.884624259,502.2215629,N/A,0.651199849,15.73783461,51.50602193,0.17608755,4.274538303,0.37322912,-0.355450402,0.491410308,0.508593151,0.475189826,0.874097357,392.2405823,81265.40654,0.656520932,15.93709422,58.38692186,0.17905995,4.212075061,0.373007994,-0.316440603,0.499086677,0.525929304,0.474816187,0.912884883,686.051289,N/A,0.663926553,15.61772175,61.83075061,0.172116077,4.281444285,0.371434232,-0.344545842,0.502828596,0.482023415,0.460474375,0.902750299,672.4137828,N/A,0.648038872,16.12018108,131775.0781,100909.793,11569.37263,45257.82736,62954.24017,44840.37432,23952.94212,23474.04245,19048.51529,2.0000016,40581.81012,171942.7081,28.0000448,180.0013792,62234.60776,10878.7437,133865.088,102391.8423,11737.52001,45725.52,62817.58871,44386.69953,23752.58025,23648.38351,19485.19535,0,40786.46414,172479.9299,26.0000368,198.0017424,63018.48427,11203.02676,131736.712,99911.90306,11475.28142,45376.26446,62272.7753,44003.36641,23876.82114,24033.10811,18906.3025,0,40961.05133,172873.5154,12.000016,190.001656,62528.04617,10754.6374,133574.4195,100804.9883,11167.00307,45450.51377,62170.29084,43549.76537,23602.26891,22979.13103,19693.51264,0,40874.7908,171677.3175,18.000024,236.0022368,62926.18908,10678.56754,131644.0377,100164.0841,11381.18775,44605.48287,61289.98644,43122.34423,23516.14043,22880.93546,19332.95381,0,41177.82052,173623.9523,16.0000224,184.0014912,61746.30177,10848.72612,131043.6911,99611.4766,11074.90887,43826.79267,61473.03633,43333.03868,22919.00481,22840.85975,19300.89593,0,40722.28007,170965.7363,22.0000304,230.0023984,61603.57403,10800.67014,132252.1937,101611.4559,11775.55483,45454.60204,62759.24314,43794.62859,23816.68334,23560.20034,19465.15451,0,40963.0376,173885.5727,22.0000272,190.0016368,62903.94211,11048.88804,124658.3506,95699.45483,10838.83327,43284.66113,59096.63494,41879.83884,22288.32287,21805.54468,18133.48245,2.0000016,38023.04053,162530.9431,26.0000624,198.0016944,57915.96073,10198.27961,128558.6628,97998.08299,11233.08788,44674.2966,60339.96301,42839.77363,22746.83003,23157.56528,18744.11816,0,40700.39908,171433.1359,16.0000192,188.001584,61302.56265,10976.8338,131383.2103,100619.7959,11569.3592,44806.19576,61945.16452,43607.97655,23257.64351,23486.0488,19491.2082,0,40507.62834,173431.1539,16.0000224,174.0013744,62508.0224,10758.63559,131049.1444,99972.28769,11382.21089,44846.21567,61711.89234,43535.78061,23372.92374,23186.58194,19160.13388,0.40000032,40529.83225,171484.3965,20.20003056,196.8017194,61868.7691,10814.70087
21,CTJ4ap1,-868.2388758,11991.37029,1987.56019,2049.82885,54934.6868,1870.613312,3994.150885,3461.575911,2903.339735,0,43574.35783,9001.651236,8.40000928,142.4009238,66529.4805,1056.445389,262.6155722,391.7308298,83.99225781,132.0378998,1253.700132,115.0734969,153.8865084,95.13715935,122.4128976,0,1122.59094,329.3321942,4.087929584,13.68872811,1598.853871,44.16304638,30.24692622,3.266772856,4.225897572,6.44141094,2.282164885,6.151645354,3.852796571,2.748377091,4.216278797,N/A,2.576265023,3.658575361,48.66577462,9.612808501,2.403226148,4.180343521,7.486436834,0.01588393,0.206545986,0.072696951,-0.216582236,0.49793838,0.5139195,0.469506428,0.867445213,173.9664358,N/A,0.65497656,8.530236989,0.828247581,0.000670683,0.00359702,0.001870135,0.062244927,0.020675106,0.037779167,0.041099589,0.030519108,136.6203756,N/A,0.007681495,0.397862286,11.06330822,4.222397876,1.741510441,2.572508783,28.73962718,4.152141395,7.351183773,8.753786155,3.518274982,78.53260599,N/A,1.172789277,4.664141062,8.288191375,0.016544746,0.204261368,0.071800144,-0.198919326,0.500311054,0.518121769,0.514661905,0.886053123,68.37788468,N/A,0.656183685,8.10124095,6.231926177,0.015959428,0.206563475,0.070638713,-0.240214037,0.520986134,0.550441826,0.53536057,0.901088919,102.2041995,N/A,0.641720353,8.30581038,8.045750118,0.016079361,0.211369417,0.072079184,-0.167490511,0.495796584,0.474928158,0.440493834,0.87264696,531.0223914,N/A,0.659221529,8.66572201,7.811889614,0.016034164,0.207559178,0.072538124,-0.329825532,0.537081433,0.498167262,0.458970779,0.847343168,179.6744569,N/A,0.657491442,8.511100673,7.944762912,0.017134766,0.209468436,0.077485879,-0.258472284,0.459266206,0.430601052,0.386751794,0.802389129,114.4051986,N/A,0.659771098,8.065544788,7.243110284,0.015914362,0.199454729,0.072276915,-0.161475823,0.484458526,0.519852602,0.498997001,0.877541752,126.7550659,N/A,0.663850244,8.320036124,6.620487362,0.015564227,0.202129173,0.071657735,-0.125252049,0.490653978,0.525864269,0.46464006,0.887752254,87.17030816,N/A,0.650371007,8.44622431,8.323394468,0.015758089,0.208384797,0.072956591,-0.17196102,0.498051185,0.531138621,0.460603885,0.83317001,108.2046581,N/A,0.644308668,8.520330802,6.275214559,0.01481821,0.208427372,0.073706576,-0.272190189,0.492005983,0.558680004,0.471945426,0.88840574,167.3399697,N/A,0.6642978,9.343762974,8.079641468,0.015031947,0.207841915,0.071829653,-0.240021593,0.500772717,0.531399435,0.462639026,0.878061073,254.5102252,N/A,0.65254977,9.022596875,15918.14865,12069.8432,1994.162601,6109.498724,55513.05826,6011.451048,4024.649055,3954.628873,3036.372472,0,43391.21649,8863.149237,16.000032,132.0008544,66126.63116,1094.048343,14888.89356,11403.22648,1950.154254,5881.389155,52990.74489,5745.333352,3778.575744,3758.571667,2768.308617,0,41095.8123,8488.893805,10.000008,164.0011104,64040.06374,1022.042813,15992.24421,12035.80687,1988.159184,5937.416688,55633.67676,5715.314421,4046.66043,3898.612028,2866.329979,0,43541.74013,9203.392212,2.0000016,132.0008224,66050.23993,1062.045632,15854.06709,12408.16498,2158.187861,6159.526347,55396.55892,5915.40172,4054.66051,3800.580844,2840.323381,0,44206.05128,9175.371686,6.0000048,138.0008752,67234.41316,1078.047604,16108.39093,12432.18395,1962.15579,6005.445581,55137.41913,5731.318642,4308.746152,3824.589503,2846.326987,0,44051.55298,9227.409918,10.000008,144.0008864,66767.93377,1144.052902,15025.06664,11295.13472,1840.137322,5759.333176,52552.57747,5601.267445,3832.591097,3706.557008,2680.28976,0,42299.64348,8436.863943,8.0000096,140.0008704,63718.65325,1014.041744,15785.96654,11753.53292,1908.148729,5983.437798,54271.74923,5663.288328,3926.618096,3862.599477,2944.348448,0,43710.29984,8835.126779,12.0000096,158.0011376,67208.25397,1046.044535,16034.29994,12087.85025,2032.166676,6217.550381,55926.90839,5845.369073,4118.682147,3818.587209,3008.363894,0,44242.20158,9219.402191,10.000008,130.0007408,68666.15918,1082.047447,15886.10871,12282.05403,2022.165132,6411.650799,55762.21242,5969.429467,4148.691809,4072.670339,3024.36721,0,45010.99102,9381.522586,6.000008,160.001088,67757.2484,1004.041157,15848.05092,12145.90555,2020.164349,6213.547641,56161.96259,5851.373499,4072.667646,3962.630931,3018.3666,0,44194.06922,9185.38,4.0000032,126.0008528,67725.20846,1018.041715,15734.12372,11991.37029,1987.56019,6067.879629,54934.6868,5804.954699,4031.254269,3866.002788,2903.339735,0,43574.35783,9001.651236,8.40000928,142.4009238,66529.4805,1056.445389
22,CTJ4ap2,-817.6172876,11464.06535,1800.131236,1924.972361,53771.3568,1552.600692,3478.448614,2967.465451,2304.2141,0.60000048,42401.072,11679.46573,8.20000976,149.4010469,65065.64149,2474.047187,305.0812201,227.1277948,69.3566304,104.9667541,1034.371593,89.88985796,85.24615773,88.20048944,63.92156568,0.966092556,316.6924429,164.8209084,3.326664358,19.97912616,744.6862156,66.1872655,37.31345029,1.981215108,3.852865226,5.452896686,1.923647931,5.78963145,2.450694755,2.972249918,2.774115725,161.0152972,0.746897255,1.411202466,40.56902925,13.37281537,1.14451529,2.675262858,16.79191375,0.038026752,0.275452856,0.064698608,-0.233772577,0.517694076,0.553633048,0.446457116,0.853283327,355.3398115,5801.023314,0.651712831,4.724179917,1.998846444,0.00103766,0.003379334,0.001509235,0.084357606,0.021027327,0.03192841,0.025342295,0.023458556,157.0361878,53.35650664,0.005956444,0.156693015,11.903625,2.728764102,1.226828413,2.332716661,36.08533022,4.061728275,5.767070909,5.676311159,2.749210617,44.1932434,0.91977749,0.91396753,3.316829961,16.17951874,0.035931428,0.283417542,0.063536977,-0.352546977,0.529734238,0.574182362,0.434691253,0.866160859,590.5557734,N/A,0.641549008,5.060367789,18.01658733,0.037789147,0.271293795,0.06636827,-0.286285909,0.511719297,0.496151695,0.471838433,0.884200539,301.779445,N/A,0.658961456,4.730780395,13.78778338,0.037882576,0.275805066,0.065253421,-0.284536474,0.545225377,0.567948048,0.491324488,0.849588607,409.0405444,N/A,0.649724484,4.730335795,18.39304605,0.038352234,0.27343708,0.062918653,-0.078920151,0.546598288,0.60257136,0.444003907,0.833682336,634.5636717,N/A,0.643285102,4.58638213,19.00176045,0.038153247,0.273910693,0.063670986,-0.150616094,0.516251379,0.542454121,0.45672436,0.876800145,308.780154,5779.669108,0.651802126,4.679433255,18.35892513,0.039375301,0.277567219,0.063070731,-0.248490825,0.499315813,0.520547197,0.408549157,0.870984303,257.0262325,N/A,0.652128418,4.597030851,18.31054455,0.038906787,0.276451757,0.066079473,-0.213723447,0.493817618,0.56352776,0.4559166,0.808855267,249.0247324,N/A,0.659838193,4.688473199,13.33810336,0.038642788,0.274253331,0.06564825,-0.306404556,0.513986824,0.549811408,0.414257856,0.835343515,422.3761493,5861.749545,0.651812866,4.626008064,16.69594378,0.036670232,0.275841184,0.066926896,-0.265098486,0.485983722,0.532680098,0.431514775,0.841970265,171.7306708,N/A,0.656430994,4.937811741,15.83692477,0.038563777,0.272550892,0.063512423,-0.151102847,0.534308205,0.586456429,0.45575033,0.865247437,208.5207413,5761.651288,0.651595666,4.605175948,14926.9159,11673.45978,1856.13881,5923.406637,55147.50368,5353.152826,3534.502902,3368.455553,2394.231675,0,42177.09014,11953.72721,4.0000032,146.0009424,65742.5849,2362.224983,14690.66267,11333.15593,1788.129763,5531.228282,52651.01372,5367.154545,3522.499782,3396.471488,2202.194726,0,42099.11034,11421.22739,8.0000064,134.0008208,63887.06036,2414.237491,14698.64273,11343.15049,1928.150306,5809.353635,54195.28964,5459.195631,3566.513945,3332.445433,2354.22281,0,42092.78752,11609.40406,6.0000048,178.0014352,64785.59532,2454.24523,15483.6058,11379.18783,1878.144128,5883.3925,54611.13867,5259.109462,3464.483562,3174.406451,2224.198907,0,42574.41809,11641.42456,4.0000064,138.001,66182.8137,2538.258748,15331.41018,11439.23919,1736.121436,5657.283133,52817.43456,5289.124179,3392.461621,3270.430888,2310.2147,2.0000016,42201.15453,11559.34746,8.0000128,130.0008592,64745.3465,2470.245184,15249.30452,11637.42185,1734.121108,5707.307842,55065.07577,5237.100709,3502.492519,3346.451385,2308.214401,0,42568.38564,11815.58844,10.0000112,140.0008544,65276.0783,2570.265203,14906.89358,11305.11479,1722.1196,5753.325224,52775.23284,5299.127638,3516.499649,3138.395927,2280.210474,0,42233.30339,11675.47091,10.0000112,136.0008768,64005.54536,2490.250113,15011.02522,11627.41158,1824.134784,5847.371953,54060.71512,5285.124903,3578.514838,3286.433051,2310.213884,2.0000016,42747.00489,11723.50847,6.000008,190.0015472,65581.71384,2534.260275,15431.52498,11837.6051,1756.124812,5891.391707,53992.44231,5443.190112,3642.53327,3358.453798,2268.209312,0,43037.97882,11871.64704,14.0000176,144.0009888,65563.59951,2404.232413,14816.79408,11064.90701,1778.127608,5659.284825,52397.72168,5147.065251,3358.452309,3212.414524,2390.230114,2.0000016,42279.48663,11523.3118,12.000016,158.001144,64886.07715,2502.252232,15054.67797,11464.06535,1800.131236,5766.334574,53771.3568,5313.934526,3507.89544,3288.43585,2304.2141,0.60000048,42401.072,11679.46573,8.20000976,149.4010469,65065.64149,2474.047187
23,CTJ4ap3,-288.4276152,6787.850803,1822.334653,1810.007292,54548.3134,1530.49063,3560.299596,3057.428845,3272.631106,0.20000016,43675.45287,15087.91352,6.40000704,197.2017392,66358.85503,9194.190076,224.7892696,171.0765938,103.6621167,69.80584591,1143.446253,80.90703985,95.47189242,114.4868354,89.99964694,0.632456038,959.8695245,187.1202347,3.977720996,20.09342974,1421.083039,275.5985262,77.93611212,2.52033521,5.68842372,3.856661033,2.096208263,5.286346632,2.68156906,3.744546191,2.750070021,316.227766,2.197732276,1.240199545,62.15182219,10.18927613,2.141512295,2.997529135,47.12060137,0.13853914,0.345567849,0.065278386,-0.081585353,0.51197801,0.5083849,0.43023608,0.859130001,2277.762654,7541.549888,0.658181983,1.642043956,5.538027806,0.002086571,0.006841777,0.001601561,0.063153746,0.02867305,0.014212169,0.027188557,0.03446758,1618.789402,,0.005242606,0.041185436,11.75288015,1.506123669,1.979865105,2.453432518,77.40819135,5.600445646,2.795552965,6.319450622,4.011916653,71.06927488,,0.796528407,2.508181113,45.68284472,0.138271545,0.351128003,0.065255919,-0.128295697,0.525222579,0.519271219,0.427250504,0.833670885,904.526863,N/A,0.656217638,1.666404964,43.33922148,0.138477042,0.343111191,0.067826013,0.022159068,0.51452838,0.51157944,0.431439865,0.788385516,4550.654453,N/A,0.663345573,1.643603061,42.1097852,0.136248909,0.351173919,0.064085169,-0.145232354,0.508042727,0.501140771,0.486406418,0.860180995,2210.782116,N/A,0.655338848,1.689099115,37.92680812,0.135621001,0.349626108,0.066289843,-0.046620767,0.475542404,0.488726363,0.416712498,0.848965788,4399.550704,N/A,0.653541471,1.684806623,51.93251499,0.140261871,0.331236532,0.062358521,-0.092521176,0.55661865,0.533237649,0.443014727,0.890622169,955.5649997,N/A,0.664843121,1.570065536,51.98399652,0.138612015,0.354749843,0.064962931,-0.196033439,0.492989341,0.521812818,0.385868252,0.887517583,4522.637889,N/A,0.660631651,1.690755127,55.97215169,0.137165321,0.346468509,0.067258313,-0.065807321,0.4786518,0.488906247,0.402180107,0.836876586,774.28733,N/A,0.650518822,1.643157937,50.21193172,0.142480087,0.343928836,0.065812817,-0.030819399,0.492451137,0.504439767,0.425136583,0.857738042,2334.871455,N/A,0.665666073,1.606833367,48.56370381,0.140587215,0.34525666,0.064478519,-0.042170119,0.519311107,0.512620856,0.448280897,0.904936359,961.5683846,N/A,0.653479337,1.60482654,43.4830554,0.137666398,0.338998891,0.064455812,-0.090512323,0.556421972,0.502113868,0.436070953,0.882406083,1163.182342,7541.549888,0.658237298,1.620887288,8945.208202,6791.849953,1876.142744,4130.68707,54739.72064,3754.568155,3614.524577,3440.476271,3320.443067,0,42927.64266,15073.09743,10.0000112,198.0016528,65416.77663,9045.278761,9261.433852,6629.766844,1912.148466,4122.68184,54791.85299,3778.577006,3758.567749,3390.464911,3306.440333,0,43597.96923,14958.95114,2.0000016,210.0018384,65724.36905,9101.316187,8586.952969,6559.724398,1732.121173,3906.612476,53201.08575,3810.58502,3450.479361,3380.460207,3214.413921,0,42534.28741,14936.93241,4.0000032,210.0019152,64904.26681,8843.13554,8881.166783,6531.716692,1654.110278,3888.606962,52472.07325,3592.519794,3518.498322,3390.461341,3140.395448,0,42401.85692,14824.79619,2.0000016,232.0023456,64880.13207,8799.108447,9189.38464,6869.892702,1938.151639,4158.692338,55838.55779,3796.577867,3522.500669,3542.504756,3168.403959,0,45293.95795,15003.01354,10.0000112,184.0015008,68127.28672,9555.660699,8891.164433,6931.923893,1776.127843,4202.711134,55458.87875,3664.54356,3646.534519,3674.542082,3424.472827,0,43110.26183,15293.35863,2.0000016,174.0013008,65256.12534,9045.283015,9371.516938,6943.934635,1764.12534,4128.682702,54797.882,3760.569469,3728.558247,3552.505483,3360.458326,0,44065.57114,15267.33275,12.0000128,166.0014416,67739.11789,9291.457871,9181.377567,6709.809703,1734.121153,4024.6512,53506.40998,3698.552514,3562.511916,3468.482826,3216.416781,0,43634.05412,15007.00945,4.0000032,186.0014736,65549.46379,9339.493293,9395.537175,6895.907507,1872.14124,4158.693145,55910.83114,3878.605562,3646.535386,3714.555903,3246.422287,0,44695.82657,15431.53179,10.0000176,198.0018,68396.69453,9615.70077,9391.532835,7013.9817,1964.156656,4122.685012,54765.84171,3840.591832,3572.512832,3578.515699,3328.444107,2.0000016,44493.10087,15083.11184,8.0000064,214.0021232,67594.31745,9305.466181,9109.527539,6787.850803,1822.334653,4084.470388,54548.3134,3757.569078,3602.122358,3513.296948,3272.631106,0.20000016,43675.45287,15087.91352,6.40000704,197.2017392,66358.85503,9194.190076
24,SN1,1086.603252,4.80000544,5941.019242,4840.133537,56360.47731,3361.880498,12180.5027,10898.08882,3.400004,0,42843.14718,75707.06191,13.00001744,393.0065337,66285.20384,43515.68379,70.02591556,2.699799025,176.3627387,102.7129406,608.5637572,92.85464372,126.4452591,176.3770209,2.503335446,0,573.6299981,714.6601073,5.597627847,42.62898492,777.0873478,519.2386033,6.444478742,56.24574927,2.968560301,2.122109644,1.07977041,2.761985257,1.038095571,1.618421576,73.6274265,N/A,1.338907237,0.943980772,43.05861798,10.84688962,1.172339078,1.193221749,111.8969255,0.656502302,1.767271839,0.216134447,0.089221828,0.4878058,0.397391846,0.276035067,0.894858979,4345.756668,N/A,0.646355756,1.7398694,12.10036137,0.004187522,0.022179014,0.002764663,0.005941835,0.015609314,0.008722624,0.008239011,0.020123874,2804.579956,N/A,0.005676521,0.015585402,10.81384615,0.637853415,1.254985978,1.279140183,6.659620012,3.199903302,2.194967981,2.9847696,2.248831842,64.53605598,N/A,0.878234696,0.895780021,126.8495724,0.652413291,1.783206945,0.212587601,0.084160052,0.520648049,0.412457689,0.281631616,0.911777562,2169.155668,N/A,0.641819894,1.754252569,104.7190046,0.661549998,1.740566311,0.215274148,0.093502123,0.484868823,0.387995585,0.268565015,0.869149208,5445.479095,N/A,0.659263968,1.734551668,94.23137004,0.662114655,1.767812012,0.216086085,0.086250711,0.490179666,0.383589182,0.27330848,0.906514588,7255.949229,N/A,0.644503531,1.720791219,128.1212964,0.652357471,1.751484413,0.216554932,0.097015187,0.481680406,0.401384011,0.27532957,0.897518148,4356.179344,N/A,0.643189894,1.726870809,108.5085848,0.651266629,1.746791039,0.222357727,0.086788483,0.459718499,0.388206004,0.26349367,0.857334155,2375.167418,N/A,0.651510346,1.747444725,110.0315481,0.656506924,1.796458159,0.216547538,0.082864452,0.481433273,0.402681514,0.268419545,0.88909367,10838.27359,N/A,0.641493532,1.755375683,99.73743187,0.653632721,1.785395289,0.213614302,0.100496616,0.487414414,0.401646751,0.287637668,0.896354321,3091.913939,N/A,0.641056907,1.751044499,128.734395,0.660315024,1.796727062,0.216153925,0.08373164,0.48990063,0.402024977,0.273636206,0.923597777,2687.364438,N/A,0.64619993,1.75831968,107.5226707,0.660173966,1.764078543,0.213844194,0.088935241,0.501271195,0.399284215,0.280419777,0.909954416,2782.19268,N/A,0.649428758,1.735365824,110.5133816,0.65469234,1.740198618,0.218324021,0.088473774,0.480943047,0.394648531,0.287909125,0.887295943,2455.891282,N/A,0.645090797,1.714677327,1034.043421,6.0000048,6345.61846,5029.013129,57331.2986,3434.473113,12187.94882,11112.95355,2.0000016,0,42678.75238,76105.04764,20.0000288,342.0049041,66496.46234,43383.17583,1152.053721,4.0000032,5945.42304,4758.911406,56959.55968,3294.435298,12262.02291,10658.55303,8.000016,0,43413.32975,75563.77923,8.0000064,416.0072737,65851.20966,43563.86761,1046.044964,4.0000032,5913.404031,4628.863593,55828.43573,3298.437055,12063.82481,10936.79945,6.000008,0,42377.75382,74915.90225,6.0000048,462.008885,65752.55491,43535.7302,1176.055971,2.0000016,5825.369567,4854.947336,55846.55965,3330.450134,12093.87346,10854.72657,2.0000016,0,42949.69531,75225.72189,10.0000176,340.0049121,66776.073,43561.87011,1090.048225,8.0000096,5715.313547,4828.936342,55910.81927,3278.431486,12432.20266,10658.55197,0,0,42769.08483,74708.65415,18.0000304,394.0064817,65646.05624,42753.08572,1014.041843,2.0000016,5875.382712,4914.971142,56356.86262,3276.432185,12203.96543,10850.72428,2.0000016,0,42361.70384,76101.02848,4.0000032,394.0063537,66036.0576,43353.12904,1218.061714,6.000008,5867.379719,4836.939303,56352.80007,3464.482973,12037.81518,10790.65902,4.0000032,0,42454.01581,75797.19981,14.0000176,434.0080626,66225.03458,43286.84957,1010.041696,2.0000016,5893.393518,4836.939486,55653.73517,3292.437716,12029.79885,11110.95046,2.0000016,0,42078.74684,75604.02318,16.0000192,334.0046193,65117.22589,42997.8826,1102.049316,10.0000176,6133.511603,4888.958412,57218.83089,3434.473466,12235.99143,11134.96045,6.0000048,0,43790.60213,77250.06162,16.0000224,414.0070641,67429.41638,44515.1452,1090.048964,4.0000032,5895.396225,4838.939013,56145.87142,3530.500262,12258.01798,10876.74555,2.0000016,0,43557.78706,75799.20084,18.000024,400.0067809,67521.94776,44206.10201,1093.248983,4.80000544,5941.019242,4841.741916,56360.47731,3363.455369,12180.54615,10898.56243,3.400004,0,42843.14718,75707.06191,13.00001744,393.0065337,66285.20384,43515.68379
25,CTJ4ap4,-857.7983944,9680.362012,1367.075848,1479.21469,53707.30507,1348.918685,2616.387606,2268.877412,2073.173996,0.60000048,42699.53317,30328.2197,10.60001232,228.2022639,65361.9306,14151.02799,398.1836208,275.2412706,53.29113452,139.1597196,1361.71157,118.545434,89.60384737,125.2744927,91.42980263,1.349898195,1026.174548,675.9548672,5.253578668,33.90836641,1469.025374,416.6285382,46.41925461,2.843295222,3.898184186,9.40767561,2.535430828,8.788182367,3.424716092,5.521430642,4.410136478,224.9828526,2.403245357,2.228798373,49.5620053,14.85890886,2.247524455,2.944157402,63.07544775,0.216482192,0.710317559,0.04872538,-0.32951087,0.522809183,0.565571705,0.515369607,0.86786394,2070.379471,10960.60918,0.653285636,2.143867361,8.139521567,0.00281607,0.005725932,0.001510401,0.157635557,0.020879816,0.052486724,0.038846458,0.052744246,1998.364522,4832.385377,0.00640555,0.038440858,12.90442138,1.300832061,0.806108705,3.099824108,47.83925862,3.993773833,9.280295303,7.537591953,6.077478698,96.5216546,44.0886569,0.980512876,1.793061402,61.12789931,0.222037585,0.716854885,0.050843625,-0.38442523,0.478511562,0.495296737,0.51586465,0.809478856,1030.451097,7543.596714,0.647855395,2.091620232,65.38533245,0.215656886,0.709105233,0.04770559,-0.22325818,0.52218977,0.562286394,0.514096005,0.841902881,1187.843827,N/A,0.641788713,2.110276856,47.64792363,0.217122986,0.713046135,0.046950786,-0.23194218,0.548889673,0.639386975,0.497770347,0.928543583,881.4962169,N/A,0.649510168,2.133034018,68.22371473,0.216304445,0.70825767,0.049624797,-0.247440171,0.536079885,0.614437495,0.557771499,0.824932369,994.1248054,N/A,0.663890703,2.173814244,66.93279346,0.211950765,0.711629508,0.049607814,-0.633258832,0.529325589,0.56372854,0.50793876,0.825151292,3279.732743,14377.62165,0.652829305,2.191889215,69.5192797,0.213591723,0.708897766,0.04811294,-0.045502174,0.551109468,0.634816731,0.591336259,0.898853818,2363.674308,N/A,0.660272728,2.191404498,55.59308904,0.217488794,0.714601279,0.048982232,-0.357567773,0.517617549,0.547628496,0.466577503,0.817476416,1445.4346,N/A,0.655064328,2.152339894,76.64047856,0.21616219,0.710848087,0.04700814,-0.434855129,0.519396106,0.483822866,0.46801093,0.929492142,1410.194213,N/A,0.655341075,2.155085261,58.21161329,0.215229283,0.713899682,0.050999248,-0.317231069,0.510291698,0.551541904,0.494628493,0.856358983,795.5657798,N/A,0.649656317,2.154862159,61.47235331,0.219277266,0.696035344,0.047418626,-0.419627959,0.514680533,0.562770911,0.539701624,0.946449061,7315.277123,N/A,0.656647633,2.08434723,12466.21979,9761.815216,1306.069199,4622.858078,53683.05787,4610.851682,2756.306146,2502.252302,2102.177758,4.0000032,42092.77444,30174.411,14.0000176,236.0024416,64972.48419,14426.33349,12918.67751,9745.809646,1344.073611,4712.890639,53954.22049,4520.818958,2600.271558,2454.243469,2062.171411,0,42419.90429,30080.1761,12.0000096,218.0020624,66096.37012,14254.13733,12714.47279,9605.697495,1384.077006,4830.937512,53707.17666,4406.782365,2546.260636,2610.274443,1930.150004,0,42191.13365,30084.22479,16.0000224,296.003648,64958.38819,14103.95922,12374.1374,9405.547094,1404.080376,4760.908628,52779.31125,4546.832901,2646.283123,2456.2459,2122.182408,0,42716.97951,30254.62838,14.0000144,204.0018144,64343.39162,13917.76159,11167.01782,9211.430775,1326.071913,4498.811262,50500.3163,4294.742947,2530.260237,2340.221906,1960.15818,2.0000016,40407.63626,28755.26631,4.0000032,196.0017024,61896.17404,13118.94147,12922.68784,9421.561234,1474.087815,4854.947922,55593.44499,4672.877855,2702.293653,2704.294151,2154.188303,0,43840.77004,31078.62392,6.0000048,204.0017856,66397.97191,14182.05719,13074.8417,10136.11905,1388.077643,4864.952905,54747.7402,4576.842924,2710.295282,2504.252832,2240.202105,0,43535.73292,31110.69043,10.000008,260.0027776,66460.24068,14454.35757,12434.18939,9771.827141,1308.069962,4492.810265,53574.63404,4384.773593,2544.260712,2622.276937,2020.164529,0,42753.04699,30390.92167,10.0000112,184.0014336,65237.85644,14101.95793,12908.66799,9953.975387,1404.079397,4852.943771,53952.2293,4626.858469,2778.311304,2648.282904,2096.176626,0,43224.66531,30858.07481,18.0000304,246.0026,66534.66487,14320.20822,12468.22185,9789.837085,1332.071559,4736.901036,54580.91963,4608.853288,2614.275772,2734.301043,2044.168635,0,43812.68832,30495.17961,2.0000016,238.0023728,66721.76393,14630.56595,12544.91341,9680.362012,1367.075848,4722.896202,53707.30507,4525.023498,2642.881842,2557.664589,2073.173996,0.60000048,42699.53317,30328.2197,10.60001232,228.2022639,65361.9306,14151.02799
26,CTJ4ap5,-1038.212848,21509.5268,5254.110043,4749.953593,57905.40694,3951.230779,10678.22474,9475.293484,9691.570447,0.20000016,43162.09229,11695.27971,7.60000832,163.4012335,65736.83205,5082.437713,382.7945972,402.2880698,176.2660552,171.2968746,1097.069206,163.2330179,205.0504543,257.2053054,241.966643,0.632456038,876.1270795,261.8936872,3.373100219,17.84026224,1595.59784,147.7620785,36.87053168,1.870278568,3.354822297,3.606285225,1.894588544,4.131194228,1.920267266,2.714483788,2.496671146,316.227766,2.029853126,2.239311018,44.38284903,10.91807073,2.427250889,2.907307217,31.47353124,0.077316723,0.270973051,0.184418337,-0.097802488,0.492021864,0.444835927,0.369995669,0.887317821,901.6406147,5938.817413,0.656674076,2.301896003,3.893428105,0.001338828,0.003688895,0.002147614,0.038434276,0.012810735,0.013899088,0.012466759,0.0152279,671.38337,,0.006786465,0.046751993,12.37048387,1.731614912,1.361351179,1.164534074,39.29785075,2.603692178,3.124542568,3.369433703,1.716171945,74.4624143,,1.033460167,2.031021066,29.15191164,0.076797666,0.265998477,0.183681741,-0.084951153,0.51011589,0.462059072,0.376806899,0.904128277,2594.538373,N/A,0.644263023,2.231486865,36.7028832,0.077764017,0.270151632,0.182016004,-0.074797367,0.480779477,0.42518819,0.37858619,0.904411668,506.5026094,N/A,0.666036472,2.313805891,32.05480465,0.079763214,0.267634618,0.183998475,-0.089256165,0.484700238,0.447722194,0.390506078,0.856750166,443.4275516,N/A,0.661440297,2.219372966,30.75586021,0.07731796,0.274697704,0.187468241,-0.117817074,0.479922972,0.450422578,0.362123342,0.888854174,615.1202306,N/A,0.652689672,2.318896609,27.72929292,0.07723354,0.266391551,0.183024996,-0.19063286,0.488282477,0.441251623,0.371677986,0.87870103,603.116494,N/A,0.667042235,2.300741552,39.74222352,0.077076395,0.275530272,0.182237722,-0.114573315,0.510831947,0.461822733,0.352696749,0.892547821,635.8790419,5938.817413,0.653156939,2.334884869,29.64538647,0.077143247,0.272964921,0.18314883,-0.082407813,0.505683728,0.447625312,0.371530603,0.872011017,637.380078,N/A,0.657647765,2.327031552,28.63765486,0.074382844,0.268604642,0.186717622,-0.101415615,0.475821346,0.42452954,0.361249047,0.885310024,1245.747792,N/A,0.654966639,2.365156677,31.83127682,0.077386739,0.275259543,0.187876554,-0.049215633,0.490257913,0.4559738,0.353222718,0.902657206,424.4196189,N/A,0.655989546,2.333311707,28.48401808,0.078301613,0.272497153,0.184013182,-0.072957883,0.493822647,0.431764231,0.38155708,0.887806828,1310.274357,N/A,0.653508169,2.274271345,29420.62157,21913.22087,5517.223245,12340.10855,58882.42917,11265.08096,10942.80886,11164.99541,9951.97223,0,43531.69981,11579.36586,2.0000016,178.0013936,67568.21091,5189.080898,29063.79058,21564.61212,5097.040533,11733.52154,58245.52838,11088.92661,10724.6051,10928.78284,9623.712639,0,43381.19399,11719.50034,10.0000112,138.0009232,65133.36106,5065.031766,29264.23602,21831.07306,5221.095226,12137.899,58542.89,11369.17989,10898.75396,10612.51471,9933.953402,0,44125.77906,11809.58604,12.0000128,166.001208,66711.65831,5321.136295,27456.27359,20729.2534,5067.033612,11701.49587,56318.94905,10624.52444,10680.59209,10720.63271,9591.709907,0,41541.02626,11411.22456,8.000016,160.0011072,63645.90717,4920.971687,27103.40639,20981.64152,4985.000256,11535.34796,55780.65875,10678.58426,10328.27705,10268.2246,9313.486171,0,41671.49715,11100.93475,8.0000096,174.0014704,62472.05191,4824.937742,28185.79631,21232.04404,5397.167927,11993.76586,57976.18069,10692.58434,10684.57149,10728.62238,9321.481548,2.0000016,43108.30983,11877.64433,8.0000064,128.0008,65999.92627,5087.036405,28991.59816,21576.64274,5411.175897,12019.77933,58426.31874,11054.88948,10824.69619,10682.56727,9701.769452,0,43469.46075,11865.63791,8.0000064,172.0012896,66098.39347,5099.044703,29047.75176,21772.9506,5149.067388,11889.66507,57956.12581,11052.88697,10946.79563,10946.80575,9809.859999,0,43876.994,11785.56426,4.0000032,174.0015088,66991.18911,4982.995154,29390.54932,21612.68179,5307.130333,12177.94436,57618.58059,10914.77149,10948.80658,11118.95291,9673.75212,0,43172.53353,11883.65186,12.0000128,160.0011488,65812.83766,5093.04086,29498.81452,21881.14784,5389.16601,12043.81547,59306.40822,11343.14877,11040.87985,11080.91521,9994.006999,0,43742.42851,11919.68723,4.0000032,184.0014848,66934.78458,5241.101621,28742.28382,21509.5268,5254.110043,11957.3343,57905.40694,11008.45772,10802.07868,10825.30138,9691.570447,0.20000016,43162.09229,11695.27971,7.60000832,163.4012335,65736.83205,5082.437713
27,CTJ4ap6,-459.805125,6807.261789,1275.666207,1455.595338,53529.47068,1191.625284,2458.18408,2131.849228,1976.95804,0.40000032,41787.01492,8748.468748,8.4000096,196.6017275,64048.69027,9015.258821,250.3163323,195.7824356,68.25350376,112.1779614,741.3420314,123.6806302,95.1626335,95.88829001,80.67779236,0.843274717,560.0439028,177.1053803,3.97772071,18.42856712,1302.950628,102.1374038,54.43965687,2.876082067,5.350420306,7.706672213,1.38492315,10.37915457,3.871257416,4.497892664,4.08090565,210.8185107,1.34023429,2.024415763,47.35376385,9.373552997,2.034312681,1.132939229,46.28721107,0.14080681,0.209363716,0.045927927,-0.187462865,0.520192404,0.593730202,0.485163436,0.868749947,1456.31524,4445.58028,0.652552871,0.970501277,5.158327591,0.003183689,0.003528446,0.001833998,0.102389705,0.042756433,0.060623906,0.052812942,0.057532258,1124.189199,106.1390612,0.009089011,0.021647599,11.14417454,2.261033281,1.685318639,3.993208849,54.61865996,8.219349801,10.21068249,10.88559806,6.622418613,77.1940833,2.387518715,1.392839019,2.23055857,48.25945837,0.142151757,0.207800661,0.045796485,-0.363194843,0.515584319,0.482219465,0.440790179,0.875084648,916.9362724,N/A,0.647644298,0.946741118,43.4618021,0.13762515,0.20529646,0.04857051,-0.172149566,0.487538417,0.534676341,0.474010298,0.811063787,746.0999562,N/A,0.641450973,0.95685719,44.69221764,0.137969767,0.208986595,0.043916862,-0.288816166,0.587476956,0.660480937,0.49828771,0.930268016,1474.854051,4370.52863,0.652122127,0.987787299,48.90993679,0.142571924,0.214124255,0.043743981,-0.256143633,0.559776053,0.665087076,0.403958559,0.848546645,1516.218005,N/A,0.643571084,0.96655902,58.77422642,0.147640362,0.207918884,0.044362005,-0.161000972,0.570329654,0.663778829,0.597189134,0.930868888,1131.409965,N/A,0.664866084,0.936317225,43.6019641,0.139755371,0.20653277,0.044168478,-0.077339572,0.527165243,0.597992486,0.458886448,0.954366806,647.806212,N/A,0.657111724,0.971090439,40.35645451,0.14015157,0.20507608,0.048399278,-0.148367107,0.470112598,0.575074979,0.474955213,0.781182405,4479.607388,N/A,0.658374532,0.963363221,43.4326873,0.137164286,0.213359165,0.046594022,-0.26729022,0.519739714,0.562591807,0.466616063,0.864780096,1491.20093,4520.63193,0.649638073,1.010512588,48.03818004,0.139843848,0.214381024,0.046313106,-0.070643732,0.456616393,0.623523887,0.505511805,0.879513468,1521.220897,N/A,0.643446518,0.986405376,43.34518338,0.14319407,0.210161269,0.047414541,-0.069682841,0.507584696,0.571876217,0.531428954,0.811824715,637.7987189,N/A,0.667303296,0.979379291,8787.091646,6999.964164,1284.067277,3546.509545,54382.09431,3394.464174,2514.254968,2438.239388,1858.138745,0,41775.72107,8681.022439,10.0000112,190.0015728,64504.11315,9169.372994,8925.202501,6771.835085,1276.066637,3668.540426,53887.97346,3462.482322,2644.282354,2416.235713,2106.178907,0,41729.62697,8566.944712,12.000016,206.0018448,65055.05289,8953.211412,8951.217132,6955.937496,1382.076905,3884.608752,53568.57298,3454.48084,2378.227025,2468.245977,2008.162791,2.0000016,41825.95656,8741.064253,6.000008,198.0017232,64138.22627,8849.136107,9019.265174,6951.936952,1324.071005,3902.614163,54072.77505,3236.421524,2390.22939,2278.210441,1946.15275,0,41065.39381,8793.096857,6.000008,186.0014704,63808.63715,9097.320161,8596.966389,6479.697622,1326.071173,3714.557052,52411.87677,3514.49613,2350.222564,2438.239491,1966.156901,0,40760.50784,8474.879285,8.0000096,154.001016,61306.34242,9051.290584,9257.436458,6819.878643,1260.064621,3714.555439,54116.98837,3334.446919,2416.235181,2564.264703,2032.167893,0,42642.6612,8807.106919,14.0000144,208.0020128,64894.08059,9069.296297,8931.194011,6723.818016,1198.058251,3718.556671,52654.7025,3416.468849,2574.266365,2272.20696,2020.163671,0,42086.74603,8630.984907,2.0000016,222.0022064,63925.23406,8959.221944,9101.32467,7057.995448,1304.0689,3776.571027,53849.84226,3486.489664,2534.258447,2444.240225,1970.156629,2.0000016,42375.82707,9041.271093,6.0000048,206.0018224,65229.90076,8947.212736,9235.420384,6797.850085,1140.052444,3834.590714,53910.01145,3492.49077,2520.256199,2452.242331,1840.137162,0,41996.48767,9003.250025,6.0000048,190.0016336,65268.03156,9127.332683,8845.132056,6513.704377,1262.064853,3604.522598,52439.86967,3458.483139,2512.254704,2300.212753,2022.164956,0,41611.22099,8745.066994,14.0000176,206.0019728,62357.28382,8929.193289,8965.025042,6807.261789,1275.666207,3736.562639,53529.47068,3425.072433,2483.44872,2407.233798,1976.95804,0.40000032,41787.01492,8748.468748,8.4000096,196.6017275,64048.69027,9015.258821
28,CTJ4ap7,-1826.158311,28311.07262,4000.242754,3965.017744,55279.06391,3612.270562,8136.18358,7039.378197,6285.385748,1.0000008,43059.49472,20048.48781,6.80000896,188.6015653,65436.99916,7652.749561,368.3429249,430.5025967,83.71890992,226.2040489,732.8150589,130.1789822,82.63328889,183.4969392,117.0496528,1.414214694,510.2924718,256.9635033,2.859686833,16.16745206,905.6923414,184.4768563,20.17037202,1.520615635,2.092845736,5.704994617,1.32566474,3.603799327,1.015627144,2.60672085,1.862250902,141.4213562,1.185086994,1.28171015,42.05416272,8.572278835,1.384067657,2.410595758,40.89366591,0.116948499,0.465623634,0.147214795,-0.22455635,0.491711692,0.487435406,0.443958466,0.865368869,1432.805777,8756.131817,0.658118831,2.620669566,4.247169708,0.00230218,0.005480408,0.002918758,0.04551649,0.011687972,0.029415565,0.014870337,0.027635547,923.4712556,2441.156001,0.01039062,0.048630646,10.38588645,1.96854206,1.177003892,1.982652406,20.26951805,2.376997017,6.034761576,3.349488262,3.193499145,64.45194946,27.87938844,1.578836383,1.855657287,37.63722367,0.114379794,0.472430222,0.149426792,-0.135088398,0.480021558,0.50385512,0.457720301,0.849837035,1863.057326,9987.977836,0.648982512,2.680534221,41.0337365,0.117024629,0.461554762,0.142196247,-0.227367324,0.493842475,0.504246933,0.414282319,0.868838563,1908.082601,9892.82862,0.657275368,2.592348103,41.73307369,0.117935927,0.461396597,0.144004968,-0.194376556,0.505070289,0.553807903,0.455358074,0.890513403,970.3006197,5095.653015,0.671173976,2.625810431,49.85312312,0.121601703,0.463639977,0.149707461,-0.23766599,0.497529726,0.449886741,0.433008238,0.868139797,797.6539103,N/A,0.661372288,2.521663974,33.4025666,0.113647968,0.468123154,0.147887385,-0.202498819,0.484220465,0.500205814,0.456299589,0.865692237,1247.039373,N/A,0.647242825,2.666034058,41.7678243,0.118081725,0.459860536,0.149613642,-0.258026509,0.480640899,0.481417467,0.449247441,0.868740046,751.8252749,N/A,0.675482732,2.630617478,38.43985154,0.114795763,0.471922377,0.147011739,-0.293592175,0.494128385,0.471596171,0.445176785,0.832407299,1255.711596,N/A,0.651863681,2.679794526,40.15009866,0.11707124,0.458329028,0.151251997,-0.19592216,0.474197527,0.472231203,0.430729662,0.813383733,3774.137925,N/A,0.667504509,2.613252345,43.5519504,0.118211853,0.47290922,0.144572129,-0.272990973,0.510650017,0.464974115,0.437370375,0.902618902,990.81303,N/A,0.646125786,2.584840969,41.3672106,0.116734386,0.46607047,0.146475591,-0.228034598,0.49681558,0.47213259,0.46039187,0.893517674,769.4361191,10048.0678,0.65416463,2.611799559,37827.21158,28125.65109,3956.628603,13577.3812,55161.50054,13000.77044,8324.774191,7900.504526,6429.656248,2.0000016,42283.43302,19975.97165,4.0000032,198.0017264,65153.42433,7452.235265,38130.20972,28857.31689,3960.631016,13713.54252,56401.13063,12790.57646,8102.632044,7868.482717,6463.68088,2.0000016,42867.44435,19785.67307,4.0000032,186.0014992,65219.91607,7632.336508,37706.80629,28368.18283,4078.667401,13977.81444,56077.54523,12984.75556,8156.667148,8076.612297,6355.624269,4.0000032,44175.93994,20382.62837,8.0000096,186.0014992,65818.91064,7762.414272,37985.66826,28849.31087,4096.675901,13371.16681,55000.81546,13030.79732,8312.773929,8006.573554,6161.522092,0,43383.20181,20114.1867,10.0000176,160.001072,65595.73571,7976.553142,37090.98894,27973.28419,3918.615052,13421.22556,54721.5426,12870.63293,8170.676944,7856.48034,6107.498428,0,42612.55408,19947.92323,6.000008,224.0021344,65837.04353,7482.246213,36344.92474,27760.911,3894.607857,13202.98571,54159.1471,12748.52024,8182.686062,7908.50765,6239.560739,0,43007.99993,19777.68189,10.0000176,180.0013792,63670.02133,7518.265981,37189.28388,28600.6984,4054.659431,13453.24739,55816.49554,13036.80252,8284.753979,7692.373738,6187.534521,0,42783.11749,20190.31052,6.0000048,196.0016832,65632.00056,7534.275604,36701.85596,27672.617,3900.610803,13156.93633,54384.13384,12622.37966,8306.777438,7574.305214,6343.615736,0,43038.00139,19725.56534,2.0000016,188.0015776,64475.97103,7548.281889,37494.17745,28668.87215,4112.679633,13351.13812,55707.92145,12928.69102,8134.651163,8150.662036,6325.603569,0,43324.9867,20488.78568,8.0000128,182.0014224,67053.4866,7926.516922,37241.4194,28233.88174,4028.651847,13289.06646,55360.40668,12996.76641,8188.68709,8114.641519,6239.561001,2.0000016,43118.26848,20096.15167,10.0000112,186.0016592,65913.48182,7694.369809,37371.25462,28311.07262,4000.242754,13451.45045,55279.06391,12901.06926,8216.507999,7914.914359,6285.385748,1.0000008,43059.49472,20048.48781,6.80000896,188.6015653,65436.99916,7652.749561
29,CTJ4ap8,-1313.650542,20298.52327,2893.938039,2845.338595,54484.21948,2717.432964,5831.695528,5087.436646,4233.122196,0.20000016,42907.30485,26461.85302,8.20000912,184.4015219,65587.05239,8573.150152,332.8689567,698.2274758,130.8174149,204.0899687,2181.110837,238.7861709,238.1869701,244.544629,181.8179629,0.632456038,1327.608189,881.2461769,4.467170622,17.70901506,2700.983861,295.1497153,25.33923186,3.439794445,4.520394463,7.172783201,4.003197362,8.787196372,4.084351951,4.806833894,4.295126728,316.227766,3.094130928,3.330251197,54.47762993,9.603508082,4.118166257,3.442721871,46.87944289,0.130765359,0.616727444,0.107060175,-0.226474773,0.49652468,0.488156967,0.465792931,0.872391281,1067.718935,12071.72653,0.654519994,3.087085986,4.830009353,0.002219301,0.008161045,0.002531534,0.06454108,0.020208768,0.032372995,0.035141967,0.022956108,346.7669627,,0.010614246,0.051763557,10.30304341,1.697162648,1.323282289,2.364590009,28.49813233,4.070042958,6.631677382,7.544547029,2.631400479,32.47736377,,1.621684015,1.676777291,48.26085036,0.130433736,0.618895362,0.108730477,-0.249986407,0.499581757,0.509723019,0.431451626,0.897421228,1447.83524,N/A,0.651660334,3.092064752,46.31666714,0.131338289,0.60271824,0.105547486,-0.22746841,0.50311754,0.537084643,0.494882201,0.894298238,615.3547144,N/A,0.667817534,3.064649397,50.27285336,0.130605623,0.608888549,0.109385503,-0.211957601,0.465767889,0.448849687,0.454421912,0.827783091,540.4364314,N/A,0.653387148,3.046116575,56.33086164,0.130965153,0.612493549,0.10757972,-0.189556163,0.493365553,0.471426081,0.497042903,0.878258902,1084.375936,N/A,0.657129737,3.073242879,49.45342966,0.128414605,0.628663789,0.108719968,-0.260110696,0.486798744,0.526733461,0.460922192,0.85759496,1434.159773,N/A,0.641671237,3.141351962,46.12955143,0.133615811,0.62735909,0.104919948,-0.265511798,0.47409036,0.454437723,0.429518027,0.881164915,1118.649907,N/A,0.644315814,3.025221199,40.0595109,0.131112966,0.61894575,0.101344397,-0.150974551,0.540347165,0.500449994,0.530832806,0.881239404,1455.507955,N/A,0.646298781,3.050986461,42.09317834,0.127261949,0.622316984,0.106759696,-0.182481686,0.508674596,0.473830824,0.478522727,0.896343517,850.289056,N/A,0.655169748,3.203811224,41.56597958,0.134687549,0.615305267,0.108206386,-0.369066592,0.496138963,0.50795403,0.418509973,0.860033426,N/A,12071.72653,0.676296808,3.089587656,48.3115465,0.129217907,0.611687856,0.109408171,-0.157633821,0.49736423,0.451080202,0.461824942,0.849775129,1062.861405,N/A,0.651452801,3.083827752,27456.17319,20911.50781,2990.36065,10058.06087,55051.0625,9443.570468,6039.462594,5957.423618,4204.709836,0,43401.25868,26860.8377,6.000008,180.0014496,66601.04415,8687.023025,27514.299,20841.38737,2966.353574,10150.12329,55860.59564,9755.81038,5951.418388,5877.388547,4340.756596,0,43804.67647,26401.87752,14.0000144,186.0016144,65593.78013,8614.974863,26838.81835,20310.52279,2816.319579,9519.64191,55278.0382,9411.55126,6103.495185,5625.269404,4450.794704,0,43258.75423,26339.76009,16.0000256,172.001312,66206.92549,8646.996737,27085.33515,20376.6305,2932.344757,9629.717799,55247.90282,9639.727523,5997.441611,5807.355164,4216.713308,0,43527.68513,26660.42633,8.0000064,154.001096,66239.10417,8675.014432,26977.10823,20611.00049,2918.343274,10064.05449,55141.37721,9525.636651,6049.470151,5735.319916,4264.731998,0,42997.9041,27031.22532,6.0000048,174.0013904,67009.24341,8604.965521,27193.57698,20759.24548,2764.307471,9605.695189,55573.42427,9315.478207,5885.389965,5733.320027,4274.734375,0,43154.43805,27073.32896,8.0000064,194.001592,66977.15174,8949.206416,27015.22432,20124.2008,3032.369143,9551.658288,55374.45276,9581.680225,5667.286771,5549.238031,4334.755398,0,43048.08892,26644.43169,6.0000048,218.0020304,66607.10214,8733.054713,27422.08222,20580.93916,2990.361326,9681.75507,55065.08212,9565.666027,5933.411783,5865.378862,4278.739238,0,43774.61557,27241.68672,10.0000112,202.0018544,66814.15876,8502.900083,23702.65298,18517.83858,2602.275257,8869.176122,48472.67715,8270.767904,5293.137281,5035.037512,3762.578979,2.0000016,39238.20203,24143.47238,0,188.0014464,58019.20336,7814.464282,26696.53352,19951.95972,2926.345361,9339.497118,53777.5821,9263.43532,5937.415638,5585.252877,4202.707532,0,42867.42527,26221.48345,8.0000096,176.0014336,65802.81056,8502.901445,26790.18039,20298.52327,2893.938039,9646.938015,54484.21948,9377.332397,5885.792937,5677.098396,4233.122196,0.20000016,42907.30485,26461.85302,8.20000912,184.4015219,65587.05239,8573.150152
30,SN2,1089.218928,5.80000592,5969.832025,4808.387896,55418.48562,3358.352048,12053.98343,10892.91041,3.2000032,0,43116.10785,85503.55321,13.8000184,425.4075897,65863.59542,49309.53052,55.12639935,3.58391862,224.3155964,178.9165925,1055.37189,78.4914056,366.526599,233.4058112,2.859684893,0,550.2103713,904.5633441,5.996307101,31.42718007,620.4193348,670.6588244,5.061094507,61.79163728,3.757485896,3.720926772,1.90436797,2.337200046,3.040709332,2.142731395,89.36506355,N/A,1.276113264,1.057924858,43.45144279,7.387545692,0.941976111,1.360099797,116.5307513,0.748650587,1.983253545,0.217488363,0.090345155,0.495241166,0.398915787,0.278675159,0.904067178,4498.377858,N/A,0.65463452,1.73410954,9.486522825,0.006032466,0.021826126,0.004078312,0.003178991,0.009889785,0.009385537,0.003426965,0.020150846,2938.667816,N/A,0.006469935,0.011647657,8.140789205,0.805778573,1.100521217,1.875186327,3.518717555,1.996963399,2.352761406,1.22973458,2.228910305,65.32727816,N/A,0.988327838,0.671679406,125.7618312,0.748139756,1.995950252,0.224438063,0.088069039,0.505581579,0.394822157,0.275690661,0.890918713,2780.776092,N/A,0.650802625,1.736266055,109.9509158,0.74281827,1.97139286,0.219557643,0.091340838,0.497739926,0.391150413,0.278103072,0.887027009,4104.903884,N/A,0.654092349,1.735919859,124.1026796,0.744645945,1.973881609,0.215495065,0.090015097,0.500746984,0.390348428,0.28461478,0.930342316,4012.713549,N/A,0.658010423,1.744231175,114.1541171,0.743234948,1.999681884,0.214011815,0.086516303,0.511195357,0.408969571,0.279037868,0.921189616,3039.403795,N/A,0.651353121,1.752472809,136.1016487,0.756899032,1.996449382,0.213801837,0.096552871,0.494643218,0.405747037,0.277900363,0.903443382,1926.38752,N/A,0.657393466,1.733986599,116.0864332,0.746638652,1.935429188,0.214451835,0.086364589,0.484603303,0.40557259,0.274857309,0.91211324,12363.40797,N/A,0.667806065,1.731080151,114.4830744,0.751431913,2.01269638,0.22458005,0.092466551,0.482495568,0.391576921,0.276697488,0.86508561,4140.545401,N/A,0.642111485,1.719883651,109.2346107,0.749179159,1.971770566,0.215765912,0.088075991,0.493008153,0.404288486,0.279884992,0.892480462,4915.644381,N/A,0.654155202,1.721676261,104.3681705,0.743143788,1.979602309,0.215256192,0.091614043,0.482016944,0.384796886,0.284288457,0.923543607,2702.025253,N/A,0.655824125,1.746998325,111.0640324,0.760374405,1.99568102,0.217525214,0.092436223,0.500380628,0.411885383,0.275676603,0.914527825,4997.970737,N/A,0.654796343,1.71858051,1138.052708,8.0000096,6469.680557,5055.02696,57015.78185,3530.50354,12796.56275,11401.20886,4.0000032,0,43541.73642,86907.13979,18.0000272,398.0066513,66904.67244,50054.0453,1116.05063,4.0000032,6051.47085,4756.906826,55374.51137,3382.460958,12157.92276,10784.66179,2.0000016,0,43375.19356,85509.54687,12.0000192,448.0083234,66313.56205,49258.92542,1054.04497,6.0000048,5817.358081,4536.828767,53910.0987,3308.44101,11617.41131,10808.67898,4.0000032,0,42550.32948,83989.3128,12.000016,388.0063425,64665.12991,48152.62679,1026.042826,6.000008,6013.453268,4812.92937,54966.65242,3284.434195,11763.53863,10836.70468,2.0000016,0,42618.61001,85223.66238,16.0000192,426.0075793,65430.88325,48630.51908,1180.057398,0,6045.469021,4958.990748,57164.51306,3396.46431,12221.98015,11042.8891,8.0000096,0,43501.60349,86848.74942,26.0000496,368.0056161,66172.85655,50086.17106,1046.04522,8.0000064,5807.350002,4862.948741,55880.7036,3296.437655,11983.74496,10930.78773,2.0000016,0,44232.18868,85608.26902,4.0000032,426.0073297,66235.0808,49453.67143,1158.054139,6.0000048,5999.443182,4870.953616,55366.41979,3442.478648,12434.19334,10756.64173,0,0,42458.05185,85455.16727,12.0000128,434.0082418,66122.5548,49686.59782,1052.044888,10.0000112,5811.355292,4768.919094,54631.16895,3302.437634,11787.56954,10520.4313,2.0000016,0,42921.61504,84631.57718,10.0000112,450.0084594,65613.80984,49156.49887,1086.048567,10.0000112,5641.276559,4506.814165,54370.01258,3330.445783,11703.48186,10808.67586,0,0,42921.69558,84967.88769,18.0000176,466.0089554,65446.96042,48636.5021,1116.050521,0,6041.463437,4972.99525,55504.99391,3328.446435,12073.83792,11042.88161,8.0000096,0,43040.05442,85894.21969,10.000008,450.0083986,65730.44411,49979.74736,1097.249187,5.80000592,5969.832025,4810.331354,55418.48562,3360.255017,12054.02432,10893.35616,3.2000032,0,43116.10785,85503.55321,13.8000184,425.4075897,65863.59542,49309.53052
31,CTJ4ap9,-1093.815282,15322.80455,2213.797854,2294.471966,55526.13377,2120.073004,4416.154646,3827.485626,3164.803899,0.20000016,43711.54612,12646.40543,7.8000088,180.0014455,66828.08947,6136.312448,234.909948,293.5221755,72.87764808,142.9325144,716.949932,184.8135826,148.8209726,119.7080943,94.87756554,0.632456038,495.2013036,219.6928858,2.898280318,19.75438453,954.0445833,162.1501318,21.47619912,1.915590417,3.291973924,6.229429539,1.291193684,8.717321632,3.369922129,3.127590957,2.997897139,316.227766,1.132884438,1.737196289,37.15739805,10.97456994,1.427610143,2.642468636,34.4616348,0.091838062,0.289365184,0.079543798,-0.247870893,0.501395614,0.520563725,0.480689127,0.86761298,895.387965,6266.140024,0.654163601,2.062483029,3.867349329,0.002713021,0.006859519,0.002846666,0.053387612,0.009753723,0.043230653,0.047093304,0.040739963,359.4624689,,0.008682275,0.074353531,11.22218766,2.954135475,2.370540531,3.578740515,21.53847564,1.945314768,8.304584291,9.79703963,4.695637738,40.14600183,,1.327233039,3.605049352,33.74639085,0.088439408,0.29266789,0.080250799,-0.260297922,0.502535283,0.533986272,0.451893098,0.824736039,1484.852725,N/A,0.644641659,2.133278805,30.23483573,0.090322907,0.293307437,0.085110466,-0.189983016,0.503032973,0.459144341,0.442620438,0.809394091,1017.914683,N/A,0.642389379,2.086044275,39.98408255,0.09362158,0.286729594,0.078176373,-0.183602783,0.504219811,0.517183809,0.485476908,0.920252087,1559.388656,N/A,0.664407108,2.03484261,32.27633249,0.090654936,0.292190172,0.083446099,-0.256855269,0.476851884,0.459342824,0.501053832,0.833945257,750.4299819,N/A,0.654500972,2.109523877,26.88906657,0.089982765,0.303209121,0.080198172,-0.239537929,0.497683126,0.546976002,0.473786915,0.864248765,746.1783842,N/A,0.648418749,2.184934853,34.31278652,0.095818489,0.287603516,0.077957035,-0.312887361,0.499415298,0.536115032,0.472565261,0.834987005,789.1991683,N/A,0.659624701,1.979893289,37.7868217,0.090627134,0.292006754,0.079486817,-0.355752937,0.507514493,0.4668884,0.435189227,0.869930622,765.1876702,N/A,0.653655863,2.106123384,37.03228308,0.09463313,0.28133844,0.07730892,-0.233961173,0.500966363,0.559852087,0.436622356,0.895841159,644.3657027,6266.140024,0.654201697,1.944901162,36.32178648,0.089052267,0.279463321,0.076115254,-0.206160774,0.512748196,0.555020638,0.588595039,0.918228057,753.6817513,N/A,0.649523873,2.038332155,36.03196203,0.095228007,0.285135595,0.077388048,-0.239669767,0.508988714,0.571127845,0.519088197,0.904566718,442.6809285,N/A,0.670272013,2.006955876,20330.52992,15535.66967,2276.209379,7624.33454,56441.20595,7144.04601,4570.837445,4186.704924,3238.420962,0,43292.85841,12670.42953,4.0000032,176.0015072,67158.02152,5939.415652,20560.91375,15497.6119,2372.227276,7358.172215,55408.56113,7172.062222,4754.907603,4242.724414,3056.377007,0,43437.36008,12740.50077,6.0000048,202.0018576,67618.4282,6107.492981,20600.9756,15457.5729,2198.195421,7434.214101,55766.17744,7188.07851,4400.778535,4460.802097,3222.416901,0,44266.27855,12692.45208,4.0000032,156.0010688,66625.23321,6237.559613,20006.00974,15289.35846,2158.186882,7202.078339,54237.48031,7284.126451,4564.837447,4198.708957,3046.372851,0,43343.05575,12664.41491,8.0000096,186.0015248,66223.05792,6003.447059,19905.85625,15149.19396,2220.198197,7516.266768,55625.55547,7084.011749,4500.817273,4288.74099,3110.391571,0,43015.92137,13042.8197,8.0000064,222.0021968,66339.72482,5969.431849,19763.6572,15241.31242,2136.183021,7400.197911,54868.27453,7021.975558,4318.7536,4022.649576,3238.421948,0,43463.5024,12500.2561,8.0000096,184.0014048,65891.25958,6313.600923,20400.65552,15880.09175,2262.208588,7402.198623,56077.55754,7150.046096,4498.812162,4328.754824,3238.422588,0,44151.89877,12892.65263,8.0000096,162.0011536,67546.09158,6121.508707,20010.01325,15177.22306,2148.185424,7486.253956,55466.86182,6851.885422,4328.752909,4284.741675,3182.408032,2.0000016,44545.24615,12532.29007,10.0000112,174.0012688,68090.99756,6443.664244,20196.31776,15227.27678,2204.194981,7488.248759,56477.33122,7526.279322,4340.760061,4404.779009,3284.43756,0,43977.30869,12290.04473,8.0000096,166.0012304,67706.9936,6029.461246,19435.11382,14772.73461,2162.189369,7376.183306,54892.33226,7051.99279,4286.737207,4264.730628,3030.369567,0,43622.03099,12438.19375,14.0000208,172.0012416,65081.0867,6197.542206,20121.00428,15322.80455,2213.797854,7428.814852,55526.13377,7147.450413,4456.599424,4268.333709,3164.803899,0.20000016,43711.54612,12646.40543,7.8000088,180.0014455,66828.08947,6136.312448
32,CTJ4ap10,-1272.580598,20985.42287,3545.105611,3508.492432,55513.16148,3086.51822,7094.758125,6273.140485,5532.428705,0.40000032,43162.46536,15896.71996,7.40000784,164.201245,65765.38464,3692.148743,389.2081638,333.0068629,121.7850807,231.7314876,872.6933882,195.4534846,172.9452764,91.57419307,121.2406677,0.843274717,650.6784852,294.9397067,3.533966605,19.67428877,958.1267947,136.5704252,30.5841661,1.586848476,3.435301908,6.604873521,1.572047718,6.332490875,2.43764866,1.459782278,2.191454679,210.8185107,1.507510009,1.855349452,47.75625488,11.98181462,1.456886172,3.698941585,22.77154721,0.056135614,0.36828986,0.127803389,-0.17955821,0.49979665,0.494327678,0.434878947,0.884620764,659.9837415,8152.81825,0.6563174,4.309810401,2.823661186,0.001741031,0.002802289,0.002380463,0.055460854,0.016540842,0.025905102,0.022487157,0.023332822,468.9017653,159.3042515,0.004111495,0.145943977,12.39995315,3.101473973,0.760892156,1.86259737,30.8873953,3.309514342,5.240471652,5.170900299,2.63760727,71.0474722,1.953977712,0.626449214,3.386320119,24.93785661,0.058000022,0.365067277,0.130074978,-0.189374555,0.474866587,0.4853579,0.452046482,0.864130133,1895.288235,N/A,0.654168999,4.117510453,21.07042924,0.056635331,0.365730699,0.123859604,-0.191918608,0.496937508,0.49819696,0.421699882,0.922193723,625.0937049,N/A,0.659138208,4.256478629,24.81936891,0.057740588,0.368707934,0.127367764,-0.21472878,0.523237813,0.511433857,0.454081739,0.88009332,269.4690742,N/A,0.656286187,4.19077696,27.45983572,0.056757235,0.366900751,0.130109272,-0.085054391,0.48818137,0.501529838,0.431427785,0.852899692,373.4557113,N/A,0.648746869,4.193751053,19.23585775,0.053243705,0.371389092,0.129174332,-0.121743567,0.491497069,0.475559454,0.464615108,0.910677756,865.6203546,N/A,0.656932956,4.582283204,23.73059172,0.05473159,0.367968387,0.127282358,-0.218496681,0.503632686,0.465849988,0.405952144,0.889892927,365.4533649,N/A,0.650232673,4.371608244,24.15731883,0.057528901,0.373457386,0.125733965,-0.128558278,0.499534848,0.485753742,0.453591237,0.873944176,628.0942709,8040.173134,0.657300723,4.266965018,21.4277852,0.053400566,0.364978797,0.1250457,-0.245850526,0.527224935,0.506160956,0.397819971,0.912638632,571.4113996,N/A,0.660342201,4.513264942,18.20646273,0.057038832,0.368344783,0.128351364,-0.247791645,0.484393125,0.462467794,0.422485144,0.869386722,625.0936808,N/A,0.66044583,4.265020328,22.66996537,0.056279369,0.370353491,0.13103455,-0.152065069,0.508460558,0.550966286,0.445069979,0.870350563,380.8576192,8265.463366,0.659579355,4.340445174,27748.86022,21033.70105,3442.476484,10566.47345,55732.12573,10178.15503,7320.143955,7035.985328,5539.232783,0,42753.08066,15607.75072,2.0000016,152.0010144,65354.7947,3790.579502,28211.81391,21336.21001,3440.476165,10598.50177,55896.81819,9919.941255,6995.962179,7176.065036,5681.294209,0,43650.15243,15964.20075,6.0000048,178.001368,66223.06509,3750.56523,27911.16869,21268.10183,3740.56091,10782.66031,56127.80845,10224.18885,7220.097024,7068.01272,5573.244595,0,42879.47673,15810.00329,14.0000144,152.0010816,65336.55225,3772.570919,27750.79758,20484.79151,3506.497004,10466.38996,55205.71304,9819.862386,7252.106531,6881.898999,5425.182364,0,42686.80384,15661.82037,10.0000112,136.0008608,65798.85915,3734.561296,27420.07502,20412.67195,3398.463886,10128.1112,53528.55282,9909.939518,6981.954254,7031.982283,5277.117012,0,42720.91855,15866.08314,4.0000032,180.0015488,65030.86523,3462.484188,27514.26576,20989.63821,3564.509753,10330.2762,55605.49171,9759.818807,7150.049088,7088.020008,5669.287861,0,43417.33657,15976.20732,10.0000112,154.0011216,66772.00077,3654.537742,28005.38023,20881.43439,3518.497042,10418.3496,56019.44316,10046.04233,7114.028788,6923.921086,5515.22114,2.0000016,43058.08304,16080.35913,6.000008,156.0011968,65507.43297,3768.57065,27211.6145,20865.41665,3596.519864,10444.38296,54552.88945,9559.666275,6891.9073,6991.962676,5501.212569,0,42395.88364,15473.5986,6.0000048,160.0011904,64202.89905,3428.47114,27650.59099,21260.07909,3488.488734,10454.38364,56109.81875,10018.0253,7272.125983,7027.985669,5505.21715,0,43427.34595,15996.23633,6.0000048,206.0018544,65754.59179,3750.565086,28398.23928,21322.184,3754.56627,11213.04254,56352.95353,10282.23877,7456.225793,7212.08515,5637.277366,2.0000016,44635.57215,16530.93996,10.0000144,168.0012128,67672.78543,3808.581676,27782.28062,20985.42287,3545.105611,10540.25716,55513.16148,9971.787852,7165.460089,7043.791896,5532.428705,0.40000032,43162.46536,15896.71996,7.40000784,164.201245,65765.38464,3692.148743
33,CTJ4ap11,-387.4622284,6568.534708,1323.07145,1460.564649,52725.01048,1206.733924,2545.618231,2211.41807,1803.531527,0.80000064,41704.39591,8450.463769,7.40000688,140.6009038,63171.32174,1883.343489,222.3611138,227.2451671,77.53246381,116.5977076,1654.595145,68.90083983,128.2452017,100.1477118,62.37705688,1.032796385,1451.828615,302.2816439,2.319006055,17.98910423,1959.54236,74.94032371,57.38910725,3.459602136,5.860036038,7.983056939,3.138159917,5.709696102,5.037880391,4.528664801,3.458606404,129.0994449,3.481236409,3.577101235,31.33789053,12.79444423,3.10194928,3.979110776,13.56953969,0.029815144,0.202684598,0.048267806,-0.152430978,0.521343024,0.573569334,0.475353784,0.870259205,311.6333685,4083.582484,0.660138899,4.489877842,1.602003069,0.000822851,0.00522631,0.001504356,0.086600685,0.045981729,0.033890009,0.038665298,0.050784061,222.9531777,73.90618072,0.007361753,0.151568331,11.80587629,2.759843493,2.578543179,3.116686465,56.81304795,8.819860892,5.908615895,8.134004513,5.835509763,71.54342256,1.809836853,1.11518239,3.375778492,16.07009883,0.029955402,0.196397179,0.048649713,-0.13163906,0.505912479,0.577173858,0.49689643,0.878215577,233.0174037,4049.309367,0.662632174,4.344428037,11.49460564,0.029500158,0.194762377,0.044986955,-0.148773169,0.605943932,0.61195479,0.524553567,0.943125361,310.356216,4045.306165,0.658095226,4.344796721,12.92619833,0.028403315,0.207945577,0.048553273,-0.234519218,0.5721141,0.569138483,0.468305974,0.819733355,216.5149855,N/A,0.651575922,4.770299994,15.40783,0.03077332,0.208886853,0.047560715,-0.151002883,0.555844499,0.502737925,0.505679174,0.912332903,227.2666821,4045.308769,0.655570139,4.449958011,14.30539922,0.030913422,0.20111274,0.049274449,-0.168336743,0.510449763,0.54161023,0.473379166,0.851487827,197.415476,N/A,0.669221201,4.353737038,12.45418521,0.028870672,0.201608071,0.047563562,-0.050802329,0.492178248,0.557800189,0.50216955,0.897911095,934.0693108,N/A,0.663754359,4.63509254,12.12283462,0.030668316,0.202317088,0.049752649,-0.206618982,0.464338035,0.572197439,0.426907796,0.812230256,248.51971,N/A,0.660198062,4.355287967,12.06334862,0.029852203,0.203982176,0.049025541,-0.157670303,0.532458715,0.58736587,0.408129911,0.858808701,321.6914131,N/A,0.665948099,4.550469528,15.17849104,0.029880811,0.19935034,0.050119758,0.014707743,0.462834063,0.607726253,0.442080832,0.79792576,188.2141418,4194.405633,0.668072262,4.457055405,13.67240536,0.029333817,0.210483575,0.047191448,-0.289654836,0.511356404,0.607988306,0.505435437,0.930821219,239.2683462,N/A,0.646321549,4.637653176,8741.057978,6557.723142,1300.068583,3680.544766,52821.48298,3428.473676,2592.269148,2502.2534,1762.124948,2.0000016,41235.95492,8098.625213,8.0000064,116.000576,62230.5353,1864.140721,8572.944657,6441.671422,1408.080674,3580.514404,51654.54021,3332.445112,2346.222945,2436.239294,1756.123849,2.0000016,41540.97376,8090.618803,6.000008,162.0011888,63123.04379,1862.139779,8402.832228,6493.693759,1434.083187,3602.521777,51626.55959,3304.439941,2530.256802,2312.215415,1848.13785,0,39735.09893,8262.738081,8.0000064,134.0008272,60983.06825,1732.121269,8152.684237,6143.522564,1300.068929,3234.420092,49177.30107,3198.412682,2360.225363,2366.225886,1668.114235,2.0000016,38732.0882,8090.624011,8.0000064,118.000712,59081.53208,1818.134911,8781.09173,6665.790452,1358.075263,3674.542424,53994.44202,3446.477947,2684.29256,2524.25633,1858.139462,0,42737.02562,8594.960324,10.0000112,138.0008304,63860.83639,1974.156971,9181.382507,6725.814971,1266.065013,3688.545207,54082.80652,3498.490983,2596.270486,2570.265632,1870.140835,0,42949.68087,8659.002316,2.0000016,150.0009904,64707.19214,1868.140116,8909.182396,6837.871457,1254.064168,3836.590145,54283.68121,3396.464301,2724.298628,2450.240969,1842.137615,0,42799.18347,8659.006147,8.0000064,164.0011872,64827.79325,1988.15927,8995.242727,6799.850621,1416.081768,3840.59213,54247.53304,3316.443052,2682.289467,2532.259544,1782.127214,0,43058.11931,8783.088864,6.0000048,160.0011808,64656.86951,1930.150023,8749.066531,6291.589121,1202.059179,3686.545423,51819.30355,3212.415606,2620.278065,2324.217249,1808.132464,2.0000016,42080.78099,8388.817977,10.0000112,124.0007008,62988.36725,1882.143526,8582.956157,6727.819565,1292.067741,3790.579928,53542.45466,3484.489295,2550.262109,2608.274541,1840.136794,0,42175.05304,8877.155948,8.0000064,140.0008448,65253.9794,1914.148301,8706.844115,6568.534708,1323.07145,3661.53963,52725.01048,3361.855259,2568.666557,2462.644826,1803.531527,0.80000064,41704.39591,8450.463769,7.40000688,140.6009038,63171.32174,1883.343489
34,CTJ4ap12,-373.8342721,11263.28899,3732.561085,3479.427969,56199.21417,2816.644083,7600.063793,6633.660007,8867.553749,0.40000032,43008.52449,10874.94098,7.60000832,233.6023472,65399.65987,13644.26294,247.7398914,283.0371677,117.6340691,216.4995369,855.020931,135.2923666,219.2817656,146.6716316,177.8647211,0.843274717,540.7519664,162.564549,5.561780971,13.9462784,1242.771902,325.708174,66.26997843,2.512917567,3.151564474,6.222273857,1.521410831,4.803317799,2.885262171,2.211021239,2.005792422,210.8185107,1.257313458,1.494854541,73.18124846,5.970093437,1.900272729,2.387143779,58.56354062,0.208630712,0.252889757,0.135224243,-0.049073661,0.491355588,0.457854153,0.370961617,0.873113777,2057.688819,5452.879456,0.657745518,0.797382652,3.232798755,0.003159758,0.004853001,0.002837976,0.032310954,0.017248598,0.025747715,0.022016081,0.016412966,1907.091561,29.01318494,0.009275285,0.01983469,5.520155922,1.514522019,1.919018607,2.098718612,65.84174368,3.510410377,5.62356262,5.934867763,1.879819795,92.68124231,0.532070903,1.410163146,2.487474531,58.08183281,0.209739595,0.254085809,0.13469884,-0.065170091,0.515269251,0.470588868,0.362318944,0.878699326,1742.471271,N/A,0.644203531,0.780410466,52.95322604,0.210762919,0.244182903,0.132188626,-0.098282422,0.506698844,0.438407174,0.350403969,0.882291703,1164.983752,N/A,0.655356483,0.759274206,56.43723199,0.211758786,0.257339646,0.134687835,-0.020368166,0.474768661,0.46442634,0.390056823,0.871408448,N/A,N/A,0.646909868,0.786156549,62.37279394,0.209026863,0.256563929,0.135604001,-0.082540847,0.492515273,0.460487482,0.368929193,0.858347123,1699.67255,N/A,0.654940737,0.803887915,59.3338947,0.206587253,0.252948351,0.133562366,-0.034275576,0.501869327,0.478089687,0.396689836,0.904151584,N/A,5473.394875,0.649477,0.795228814,57.04687604,0.202421522,0.252092374,0.137167981,-0.003077082,0.477166871,0.502984399,0.388819667,0.861521932,1640.111566,5432.364036,0.664893805,0.828047612,64.85988304,0.208348277,0.250381325,0.139122968,-0.04353688,0.470856217,0.456492961,0.335146195,0.853938966,1000.703168,N/A,0.657682509,0.790366113,57.70279786,0.210391684,0.251388238,0.133534167,-0.012871141,0.515027676,0.458322259,0.393862848,0.890859743,6693.584656,N/A,0.672091739,0.803054352,58.45373879,0.212391992,0.261426135,0.131524198,-0.048450129,0.483522205,0.442884826,0.378072281,0.874307724,1695.173787,N/A,0.66599358,0.819749021,58.39313097,0.204878229,0.248488859,0.140151444,-0.082164276,0.475861557,0.405857531,0.34531641,0.855611219,824.8098041,N/A,0.665905924,0.807651473,15591.7483,11619.40472,3918.621013,7472.239946,56459.26008,6567.734741,7718.391752,7918.5104,8873.153912,0,42815.26504,10878.75124,8.0000064,240.0024352,66462.32594,13939.78132,15325.40647,11607.39551,3842.593726,7214.087114,57369.42124,6465.678396,7694.37117,7898.503965,8669.022361,0,43469.53274,10614.51669,12.0000128,264.0031776,66329.59907,13979.81994,15061.09098,10990.84016,3636.532034,7240.108735,56869.18483,6593.744037,7772.419617,7904.50072,8829.124005,0,42413.8713,10914.77064,0,246.0026992,65563.80329,13883.71141,15053.08217,11325.15119,3740.564572,7292.134341,56007.34036,6517.707016,7712.383492,7800.439599,9199.387168,0,42604.51933,10930.78289,8.0000096,218.0020464,65050.95332,13597.39672,15237.28767,11191.01888,3762.568369,7334.160053,56131.88724,6645.774313,7610.323505,8012.574537,8859.140336,2.0000016,43276.81313,10946.79851,0,232.0022304,66633.3267,13765.59591,15135.17953,10948.80299,3678.544838,7546.284563,56202.16229,6589.74155,7824.450395,7898.505342,9023.263276,2.0000016,43098.23658,10864.73676,8.0000096,230.0022224,64819.72949,13120.90827,15818.00661,11675.46305,3752.564997,7550.291736,57285.02129,6501.694901,8084.617327,8058.615931,8995.238306,0,44224.2254,11072.92015,14.0000176,216.0019616,67242.51408,14009.86197,15103.14199,10976.84277,3784.576844,7045.992927,55029.34709,6495.698788,7460.235074,7766.416891,8759.075415,0,42765.06042,10750.63318,2.0000016,232.0022688,63629.79629,13387.18002,14964.96647,11060.91325,3484.486881,6897.909542,54791.94882,6353.626016,7316.153634,7496.252635,8582.967897,0,42524.23076,11116.94531,8.0000064,232.002288,63850.81181,13561.40114,14914.89897,11237.05742,3724.557575,6941.934381,55846.56846,6389.636724,7940.52567,7934.527445,8885.164812,0,42893.49021,10658.55444,16.0000192,226.0021424,64413.73875,13196.9727,15220.48092,11263.28899,3732.561085,7253.514334,56199.21417,6512.103648,7713.387164,7868.884746,8867.553749,0.40000032,43008.52449,10874.94098,7.60000832,233.6023472,65399.65987,13644.26294
35,CTJ4ap13,-1408.82903,26464.44343,6909.716102,6216.861078,58827.20429,5209.612503,14273.37028,12626.66384,14462.1904,0.40000032,42564.29483,9509.430979,6.60000656,153.601041,64453.99393,2316.816522,494.4614397,365.9317953,143.6521819,229.9984118,1404.043725,299.8425193,418.6147897,440.8330552,353.0109561,0.843274717,988.9758827,270.3594284,2.836275956,16.35187048,1266.759881,44.29023421,35.09733468,1.382729987,2.078988193,3.699590659,2.386725227,5.7555628,2.932837736,3.491286858,2.440923169,210.8185107,2.32348706,2.84306631,42.97383541,10.64567686,1.965370652,1.911685012,15.26449426,0.035950384,0.223420792,0.242614915,-0.099148778,0.484251314,0.435544812,0.3648256,0.884578717,443.0742142,4837.871825,0.660384617,4.104579196,1.905532735,0.000615024,0.004184826,0.002964917,0.036015692,0.007692383,0.009369992,0.014544346,0.013497425,278.9365482,97.65740655,0.008561797,0.090729361,12.48343183,1.710756534,1.873069371,1.222066924,36.3248979,1.588510409,2.151326645,3.986657308,1.525859082,62.95481417,2.018602602,1.296486405,2.210442448,15.15717675,0.036033303,0.215999401,0.243524292,-0.043840583,0.479562969,0.425437659,0.362795438,0.872107135,291.7773986,N/A,0.661464067,3.965105284,15.15920719,0.035485326,0.224987984,0.246341676,-0.084154258,0.479411684,0.44491744,0.371105997,0.883546545,576.0529898,4768.81761,0.652840979,4.139214516,16.25492931,0.035595432,0.231090389,0.243915892,-0.12517264,0.475918623,0.424339514,0.344589572,0.861709778,1154.106197,N/A,0.648224104,4.208359069,14.48274246,0.036823068,0.226698236,0.245038336,-0.099699021,0.488831041,0.438075757,0.363146648,0.896033758,391.0366109,N/A,0.667371072,4.108616015,20.0368281,0.034846003,0.222035083,0.246457,-0.137599155,0.471204511,0.433545609,0.354640588,0.895911944,190.3506765,N/A,0.662307738,4.220155612,12.64877485,0.036076985,0.221183061,0.237847994,-0.151104447,0.497230142,0.429814415,0.34087351,0.877760728,371.0331171,N/A,0.650120334,3.985798862,14.98866714,0.036166507,0.224840336,0.242180456,-0.082745343,0.488416544,0.447590196,0.384517069,0.900647565,296.0279627,4906.926039,0.666575161,4.143971734,14.46958339,0.036145798,0.224977639,0.241486757,-0.068846408,0.488096899,0.432794895,0.371767989,0.873654483,571.5522249,N/A,0.672229222,4.184069868,15.00132914,0.036829131,0.22335061,0.240245027,-0.133424198,0.484502702,0.450600984,0.374421288,0.901150161,296.2778542,N/A,0.668953374,4.056874044,14.44570426,0.035502292,0.219045176,0.239111725,-0.064901723,0.489338022,0.428331651,0.380397898,0.883265077,292.5271104,N/A,0.653760121,4.033626956,35809.2743,26327.70612,7023.976729,15053.07304,60144.3914,13951.78769,14834.82068,14824.80592,14726.6775,0,42849.34222,9255.432245,8.0000064,154.0010448,64779.54643,2334.221056,35849.38499,26764.65332,6875.893445,15349.42549,58221.39839,14103.95667,14528.45895,14700.65292,14562.49075,2.0000016,42391.78764,9537.642851,4.0000064,152.0010656,64934.32395,2304.215646,34962.85067,26554.20339,6851.879657,15007.03018,59025.12708,13673.48733,14584.52262,14448.36075,14660.61556,0,42034.60978,9713.794334,2.0000016,142.0008784,64845.79876,2308.214241,34982.9622,26287.65527,6927.921963,15017.02542,57837.58848,13771.5892,14356.25118,14702.66231,14384.28684,0,42522.26906,9639.723406,6.0000048,162.001192,63716.08068,2346.221543,35426.16316,27049.25589,6931.926077,15441.54806,59690.24013,14091.94466,14894.87658,15183.23999,14382.27786,0,43415.31909,9639.723989,12.0000128,114.0006064,65551.58058,2284.210554,33635.4995,25736.76044,6573.747007,14306.29764,55584.79972,12950.77042,13395.29667,13507.38287,13659.59666,0,40116.93902,8873.187354,6.0000048,176.0012736,61706.944,2226.200484,35823.31976,26742.60857,7098.016192,15465.57278,60007.77552,14362.26441,14724.67242,15181.23617,15021.02735,2.0000016,43648.12872,9813.85993,8.0000064,158.00108,65481.1809,2368.225596,35225.63946,26145.3236,6899.915445,14878.88289,58538.87896,13833.66899,14320.21438,14354.26661,14386.28978,0,42518.29411,9565.665421,4.0000032,158.001144,63249.69625,2286.210728,34800.43915,26502.10341,6871.896787,15271.34104,59037.23633,14005.8478,14366.28028,14774.74417,14310.19346,0,43052.07426,9615.70703,8.0000096,158.0010448,64357.36173,2370.225678,35803.24672,26534.1643,7041.987718,15055.08335,60184.60691,14180.04636,14576.51225,14734.70202,14528.44819,0,43094.18444,9439.573228,8.0000096,162.00108,65917.42602,2340.219691,35231.87799,26464.44343,6909.716102,15084.52799,58827.20429,13892.53635,14458.1906,14641.20538,14462.1904,0.40000032,42564.29483,9509.430979,6.60000656,153.601041,64453.99393,2316.816522
36,SN3,1096.096482,5.60000576,5925.811447,4803.051876,55431.41367,3413.233067,12155.47487,10874.81296,3.80000336,0,43329.02334,76846.07485,15.00002384,375.6060318,66470.23785,43527.34779,67.17829167,3.864372395,151.5710402,137.3151796,988.1802425,101.3795571,330.6841272,234.1371207,1.988859836,0,412.8738857,939.77033,5.436512575,32.09525641,1119.687937,650.7360356,6.128866641,69.00657894,2.557810716,2.858915188,1.782707994,2.970191462,2.720454205,2.153022048,52.33837047,N/A,0.952880665,1.222925611,36.24335956,8.544925719,1.684495156,1.495005022,116.6108696,0.654881047,1.773568466,0.219284271,0.090169009,0.487738715,0.395190278,0.280863153,0.894843305,3270.780742,N/A,0.651952941,1.765557401,9.545859223,0.005864,0.016486521,0.004273959,0.004852362,0.015573814,0.007738085,0.007275173,0.013293885,1184.306228,N/A,0.007582484,0.011168268,8.186080131,0.89542975,0.929567779,1.94904952,5.381408009,3.193064944,1.958065674,2.590290834,1.485610431,36.20867069,N/A,1.163041629,0.632563309,115.7650401,0.653888121,1.792474338,0.217420421,0.101325798,0.487754091,0.393889834,0.277522134,0.894835944,3142.238335,N/A,0.643862895,1.764992633,107.1668791,0.653404694,1.781000974,0.227142741,0.086750372,0.47747077,0.402782776,0.278975473,0.886666812,4393.911727,N/A,0.647763449,1.765624498,107.6415343,0.65073346,1.75712498,0.224097061,0.08745521,0.467623778,0.385962552,0.268893475,0.864056401,2758.357915,N/A,0.650053582,1.755289158,127.1523071,0.649752326,1.79837001,0.218316222,0.086328925,0.481946144,0.391751971,0.282561775,0.901529962,4399.529266,N/A,0.637718457,1.765062935,132.9991801,0.658753683,1.755795026,0.220727679,0.089224589,0.481154507,0.382828875,0.275787018,0.902444611,1795.510274,N/A,0.658414492,1.75489097,109.9425546,0.64820513,1.763652997,0.21507237,0.090475425,0.525523327,0.406047014,0.27643677,0.915473555,5387.272384,N/A,0.651314219,1.772112288,108.5406282,0.664198175,1.789625928,0.221137363,0.095363532,0.487090447,0.394078722,0.289263892,0.890585377,1983.363173,N/A,0.657630496,1.77192987,114.5008487,0.663704597,1.779327221,0.220317986,0.090937389,0.494186353,0.39307449,0.288784461,0.899424158,3683.165207,N/A,0.651407371,1.74635956,113.6535461,0.649077211,1.755451995,0.213541478,0.088309564,0.479384002,0.405462117,0.292243019,0.895788786,2148.084302,N/A,0.659932174,1.784809621,128.7461774,0.657093071,1.762861186,0.215069386,0.08551928,0.495253731,0.396024431,0.278163511,0.897627445,3016.374839,N/A,0.661432275,1.774502481,1268.064813,10.000008,6037.462554,4878.953414,56931.57492,3438.474096,12378.13809,11076.91433,4.0000032,0,43316.93842,77644.50052,14.0000208,380.0059329,67276.64967,43991.40205,1110.049962,10.0000112,6033.469158,5093.039217,55631.58646,3528.501829,12636.3877,11205.03339,6.000008,0,43559.81264,77580.06876,10.0000112,410.0069617,67246.48126,43939.16648,1118.051658,12.0000192,5889.395068,4864.949869,56200.21037,3390.462804,12594.35308,10882.74442,4.0000032,0,44087.67803,77467.56036,16.0000224,410.0070545,67821.60616,44133.78843,1072.047292,2.0000016,5969.430533,4852.94713,56734.65065,3500.493068,12386.14573,11166.99259,4.0000032,0,43180.53116,77654.57223,10.0000144,346.0051729,67710.96348,43995.35602,1080.04708,2.0000016,5809.353468,4622.861623,54699.88924,3330.447864,12073.85628,10896.75312,6.0000048,0,43070.14459,75622.34565,24.000048,324.0044993,65414.9402,43092.33276,1078.047261,6.0000048,6213.547804,4802.924919,54974.71993,3270.430705,11823.59441,10824.6984,4.0000032,0,43304.94972,76374.90437,8.0000096,392.0068161,66488.56793,43098.23079,1144.05293,2.0000016,5829.361218,4716.893261,54118.93352,3462.484953,11967.74379,10658.55344,2.0000016,0,43202.60341,77316.49921,22.0000368,402.0067281,65694.34305,43634.06279,1108.049877,4.0000032,5991.443961,4766.918661,55028.89603,3502.493489,12123.88112,10904.76717,2.0000016,0,43379.15611,77185.71331,12.0000224,386.0064401,66592.97703,44198.06498,1060.04604,6.0000048,5709.311308,4830.935591,55772.22145,3482.490183,11909.68259,10668.56012,0,0,43680.21267,76678.51648,20.0000224,378.0061041,66188.94243,42961.73417,1000.041439,2.0000016,5775.339401,4618.859497,54221.45413,3244.425167,11661.45152,10468.40589,6.0000048,0,42508.20667,74936.06761,14.0000304,328.0046081,64266.90729,42229.33945,1103.849835,5.60000576,5925.811447,4804.928318,55431.41367,3415.070416,12155.52343,10875.34229,3.80000336,0,43329.02334,76846.07485,15.00002384,375.6060318,66470.23785,43527.34779
37,CTJ4ap14,-88.57891826,8444.46214,3549.107104,3181.893542,54654.18424,2472.296474,7060.193881,6182.908991,9145.356264,0,41197.88532,6329.008432,6.20000784,201.6018144,62165.2186,10989.83997,327.2753305,215.3125969,111.5299187,141.8740141,1179.842959,137.5038337,212.8411733,182.7732077,236.8620957,0,911.1312352,141.6398434,4.661908668,21.24595754,1333.148711,227.6718659,369.4731624,2.549749094,3.142478247,4.458791982,2.158742237,5.561785781,3.014664709,2.956103802,2.589971226,N/A,2.211597096,2.237946827,75.19198021,10.53857457,2.144525092,2.0716577,55.03362108,0.176807221,0.153638984,0.12918439,-0.012373446,0.502791202,0.450594365,0.350209394,0.876284046,2514.417753,N/A,0.662743392,0.575994144,5.623937577,0.002832035,0.002298416,0.002952222,0.047386128,0.011646182,0.011435372,0.017264944,0.03213907,1879.87169,N/A,0.007308372,0.012261956,10.2190942,1.601764393,1.495984881,2.285277772,382.9663055,2.316305913,2.537841664,4.929891839,3.667654405,74.76369781,N/A,1.102745434,2.128833405,55.98466504,0.180886068,0.156735651,0.133665079,-0.025963196,0.50445085,0.463181762,0.335409913,0.835553204,1399.626681,N/A,0.65899593,0.571012227,51.53126815,0.172345713,0.152301738,0.127797602,-0.065164163,0.507869271,0.433644703,0.338890692,0.851454692,N/A,N/A,0.664651416,0.587351805,49.97729508,0.179947939,0.150068171,0.132818374,-0.010028056,0.500257974,0.447915198,0.344231074,0.870281215,1865.834654,N/A,0.670467702,0.559138729,67.02823369,0.174947012,0.156900834,0.130283687,-0.070040439,0.506226699,0.432124648,0.325232491,0.875470328,2681.1464,N/A,0.662654086,0.594299825,51.55980784,0.176401629,0.155192323,0.126617387,-0.031528814,0.52310778,0.450930553,0.345677758,0.896165829,910.8977894,N/A,0.66673126,0.586568127,47.90136075,0.175296551,0.153217614,0.129195398,-0.014632215,0.493036235,0.449272765,0.375691711,0.887345795,1120.900913,N/A,0.645856378,0.564509526,57.97083828,0.180120648,0.153015381,0.1283676,0.089922052,0.489471025,0.445703727,0.343386609,0.880294841,770.1894952,N/A,0.657798836,0.558810665,56.02364114,0.176761284,0.152493281,0.127865096,-6.33E-05,0.505993231,0.465385458,0.368616719,0.898174978,2689.155705,N/A,0.669576124,0.57764833,59.84559265,0.177466016,0.155251579,0.131366157,0.037322748,0.483821866,0.458345712,0.349836182,0.829964096,5625.529469,N/A,0.662389301,0.579474242,52.51350818,0.173899348,0.151213267,0.123867523,-0.033559092,0.513677085,0.459439122,0.375120789,0.938135477,5566.478668,N/A,0.668312884,0.581127967,11531.32363,8466.875437,3716.556231,6249.57324,55119.32496,5249.104857,7484.249071,7428.211935,9133.350984,0,40792.50129,6393.639257,8.0000096,200.0016768,61900.99123,11197.02688,11647.43457,8741.061748,3544.505471,5955.421823,54611.11059,5233.097937,7096.016889,7216.088201,9143.347474,0,41336.29771,6295.589979,0,208.0018976,62192.44663,10718.60156,11769.54724,8552.936912,3602.521729,6091.489798,54219.36521,5285.120049,7320.145351,7562.29008,9297.461414,0,41711.51556,6259.570842,6.000008,224.002176,62212.56506,11195.02285,11187.02262,8432.847146,3530.501164,5839.368375,53530.49651,5035.018346,7094.016632,7412.203084,9379.528096,0,40622.0247,6373.629541,4.0000064,160.0012736,61302.00588,10724.60276,11649.43363,8572.941274,3650.535242,6019.451248,55115.28033,5225.093055,7096.014545,7534.273932,9191.384359,0,41314.21149,6411.648452,12.0000096,212.0019968,61965.31341,10930.78222,11575.37214,8436.852091,3560.509808,6071.475625,55896.71725,5481.206782,7340.160354,7700.37781,9277.453657,0,41298.14724,6327.603564,10.0000176,234.0023056,63943.23664,11209.02886,11643.44946,7972.562486,3294.438854,5671.292762,52432.31598,4926.981204,6839.887814,7116.043771,8550.944721,0,39378.20089,6025.470408,14.0000208,186.0016048,59863.59167,10782.66895,11395.21078,8230.720484,3476.485867,5955.423152,53733.32944,5233.105138,6985.956213,7428.210248,9025.266426,0,40746.38648,6213.55018,4.0000032,192.001648,60854.00158,10756.63143,11927.69467,8416.8454,3556.507151,6189.539707,55957.03563,5333.144929,7470.240886,7402.194258,9341.497795,0,41994.44602,6519.704064,2.0000016,188.0016128,63398.43647,11251.06794,11703.48644,8620.978422,3558.509525,6071.479634,55926.86645,5427.181136,7043.986675,7768.414897,9113.327721,0,42785.12181,6469.678036,2.0000016,212.001952,64019.59744,11132.96624,11602.99752,8444.46214,3549.107104,6011.451536,54654.18424,5242.905343,7177.067443,7456.830822,9145.356264,0,41197.88532,6329.008432,6.20000784,201.6018144,62165.2186,10989.83997
38,CTJ4ap15,-743.8206443,11299.11535,1584.901628,1707.921515,53015.34189,1571.706008,3113.023188,2635.228393,2188.993698,0,42669.81045,7561.094352,10.00001088,127.0007365,64246.75814,1209.259453,211.21258,223.7420231,49.57518367,91.38062211,1004.493568,115.9079535,94.40607814,97.64865216,89.42486454,0,859.4628935,230.8183528,3.399350526,10.55154997,1629.396596,36.7393594,28.39563296,1.980172927,3.127965975,5.350399379,1.894722419,7.374658677,3.032617248,3.70551002,4.085204294,N/A,2.014217744,3.052710918,33.99346828,8.308258883,2.536153797,3.038170122,9.583630567,0.018823612,0.177178386,0.058722883,-0.23883757,0.509549507,0.549129457,0.505007178,0.846922011,138.0132323,N/A,0.664268569,6.255504819,0.888402239,0.000406878,0.002848371,0.001544298,0.067128832,0.021979368,0.034619341,0.036151789,0.033088723,60.40169089,N/A,0.007771064,0.200279127,9.269996722,2.161531086,1.607629176,2.629806834,28.10647935,4.313490174,6.304404259,7.158668309,3.906938659,43.76514475,N/A,1.169867712,3.201646122,9.391028054,0.018564814,0.171746767,0.056644295,-0.23092215,0.523354152,0.549740828,0.490337556,0.821341033,200.3429786,N/A,0.653219196,6.043060036,9.806875489,0.019348021,0.175023148,0.059429019,-0.077987511,0.49397932,0.523376999,0.552276121,0.80316997,121.605846,N/A,0.665435789,6.019564824,9.36704374,0.017896157,0.177501431,0.059721821,-0.28861696,0.50552058,0.511808322,0.531904252,0.85587474,281.0125262,N/A,0.678665144,6.731279593,10.49199915,0.018908317,0.179293544,0.059158175,-0.22794146,0.499633958,0.529565794,0.566416669,0.893697859,123.8060184,N/A,0.654907372,6.210000898,8.927936262,0.019095755,0.179321975,0.059611669,-0.245378579,0.523693066,0.552862124,0.466023194,0.840041695,102.6717503,N/A,0.667109112,6.264603083,8.603299273,0.019225848,0.175530145,0.058101193,-0.259405335,0.535269253,0.578442842,0.469661952,0.886493572,117.0054383,N/A,0.67157231,6.13139079,10.50893625,0.018934811,0.180104577,0.056523455,-0.202687152,0.521345248,0.611954153,0.522591211,0.847867394,77.5038278,N/A,0.666749634,6.342004617,8.628942895,0.018850578,0.178547696,0.059121286,-0.311258574,0.509542566,0.508446831,0.490303683,0.820755722,151.00721,N/A,0.665272242,6.301282815,11.18231725,0.018750434,0.180227821,0.061483921,-0.234701649,0.458763205,0.535053217,0.468010675,0.813250903,102.5050251,N/A,0.656875767,6.313842675,8.92792731,0.018661387,0.174486759,0.057433998,-0.309476334,0.524393717,0.59004346,0.492546469,0.886727219,102.6717021,N/A,0.662879124,6.198018863,15137.19321,11439.23675,1588.10217,5501.214413,53570.60983,5241.101944,3064.376398,2818.320304,2340.221003,0,42295.49026,7264.113696,6.0000048,128.0007712,64749.30697,1202.058833,15177.22858,11136.97162,1534.095323,5357.152473,52257.06512,5369.156182,3134.393885,2808.318094,2254.207192,0,41823.88828,7320.148589,10.000008,124.0007008,62851.8769,1216.059433,14730.702,11291.10641,1580.100579,5383.161494,52337.48491,5367.154151,3152.401424,2966.354505,2090.175674,0,42626.70752,7566.301584,4.0000032,120.0006144,62809.63139,1124.051004,14994.99984,11345.15128,1562.098613,5457.19674,52849.60311,5493.212224,3154.399076,3098.385624,2184.192347,0,42881.45702,7688.368387,10.0000176,118.000616,65477.13287,1238.062363,15189.23363,11541.32961,1686.114432,5647.280732,54010.59205,5287.121021,3246.424189,2996.362656,2094.176061,0,43042.03906,7718.383453,12.000016,138.0008336,64520.23855,1232.062646,14200.10991,10808.68085,1578.100885,5327.143814,50743.14917,4930.978645,2974.36107,2898.340487,2044.169201,0,40870.86419,7174.068705,10.0000112,136.0008128,60858.47133,1170.055694,14840.81258,11164.9991,1588.101591,5605.262442,53891.98308,5255.107871,3074.38084,2890.336268,2208.197999,0,43666.20601,7864.483576,16.0000192,118.0007856,65491.15857,1240.062733,14980.97776,11533.3275,1616.106186,5477.201336,53647.01311,5339.145183,3200.411461,2916.34309,2248.203097,0,42634.67087,7612.322232,8.0000096,140.0008256,64086.0511,1208.059129,14822.7899,11261.07824,1502.090887,5525.226632,53253.24531,5227.103344,3302.438082,2970.356461,2208.196763,0,43092.20058,7766.413432,12.0000096,110.0005712,65601.75111,1230.061285,14926.92318,11469.27213,1614.105618,5659.285142,53592.67316,5279.120631,3106.389062,3038.371721,2218.197638,0,43764.58076,7636.339867,12.0000096,138.0008336,66021.96263,1232.061411,14900.09706,11299.11535,1584.901628,5494.012522,53015.34189,5278.92012,3140.997549,2940.148921,2188.993698,0,42669.81045,7561.094352,10.00001088,127.0007365,64246.75814,1209.259453
39,CTJ4ap16,-674.0762862,9194.99178,1837.336996,1855.736777,53712.50184,1549.182344,3612.603945,3084.223476,3124.793786,1.0000008,41654.97663,9023.265318,8.20000944,143.0009307,63153.52767,1599.904539,424.6709061,233.2225069,87.12569005,146.620283,997.5257638,143.4628381,148.1886363,96.01803758,81.31491437,1.414214694,769.0417604,229.4158601,4.756289056,17.23713906,1268.558384,77.73734896,63.00042218,2.536407998,4.74195481,7.900920261,1.857157514,9.260552096,4.101989549,3.113199751,2.602248978,141.4213562,1.846218202,2.542492679,58.0034583,12.05386495,2.008689666,4.858874205,11.33982685,0.025331923,0.216629185,0.067255477,-0.186977657,0.509126044,0.514076063,0.429344313,0.854606244,218.0960661,3929.537922,0.65965976,5.647556288,1.491973082,0.001070022,0.0043958,0.002369626,0.120616186,0.027194809,0.040968786,0.042301634,0.034033472,110.5396794,1158.480615,0.009255295,0.208928351,13.15693001,4.224004941,2.029181783,3.523320971,64.5083421,5.34146881,7.969401548,9.852613187,3.98235706,50.68394003,29.48134456,1.403040702,3.699446994,12.38535346,0.025504155,0.209295742,0.065498329,0.038280835,0.502228184,0.574805056,0.501948147,0.893156542,134.1753296,N/A,0.649428993,5.329434556,12.47611534,0.024537421,0.210408619,0.066564434,-0.108158389,0.542759769,0.518066301,0.437626596,0.857312727,380.5233343,2193.270297,0.672165557,5.763826024,12.77854693,0.025720322,0.218871438,0.067330242,-0.099457351,0.510376001,0.573455403,0.494699872,0.8115636,115.0073984,4525.636477,0.660606686,5.621544439,8.826051892,0.023974884,0.219744783,0.064344461,-0.337292358,0.530809204,0.550447621,0.432378928,0.91509552,N/A,N/A,0.648345479,5.942491253,9.852420334,0.02518453,0.216263695,0.065906012,-0.138702346,0.511478314,0.496003901,0.443231173,0.876030835,266.016999,N/A,0.661702107,5.682144571,10.58391586,0.024460147,0.219025376,0.071655578,-0.263453664,0.500139875,0.456005928,0.37334114,0.814182609,127.0075605,4443.58455,0.651203585,5.831122434,12.0461549,0.026072128,0.221830172,0.065986448,-0.331797277,0.490735023,0.476389355,0.390858539,0.85394297,397.52528,4555.660365,0.673461001,5.73002598,9.901808686,0.025015587,0.214248975,0.071180234,-0.148658704,0.450414737,0.507658056,0.408647894,0.824032971,114.5787031,N/A,0.666691311,5.709957138,11.2335549,0.025040877,0.21494641,0.066723314,-0.301203827,0.542798007,0.476875446,0.398472368,0.837043373,205.0134497,N/A,0.651733933,5.594367512,13.31434625,0.027809182,0.221656643,0.067365723,-0.179333484,0.50952133,0.511053568,0.412238477,0.863701298,223.0165405,N/A,0.661258945,5.270648972,12472.22535,8911.180519,1764.126329,5005.005098,53628.83735,4686.880785,3550.507908,3550.505623,2966.354451,0,40999.16428,8580.950525,12.0000096,130.0007504,63131.09623,1610.105244,12145.91348,9051.285997,1936.15119,4880.955448,53590.69316,4530.822942,3606.523384,3486.487782,3074.381752,4.0000032,41695.47922,8773.088206,4.0000032,122.00068,62031.56167,1522.094555,12001.77179,8929.193431,1852.138782,5073.033034,53898.05679,4724.8987,3668.539609,3376.456897,3096.385511,2.0000016,41354.3233,9051.280195,14.0000176,126.00068,62600.52188,1610.105602,11877.65633,9421.559344,1836.13546,5061.029497,53759.48556,4586.845064,3498.491034,3594.518192,3080.381427,0,41053.34232,9021.257813,0,172.0014336,63320.16443,1518.093579,12087.85777,9081.306415,1790.129243,4778.920997,53104.59871,4530.826268,3540.505366,3508.495482,3176.407166,0,41936.25528,9069.289534,6.0000048,162.0011344,63376.33631,1596.103271,11847.63592,9269.458369,1872.141428,4812.934183,52239.27813,4438.792137,3782.576013,3476.486984,3078.380775,2.0000016,40576.01171,8887.17621,12.0000224,144.0009152,62309.25729,1524.093571,11393.19831,9055.285684,1692.116667,4676.882834,52255.07735,4318.748557,3488.489932,3384.460095,3158.401954,2.0000016,41073.43883,9111.328019,4.0000032,132.0008256,60988.59288,1590.102392,12408.17085,9383.528655,1768.126512,5137.057165,55149.46885,4682.883056,3966.630918,3682.543621,3214.418636,0,42751.02967,9159.364283,14.0000176,162.001096,64124.1741,1604.10386,12235.99176,9633.717573,1986.160623,4972.994318,54840.13479,4618.857313,3700.552278,3514.498838,3242.424589,0,42686.80594,9175.375671,8.0000096,146.0009392,65497.2893,1640.109566,12095.85709,9213.401814,1876.143726,4968.998859,54659.38774,4540.82804,3722.557679,3620.52914,3160.401603,0,42423.91572,9403.542723,8.0000064,134.0008528,64156.28256,1784.133751,12056.62787,9194.99178,1837.336996,4936.781143,53712.50184,4566.038286,3652.537412,3519.498265,3124.793786,1.0000008,41654.97663,9023.265318,8.20000944,143.0009307,63153.52767,1599.904539
40,CTJ4ap17,-620.20947,8916.792163,1760.326153,1786.293152,53766.72628,1565.633232,3441.620178,2993.823679,2274.40878,0.20000016,42637.54311,7119.637664,9.2000128,201.8017983,64639.49115,8267.748096,224.9449042,208.4681535,91.11634336,154.4086241,1634.07768,127.2162796,142.9586142,104.1890198,50.9424125,0.632456038,1033.689811,184.3883777,4.341028491,12.6299778,1695.611704,287.7649772,36.26918244,2.337927695,5.176105756,8.644080843,3.039198764,8.12554799,4.153817294,3.480132132,2.239808998,316.227766,2.424365327,2.589856203,47.18502664,6.258605181,2.623182321,3.480572628,41.08949759,0.127890159,0.167019881,0.06400004,-0.18259037,0.511651654,0.519249531,0.454926829,0.870622764,1098.957136,3538.005434,0.659688095,0.86183969,2.511352695,0.002108411,0.004075481,0.001377098,0.072891604,0.020997251,0.042363697,0.032868449,0.032012894,498.3858404,,0.007272015,0.030308529,6.111908985,1.648610877,2.440117357,2.151714676,39.92083716,4.103817697,8.158639351,7.224996832,3.677010912,45.35079888,,1.102341427,3.516724628,40.15366516,0.132275722,0.166824878,0.064891113,-0.140990645,0.504377006,0.542995617,0.433601693,0.850144303,716.0790868,N/A,0.652373129,0.822766766,39.80889522,0.126865537,0.172962766,0.061710337,-0.183287175,0.527993669,0.560984866,0.474190091,0.92944613,2050.174537,N/A,0.651862518,0.888720034,36.2185406,0.125190762,0.168193756,0.06442606,-0.239537401,0.502060288,0.457105213,0.42328927,0.864935382,1340.098094,N/A,0.667813979,0.897207907,42.33714919,0.127634972,0.168665158,0.064910073,-0.201077545,0.551983962,0.513891808,0.450886333,0.840686464,1397.136288,N/A,0.65592865,0.866786804,44.75939846,0.127630049,0.167210313,0.065265664,-0.076899276,0.490998251,0.505982459,0.435514321,0.853796631,601.0586875,N/A,0.657821456,0.861823158,41.8037083,0.125938011,0.167804198,0.062738335,-0.320951175,0.505143758,0.543318129,0.424893589,0.890980655,543.4519154,N/A,0.664835442,0.885849926,39.95460295,0.12895417,0.167936703,0.06426195,-0.197685551,0.528770618,0.435875113,0.451780419,0.877998063,1371.785967,3538.005434,0.660146647,0.859707377,41.24456078,0.128857631,0.157954964,0.06184135,-0.223673315,0.515568566,0.537149698,0.529412218,0.912069702,1072.367489,N/A,0.65536333,0.803350879,44.62103588,0.129566447,0.162758684,0.0652836,-0.15738172,0.51190852,0.534913163,0.44143119,0.828441072,524.300652,N/A,0.674522524,0.847321207,39.99341936,0.125988292,0.169887385,0.064671922,-0.084419894,0.477711901,0.560279243,0.484269165,0.857729235,1373.118639,N/A,0.656213276,0.884862837,11901.67623,8955.21271,1778.127723,4914.973092,54327.84123,4466.801826,3554.508619,3314.441933,2278.210837,0,42379.79536,7070.004208,12.0000192,214.0019536,64962.50919,8592.96279,11711.51199,8901.176316,1764.126502,4856.949432,54143.09657,4504.814349,3370.456614,3424.474739,2290.210895,0,42136.99125,7288.130569,4.0000032,206.001816,64640.91753,8200.70471,11775.5498,9101.315044,1730.121972,4624.860094,53488.35938,4444.794373,3476.488076,3312.443266,2382.229099,0,42891.51736,7214.085414,6.0000048,222.0021808,64226.74385,8040.594999,11857.63414,9073.293614,1934.151908,4840.942914,53982.37966,4556.832847,3532.501153,3256.426021,2230.200305,0,43080.15765,7266.121602,6.0000048,198.0016272,65678.11551,8382.824432,12139.89811,8971.223753,1794.129739,4854.947211,55987.25049,4534.827117,3682.546029,3430.471843,2230.200196,0,43371.1619,7252.105548,14.0000336,188.0016736,65931.50999,8414.841821,10632.60254,8402.880079,1576.103287,4510.836202,49732.08822,4082.67995,3148.404879,3088.387752,2214.198736,0,40164.93221,6739.844222,14.0000176,182.0014704,60413.34396,7608.33638,11687.46849,8929.198697,1806.131759,4480.809642,53153.05311,4472.804718,3444.475439,3312.441538,2250.204523,2.0000016,42135.02119,7076.016529,6.000008,206.0019664,63826.75942,8230.726775,11901.6671,9143.3483,1746.124231,4882.954813,54765.83933,4792.921656,3416.470321,3412.469771,2322.216595,0,43632.08518,6891.904433,8.0000064,208.0018944,66576.94012,8578.946777,11741.52054,8877.154234,1786.128465,4840.939072,53446.12732,4452.796261,3518.50015,3210.415649,2296.212958,0,43672.19114,7108.028355,16.0000256,188.0015488,64745.34147,8388.823855,11903.67217,8813.11888,1688.115947,4932.975509,54641.22747,4602.85201,3562.509771,3344.450307,2250.203659,0,42911.57787,7290.135761,6.0000048,206.0018512,65392.73046,8238.718425,11725.32011,8916.792163,1760.326153,4774.118798,53766.72628,4491.212511,3470.686105,3310.642282,2274.40878,0.20000016,42637.54311,7119.637664,9.2000128,201.8017983,64639.49115,8267.748096
41,CTJ4ap18,-708.1451288,10281.84369,2279.809358,2241.273855,54103.77079,1891.864395,4475.839863,3866.602572,4114.881276,0.40000032,41900.57493,7199.879047,8.20000976,140.6009182,63592.35883,1535.695654,312.0221655,250.2820596,59.89085874,112.2354113,892.4759839,146.2228157,172.106113,133.8289613,108.5490112,0.843274717,603.4419896,148.8354232,3.457686718,15.69308827,1415.942874,47.58527122,44.06189533,2.434213816,2.627011708,5.007661649,1.649563368,7.729032592,3.845224991,3.461151201,2.637962166,210.8185107,1.440175918,2.067193382,42.16686101,11.16144081,2.226592785,3.098613394,11.05905094,0.0241634,0.17182717,0.082716507,-0.15825346,0.509871148,0.501036864,0.42333833,0.86471425,245.512602,3639.059598,0.659075326,4.692026071,1.40761762,0.001026304,0.002125294,0.002555546,0.068594742,0.018941954,0.023777878,0.037655223,0.036894381,186.0206635,45.27962686,0.011794301,0.162081628,12.72819547,4.247347175,1.236879078,3.089524157,43.3448609,3.715047156,4.745734301,8.894829563,4.266655831,75.76827504,1.244267252,1.789522473,3.454405949,9.494004895,0.022462868,0.170162138,0.083419611,-0.173273641,0.512412108,0.516570512,0.412025775,0.883172517,121.8404747,N/A,0.647188239,4.902621279,10.59519709,0.024466355,0.171965275,0.083207241,-0.074359642,0.496455804,0.514216451,0.398973659,0.873289898,261.3495417,N/A,0.662891818,4.659230016,11.13696155,0.023403257,0.174589732,0.08748691,-0.091471381,0.465738982,0.452755286,0.382881132,0.792107657,245.0144846,3607.042066,0.657802907,4.907250105,14.14895528,0.023952653,0.169528333,0.08348367,-0.174114321,0.506888218,0.494077251,0.405282852,0.842867764,109.1494236,N/A,0.657218739,4.651559863,10.01369706,0.023921887,0.173214127,0.080371409,-0.15468834,0.526726001,0.52726043,0.499190847,0.88618519,190.2614418,3671.077129,0.666184753,4.823725219,11.01452641,0.026353815,0.167722928,0.080307777,-0.19057612,0.520046393,0.483855505,0.415525465,0.861350301,158.6099951,N/A,0.685521447,4.362846989,10.43112093,0.023880591,0.172162581,0.078438553,-0.100225615,0.535226714,0.517323859,0.458719457,0.931025489,751.0450796,N/A,0.647700097,4.669470688,10.22135975,0.02439474,0.174059605,0.084932979,-0.287995934,0.511003665,0.476622731,0.386660861,0.857049142,196.7623772,N/A,0.657280801,4.689783037,10.66728588,0.025020683,0.172018695,0.083057022,-0.10110362,0.507395147,0.506041243,0.462443533,0.836428321,266.6837115,N/A,0.663599928,4.562289179,12.86740053,0.023777156,0.172848286,0.082459894,-0.234725985,0.516818447,0.521645366,0.411679722,0.883666218,154.4094899,N/A,0.645364529,4.691484331,13947.78284,10648.55072,2352.223807,5939.413692,55028.93335,5385.166456,4644.86572,4646.867524,4254.724874,0,42124.89382,7168.062002,12.000016,154.0011472,65089.09046,1462.087645,13943.78241,10318.2712,2284.209581,5823.358092,55296.06576,5221.092379,4654.869701,4604.854762,4212.714688,0,42486.10946,7306.135517,6.000008,148.00096,64092.07099,1568.099341,13825.67325,10296.25787,2188.193281,5577.246647,53703.18139,5177.078988,4750.909153,4294.742598,4114.679945,2.0000016,41320.24156,7214.089904,6.0000048,132.0008224,62815.53504,1470.088084,13393.19128,10238.20581,2276.208733,5649.283391,53789.60498,5179.076482,4542.830618,4354.761969,4090.673556,0,41928.23201,7108.023276,14.000024,108.0005216,63796.46457,1528.09455,13599.40125,10316.27508,2328.218126,5787.342727,54996.78824,5591.25453,4472.804261,4490.809095,4118.681408,2.0000016,42387.76736,7342.160131,8.0000096,152.0011392,63627.6456,1522.093361,13102.89059,10044.04571,2192.193022,5405.1788,52490.30501,5047.026231,4266.736287,4190.705132,4018.651078,0,41258.05249,6919.921362,10.0000144,144.0009472,60184.91857,1586.102235,13497.30025,10050.04615,2228.199954,5521.223389,53074.60911,5207.090273,4212.713571,4416.78447,3882.609926,0,40740.39504,7013.971579,2.0000016,144.0009536,62900.09103,1502.091361,13373.15647,10616.517,2352.22237,5751.329005,54197.34401,5263.109942,4656.876202,4530.822923,4204.710796,0,42411.84389,7382.188777,8.0000064,154.001064,64526.21744,1574.100277,13190.97237,9857.898617,2296.211869,5593.255009,54486.54785,5327.137945,4578.841184,4366.77181,4174.698282,0,42438.03338,7300.135107,6.0000048,150.001,63951.23267,1600.103549,13399.18558,10432.36875,2300.212833,5817.358911,53974.32821,5255.106603,4502.815353,4500.816735,4076.668206,0,41910.18028,7244.102818,10.000008,120.0006272,64940.32192,1544.096134,13527.33363,10281.84369,2279.809358,5686.498966,54103.77079,5265.313983,4528.426205,4439.793702,4114.881276,0.40000032,41900.57493,7199.879047,8.20000976,140.6009182,63592.35883,1535.695654
42,SN4,1066.678151,4.60000528,5985.640697,4834.798927,56042.1999,3455.972224,12381.91755,10953.62499,2.80000256,0,43584.60196,86890.8401,13.20001824,414.2071683,66564.46654,49776.68069,37.62186604,3.134047363,216.1851199,157.3254082,1182.94056,103.9313003,225.0320594,276.3647226,1.686550109,0,694.149056,1400.809548,6.124640774,16.39699552,990.5941896,841.8132568,3.527011966,68.1313862,3.611728983,3.25402174,2.11080322,3.007295591,1.817424954,2.523043492,60.2338774,N/A,1.59264746,1.612148699,46.39872962,3.958646004,1.488172656,1.691179976,120.3141632,0.747807014,1.993709066,0.220973283,0.086141616,0.483371172,0.390495486,0.279124133,0.884748822,5199.396861,N/A,0.654820986,1.745755829,4.341936853,0.007503099,0.021214825,0.003294046,0.002356799,0.013402753,0.011563643,0.007243201,0.021277086,3783.833634,N/A,0.00924564,0.021542397,3.608832692,1.00334701,1.064088312,1.490698604,2.735958821,2.772766276,2.961274537,2.594974916,2.404873028,72.77447241,N/A,1.411933918,1.233986841,120.122254,0.75013341,1.99877812,0.221354957,0.084553584,0.473705573,0.380029949,0.281804229,0.894601493,2776.202182,N/A,0.642886842,1.713012826,127.3746171,0.746308232,2.021569036,0.220693505,0.087063712,0.492851943,0.388238047,0.280977252,0.899200811,12482.91057,N/A,0.651282173,1.764166357,124.5007992,0.741395847,1.97345314,0.224257083,0.087306084,0.489938595,0.384379343,0.275183811,0.864532764,5029.908059,N/A,0.649367738,1.728492015,113.9627076,0.758287565,1.955875004,0.225272843,0.084427532,0.479065232,0.37966716,0.272697794,0.864940493,3549.184413,N/A,0.66720876,1.720952573,118.2971213,0.749055921,1.990447184,0.215007122,0.082566067,0.496243009,0.409856218,0.287400925,0.88163423,3149.711332,N/A,0.652764099,1.734573384,123.3638751,0.735723985,1.994454472,0.224370986,0.08593054,0.464919584,0.376015172,0.266916747,0.858891082,11904.79761,N/A,0.650316527,1.762925681,119.7361282,0.748374987,2.020825973,0.222837541,0.08514813,0.48133302,0.385418602,0.273073457,0.868774228,4150.919541,N/A,0.652464878,1.761841317,113.6272714,0.742742332,2.013337829,0.21810405,0.084856468,0.494897485,0.401798522,0.289230491,0.926236494,2241.593743,N/A,0.6561822,1.778700888,122.1577673,0.745274747,1.991009348,0.218260806,0.08936277,0.499228801,0.403230884,0.277967866,0.886313947,2528.706332,N/A,0.651254738,1.739833903,119.9990906,0.760773112,1.97734055,0.219573936,0.09020127,0.461528475,0.396320959,0.285988758,0.902362674,4180.034834,N/A,0.674481902,1.753059348,1056.045685,4.0000032,5885.395623,4722.894642,56127.78664,3502.494283,12424.18933,11114.95406,2.0000016,0,42827.27429,85602.21879,18.0000336,416.0072833,66617.12687,49971.73256,1094.048621,2.0000016,6177.536462,4866.948401,56794.89369,3522.499298,12534.28974,11271.09911,2.0000016,0,43573.97267,88087.79391,4.0000032,392.0065345,66904.90617,49931.68221,1122.050916,4.0000032,6265.573872,4916.970957,57026.0162,3520.497267,12788.56473,11056.9027,6.000008,0,44055.62535,86941.71217,10.0000176,404.0067969,67843.87759,50299.16912,1050.044359,8.0000064,5895.393391,4674.877898,54627.24482,3358.453317,12306.08587,10644.54495,4.0000032,0,43720.47317,85511.78065,14.0000144,436.0078305,65527.42682,49688.63289,1028.043272,4.0000064,6145.515415,5077.034403,57598.48564,3560.509769,12384.13573,10918.79009,4.0000032,0,43917.07935,87414.62695,16.0000256,426.0075089,67278.63771,50395.46195,1038.044026,2.0000016,5601.263634,4530.830174,53695.94345,3216.418922,12047.86288,10348.31527,4.0000032,0,42091.28966,83949.16091,4.0000032,386.0062641,64724.31175,47619.22854,1076.047205,4.0000064,6051.470271,4846.944318,56419.19568,3434.477864,12572.34039,10922.7817,2.0000016,0,43427.40709,87759.23219,12.0000128,416.0071681,66558.99579,49811.08762,1028.04357,4.0000032,5963.427327,4842.941571,55248.04997,3486.488752,12049.82347,11160.98625,0,0,43567.88271,87716.86638,22.0000304,434.0078737,66396.0143,49315.13048,1106.049725,2.0000016,6163.523003,4978.994367,56565.76091,3432.472087,12346.11414,10942.7891,2.0000016,0,44194.00581,87990.67868,20.0000224,414.0071025,67859.7839,50574.18328,1132.052396,12.0000192,5707.307976,4904.966169,56318.62204,3540.503195,12366.12708,11158.98703,2.0000016,0,44471.00951,87934.3304,12.0000192,418.0073201,65933.58454,50160.49827,1073.046978,4.60000528,5985.640697,4836.34029,56042.1999,3457.481476,12381.95334,10954.01503,2.80000256,0,43584.60196,86890.8401,13.20001824,414.2071683,66564.46654,49776.68069
43,CTJ4ap19,-284.1312891,4133.48707,948.6368186,1087.604014,52480.05558,912.6205369,1810.867675,1474.696982,1194.658094,0.40000032,42564.41861,7058.199776,7.40000784,170.8012938,64650.94993,6004.847783,238.3109669,151.4993838,36.3963822,79.73385466,863.4790743,100.1904686,72.62958968,76.16615815,42.94159506,0.843274717,742.9159007,116.8390953,4.812028462,18.2868437,1607.09318,183.753904,83.87353877,3.665171349,3.836703519,7.331147514,1.645347103,10.9783272,4.01076184,5.164868381,3.594467345,210.8185107,1.745391867,1.655366793,65.02734276,10.70650187,2.485799793,3.060092623,35.53620447,0.092877056,0.165835272,0.034511577,-0.155374582,0.524685286,0.601600691,0.505049407,0.816223659,1271.638339,3451.953453,0.658552666,1.17598889,4.001628255,0.001395551,0.001848606,0.001421679,0.133667741,0.030788112,0.052609015,0.062985497,0.062913928,929.6515614,93.39075224,0.011069003,0.023681474,11.2607081,1.502579314,1.114724413,4.119425941,86.02934903,5.86791976,8.744839547,12.4711556,7.707927518,73.10660057,2.705446453,1.680807581,2.013749821,34.5308856,0.094236109,0.167256402,0.033058378,-0.192167355,0.529770882,0.683510823,0.525576779,0.884712099,379.8420206,N/A,0.653210645,1.159360924,36.19902797,0.094186696,0.164080509,0.032463261,0.182671663,0.597414919,0.670967696,0.625179139,0.845693088,1520.369542,N/A,0.664311776,1.157282496,27.13209501,0.092224717,0.164959959,0.034253267,-0.156105385,0.527920355,0.60618433,0.470571133,0.837728793,2794.628143,3385.916219,0.67736222,1.211580234,38.87735406,0.091844599,0.169822438,0.034702241,-0.157933729,0.522929584,0.618398199,0.484271564,0.778951789,738.6740659,N/A,0.65455485,1.210284559,31.91383244,0.092999848,0.16582757,0.03733448,-0.164554673,0.469835204,0.561558724,0.439876701,0.688434782,437.6785113,N/A,0.646718994,1.153161446,40.89827626,0.090376008,0.164492137,0.034090919,-0.133790293,0.519221924,0.617534507,0.603236999,0.861835103,2944.693755,N/A,0.658070751,1.197745574,34.64456905,0.094720711,0.164275147,0.034243022,-0.353487782,0.525108815,0.499209769,0.491611925,0.807185547,1524.371349,N/A,0.677267231,1.174591837,36.43027268,0.092553229,0.164403014,0.035914973,-0.16602922,0.51726413,0.587829007,0.500266795,0.782848374,755.9328357,3517.990687,0.654987909,1.163460072,35.0551629,0.091654093,0.16747789,0.035419855,-0.199328161,0.522978623,0.589271997,0.447197855,0.775343644,993.2363461,N/A,0.647960401,1.184006491,39.68056873,0.093974551,0.165757658,0.033635377,-0.213020886,0.514408425,0.581541861,0.462705176,0.899503373,626.9568232,N/A,0.651081888,1.148415272,5493.210492,4210.714463,928.035851,2608.27264,52990.14725,2302.214617,1768.127014,1728.120328,1280.067306,0,42126.90049,7045.993798,16.0000224,176.0013024,64492.06058,6077.480839,5625.270749,3834.591409,1034.043555,2446.242624,53317.60425,2340.220366,1746.12282,1630.107945,1194.057819,0,42893.53992,7037.993864,4.0000032,168.00128,64568.3871,6081.483035,5339.146041,4050.658724,910.0337053,2402.234614,50325.38041,2140.186554,1738.122458,1600.104052,1120.05085,2.0000016,41051.40351,6771.837855,2.0000016,206.0018128,60604.80242,5589.260757,5251.107657,3998.641577,944.0360334,2456.242885,52022.09476,2186.192585,1820.133818,1568.099526,1162.054763,0,42114.9008,7152.05511,8.0000096,152.0010752,64341.28604,5909.399619,5479.209,4190.706512,922.0347549,2506.254671,52564.38952,2238.203566,1978.158245,1522.093972,1228.061075,0,42610.54444,7066.003056,14.0000144,192.0015552,65887.26297,6127.50546,5347.144208,4036.654167,938.0358014,2468.245269,52994.11966,2414.236044,1822.133394,1726.122126,1214.060257,0,42883.46914,7053.993467,2.0000016,144.0009888,65165.43866,5889.392222,5355.154575,4330.75187,952.0373615,2356.223634,52945.93265,2312.216401,1828.134868,1628.10762,1182.056299,0,43597.96608,7162.062299,4.0000032,176.0013312,64373.35823,6097.490272,5537.229105,4224.716881,972.0386128,2520.255504,52323.3575,2326.217382,1894.144784,1634.107772,1170.055543,2.0000016,42797.18986,7035.987003,8.0000064,166.00116,65340.4273,6047.467524,5397.171805,4164.696466,968.0382543,2486.248289,52259.08583,2194.194816,1866.14094,1600.103949,1184.056835,0,42130.90652,7055.995332,6.0000048,170.001288,65020.80448,5959.422844,5563.241998,4292.73863,918.0342557,2476.247891,53058.44392,2234.200333,1800.130371,1774.126904,1212.060189,0,43437.36536,7200.075971,10.0000112,158.001144,66715.67156,6269.575254,5438.788563,4133.48707,948.6368186,2472.646802,52480.05558,2268.808267,1826.134871,1641.109419,1194.658094,0.40000032,42564.41861,7058.199776,7.40000784,170.8012938,64650.94993,6004.847783
44,CTJ4ap20,63.84481758,1336.272488,1181.656769,1198.953571,52219.49031,901.4449881,2271.235455,1925.78197,4803.330012,0.60000048,42052.772,5827.764689,8.4000096,165.6012262,64105.72406,5186.482082,131.2785101,62.64802369,35.52851055,68.91588705,1447.150561,61.66528706,116.0665806,107.1932877,211.1662738,0.966092556,1103.072345,201.8095811,5.796559777,12.35779038,1585.495967,131.9203893,205.6212471,4.68826712,3.006669235,5.748002987,2.771284346,6.840715504,5.110283935,5.566221376,4.396247463,161.0152972,2.623066905,3.462898588,69.00658514,7.462378545,2.473251789,2.543542756,31.45925684,0.080915779,0.138578531,0.043505953,0.028651662,0.521388791,0.529300573,0.397463391,0.849250307,928.8544371,2932.020842,0.655988163,1.1236647,2.208969724,0.001429279,0.003017899,0.002127203,0.059138739,0.028887272,0.043583308,0.029294408,0.054901096,683.1624242,75.99060365,0.005581807,0.028154091,7.021684382,1.766379175,2.177753584,4.889453653,206.4059632,5.540447527,8.234132029,7.370341068,6.464654232,73.54892186,2.591748414,0.850900634,2.505559761,36.49296234,0.07961198,0.142091693,0.040401935,0.068314753,0.563085088,0.586664732,0.393718281,0.929655342,425.7534494,2968.703737,0.651129029,1.162136971,30.08832352,0.080028918,0.134048132,0.043539665,0.001285852,0.553598956,0.557770175,0.346097023,0.894920447,852.5076775,N/A,0.664507724,1.113047899,31.11590472,0.079560694,0.139276604,0.045125155,0.087489926,0.497880265,0.47307648,0.392437143,0.786987601,1275.760184,N/A,0.650755487,1.139193349,30.52405368,0.080510472,0.136402747,0.042374293,-0.059972066,0.539658113,0.530777719,0.43344583,0.845048369,844.5043373,2844.64791,0.662726961,1.122807697,29.08446413,0.081339536,0.142113937,0.043178139,-0.011273211,0.515221879,0.508045436,0.37967356,0.827700682,1294.267565,N/A,0.659732055,1.152663567,33.41986058,0.082898669,0.136056503,0.045093603,0.057563374,0.516102348,0.52631504,0.39510157,0.780676468,626.6266504,N/A,0.651124432,1.06865061,29.07188833,0.081155021,0.142893981,0.043482719,-0.019544365,0.505590856,0.507175212,0.394847757,0.890425623,440.9269255,N/A,0.648048453,1.141053527,31.88758863,0.0823456,0.137568085,0.041136632,0.132355819,0.541175554,0.607184153,0.455038782,0.912167936,243.5066221,N/A,0.659168549,1.101219187,31.04198708,0.078894139,0.136303917,0.042909953,0.046504165,0.515965004,0.518678282,0.397155307,0.836484654,2607.544398,N/A,0.656758243,1.134668838,31.86553535,0.082812761,0.139029712,0.047817436,-0.016207627,0.46560985,0.477318498,0.387118652,0.788435946,677.1465616,2982.710878,0.655930701,1.101205357,1888.143416,1258.063608,1206.058865,1678.113667,53014.21215,1256.063853,2206.196483,2692.292115,5033.018024,2.0000016,41785.78006,5937.412224,12.0000128,140.00088,64174.34676,5109.046842,1980.157584,1428.082274,1266.064847,1754.12402,52526.15443,1260.064464,2348.222594,2714.297871,4792.924621,0,42472.04945,5693.29887,6.000008,170.0012592,63915.05762,5115.052885,1958.155809,1266.064805,1168.055241,1534.0953,51989.99409,1336.072708,2406.234044,2502.252398,4708.891213,0,41739.63586,5813.354716,4.0000032,164.0011712,64140.27494,5103.044818,1760.125583,1364.075307,1156.054089,1594.102888,50554.16907,1376.076449,2202.195686,2464.243944,4694.883067,2.0000016,41709.5733,5689.300372,6.0000048,166.0012176,62936.28565,5067.030077,1860.139559,1362.075116,1174.055863,1614.10476,52775.28019,1312.070465,2340.21996,2556.262645,4810.934508,0,41990.42811,5967.425046,4.0000032,178.001368,63647.7003,5177.074403,1852.141016,1246.064431,1138.053335,1578.102706,48900.33622,1280.066359,2260.207475,2322.218653,4312.759173,0,39374.55245,5357.163904,8.0000064,150.0011408,60471.62495,5013.017213,1866.140736,1380.077076,1154.054855,1620.105488,52494.10664,1354.074313,2344.221442,2704.294503,4822.935217,0,42251.33273,6037.461122,12.0000128,182.0015504,65197.79887,5291.12875,2106.180228,1312.069594,1184.05686,1768.125731,53187.02034,1426.082272,2252.203426,2696.291395,5029.015294,0,42883.49741,5899.400631,22.0000336,168.0012224,65056.9531,5357.153869,2040.168091,1396.079109,1190.057384,1664.111617,53751.38012,1374.076867,2370.22635,2624.279131,4988.99781,0,43413.30458,5917.403476,2.0000016,168.0012608,66102.41298,5215.092968,1828.134672,1350.073561,1180.056355,1662.111792,53002.24987,1424.081848,2596.271184,2672.287634,4838.941194,2.0000016,42907.56602,5965.426527,8.0000096,170.001192,65414.78541,5417.178994,1913.948669,1336.272488,1181.656769,1646.709797,52219.49031,1339.87296,2332.619864,2594.872029,4803.330012,0.60000048,42052.772,5827.764689,8.4000096,165.6012262,64105.72406,5186.482082
45,CTJ4ap21,-38.92344484,2455.843649,1229.061258,1260.075308,52083.06419,974.5717579,2367.084211,1976.042686,3486.090142,0.60000048,40537.588,7661.157092,5.80000592,143.8009672,61889.39462,3045.773973,133.7304767,86.26118013,32.7344386,91.79390936,1054.079016,34.79137309,82.32619437,79.087566,112.8567882,0.966092556,872.5262116,218.4559996,2.394440925,22.51841004,1159.090102,86.48202969,343.573076,3.512486643,2.663369168,7.284795503,2.023842168,3.569913945,3.477957987,4.002320728,3.237345668,161.0152972,2.152388079,2.851475267,41.28342208,15.65942878,1.872841235,2.839410621,21.60275408,0.04921837,0.188985359,0.045458788,-0.016675069,0.519611788,0.533086395,0.412463709,0.835175679,684.2666127,3900.216531,0.655011789,2.516936461,3.067433059,0.001297441,0.003341366,0.001625764,0.057300709,0.017598951,0.045590173,0.026227731,0.03187272,455.8903333,71.88454126,0.008176036,0.095160642,14.19926852,2.636090821,1.768055555,3.576347078,343.631023,3.38694222,8.552117185,6.358797223,3.81628935,66.62466425,1.843091036,1.248227252,3.780812229,21.61073173,0.052033033,0.188063736,0.044091104,-0.028074623,0.535617778,0.532068447,0.413689999,0.810031508,533.0680931,N/A,0.661963936,2.39254572,24.98683687,0.049510565,0.192211073,0.045853977,0.020349502,0.508417331,0.559688188,0.406842945,0.842267586,516.3969518,N/A,0.642832981,2.495621229,21.35528214,0.04770104,0.192524372,0.046772372,0.015014319,0.489270276,0.567770532,0.395157344,0.824981002,726.0843251,3875.200329,0.661179277,2.668560796,22.20263945,0.050218739,0.18260871,0.044539607,-0.1353858,0.519713805,0.485610533,0.433866392,0.819240927,388.5480154,N/A,0.655246197,2.382649671,22.62380504,0.048073909,0.188771269,0.045485831,0.033575195,0.533207814,0.512939093,0.383138123,0.834754319,373.2944437,N/A,0.653763556,2.567125901,25.45117617,0.049798426,0.187194222,0.046965064,-0.096748384,0.516114451,0.53702604,0.432208597,0.798649579,492.0586381,N/A,0.647331231,2.433343321,16.65786012,0.049183375,0.188419371,0.04428774,0.010380188,0.539720484,0.553451844,0.441576445,0.844338578,1549.191866,3844.182459,0.647726353,2.481411466,17.85916534,0.048035224,0.186022178,0.048445823,-0.029929524,0.493853007,0.46559497,0.365659914,0.804336492,1500.180518,N/A,0.667375479,2.584491748,18.5997081,0.049297509,0.190395,0.045253796,0.029511112,0.529678474,0.495619464,0.407113418,0.90155561,381.2964265,N/A,0.663306931,2.56179931,24.68033587,0.048331881,0.193643662,0.042892566,0.014557327,0.53052446,0.621094845,0.445383917,0.871601187,382.5468497,3981.266805,0.649391948,2.601815448,3324.445356,2448.241256,1244.062518,2056.171688,52678.84573,1764.127113,2366.22716,2356.224502,3408.468567,0,40690.1671,7652.34483,6.0000048,148.001056,61468.85789,3198.411117,3396.463238,2418.23606,1208.059424,2140.184009,51819.22798,1760.124492,2420.23885,2482.247342,3452.479107,0,40228.67867,7732.397483,6.000008,124.0007232,62580.29673,3098.385842,3276.432013,2340.22108,1184.056624,2158.188709,51740.93159,1724.120216,2464.243931,2478.248424,3458.480347,2.0000016,40256.75709,7750.406858,4.0000032,136.0009952,60886.29592,2904.339624,3244.421933,2570.266929,1206.05891,1988.159405,52102.41902,1850.138326,2366.225255,2398.231378,3568.511978,0,40557.7548,7406.199295,8.0000096,140.0008256,61896.97094,3108.387853,3448.477775,2432.237873,1286.067183,2052.170872,53026.26234,1722.119277,2456.243704,2496.251318,3466.481947,0,40611.89992,7666.359881,8.0000096,132.0007456,62120.16492,2986.359133,3012.370094,2338.220954,1200.058675,2032.169518,49508.70221,1772.127504,2368.226825,2326.220788,3368.463386,0,38377.74089,7184.091349,6.0000048,116.0006976,59286.0951,2952.35419,3380.460374,2424.23673,1250.062779,2094.176084,52297.31673,1818.135001,2360.225539,2436.239761,3450.479627,2.0000016,40804.56827,7688.371068,2.0000016,186.0014544,62996.61589,3098.38621,3462.483455,2556.26293,1266.064959,2050.170153,52917.82093,1776.127142,2610.274015,2570.265616,3648.535388,0,41685.43043,7754.414544,2.0000016,168.0013248,62461.73518,3000.363436,3472.483568,2458.245668,1238.062021,1982.158389,51650.56319,1758.125239,2380.226908,2574.268763,3352.452922,0,41043.33425,7814.445631,8.0000064,164.001168,61876.83607,3050.373852,3594.51881,2572.267007,1208.059485,2276.209146,53088.55222,1858.140563,2324.216651,2498.252293,3686.548151,2.0000016,41119.54857,7962.53998,8.0000096,124.0006816,63320.07761,3060.37847,3361.255662,2455.843649,1229.061258,2082.975797,52083.06419,1780.328487,2411.634884,2461.645018,3486.090142,0.60000048,40537.588,7661.157092,5.80000592,143.8009672,61889.39462,3045.773973
46,CTJ4ap22,-1996.278928,26759.05354,4134.087148,3988.537797,55229.04258,3538.094008,8301.413207,7259.96682,6698.80021,0.20000016,41657.35021,55313.78594,11.80001648,444.608256,62699.98274,45809.86583,357.1668822,303.7724088,81.19671892,213.2002494,620.4978031,164.0330792,144.4405762,97.53385268,97.30839769,0.632456038,518.6858658,531.1731293,5.533745032,25.10603505,771.829355,433.2117042,17.89163214,1.135213577,1.96407855,5.345323532,1.123499112,4.636199004,1.739951652,1.343447637,1.452624271,316.227766,1.245124481,0.960290677,46.89607884,5.646776619,1.230988146,0.945673375,103.3095286,0.730686821,1.327883952,0.150315934,-0.240904183,0.498076484,0.480584726,0.42631105,0.874736845,4776.622914,27748.46443,0.664428578,1.207503121,5.51564345,0.008661716,0.007465005,0.002524168,0.045207798,0.010346485,0.026719749,0.020853389,0.016732343,2240.65122,,0.007460962,0.010381446,5.338949391,1.185421131,0.562173023,1.679241865,18.76588316,2.077288337,5.559841493,4.891590102,1.912843057,46.90868969,,1.12291409,0.859744864,101.4546243,0.744797298,1.320478708,0.149740635,-0.199915161,0.499016815,0.514253306,0.4257493,0.870466941,3787.706773,N/A,0.674322276,1.195530934,92.11879571,0.739607617,1.338858246,0.150055214,-0.28640627,0.506152552,0.516453817,0.425742598,0.884374119,7646.008616,N/A,0.659268396,1.193425957,111.4354832,0.724163887,1.333338538,0.150008964,-0.285200913,0.512065949,0.450639451,0.412958667,0.850404774,2306.750766,N/A,0.655674305,1.207234764,107.1889059,0.722504219,1.331118667,0.152854099,-0.158437799,0.494473179,0.469142005,0.43775877,0.856477802,7610.537289,N/A,0.662390642,1.220367337,101.7630199,0.734824481,1.317808856,0.148128978,-0.242917964,0.481480697,0.451131948,0.410715069,0.874894296,2310.060287,N/A,0.677682112,1.215331705,99.6938929,0.741591063,1.321468482,0.154487822,-0.188900457,0.486310869,0.508406451,0.448739987,0.870866728,7743.030983,27748.46443,0.670369349,1.194555883,103.9329564,0.726575009,1.326219552,0.146910589,-0.245293473,0.508188674,0.472732089,0.406598197,0.872864148,3296.215624,N/A,0.658760146,1.202436879,100.4194878,0.72217622,1.331137146,0.147353926,-0.2818669,0.500969664,0.473694326,0.463591493,0.911920963,2824.349202,N/A,0.66091629,1.218220983,108.954557,0.72671923,1.321251574,0.153111144,-0.240798242,0.487221804,0.450637671,0.395002577,0.871796,5720.205873,N/A,0.66647938,1.211729226,106.1335633,0.72390919,1.337159746,0.150507971,-0.279304651,0.504884634,0.498756198,0.436253842,0.883302676,4521.363726,N/A,0.658422883,1.216197538,34958.84286,26437.96897,4106.678268,13090.86345,54958.62118,12177.95805,8314.775686,8092.622911,6669.781581,0,41151.67098,54339.90534,12.0000128,448.0084578,61026.71145,45452.52976,34898.68208,26900.96667,4146.688887,13245.01917,54597.01919,12314.07105,8278.750453,8184.69,6743.825003,0,40892.83902,54749.71472,6.0000048,498.0100754,62027.60401,45876.0884,35081.20227,27063.31849,4288.741063,12842.60859,55832.45414,12338.09444,8458.86657,8032.581414,6533.716918,0,41771.73616,55695.8656,20.0000256,414.0070385,63708.05726,46135.07437,35452.30476,26572.23792,4174.700292,12864.62272,55233.87006,12414.1672,8526.911786,8148.658281,6587.738791,0,41864.0219,55725.98104,6.000008,426.0075633,63201.409,45663.28462,34816.44843,26600.30326,3988.640849,12650.41898,55925.00422,12129.90949,8370.808256,8192.69429,6783.847515,0,42608.53663,56149.90691,20.0000416,454.0087538,62873.92843,46201.30183,35119.30858,26526.1531,4136.688426,13212.98377,55061.06225,12520.27125,8592.958062,8352.791969,6783.84462,2.0000016,41996.44109,55496.97326,6.000008,466.008965,62646.72026,46458.24784,35777.17656,27303.82394,4196.707019,13052.82592,56212.19843,12316.07857,8342.790264,8130.649842,6621.757636,0,41839.94034,55488.94694,14.0000176,444.0081218,63513.16269,46147.07675,34746.26223,26740.62207,4046.656022,12786.54391,54817.9953,12518.26579,8164.673782,8314.769234,6809.858829,0,41356.35506,55050.98044,16.0000224,450.008773,62574.27102,45189.6505,35394.04934,27039.24574,4132.68751,12882.6463,55398.63335,12221.98555,8568.94493,8340.788001,6791.850126,0,41968.38265,55450.79164,8.0000096,420.0072321,62970.2642,45761.70189,34278.95707,26405.89526,4122.683139,12920.68949,54253.56769,12225.98626,8250.728988,8140.658338,6661.781083,0,41123.57831,54988.79352,10.0000144,426.0075793,62457.6991,45213.70237,35052.32342,26759.05354,4134.087148,12954.92223,55229.04258,12317.67877,8387.020878,8193.090428,6698.80021,0.20000016,41657.35021,55313.78594,11.80001648,444.608256,62699.98274,45809.86583
47,CTJ4ap23,-913.4136517,14078.34478,2352.023832,2355.857024,53201.36081,2080.529276,4585.935775,3966.019385,3452.880658,0.20000016,41935.68335,13561.36755,9.00001264,198.6017093,63502.65202,8368.010411,384.5463641,389.1373047,90.35142472,149.7322294,872.8005867,151.1829781,119.1654757,91.52216981,103.3383193,0.632456038,355.3618226,199.4673656,2.708016412,13.43482168,572.149803,203.9367337,42.09991425,2.764084206,3.841433216,6.355743488,1.640560642,7.266563361,2.598498573,2.307658156,2.992814683,316.227766,0.847397239,1.470849934,30.08902899,6.764705968,0.900985683,2.437099427,42.25608943,0.131778631,0.323384307,0.086198008,-0.200079605,0.512966749,0.513946178,0.453880607,0.865287725,1010.896401,6773.66821,0.660397155,1.621598044,2.055782955,0.003196437,0.003847227,0.001636081,0.087102734,0.017948922,0.033962885,0.033672512,0.028255461,304.885212,,0.005090477,0.050400733,4.86505728,2.425611025,1.189676552,1.898049508,43.53403923,3.499041979,6.608257119,7.418803822,3.265441055,30.15988698,,0.770820548,3.10809037,45.35140145,0.126186903,0.32468481,0.086989775,-0.254507746,0.510541957,0.463671256,0.418182981,0.852996496,1345.434536,N/A,0.659447091,1.696788237,42.91084615,0.129522476,0.320648967,0.085359656,-0.312845284,0.504580199,0.456252544,0.431432926,0.883779092,693.7305259,N/A,0.655407505,1.622542635,42.85433454,0.135144332,0.326611927,0.08690809,-0.185992858,0.507046597,0.490389284,0.4948247,0.847834182,714.2440782,N/A,0.663106612,1.602572045,44.67354047,0.130245535,0.321291578,0.086146787,-0.095529848,0.501141018,0.526379464,0.436870374,0.844534892,677.5533651,N/A,0.660176285,1.628532455,39.02212189,0.131751509,0.32468617,0.083649638,-0.351907149,0.515974276,0.543642121,0.462446257,0.908826758,1404.807148,N/A,0.655568582,1.615572022,41.65726973,0.133457198,0.324468344,0.083721118,-0.225453544,0.55438788,0.514579499,0.493390633,0.913333544,701.2359079,N/A,0.673437643,1.637297955,40.14434908,0.136081162,0.319944119,0.085498362,-0.201388101,0.526374896,0.528749233,0.417049372,0.862991179,1073.870234,N/A,0.659313019,1.550128767,43.01362638,0.128136645,0.331488342,0.088134807,-0.109064137,0.485991738,0.56274737,0.455761896,0.852157835,1010.826887,N/A,0.659733188,1.706723796,39.92919496,0.134113789,0.318265874,0.088199114,-0.121136959,0.514414827,0.523675492,0.424150885,0.860540868,1068.11241,N/A,0.659392636,1.564806838,43.00420967,0.133146764,0.321752938,0.087372736,-0.142970425,0.509214106,0.529375514,0.504696046,0.825882403,1419.148919,6773.66821,0.658388988,1.591015692,18842.19587,14478.38853,2414.234015,7043.990588,54360.03349,6727.816356,4772.913795,4514.820673,3454.47834,0,42187.11661,13697.51593,6.0000048,178.001416,63973.46689,8072.613676,18724.02158,14548.47289,2288.210551,6943.931416,53126.73469,6729.817411,4580.841704,4508.816709,3596.519022,0,42124.90187,13507.30628,12.000016,194.0017072,64272.84022,8324.77741,18679.96248,14111.97391,2340.220917,6991.960345,53106.6346,6913.918643,4660.872311,4408.780712,3558.509105,0,42054.66987,13735.55676,12.0000224,200.0018208,63420.67643,8570.944938,18335.46716,13557.35808,2282.212617,6939.928999,52863.64031,6437.660429,4596.85003,4312.747705,3350.450555,0,41211.86725,13241.02587,12.0000128,182.001448,62425.5493,8130.649054,18087.08712,14182.05692,2270.208168,7144.045315,52598.52477,6687.793745,4442.792694,4466.800943,3360.455092,0,41940.25538,13617.4209,6.000008,216.0019424,63975.38946,8428.854125,18784.11921,14292.17296,2468.245663,7080.011157,53178.93485,6885.903251,4494.812655,4530.822561,3334.448209,0,42462.07786,13777.60011,12.0000128,202.0017136,63052.72404,8414.83987,18830.18455,14268.14992,2416.23587,7208.085622,53689.13,6595.742965,4634.862854,4446.795854,3484.488795,0,41623.23042,13317.10779,8.0000064,214.001944,63131.21263,8590.968744,17922.89388,13301.12701,2196.196485,6999.977301,51273.72274,6423.657436,4562.839601,4328.756565,3430.477285,0,41635.35552,13801.63498,8.0000096,188.0014656,63109.38468,8086.624801,18758.08388,13965.80699,2454.243392,7178.067622,54092.85806,6605.748931,4816.929738,4606.855192,3598.527075,0,42012.54581,13371.15961,8.0000256,214.001976,63714.00518,8544.926622,18820.17576,14077.94061,2390.230638,7202.083184,53723.3946,6987.96342,4736.905077,4344.760409,3360.453104,2.0000016,42104.81286,13547.34726,6.000008,198.0016592,63951.2714,8514.904868,18578.41915,14078.34478,2352.023832,7073.208155,53201.36081,6699.602259,4630.062046,4446.995732,3452.880658,0.20000016,41935.68335,13561.36755,9.00001264,198.6017093,63502.65202,8368.010411
48,SN5,1098.342475,3.400004,5942.217581,4852.409181,55263.99117,3440.961403,12186.11803,10890.62052,2.40000224,0,42789.16022,81031.50116,14.80002336,399.4067315,65064.60382,46053.35934,55.1008664,2.503334878,98.01972587,112.8190387,724.790851,78.41075227,188.9638276,268.4665467,2.458547965,0,485.0443124,359.1022781,8.121318584,36.4191684,518.7810597,412.1292396,5.016729086,73.62740979,1.649547909,2.325010825,1.311506526,2.278745475,1.550648263,2.465117082,102.4394029,N/A,1.133568198,0.443163798,54.8736876,9.118316125,0.797332235,0.894895064,116.1288207,0.707844849,1.893939167,0.220513639,0.090184624,0.487760315,0.398265051,0.282413822,0.893833306,4316.531469,N/A,0.657657672,1.759632912,10.18695861,0.007966727,0.021335408,0.002540482,0.005435647,0.012569655,0.010612505,0.007137381,0.023913303,3017.448652,N/A,0.007190039,0.016736254,8.77211923,1.125490501,1.12650968,1.152074659,6.027243106,2.577014604,2.664684029,2.527277355,2.675364956,69.90447478,N/A,1.093279818,0.951121914,105.5394044,0.709532445,1.933875994,0.218919771,0.082612064,0.492579477,0.39765532,0.283499397,0.894352793,1451.189945,N/A,0.642709745,1.751746455,131.1907008,0.722668327,1.890751024,0.221823917,0.09189091,0.472189886,0.399175222,0.266953689,0.879752276,2902.633183,N/A,0.66288935,1.734348486,119.7091218,0.703046667,1.920723111,0.22164468,0.085029897,0.48306593,0.401811056,0.281398633,0.870578179,3810.793455,N/A,0.650003563,1.77580938,127.8442102,0.712625693,1.879954982,0.222285204,0.093105178,0.47930976,0.384746219,0.279639058,0.895644995,7670.75816,N/A,0.662466644,1.747632004,115.6515221,0.691250231,1.88861891,0.224036351,0.083831163,0.485164465,0.385515959,0.279134854,0.871428719,4533.607304,N/A,0.652936319,1.783938469,124.5026946,0.706532662,1.879208393,0.221155195,0.091457177,0.479230229,0.386118676,0.278281842,0.931769372,2105.257179,N/A,0.660940377,1.757943787,99.9479628,0.707605417,1.859091644,0.217863155,0.093529965,0.500378602,0.416522453,0.291666063,0.899603999,2587.588937,N/A,0.664699597,1.746365187,108.8498433,0.709997239,1.891298277,0.215965031,0.094583617,0.505731465,0.398003421,0.287059611,0.896303604,2884.566978,N/A,0.656610782,1.749086858,119.0715906,0.710822743,1.891602518,0.222817855,0.086451336,0.474302718,0.402290674,0.290036121,0.865095613,3830.194293,N/A,0.664571812,1.768522075,108.9811562,0.70436707,1.904266816,0.218625232,0.099354935,0.505650622,0.410811511,0.286468948,0.933803511,11388.72525,N/A,0.658748529,1.780936416,1022.043008,2.0000016,6077.483211,4906.971866,56358.89494,3498.493416,12338.10194,11034.87167,2.0000016,0,42064.69387,81347.90165,32.000064,440.0078945,65448.97478,46438.17112,1140.052818,8.0000128,5801.349985,4906.968578,55386.51202,3282.431963,12286.05304,10808.68313,0,0,42600.50698,80546.95222,16.0000224,354.0052433,64264.88367,46442.19595,1058.045504,4.0000064,5979.431727,4974.992206,55846.52968,3484.488933,12378.13732,10776.64893,4.0000032,0,42279.42293,81207.06474,12.0000224,382.0060337,65044.90948,45729.60683,1144.053395,2.0000016,5875.384524,4716.893712,55145.42233,3428.474972,12258.01144,10978.8266,0,0,42785.11069,80434.08199,6.000008,360.0054337,64584.55085,46024.61033,1020.042856,0,5903.39591,4690.890413,54311.82996,3396.46383,12167.92643,10604.50583,8.0000096,0,42823.29314,80876.8812,10.0000144,392.0064129,65585.71163,45336.13833,1130.052833,0,5921.410405,4770.915955,55870.66142,3438.474656,12356.11258,11513.30203,2.0000016,0,43326.98594,81420.43564,22.0000304,372.0057793,65553.54682,46315.72194,1134.0525,4.0000032,6037.471011,5027.019314,55382.49787,3520.498442,12065.83129,10854.72568,2.0000016,0,43752.46834,81339.84828,18.0000208,466.009045,65822.91994,46576.65469,1138.053259,4.0000032,6055.473078,4766.910922,55442.7378,3438.475924,11973.74368,10732.62098,4.0000032,0,42682.79283,80725.89252,16.000032,424.0076289,65004.70902,46153.16395,1064.0462,4.0000032,5807.351168,4926.977733,54950.60589,3552.507743,12244.00172,10592.48866,2.0000016,0,42971.7689,81285.50627,12.000016,386.0063729,64660.83594,45962.3928,1180.05631,6.000008,5963.424791,4846.943793,53944.21983,3380.459484,11793.56759,11012.87482,0,0,42604.55856,81130.44705,4.0000032,418.0074705,64674.99608,45554.93746,1103.049868,3.400004,5942.217581,4853.548449,55263.99117,3442.076936,12186.1487,10890.95483,2.40000224,0,42789.16022,81031.50116,14.80002336,399.4067315,65064.60382,46053.35934
49,Dur252,-5631.705944,76326.86314,8553.93544,8648.755747,60060.6961,8356.353924,17552.39186,15334.77444,14366.86586,0.40000032,42327.20736,132905.2234,18.80002816,194.8016947,64365.21322,8801.904924,429.1704471,838.2938851,252.5082899,518.1743805,947.116295,387.2719078,414.6826499,330.5540474,261.2593529,0.843274717,691.3545212,1938.847715,7.612870113,12.58596047,879.5190058,205.5220507,7.62061179,1.09829469,2.95195459,5.991317082,1.576931931,4.634460332,2.362542115,2.155584673,1.818485364,210.8185107,1.633357276,1.458819801,40.49392931,6.460909126,1.366450854,2.3349724,45.37893869,0.136746502,3.140216826,0.292229494,-0.32109471,0.487312242,0.492774251,0.476146227,0.873835908,559.9174443,66006.81864,0.657624142,15.1045971,3.515277916,0.002439656,0.03706142,0.004244801,0.026516547,0.00705489,0.027420953,0.020569866,0.016348396,257.0500011,172.8999749,0.007414703,0.300934696,7.74649654,1.784072315,1.180218518,1.452557386,8.258169854,1.447714533,5.564607617,4.320073233,1.870877148,45.9085538,0.261942597,1.12749854,1.992338449,41.77396172,0.140188202,3.118867129,0.290792622,-0.291391458,0.486830987,0.528881687,0.496705193,0.86385754,347.0479446,66129.07738,0.658830739,14.65747832,50.21985725,0.139156033,3.174708044,0.294163238,-0.32455442,0.487818274,0.509049877,0.444550576,0.864688012,893.9191995,N/A,0.653632206,14.91197597,43.85501892,0.136180771,3.173646171,0.297271192,-0.312241115,0.473822416,0.429217374,0.461537461,0.855901631,398.6847743,N/A,0.647804465,15.09686089,50.44939643,0.139232191,3.087754917,0.294679926,-0.330932942,0.483726086,0.477753125,0.490121525,0.857868586,443.9573895,65884.55989,0.66917389,14.84028193,49.18048234,0.13850297,3.12455599,0.290528828,-0.334071082,0.496087008,0.510665632,0.456902106,0.904182565,904.9270066,N/A,0.653124363,14.73415071,43.23252859,0.1336752,3.18215882,0.290566065,-0.331392563,0.492857066,0.504380779,0.50210463,0.893584245,311.8942655,N/A,0.647808251,15.42117562,46.7109255,0.135288308,3.088906023,0.294422237,-0.263127191,0.493044551,0.510443793,0.489469269,0.870789177,739.5947796,N/A,0.665930774,15.20454801,44.31821131,0.136519968,3.151214818,0.297964737,-0.351909461,0.494773898,0.483055665,0.467729956,0.867940468,398.8670476,N/A,0.664700461,15.3429126,43.09449252,0.135652497,3.180919917,0.287134117,-0.32448296,0.482978833,0.485070948,0.45765214,0.86928244,861.896911,N/A,0.660058622,15.47773659,40.95451234,0.13306888,3.119436434,0.284771983,-0.346843907,0.481183297,0.489223628,0.494689419,0.890264414,298.3851243,N/A,0.655177646,15.35885039,101702.2057,77223.96136,8715.044497,35343.91027,61561.33242,34228.81491,18089.09076,17508.26923,14672.61627,2.0000016,42405.86569,132258.2606,26.0000432,216.0020544,64365.34177,9023.261552,100395.7495,76632.36002,8572.944404,34623.92857,59742.5209,32955.45902,17758.62026,17207.85207,14442.35678,0,41988.48009,133301.1655,10.0000112,178.0013424,64238.69522,8939.202007,100452.2409,76592.02357,8484.884917,33350.47157,60238.96889,33394.56358,18093.10509,17352.06172,14538.46113,0,41723.54543,132415.7702,22.0000368,200.0017312,64407.62249,8771.079707,99994.55937,76451.18054,8556.932394,34068.42246,60029.95824,33753.52419,17872.78294,17171.80885,14332.21573,2.0000016,42674.76815,131769.2252,20.0000256,176.001296,63772.31509,8879.159155,100165.8204,76571.89178,8687.020177,34599.9049,60273.13002,33123.91413,17694.52257,17832.71926,14354.24031,0,42672.76974,133333.4583,10.0000112,184.0014528,65336.36191,9049.280201,99976.59241,76422.97973,8675.016527,34485.55101,60576.53553,33911.99365,17788.66238,17768.63762,14646.58696,0,42321.57264,134673.9657,28.000048,202.0019344,65330.40071,8733.054406,101046.9395,76348.52897,8731.055959,34621.92276,60146.45004,33717.52237,17888.79714,17386.08657,14111.97756,0,43686.23289,134942.6679,12.0000192,190.0016208,65601.76316,8875.151555,100002.5736,76746.93425,8795.102259,34303.04914,59658.0761,33494.86408,17958.90652,17422.16144,14312.20591,0,42724.91206,134635.376,22.0000272,198.0018064,64276.94065,8775.085897,99867.55602,76205.76706,8396.832558,33968.12176,60548.38957,32959.45441,17570.35669,17127.76361,14464.37932,0,41938.25803,133402.2403,10.000008,200.0017984,63537.17177,8618.976005,96843.88215,74073.00412,7924.520714,32877.20911,57831.59928,32450.13519,16645.09547,16583.01508,13793.61865,0,41135.66885,128320.1041,28.0000512,204.0019104,62785.51943,8354.798758,100044.812,76326.86314,8553.93544,34224.24916,60060.6961,33399.02455,17735.99398,17336.03754,14366.86586,0.40000032,42327.20736,132905.2234,18.80002816,194.8016947,64365.21322,8801.904924
50,CTJ4ap24,-495.7228105,7613.125589,1807.532163,1838.980449,51484.35083,1550.009888,3613.250843,3196.825053,3324.64594,0.40000032,41433.24449,6831.67335,8.40000832,141.0009128,63215.01544,816.0274358,296.9386564,208.1294479,69.13202176,109.1401989,653.6772735,135.6969544,119.4159406,115.5280513,155.6188452,0.843274717,641.8193543,163.4506177,1.837873863,14.73488177,945.4055246,46.67931159,59.90013977,2.733823913,3.824663439,5.934821052,1.269662068,8.754586368,3.304944656,3.613837149,4.680764448,210.8185107,1.549044402,2.392541465,21.87942908,10.45020311,1.495539498,5.720311541,5.845697896,0.012914703,0.164891477,0.070178206,-0.135858223,0.500699269,0.509454458,0.429581878,0.886042869,102.2166717,3372.910442,0.65548967,8.400604823,0.732014739,0.000823846,0.003447162,0.002023389,0.079180011,0.024375901,0.034618358,0.041279384,0.051604231,26.85617338,151.4019772,0.009448729,0.596451544,12.52228137,6.379134126,2.090564061,2.883215947,58.28135308,4.868371679,6.795181998,9.609200534,5.824123457,26.27377015,4.48876363,1.441476425,7.100102394,6.612143036,0.014166516,0.166683048,0.067710989,-0.159664484,0.511494158,0.519769187,0.458846263,0.927934559,88.60319276,N/A,0.666657235,7.843880508,5.347357533,0.01211124,0.171745884,0.072624473,-0.189266383,0.470485765,0.509694491,0.421829005,0.825358092,77.00238824,N/A,0.650216382,9.220524943,5.236978182,0.012678521,0.159928536,0.069663075,-0.111628434,0.499956857,0.511703278,0.42530687,0.898175106,79.60250408,N/A,0.662848612,8.361259772,5.732543343,0.012880669,0.164359445,0.069210305,-0.178250042,0.505568715,0.462169894,0.435769055,0.959337882,101.753209,N/A,0.658303525,8.400060489,7.526544491,0.013308591,0.16782862,0.072417562,-0.110122384,0.490592017,0.495116119,0.420273418,0.838515813,143.0048471,N/A,0.639720266,8.0672228,5.941333737,0.012603741,0.160525853,0.070029561,-0.076296645,0.522433872,0.548621547,0.498155323,0.870521972,80.80255215,N/A,0.656070203,8.355950083,5.774803569,0.01279733,0.163786961,0.067846027,-0.038644478,0.545705762,0.503547322,0.435157084,0.933014977,136.6711458,N/A,0.646188836,8.270264951,5.048329762,0.013551861,0.165951799,0.07357059,-0.287263343,0.480615857,0.454730353,0.335681105,0.799025049,139.6713785,N/A,0.665144241,8.145145991,5.730296673,0.011327927,0.164500502,0.069696077,-0.181094424,0.46699858,0.520107592,0.413565127,0.898475346,90.25260638,3479.967806,0.663801918,9.639517777,5.506648632,0.013720632,0.163604119,0.069013399,-0.026351616,0.513141102,0.5690848,0.451235528,0.910069894,84.8028929,3265.853077,0.645945479,7.702220915,9865.89705,7526.27365,1776.12736,4326.754553,51283.09964,4062.664569,3516.499422,3702.550365,3448.478294,0,41695.50653,6949.934126,10.000008,134.0008272,62544.1446,886.0326365,10038.03829,7760.410617,1756.123746,4502.820297,51395.56391,4120.681822,3774.574874,3538.502297,3286.433368,0,41340.32176,7100.030094,10.000008,144.0009376,63579.32973,770.0244984,9998.010461,7510.260669,1792.12999,4350.762984,51455.80062,3988.641426,3630.531226,3720.556103,3596.522278,0,41617.19747,6655.777476,10.000008,152.0009536,62785.37322,796.0256776,9955.969435,7652.351562,1812.131997,4220.714454,51789.1607,4072.665216,3624.527626,3876.602295,3144.398563,0,41603.16478,6837.87309,8.0000096,142.0009584,63197.54221,814.0266489,10268.23772,7716.385428,1850.139011,4452.795589,52076.28326,4116.679424,3816.585841,3656.539251,3548.508109,0,41243.98448,6921.921008,6.000008,114.000552,64471.90546,858.0302267,10268.23019,7618.329159,1914.148714,4562.836466,52319.42304,4324.750899,3704.550399,3632.532415,3180.406961,0,42060.69212,6751.828486,10.0000112,136.000848,64110.04792,808.0264265,10368.31329,7586.308023,1908.146904,4302.742191,51538.15233,4010.646337,3538.504669,3718.554097,3274.432149,0,41406.5008,6781.844945,6.0000048,142.0009392,64078.01942,820.0275305,9983.992338,7992.559303,1810.131778,4390.774891,51192.67898,3886.608129,3808.581542,3470.48325,3310.439462,0,41131.65229,6825.871712,6.000008,166.0013168,61838.69565,838.0293883,9859.895081,7594.309936,1688.11548,4424.785202,51865.46316,3986.639061,3656.537241,3702.551598,3264.429046,2.0000016,42309.54363,6959.941181,8.0000096,126.0007568,63738.20634,722.0217175,9841.882648,7174.067539,1768.126646,4364.767483,49927.88265,3908.614334,3486.490474,3580.515057,3192.411167,2.0000016,39923.88105,6531.711379,10.000008,154.0010384,61806.88984,848.0296075,10044.84665,7613.125589,1807.532163,4389.975411,51484.35083,4047.859122,3655.738331,3659.938673,3324.64594,0.40000032,41433.24449,6831.67335,8.40000832,141.0009128,63215.01544,816.0274358
51,CTJ4ap25,-35.82570543,799.0261527,355.6053735,550.2909943,51055.66823,425.6608861,595.2230654,437.8797183,453.2086306,0,42275.46277,5934.216265,7.40000816,136.8008557,63764.32932,407.8071277,78.25241401,38.55682984,34.04407503,46.21345965,865.922521,35.37767153,38.98498595,37.94580946,37.05029686,0,365.2334352,192.0552561,6.397924458,13.2062043,1176.744814,44.90585722,218.4253264,4.825477828,9.573554721,8.398003987,1.696036015,8.311233822,6.549643019,8.665806585,8.175108408,N/A,0.863937167,3.236404734,86.45834328,9.653597733,1.845459407,11.011543,2.998309065,0.00639506,0.140362554,0.011662476,-0.06107579,0.600126062,0.927050171,0.716233655,0.739964685,99.472574,N/A,0.663146651,14.71387087,0.395310024,0.000694108,0.004075653,0.000802538,0.13046326,0.074640518,0.08499348,0.054997269,0.094624967,79.83583231,N/A,0.010313784,1.693267336,13.18443213,10.85381133,2.903661183,6.881372045,213.6087961,12.43747324,9.168164008,7.678677013,12.787768,80.25913988,N/A,1.555279526,11.50796654,2.734399462,0.005506047,0.135118941,0.011893813,0.163743386,0.625741554,0.880887773,0.740070133,0.661411726,175.0024624,N/A,0.668205046,16.39781703,3.62908022,0.007073205,0.140759383,0.011352102,-0.164575512,0.626160723,0.987991179,0.821887142,0.802465632,75.00135896,N/A,0.662779404,13.18955388,3.661341197,0.007288055,0.140879935,0.011106439,-0.112183249,0.739086733,0.992420534,0.692045123,0.853706819,227.0042497,N/A,0.667423109,12.90145619,2.848514583,0.005920897,0.136798412,0.011456165,-0.037836337,0.54856963,0.989635941,0.676863339,0.653635742,188.0030017,N/A,0.671706612,15.51933651,2.630984443,0.006671497,0.148768503,0.012737886,-0.140187911,0.561693581,0.864613911,0.734104881,0.684900427,31.57200034,N/A,0.642994571,14.3382117,2.734400675,0.005644558,0.141078951,0.011920422,0.153610993,0.595548154,1.019106006,0.716767983,0.787161082,21.87529728,N/A,0.680549734,17.00952441,2.791692919,0.006233431,0.141259882,0.010897392,-0.221587839,0.561309523,0.923177281,0.727545327,0.843048661,25.12538256,N/A,0.653055615,14.79932232,3.328614648,0.007317844,0.135351625,0.012177411,-0.079260803,0.537060632,0.957604682,0.665603922,0.618722825,116.5021624,N/A,0.657972301,12.16992578,2.971865121,0.006607808,0.139852268,0.012804939,-0.153573807,0.503446485,0.73305682,0.625416133,0.648744769,35.16725063,N/A,0.662297129,14.01732032,2.652197377,0.005687255,0.143757636,0.010278191,-0.01890682,0.702643603,0.922007584,0.762032568,0.845849172,N/A,N/A,0.664482989,16.79624053,1120.05125,736.0220199,386.0062673,790.025564,51865.4633,698.0202198,622.0155764,464.0088002,402.0067537,0,42476.06776,5739.321308,2.0000016,128.0007584,63567.41544,350.0052049,1090.048353,856.0296746,362.0055377,858.0296186,50927.58627,756.0232583,584.0138755,528.0114723,460.0085346,0,42167.07554,5935.411538,6.0000048,124.0007072,63621.58397,450.0085138,1078.047162,824.0277546,414.0070033,832.0285386,50435.62825,658.0178005,566.0133875,542.0119059,458.0086482,0,41577.07363,5857.37545,2.0000016,124.0006976,62294.92663,454.0088626,1080.046936,796.0259337,320.0044449,844.0287466,50919.59892,656.0180293,590.014418,454.0087218,522.0112018,0,42656.69667,5835.368362,2.0000016,132.0008352,63504.95275,376.0063041,1012.041682,798.025628,372.0056737,840.0289162,51993.94272,748.0228519,668.0182533,516.0109922,448.0085218,0,42600.48812,6337.610862,14.0000144,168.001168,66253.26254,442.0084594,1134.052638,752.0232647,360.0054273,868.0305611,50710.80745,680.0192422,610.0151028,536.0117699,432.0077089,0,42199.22766,5953.422783,16.0000224,128.0007168,62007.55884,350.0052465,1060.045676,854.0294106,310.0041265,796.0260201,50680.68901,682.0191638,558.0126547,528.0113346,448.0082242,0,42116.87869,5949.425297,16.0000192,144.0010112,64492.02446,402.0066033,1042.044138,788.0259049,332.0047777,856.030894,50765.19244,670.0182901,624.0162212,446.008133,456.0088066,0,41900.45902,5671.295218,4.0000032,140.0008928,63681.1899,466.0090226,1010.041869,800.0265993,320.0042113,734.0224951,49639.21195,660.0183333,642.0169781,482.0097874,500.0107106,0,42297.58857,5915.413712,12.0000128,142.0008784,63864.97351,422.0074577,1078.047172,786.0253368,380.0062657,762.023708,52618.56198,670.0183509,546.0122227,514.0108562,406.0071953,0,42763.07202,6147.518122,0,138.0008912,64355.40519,366.0056017,1070.446688,799.0261527,355.6053735,818.0275062,51055.66823,687.819554,601.014869,501.0103773,453.2086306,0,42275.46277,5934.216265,7.40000816,136.8008557,63764.32932,407.8071277
52,CTJ4ap26,-716.7799913,9928.152622,1835.936556,1855.368216,53821.95423,1592.141335,3674.235948,3174.241241,2841.925511,0.40000032,42899.59079,13883.92176,9.20001088,161.0011502,65052.9801,4172.300133,219.6275483,188.8255986,80.23029801,91.0665668,884.3539945,94.4926562,115.0858376,84.64690974,70.47442922,0.843274717,937.9299729,200.7896283,3.675751286,21.93456747,1161.719071,93.69144026,30.64085925,1.901920788,4.369992946,4.908274597,1.643110153,5.934941462,3.132238626,2.666681683,2.479812681,210.8185107,2.186337808,1.446202534,39.95377108,13.62385762,1.785804538,2.245558499,26.3170007,0.064162648,0.323733254,0.06827755,-0.195053225,0.500295346,0.505331853,0.433384655,0.864651828,553.8485317,6915.32485,0.659474006,3.329499232,3.330133837,0.002090882,0.006340893,0.002232962,0.059376211,0.03076768,0.027592157,0.022942277,0.034845077,298.2219479,20.52792699,0.0098054,0.101675163,12.65392616,3.258721074,1.958678231,3.270418688,30.44103024,6.149903333,5.460205307,5.293744629,4.029954725,53.84539831,0.296846893,1.486851612,3.053767431,28.85186502,0.063648056,0.329406674,0.066065221,-0.305434899,0.469150769,0.540489602,0.458634028,0.892838184,296.7635222,6929.840287,0.644565889,3.335911875,24.40388029,0.064226603,0.324451846,0.067505615,-0.200509416,0.475608693,0.469672885,0.416700399,0.840056594,414.8683623,6900.809414,0.65854279,3.326743331,25.60902475,0.063985615,0.326236234,0.07091039,-0.26617141,0.493805069,0.534556788,0.427254776,0.869245575,691.447793,N/A,0.662138266,3.375969624,26.6752345,0.065969341,0.326355386,0.066456386,-0.146440483,0.539597624,0.524219535,0.416520933,0.880481637,1053.678037,N/A,0.657995749,3.255155412,22.02455605,0.066508203,0.33415878,0.068323633,-0.191782243,0.506081423,0.534040775,0.423088079,0.872554132,298.9068784,N/A,0.657572267,3.303856318,29.51931807,0.060117647,0.319470265,0.06971911,-0.206755522,0.486961293,0.502342967,0.472125451,0.850621746,334.5539455,N/A,0.651898814,3.464245459,27.86930747,0.062239372,0.325135059,0.069401027,-0.093266137,0.466179912,0.49532551,0.441226936,0.846684578,412.4677447,N/A,0.66162608,3.456298259,31.10805256,0.063895652,0.321836448,0.063989733,-0.164321635,0.561380924,0.508181927,0.458057992,0.935551379,528.8395191,N/A,0.663452231,3.341747089,20.40913839,0.06371885,0.310902183,0.070204044,-0.171483989,0.491126034,0.47112361,0.41847211,0.853116849,412.267874,N/A,0.682428432,3.32976018,26.69962993,0.067317139,0.319379664,0.07020034,-0.204366514,0.513061721,0.473364933,0.401765844,0.805367603,1094.691641,N/A,0.654519546,3.105304773,12848.60975,10072.06374,1684.116015,5315.134213,54335.87701,4950.98521,3624.527034,3584.518565,2724.297924,2.0000016,42074.71413,13859.69166,14.0000144,144.0008672,65276.04831,4154.693584,13281.0624,10132.1069,1772.127017,5145.061612,55195.6897,4876.954882,3762.572707,3528.502431,2860.329091,2.0000016,42538.29967,13801.62987,10.0000176,170.0012816,64594.58716,4148.690925,12878.64704,10026.03298,1860.140449,5373.158686,53122.7215,4898.967301,3804.580393,3684.546594,2944.349619,0,42931.62509,14005.85168,6.0000048,162.001096,64837.85533,4148.690077,12680.47582,9527.6423,1882.142985,5021.011869,52486.28851,4578.843271,3524.500571,3468.484625,2852.330817,0,42038.69342,13719.55403,4.0000032,158.0010672,63889.00461,4214.715519,12806.57498,9751.807947,1834.13598,5203.087536,53044.4786,4732.89827,3660.540698,3558.509793,2844.326812,0,41374.50073,13825.65268,14.0000176,190.0016304,62920.08164,4184.701558,13054.82839,9994.012651,1842.13854,5249.105382,54259.52833,5065.028523,3818.584968,3606.521805,2790.313743,0,43533.75002,13907.73867,12.0000128,136.0008256,66779.91903,4014.651628,13409.19647,9939.962628,1764.124969,5205.086282,54526.78557,4930.976734,3820.58966,3600.521289,2846.325044,0,43846.8267,14256.14057,10.0000176,148.000976,66271.30944,4124.684706,13453.24134,10132.10999,1964.155116,5173.07545,54677.39743,4926.971963,3534.502124,3662.539509,2794.31309,0,43929.14615,14138.00035,8.0000096,136.0008384,66212.97524,4230.72123,13008.77619,9859.900409,1840.136593,5069.033072,53369.7266,4802.929962,3784.577055,3608.523308,2958.353715,0,44153.89552,13727.54249,10.000008,202.001768,64701.1371,4122.682038,12868.63089,9845.886682,1916.147899,5067.036318,53201.04906,4730.900737,3770.569643,3398.46501,2804.315258,0,42574.45641,13597.41559,4.0000032,164.001152,65046.88312,4378.770067,13029.00433,9928.152622,1835.936556,5182.079042,53821.95423,4849.545685,3710.554485,3570.113293,2841.925511,0.40000032,42899.59079,13883.92176,9.20001088,161.0011502,65052.9801,4172.300133
53,CTJ4ap27,-532.0380406,6168.32893,856.4301768,1072.922399,51996.67862,906.1311854,1584.351444,1306.327927,872.6311821,1.20000096,41722.99012,9698.771071,8.00000736,161.0012069,63348.13663,3281.233361,309.9384245,200.7734859,33.53250921,70.83836567,1265.181512,83.62793027,66.71928052,56.54708179,80.32193358,1.398412916,888.7704756,326.3627125,3.265989154,33.09630352,1649.28222,102.8200658,58.25493685,3.254908877,3.915381559,6.602375509,2.433196785,9.229119538,4.211141459,4.328704962,9.204568348,116.5343165,2.130169657,3.364990369,40.82482687,20.55655616,2.603521284,3.133579802,21.03465375,0.051806395,0.232420089,0.030476511,-0.334571746,0.541690326,0.678567377,0.572806973,0.825159599,544.6398795,4416.031408,0.658734,2.957238119,3.706537398,0.001371487,0.004387174,0.001228015,0.192731088,0.036570908,0.05684374,0.056506603,0.034798267,419.2039251,1075.70771,0.007203077,0.104727322,17.62110013,2.647331291,1.887605335,4.029381441,57.60530896,6.751257326,8.377022189,9.86485956,4.217155944,76.96901032,24.35914989,1.093472852,3.541389564,19.51411602,0.053679117,0.235864586,0.030183934,-0.114011827,0.548029369,0.731819454,0.629414861,0.818313793,279.7041822,4878.901851,0.661628945,2.907179658,18.56548752,0.051246689,0.2318002,0.029499668,-0.394222101,0.528944974,0.671700422,0.5484952,0.837832939,269.2013637,4883.904324,0.668483255,3.023698787,24.23724589,0.052280634,0.225885012,0.031040661,-0.237897353,0.557078631,0.638486962,0.628527572,0.816195214,517.0641542,N/A,0.665550122,2.875592487,24.20316212,0.053827705,0.234589617,0.031562459,-0.499897753,0.503962027,0.681377466,0.574805878,0.825611834,338.8459581,4850.879852,0.656969398,2.863176133,14.59508888,0.052867154,0.234897977,0.03112369,-0.349449656,0.517378576,0.664529246,0.602608211,0.858769838,861.1176819,4972.977522,0.649875707,2.887510992,20.8314527,0.049452158,0.23660253,0.029948394,-0.569736794,0.581174783,0.667531775,0.53009553,0.836182547,395.7999344,2493.493489,0.658367508,3.149941767,23.46775636,0.05133297,0.225071353,0.028104069,-0.431137493,0.621604682,0.76993176,0.561042157,0.884441734,416.5553038,N/A,0.644131155,2.824217496,19.00236884,0.051584899,0.236920535,0.03035565,0.074576381,0.529977483,0.737254046,0.63288748,0.776368129,1634.214605,N/A,0.658829488,3.025890079,18.72644338,0.050579691,0.233843163,0.030309928,-0.43638131,0.516419255,0.653251674,0.571362169,0.831259954,325.842428,N/A,0.663145382,3.065894816,27.20341579,0.051212932,0.228725912,0.032636656,-0.387559552,0.512333484,0.569790966,0.448830672,0.766620004,408.0531846,N/A,0.660359041,2.94927898,7898.502376,5831.366458,842.0291962,3078.382373,50903.48016,2880.333447,1548.09711,1384.07747,910.0338525,2.0000016,41370.39682,9757.811508,12.0000096,172.0012768,62528.09397,3356.452871,8042.589052,6253.568036,826.028041,3144.3988,52937.95567,2908.340178,1574.099902,1444.084386,974.0387584,2.0000016,42138.94749,9767.816461,12.0000128,174.0013456,63036.65379,3230.41981,7748.408589,5857.38481,846.0297019,2932.347629,48925.82397,2876.333156,1528.095952,1342.073183,736.0219335,0,39494.43938,8921.201919,6.0000048,128.0008224,59341.04444,3102.387407,7836.461314,6257.566965,834.028281,3224.417033,52433.89626,3004.36432,1666.112432,1488.090278,874.0309243,2.0000016,41356.33788,9701.767466,10.0000112,140.0008544,62950.17394,3388.463376,8114.637986,6277.578577,854.0301755,3200.411724,53036.35729,3054.376929,1662.112502,1542.096526,894.0326428,2.0000016,42341.6291,9945.963001,4.0000064,236.002416,65153.42644,3444.476239,7922.525181,6373.628119,920.0349774,3192.409307,52859.62001,2930.346344,1594.102648,1444.084651,864.0300138,4.0000032,42155.0096,9973.981935,8.0000064,152.0010176,64029.60212,3166.402008,8014.574913,6245.56804,912.0339469,3222.41893,52206.85462,2872.331799,1478.088026,1416.081736,850.0296667,0,41815.84908,9411.549745,8.0000064,142.0010096,64918.22162,3332.445096,8416.842715,5993.440943,844.0295755,3182.406723,52463.9169,2974.355974,1604.103872,1362.076073,902.0329436,0,41743.59739,9889.915432,2.0000016,172.0012832,63360.24439,3268.431824,7906.507386,6213.55083,824.0276425,3124.392658,52644.67462,2950.349579,1608.104084,1462.085943,974.0384415,0,42720.91589,9989.994099,10.000008,174.0013744,64421.64428,3258.426887,8180.68092,6379.63652,862.0302299,3096.384963,51554.20665,2848.327404,1692.116277,1394.079168,748.0226439,0,42092.77854,9627.709142,8.0000064,120.0006688,63742.26129,3264.428088,8008.173043,6168.32893,856.4301768,3139.797014,51996.67862,2929.945913,1595.503281,1427.882941,872.6311821,1.20000096,41722.99012,9698.771071,8.00000736,161.0012069,63348.13663,3281.233361
54,SN1,1071.263075,3.60000512,5883.593778,4795.521288,55664.40134,3437.296264,12121.45871,10844.73205,2.80000256,0,42797.67491,75141.01285,13.80002128,379.2059972,65606.52617,42908.90814,54.56888949,2.63312808,231.957637,154.7166114,1358.339967,86.3223598,300.0561199,300.5416318,2.347577641,0,664.9434501,1252.396548,4.049701821,33.86611671,1299.791299,985.3627951,5.09388317,73.14234264,3.9424482,3.226273061,2.440230982,2.511344765,2.475412631,2.771314501,83.84198196,N/A,1.553690595,1.666728329,29.34562011,8.930796705,1.981192078,2.296406126,113.8238008,0.654033466,1.755742594,0.21777782,0.088401558,0.485345575,0.395660871,0.283632353,0.894794712,3391.054034,N/A,0.652414296,1.75156507,8.503945186,0.007646894,0.013385278,0.003042351,0.004532457,0.013161638,0.009907998,0.00634987,0.019396224,1141.313958,N/A,0.006813639,0.02750211,7.4711485,1.169190065,0.762371319,1.396997514,5.127123002,2.71180749,2.504164291,2.238768047,2.167673079,33.65661375,N/A,1.044373067,1.570144907,113.5683492,0.66079067,1.75150766,0.218724216,0.086456045,0.497813735,0.40233117,0.27473678,0.888008649,2768.268341,N/A,0.650760685,1.72492194,111.693284,0.658159567,1.756539893,0.22074538,0.089633396,0.458767336,0.384800264,0.27555945,0.873770348,3592.852448,N/A,0.653410379,1.743864945,122.5043311,0.66098596,1.769057969,0.215420159,0.089653246,0.483244752,0.401343007,0.282950116,0.908391365,3097.652434,N/A,0.648658092,1.736063753,122.3494909,0.644483106,1.749805724,0.219715221,0.086972811,0.508343734,0.398842976,0.281199151,0.884049489,2971.383392,N/A,0.660769626,1.794024488,119.9022637,0.650151516,1.769022435,0.221826657,0.083194955,0.478967074,0.373793095,0.284471137,0.884713623,3031.853334,N/A,0.657775067,1.789765648,101.2725592,0.650308273,1.73370344,0.217701223,0.084394202,0.492368537,0.398728424,0.291825547,0.890092516,5468.810759,N/A,0.644400757,1.71795417,102.7373455,0.668706536,1.74276849,0.217372899,0.092949954,0.481220809,0.393973152,0.290391382,0.890141494,1961.378705,N/A,0.66463222,1.732150097,117.8252285,0.649311104,1.757032544,0.212264212,0.098359779,0.489194069,0.409258909,0.2800215,0.944175535,3113.995552,N/A,0.643720729,1.741905018,122.2482728,0.64942951,1.749621397,0.219843915,0.087478846,0.478900821,0.396121583,0.282368421,0.891516425,2567.245611,N/A,0.650636214,1.752872365,104.136883,0.64800842,1.77836639,0.214164318,0.084922349,0.484634889,0.397416135,0.292800044,0.89308768,5337.099763,N/A,0.649379192,1.782128275,1094.048372,2.0000016,6283.58414,5079.038993,57709.01904,3468.482723,12622.38549,11209.04338,2.0000016,0,43620.06102,76400.871,16.0000256,390.0062353,67029.34282,44292.36433,1108.049593,0,5671.289742,4756.907524,56001.25038,3406.470682,12362.11953,10802.67853,8.0000064,0,42803.19157,75185.51355,12.0000192,386.0061841,65507.36401,43114.29836,1092.048367,2.0000016,5871.382645,4876.953566,56401.01195,3438.476046,12149.91498,11036.87785,0,0,42558.3493,75288.18698,14.0000144,354.0052689,65609.8333,43367.17868,1070.047172,8.0000256,6189.534746,4858.946769,55416.66506,3426.473261,12175.93593,10764.64194,4.0000064,0,42650.65527,74630.36074,14.0000144,340.0047681,64546.93673,41599.41028,1034.04401,8.0000064,5889.394249,4598.852308,55430.81123,3500.490856,12296.05709,10878.7452,2.0000016,0,42943.75284,75968.46222,14.0000304,354.0053169,65286.37982,42446.03885,1040.043432,4.0000064,6035.460474,4888.958963,56306.59288,3578.514066,12258.01412,10910.76663,0,0,43353.08357,75161.39014,8.0000064,432.0076577,67276.58693,43750.52107,1114.050234,2.0000016,5753.328599,4710.892488,55000.84767,3472.486613,11955.71927,10642.53766,2.0000016,0,42887.51431,74743.00856,22.0000464,420.0071777,64528.19017,43150.42252,1184.05751,4.0000032,5861.38669,4904.966242,56447.20105,3356.451792,11981.74624,11313.12613,2.0000016,0,43220.65393,75940.0955,14.0000208,370.0056689,67141.93282,43596.00249,1012.042683,2.0000016,5525.244006,4570.861534,52479.71054,3258.438091,11537.39615,10286.28979,4.0000032,0,41152.31873,72000.97737,16.0000256,336.0047105,63249.35172,41075.9955,1014.042381,4.0000032,5755.332491,4720.897337,55450.90362,3478.490049,11875.65609,10606.51368,4.0000032,0,42787.16856,76091.26247,8.0000096,410.0069841,65889.34341,42696.84934,1076.247375,3.60000512,5883.593778,4796.727573,55664.40134,3438.477418,12121.49449,10845.12208,2.80000256,0,42797.67491,75141.01285,13.80002128,379.2059972,65606.52617,42908.90814
55,CTJ4ap28,-62.67569932,1041.044383,555.012851,658.8099329,51527.67303,540.8674479,938.24721,742.2444828,703.4204084,1.20000128,42232.87918,5810.355485,7.0000088,143.0009573,64047.18717,1865.74076,90.36846959,67.55466585,32.80065804,53.44165006,451.6445654,42.65193667,54.08016777,47.14071067,32.8387241,1.932185995,507.2239629,112.4838232,3.800590223,16.74002732,846.4076841,99.39919033,144.1842222,6.489124475,5.909891632,8.111846437,0.876508755,7.885839097,5.763957217,6.351102873,4.668434936,161.0153278,1.201016774,1.935919816,54.29407779,11.70623444,1.321537637,5.327599228,13.20708208,0.029122294,0.137603968,0.018205929,-0.067002553,0.593561724,0.704154604,0.577942751,0.792839971,429.8603665,2444.740018,0.659430377,3.121774609,1.65925822,0.001300603,0.003460391,0.000983401,0.099540488,0.052823445,0.070134817,0.055101187,0.057292892,350.2099017,972.126644,0.005223988,0.169564627,12.5633975,4.466004976,2.5147467,5.401540657,148.5622327,8.899402122,9.960144624,9.534021727,7.226286998,81.47061906,39.76400913,0.792197098,5.43167423,10.93897414,0.028104546,0.141048233,0.018143741,-0.003683215,0.601508795,0.665539085,0.561263003,0.880425487,886.0626109,N/A,0.657693335,3.30076435,16.41183718,0.0287211,0.141065812,0.018503636,-0.11914091,0.594976015,0.683151864,0.62588174,0.791950099,153.1778589,2947.695793,0.653002141,3.207268365,12.25429759,0.027499701,0.137868843,0.01925154,-0.098524312,0.557260202,0.694514996,0.53635293,0.82020135,174.0120172,2900.672981,0.664984045,3.333875557,14.58829263,0.028851546,0.140930315,0.018916456,0.028336783,0.525680742,0.630414988,0.556533828,0.764146871,229.7668285,986.8996524,0.65949549,3.221418597,11.81897044,0.028992576,0.132964741,0.017432253,0.137456949,0.668955045,0.744823563,0.681702252,0.788037215,227.516461,N/A,0.668858679,3.067496339,11.77999512,0.028155019,0.140267051,0.017619632,-0.087303412,0.614931117,0.840748729,0.556172531,0.806767956,181.4131463,N/A,0.65716559,3.273969733,14.74705182,0.028577637,0.131453306,0.017239539,-0.144718383,0.680262644,0.744837821,0.539929984,0.819101233,929.0686772,N/A,0.665399788,3.060749953,12.80345126,0.031854881,0.138141414,0.020140113,-0.052350828,0.535500063,0.660305154,0.534177431,0.654794733,345.6951439,2943.691645,0.654530133,2.838425828,13.38451942,0.030495561,0.137105131,0.017164756,-0.116741048,0.606779721,0.767452569,0.654794892,0.811119959,977.0761068,N/A,0.65712985,2.954393088,13.34343119,0.029970375,0.135194832,0.017647622,-0.213357152,0.549762898,0.609757271,0.532618916,0.791854811,194.8148144,N/A,0.656044721,2.959384283,1370.075817,992.039912,560.0126531,952.0369807,51313.18995,848.0293322,940.0358638,918.0343677,706.0201814,0,41470.72471,5849.372435,2.0000016,162.0011728,63054.80459,1772.12664,1340.072183,1050.044663,568.013658,1004.041093,51594.36163,942.0361086,964.0382032,858.0301115,732.0221991,2.0000016,41791.81499,5895.396302,12.0000128,112.00064,63999.50685,1838.136268,1416.081179,1094.048602,558.0131411,1062.045588,52014.07919,896.0324844,1010.041485,916.0342765,680.0191782,2.0000016,42078.76483,5801.350604,10.0000112,142.000968,63277.8563,1740.122121,1512.093011,1072.047474,516.0108962,978.0386623,51891.59574,898.0327868,990.0398336,842.0290778,660.0180293,6.000008,42016.55117,5921.40581,8.0000064,126.0007696,63710.1418,1838.136098,1340.073723,880.0315628,592.0147172,954.036851,50767.06308,892.0321548,894.0324956,796.0258217,708.0207366,0,41990.48516,5583.253991,8.0000096,154.0010512,62779.30821,1820.133872,1436.083573,1094.048359,554.0129843,1124.052102,51132.45565,860.0301003,910.0343357,826.027945,712.0206694,0,42343.63102,5939.416251,10.000008,154.00116,64433.73125,1814.132914,1390.07783,1098.049085,612.015498,1038.044868,52186.73729,846.0290842,908.0333548,828.0279498,654.0178261,0,43264.77991,5687.298369,2.0000016,126.0006992,65020.72995,1858.138841,1344.072961,1010.041898,556.0130819,1024.042351,51554.14418,886.0322396,1048.044607,786.0251768,762.0235511,2.0000016,42618.55889,5887.388,6.000008,162.0011344,65113.21135,2074.173629,1332.073134,1036.043631,532.0116867,1020.042239,51080.18699,914.0339421,886.0316187,812.0269993,724.0213574,0,42108.84294,5773.338411,2.0000016,146.0010416,64079.94243,1954.153777,1306.068575,1084.048642,502.0101938,920.0348526,51742.91661,842.0292474,922.0342845,820.0275049,696.0203558,0,42644.63818,5765.334678,10.0000272,146.000936,65002.63898,1948.153443,1378.677198,1041.044383,555.012851,1007.641559,51527.67303,882.431748,947.2366082,840.2289231,703.4204084,1.20000128,42232.87918,5810.355485,7.0000088,143.0009573,64047.18717,1865.74076
56,CTJ4ap29,-1046.939226,14240.32028,1900.345942,2058.847251,54140.71173,1816.872665,3801.941296,3189.020859,2554.863254,0,42875.28204,15182.03432,7.00000752,200.601821,64906.84324,9198.192535,352.5990642,184.0482088,74.93064447,129.8599988,783.3311027,124.9962701,57.56051641,123.4403029,66.80675232,0,581.6590874,248.3240132,3.299836656,19.55197012,912.1313016,147.3422672,33.67903842,1.292444307,3.943000209,6.307412983,1.446843009,6.879748511,1.51397699,3.870790075,2.614885639,N/A,1.356630347,1.635643866,47.14047301,9.746656351,1.405292965,1.60186109,46.26712729,0.141733166,0.354100708,0.0702305,-0.275386,0.499931938,0.541563809,0.478104574,0.838875276,1684.599809,N/A,0.660626155,1.650921722,4.790050622,0.002713041,0.003603435,0.001109171,0.093289668,0.020785708,0.033981758,0.035859191,0.032246208,1105.21638,N/A,0.009082635,0.037490602,10.35303228,1.914189528,1.017629907,1.579329284,33.87596598,4.157707659,6.274746771,7.500281972,3.84398121,65.6070584,N/A,1.374852504,2.270889123,46.98779142,0.147931079,0.356087041,0.069778398,-0.33737796,0.49137645,0.581500679,0.449150745,0.838142377,949.1606462,N/A,0.656661426,1.580659223,42.88452756,0.142342319,0.351716253,0.072218987,-0.251774062,0.467265105,0.546344185,0.454184081,0.819128058,4588.683354,N/A,0.650748316,1.607945981,42.81503933,0.140370234,0.350564739,0.069680828,-0.262507977,0.503797253,0.512058215,0.543728266,0.864324104,2247.809774,N/A,0.67322012,1.681319672,53.59430473,0.142769693,0.357199428,0.069777864,-0.111533633,0.511592468,0.504548253,0.497726667,0.844173806,666.1050511,N/A,0.659080721,1.64897221,46.59828386,0.14069853,0.351978513,0.071519597,-0.368321722,0.482964448,0.558720239,0.448169604,0.794672744,1522.222287,N/A,0.650848419,1.628195109,38.33553795,0.138055965,0.354904947,0.069507757,-0.206772086,0.495659908,0.547116997,0.481045476,0.834320646,1507.878266,N/A,0.66056241,1.698129214,53.54255724,0.141502001,0.35902576,0.069800085,-0.425871517,0.502728893,0.575583877,0.53506117,0.845388036,1151.173205,N/A,0.664268315,1.685413887,43.11754214,0.140241903,0.34821458,0.068519778,-0.308936518,0.52989927,0.584944582,0.458052152,0.850250465,1164.183814,N/A,0.659517971,1.637554604,46.89440483,0.139753248,0.358506022,0.070217301,-0.300986397,0.481672619,0.509618387,0.453347555,0.903644208,1531.896005,N/A,0.653286624,1.675862227,47.90128384,0.143666692,0.352809797,0.071284404,-0.17977813,0.532362966,0.495202681,0.460580023,0.794708317,1516.885689,N/A,0.678067226,1.665165096,18489.68444,14258.13605,1822.135375,6933.931792,53142.90705,6343.614971,3740.562491,3460.479974,2530.259398,0,42132.99101,15003.0121,10.0000112,202.0017712,64162.4273,9491.617093,18625.88547,14162.02931,1822.133259,6875.899732,53996.47309,6417.652571,3932.621961,3554.507681,2586.2702,0,41956.32588,14756.72172,2.0000016,214.0019856,64473.96767,9177.374051,18587.82119,14135.99777,1888.143352,6655.77339,53785.58128,6675.786551,3778.574422,3574.515882,2406.233468,0,43122.30405,15117.15926,4.0000032,210.002056,64053.79574,8991.246288,19126.63644,14115.98366,1914.147418,6617.754267,53620.83459,6493.690082,3774.573103,3518.497458,2584.268927,0,43050.08267,15377.46491,14.0000208,174.0014096,65318.37644,9325.48457,18087.09859,14083.94717,1852.138561,6861.885665,53620.79517,6339.613614,3868.60259,3414.467989,2634.279359,0,42249.34372,14870.86119,6.0000048,196.0016608,64914.2603,9133.341027,18930.34944,14244.12154,1896.144481,6865.892681,55036.95063,6513.701005,3858.597454,3552.506578,2590.269902,0,43288.92406,15363.45329,6.000008,236.0024704,65533.43541,9047.281661,18451.62477,14488.41171,1898.145472,7027.97863,54092.82876,6773.836947,3808.582044,3550.506055,2574.266436,0,43232.6607,15521.63887,8.0000064,172.0013664,65083.12936,9209.393006,18669.93875,14336.22977,2022.165487,7035.988512,55693.87355,6451.671873,3848.595254,3598.518841,2540.260248,0,43798.65052,15251.32871,8.0000064,216.0020608,66410.09411,9313.47796,19032.49414,14582.50369,1852.138478,6845.880137,54761.75594,6527.708674,3878.606369,3838.595436,2612.273827,0,42965.80672,15403.50043,6.000008,196.0018112,65768.69194,9191.388283,18689.99521,13995.84215,2036.167537,6583.744149,53655.11726,6353.618128,3856.597367,3386.463746,2490.250773,0,42955.7311,15155.20275,6.0000048,190.0016176,63350.25411,9101.321415,18669.15284,14240.32028,1900.345942,6830.472895,54140.71173,6489.089442,3834.591306,3544.905964,2554.863254,0,42875.28204,15182.03432,7.00000752,200.601821,64906.84324,9198.192535
57,CTJ4ap30,-286.3562093,7836.064861,1469.888088,1541.401551,52112.56978,1354.223633,2875.859038,2444.082365,2400.832315,1.80000144,40413.34271,12057.63084,7.80001008,153.2010586,61574.09092,3461.482527,163.7909148,118.3528648,49.81836142,105.45706,750.5580315,79.76124439,89.43268301,102.9649601,53.09336333,1.751191472,655.7076941,157.3321823,3.326664187,18.50430161,878.3699484,81.41726458,57.19831087,1.510360964,3.389262205,6.841634481,1.440262944,5.889813355,3.10977283,4.212826932,2.211456544,97.28833731,1.622502991,1.304834958,42.64948574,12.0784424,1.42652524,2.352092317,22.88225574,0.056220664,0.298406903,0.055190567,-0.099178767,0.511324938,0.536510557,0.471078704,0.850318134,523.2744709,5454.968547,0.656404374,3.484606449,2.714888285,0.001268786,0.004905338,0.00170969,0.057162138,0.017143277,0.041119286,0.027352834,0.038589928,221.623121,1505.988656,0.011223694,0.070261637,11.86460074,2.256797228,1.643841941,3.097793455,57.63545878,3.352716752,7.664208111,5.806425517,4.538292946,42.35313078,27.60765059,1.709874907,2.016343531,24.52492567,0.055982315,0.295911429,0.053244205,-0.163449818,0.515779524,0.610678497,0.459303703,0.94283825,282.03795,5953.837739,0.665620922,3.518340337,19.19140308,0.056412871,0.304208829,0.054816826,-0.157610689,0.499587883,0.558371096,0.432287449,0.842933077,863.618773,6165.038403,0.661896,3.569302604,20.89158648,0.053896621,0.295125188,0.059136988,-0.096642002,0.496285315,0.473472806,0.443189105,0.811299022,423.056751,5944.829048,0.641557355,3.513016812,22.116872,0.056092335,0.297863033,0.055884898,-0.140633117,0.509396962,0.561481782,0.470321536,0.87930267,873.6213007,N/A,0.646767521,3.434482342,20.40051383,0.058174246,0.299998057,0.055104617,-0.088154166,0.489089928,0.573868345,0.529412071,0.805103838,598.4191852,N/A,0.654782742,3.37664111,21.97688171,0.055929356,0.307268586,0.056481184,-0.02953595,0.530879155,0.514040716,0.466829652,0.832679131,338.4459096,5963.87408,0.641491213,3.524269021,22.23085741,0.057886602,0.299372845,0.054026248,-0.047353937,0.526820973,0.528338319,0.473832351,0.845220361,439.0617681,6061.935567,0.667407386,3.451638903,23.18497986,0.056959695,0.300132233,0.054029074,-0.117478776,0.540563771,0.534512389,0.473623837,0.849630991,595.0849088,2044.335877,0.651971075,3.435368376,28.01988141,0.055947992,0.291408903,0.053807929,-0.001233403,0.510398762,0.523951627,0.49943646,0.843715759,579.0801493,N/A,0.657767866,3.426028478,26.28465594,0.054924608,0.292779927,0.055373698,-0.149695817,0.494447111,0.48638999,0.462550875,0.850458238,240.318013,6050.929113,0.674781656,3.596976507,10644.53553,8020.578945,1452.084763,4406.779641,52875.62681,3924.620973,2846.326913,2992.35988,2426.237078,2.0000016,40240.70662,11907.685,12.0000192,138.0008592,60455.8921,3384.460815,10506.43114,7912.50763,1422.082227,4240.720728,51927.68081,3826.586626,2878.334924,2746.302611,2490.249777,2.0000016,40531.65294,12330.08667,4.0000064,180.0014624,61235.68194,3454.480619,10498.41003,7798.442528,1534.095457,4076.669115,52271.11432,3928.618075,3122.392566,2848.327827,2444.241256,2.0000016,40286.86166,11889.66761,8.000016,162.0011376,62795.41706,3384.460777,10546.45285,7912.508104,1480.088837,4282.736577,51992.05383,3962.628386,2936.346761,2890.336105,2408.234321,0,40292.90514,12001.76693,4.0000064,158.0011312,62298.90008,3494.490794,10576.48866,7824.459815,1424.083269,4292.74113,52839.49734,4108.676774,2942.348581,2678.287809,2398.231554,0,40413.23054,12123.89063,6.0000048,176.0013504,61720.06063,3590.517984,10438.39168,7600.329018,1518.094705,4016.650845,50629.00605,3828.590338,2890.336787,2716.299128,2406.23325,2.0000016,38818.66954,11927.7577,10.0000112,154.0010512,60513.17419,3384.462886,10612.54203,7760.420389,1468.088383,4072.667047,51580.35635,3866.601677,2816.318894,2678.290651,2318.216432,2.0000016,40497.59701,12123.88083,8.0000128,158.0010928,60678.97639,3512.499765,10620.52834,7914.507163,1552.097315,4186.703701,53142.80676,3956.627428,2902.339539,2778.312267,2432.237178,6.0000048,40868.7362,12266.02507,6.0000048,154.001096,62684.89161,3570.512309,10710.6002,7738.405128,1416.081486,4046.656829,51562.30889,3924.620172,2804.316903,2666.285309,2336.220491,0,40848.71767,11903.68002,6.0000048,124.000656,62102.02682,3474.483675,10474.40398,7878.48989,1432.084434,4048.661155,52305.24661,3924.61691,2926.344145,2790.31244,2348.22181,2.0000016,41334.34983,12101.86791,14.0000144,128.0007488,61255.88842,3364.455643,10562.87844,7836.064861,1469.888088,4167.098677,52112.56978,3925.218736,2906.540601,2778.511403,2400.832315,1.80000144,40413.34271,12057.63084,7.80001008,153.2010586,61574.09092,3461.482527
58,CTJ4ap31,-549.2895262,8400.429679,1206.45928,1394.308522,50535.032,1264.887496,2294.771523,1923.497824,1568.499817,1.0000008,41773.74151,26583.48479,11.00001296,256.8028384,63444.96916,18183.64544,434.4125453,225.6325268,55.2450194,96.28302824,585.3429466,75.04939386,68.14276095,95.77929237,30.14102812,1.054093397,534.2389939,446.2103162,2.538594887,16.92370524,848.8760827,278.5347272,79.08626045,2.685964116,4.579103524,6.9054321,1.158291434,5.933286089,2.969479108,4.979433361,1.921646901,105.4092553,1.278887106,1.678524541,23.07810815,6.590155056,1.337972252,1.531787056,71.11115396,0.286614418,0.636367446,0.045420001,-0.242222571,0.525891766,0.607405668,0.551165628,0.838903206,1756.412905,13268.8906,0.65847348,1.462053525,5.229583254,0.003217958,0.006841993,0.001612009,0.197002209,0.022703861,0.034584199,0.027428279,0.049783493,514.3501428,300.0350021,0.008008509,0.021349394,7.35409702,1.122748085,1.075163886,3.549116994,81.33107023,4.317211782,5.693756398,4.97641318,5.934354892,29.28412455,2.261191317,1.216223447,1.460233391,67.13740918,0.285354677,0.644948267,0.048212112,-0.277125524,0.504260882,0.575302164,0.509473665,0.790097074,1488.228325,N/A,0.655390733,1.481290309,76.46674391,0.285684732,0.641261768,0.044135421,-0.165922335,0.576991427,0.629944988,0.560346012,0.785433002,1819.924102,N/A,0.650958882,1.461173795,68.02599456,0.289540293,0.643386735,0.04725537,-0.159304009,0.531880814,0.586418875,0.580712322,0.782515424,1292.507238,N/A,0.673013906,1.495502459,62.98100341,0.27932553,0.630037643,0.046023792,-0.127436188,0.497883895,0.654458565,0.561147578,0.840623954,2981.134351,13006.51572,0.644766255,1.454313939,70.7429731,0.283715893,0.638798041,0.042615993,-0.648379052,0.517788756,0.579905448,0.528861416,0.942413467,1497.408095,N/A,0.66065355,1.487488731,72.12289383,0.288987311,0.629269745,0.046366444,0.036858794,0.544706749,0.650001045,0.549481128,0.875170807,1538.63682,N/A,0.654394527,1.4249438,68.05000086,0.288660747,0.644518585,0.044479756,-0.083838142,0.52349931,0.604693959,0.540206652,0.860518801,1331.848637,13657.90615,0.656119738,1.464977035,68.96425059,0.289547649,0.628534402,0.044747533,-0.433590938,0.530519679,0.553493884,0.539455092,0.81770985,2241.360558,12941.45354,0.664970159,1.443481318,76.40532066,0.287790426,0.632493587,0.04518429,-0.196548488,0.522211405,0.63958995,0.536112242,0.867220366,1528.120737,13290.11897,0.659538343,1.449505385,80.2149495,0.287536919,0.630425684,0.0451793,-0.366939824,0.50917474,0.600247805,0.605860171,0.827329315,1844.96019,13448.45859,0.664928707,1.45785848,11044.88375,8460.867612,1218.059957,4224.717796,50102.24962,4006.643084,2436.239515,2134.183413,1620.105569,0,41017.24257,26453.99951,12.0000096,266.0030288,62584.41031,17858.75419,11281.10157,8418.842694,1304.068788,4244.723557,51208.7132,4028.65137,2280.208861,1994.160306,1572.099475,0,41468.70077,26592.29237,10.0000144,238.0023824,63704.0248,18199.26723,11245.07408,8392.823229,1252.065162,4192.70448,49815.14998,4120.682421,2374.226321,2062.171011,1580.101693,0,42060.69987,27061.29636,14.0000144,266.0030192,62496.03385,18095.11994,11018.87045,8172.675644,1158.054411,4260.727865,50538.05034,3986.639084,2346.22241,2176.190999,1586.101733,2.0000016,41288.09217,26013.05226,6.0000048,284.0034208,64035.75229,17886.82042,10928.78012,8919.189688,1134.052225,4258.728165,51393.45613,4084.669281,2210.197242,2282.211369,1566.100107,0,41841.95752,26728.56052,12.0000128,254.0028432,63334.19013,17968.91631,11241.05764,8056.602256,1278.067148,4224.717822,50604.26601,3932.622384,2366.226078,2270.208098,1556.097904,0,41809.87133,26309.68705,12.000016,256.0028512,63890.92453,18463.66646,11453.25558,8408.828726,1180.05671,4180.701296,50678.57206,3976.635536,2274.210146,2158.188079,1568.101069,2.0000016,42381.76339,27315.83416,14.000024,274.0031248,64594.55638,18645.91288,10722.62231,8438.850215,1176.055875,4054.662645,49540.15521,3964.631506,2236.200264,2024.164926,1518.092798,2.0000016,41179.81083,25882.92779,8.0000096,260.002912,61927.30647,17930.90598,11032.87739,8292.759822,1192.057369,4238.724389,50519.99943,3944.624637,2302.213148,2192.193608,1526.095537,2.0000016,42024.55128,26580.2592,12.0000128,240.0025056,63718.13213,18337.4684,10844.70538,8442.856905,1172.055155,4210.713823,50949.70802,4164.694852,2322.218509,2126.181582,1592.102285,2.0000016,42664.72538,26896.9387,10.0000112,230.002296,64164.36066,18449.62256,11081.32283,8400.429679,1206.45928,4209.112184,50535.032,4021.049415,2314.816249,2141.985339,1568.499817,1.0000008,41773.74151,26583.48479,11.00001296,256.8028384,63444.96916,18183.64544
59,CTJ4ap32,-387.3794277,8656.807028,1596.90347,1744.158748,56022.01569,1465.666961,3165.87905,2725.712145,2655.28485,0,43056.27622,22419.91281,9.800012,177.001381,65661.74469,7689.371312,251.0012226,279.1572901,70.94681926,195.9932769,874.3627107,118.5218041,55.14042134,78.38186574,71.9611248,0,516.7330362,366.7965489,3.938421793,17.3143894,1176.9528,107.5972972,64.79467021,3.224714253,4.442774445,11.23712375,1.560748395,8.086544027,1.741709663,2.875647228,2.710109418,N/A,1.200134061,1.63603022,40.18792827,9.782064582,1.79244826,1.399299017,43.84732454,0.117121682,0.520721601,0.056523806,-0.122074143,0.504489783,0.551141361,0.463306885,0.861052993,897.1089296,N/A,0.655843312,2.915850299,4.681157976,0.001551595,0.006666224,0.001319909,0.079856578,0.022760275,0.063935107,0.041356875,0.02365862,323.7611926,N/A,0.009516989,0.039344731,10.67604016,1.324771925,1.280189584,2.335138207,65.41645581,4.511543296,11.6004916,8.926453753,2.747638061,36.08939583,N/A,1.451107106,1.349339884,47.67313862,0.115995046,0.510382743,0.056500352,-0.160891988,0.499781222,0.476182008,0.421267553,0.848851526,1303.073442,N/A,0.643100043,2.829665354,46.34306576,0.118823045,0.524509304,0.057908209,-0.168739839,0.471013486,0.532159705,0.412011636,0.860214457,950.0386317,N/A,0.667018636,2.944357134,45.19004721,0.117091717,0.527538702,0.054881076,-0.21770072,0.504246417,0.432741474,0.459550699,0.876804192,640.1961877,N/A,0.646486995,2.912647611,42.04511762,0.117639121,0.524988748,0.054910761,-0.236968582,0.544923042,0.61540967,0.494903748,0.897557994,977.5560442,N/A,0.659625619,2.943714857,39.4283167,0.118651942,0.514885552,0.057649928,-0.089041512,0.516472598,0.621754719,0.44417631,0.876937329,630.8577776,N/A,0.66753552,2.896744781,42.41701095,0.115071599,0.520632473,0.056269454,-0.045351069,0.467529205,0.584774128,0.48286364,0.825210047,943.7845974,N/A,0.646049934,2.923002528,53.8358307,0.115618781,0.531677056,0.054518937,0.028036073,0.522688417,0.609689559,0.546695667,0.881824699,1292.066139,N/A,0.645367206,2.967743927,38.62557721,0.119721501,0.521616777,0.057494072,-0.137532272,0.510920336,0.54585661,0.472370066,0.83585041,487.6518347,N/A,0.660934391,2.879637033,43.83144371,0.1167073,0.516983206,0.057392797,-0.084375307,0.504348584,0.507414106,0.479808449,0.870868968,482.1487913,N/A,0.660361225,2.925229739,39.08369689,0.115896764,0.514001451,0.057712473,-0.108176211,0.50297452,0.585431629,0.419421081,0.836410305,1263.715851,N/A,0.661953551,2.935760028,11923.69699,8983.235732,1596.103735,4530.82663,56523.62766,4292.741364,3228.420202,3090.383694,2724.301349,0,43347.05402,22123.58834,6.0000048,164.0010944,67403.28271,7818.446907,11731.51958,8867.156315,1522.094315,4690.883906,55804.35426,4240.721922,3264.42821,3138.397124,2574.26786,0,42664.71903,22378.04208,8.0000064,164.0011296,63963.30884,7600.315134,11829.6074,9031.264637,1562.098539,4366.767203,56447.27616,4386.773681,3132.395762,3092.383452,2700.292179,0,42415.88438,22376.0206,12.000016,170.0012496,65609.80295,7682.364496,11593.38213,8913.184041,1718.11929,4926.977288,57419.66867,4484.806036,3188.412124,3216.415792,2774.310107,0,43850.84007,23021.19763,8.0000096,186.0015664,66478.37623,7820.457738,11060.90707,8190.687251,1620.106308,4694.885891,54412.34695,4080.668308,3170.404995,3116.390993,2624.278475,0,42590.49606,21929.23109,12.0000128,192.0016384,63802.59147,7570.301407,11509.31585,8414.836145,1456.085919,4640.867719,55348.46213,4264.732559,3148.399414,2940.348419,2658.284359,0,42389.7965,22069.5046,8.0000096,178.0013648,65613.80827,7550.285839,11853.6345,8498.901751,1616.105533,4732.904773,56712.58777,4478.804172,3126.392957,3102.387017,2698.292782,0,43272.80821,23007.15929,6.000008,144.0008832,67051.45198,7752.407169,11333.14395,8502.898754,1632.107678,4592.848587,55561.3196,4298.742694,3228.418227,3040.371271,2658.287861,0,43074.13499,22468.19148,16.0000192,202.0018672,65171.57461,7802.438719,11703.48415,8650.999366,1638.108783,4546.82969,56591.93491,4396.776439,3280.432829,3182.406841,2540.261035,0,43650.11486,22566.37634,16.0000288,176.0013792,66100.36023,7714.394546,11443.24839,8514.906284,1608.104596,4724.897871,55398.57882,4134.689894,3230.419304,3036.372296,2600.272493,0,43306.9141,22259.81669,6.0000048,194.0016368,65422.88963,7582.301169,11598.194,8656.807028,1596.90347,4644.868956,56022.01569,4305.945707,3199.812402,3095.58569,2655.28485,0,43056.27622,22419.91281,9.800012,177.001381,65661.74469,7689.371312
60,SN2,1078.50976,4.00000352,5995.644452,4788.781329,55521.53318,3390.350995,12014.77033,10759.24679,1.40000144,0,43042.44904,85992.58644,10.80001184,425.20762,65736.12693,49053.76019,44.96012288,2.30940354,142.6314017,133.8081899,853.4618098,111.1008455,264.4574582,268.2914475,1.646547083,0,700.2946505,1271.109207,4.022166704,19.23489143,1080.488017,748.3220812,4.168726568,57.7350377,2.378916942,2.794201294,1.537172626,3.276971786,2.201102899,2.493589493,117.610385,N/A,1.626986071,1.478161386,37.24224347,4.523646926,1.643674593,1.525514208,115.577858,0.746279759,1.997936839,0.216401385,0.089824647,0.499204586,0.39870595,0.282211627,0.895628639,5165.330057,N/A,0.654801788,1.753136237,5.522073004,0.008515024,0.01319426,0.00365468,0.004649757,0.014722994,0.01265594,0.008045582,0.019085628,1950.344617,N/A,0.005858014,0.019609754,4.777794898,1.140996212,0.660394252,1.688843081,5.17648281,2.949290697,3.174254072,2.850903653,2.130975592,37.75837354,N/A,0.894623961,1.118552795,116.439971,0.743223492,1.98054201,0.216394907,0.08324376,0.493193549,0.390003213,0.28161203,0.8825712,3559.795579,N/A,0.650327061,1.732991595,120.3472583,0.750346878,1.998101721,0.223909832,0.081827758,0.469376949,0.375234951,0.267046484,0.886062317,4934.3222,N/A,0.646286328,1.720998464,104.8588968,0.733580838,1.998046613,0.210630951,0.08732531,0.511235291,0.399356215,0.281787726,0.895392638,8074.285323,N/A,0.657013374,1.789500596,110.8753801,0.736767249,2.003077741,0.218282769,0.093669681,0.501457346,0.39455844,0.276658819,0.892828876,4856.424602,N/A,0.645774187,1.755691369,112.972455,0.751930474,1.99342555,0.218768701,0.090637576,0.478784834,0.408309326,0.279952488,0.85934573,6157.108156,N/A,0.660948034,1.752224101,117.735305,0.757266893,2.023316085,0.216427152,0.089989784,0.50775132,0.406082217,0.294094566,0.896763482,8241.606231,N/A,0.65997003,1.763351852,118.0351716,0.738056063,1.984074565,0.216307934,0.0885033,0.506028031,0.383069031,0.286211931,0.909565033,2714.852468,N/A,0.655196176,1.761326998,125.2898251,0.742372953,1.9840608,0.213217636,0.095323309,0.51503419,0.413128086,0.294462333,0.932946012,6139.294646,N/A,0.662054269,1.769401644,114.9804108,0.754778058,2.009699301,0.216976419,0.093153406,0.500715004,0.40878743,0.279760562,0.905802797,3580.880503,N/A,0.652741869,1.73801406,114.2439068,0.75447469,2.005024,0.21309755,0.094572584,0.508469347,0.408530591,0.280529329,0.895008307,3394.730862,N/A,0.657706547,1.747861696,1030.043357,6.0000048,6053.471188,4788.920632,56720.5008,3458.482393,12274.0275,10832.70318,0,0,43607.9869,86367.45002,14.0000176,428.0076705,67055.47024,49837.20076,1012.041403,2.0000016,5789.345684,4628.858326,55085.15302,3294.436204,12334.10735,10928.78774,0,0,42500.1772,84919.67723,10.000008,410.0073585,65760.6008,49343.26148,1034.042973,2.0000016,6037.466384,4716.893328,56067.56712,3328.446659,11809.59053,10574.47614,2.0000016,0,43389.22786,86693.69977,6.0000048,462.0089682,66040.09838,48445.7507,1134.052974,4.0000032,6041.464683,4754.906892,55193.60847,3334.446305,12047.81371,10756.63598,0,0,42566.44364,85263.89577,10.000008,438.0078321,65915.36871,48564.28487,1106.049805,4.0000032,5813.353919,4958.988203,55501.04896,3400.465373,12141.91792,10434.36195,2.0000016,0,43296.89437,86309.13548,8.0000064,436.008093,65507.25949,49256.90466,1098.048807,0,6195.544687,4954.985693,56378.91163,3588.520512,12201.97842,10942.79999,4.0000032,0,43096.19567,87197.22591,6.000008,420.0074337,65300.23136,49449.70332,1074.046912,6.0000048,6093.492415,4614.854211,55669.74747,3448.477718,12041.80805,10952.80754,0,0,43381.17594,86071.4878,18.000024,414.0071889,66210.97239,48867.40958,1144.053689,8.0000096,6121.505213,4912.967721,55744.11684,3502.494779,11885.65439,11088.92861,2.0000016,0,43800.63785,86903.12859,8.0000096,392.0064225,66158.682,49114.4161,1122.051281,4.0000032,6001.443426,4900.963092,55239.86062,3354.451746,11985.74715,10856.72329,0,0,43355.1322,87130.77888,14.0000144,436.007997,66420.02646,50132.37861,1086.047479,4.0000032,5809.35692,4668.878343,53614.81687,3206.412186,11425.23723,10226.19366,4.0000064,0,41430.61878,83069.38499,14.0000176,416.0072353,62992.55948,47526.29181,1084.047868,4.00000352,5995.644452,4790.121644,55521.53318,3391.663387,12014.78823,10759.44181,1.40000144,0,43042.44904,85992.58644,10.80001184,425.20762,65736.12693,49053.76019
61,CTJ4ap33,-194.7424661,2673.288798,532.6117579,715.1434902,51585.16712,635.7924295,920.0440327,721.5623998,656.6177843,1.0000008,40917.73752,14288.18146,8.60001168,187.8015579,61799.99956,7421.608528,95.32534391,96.29842906,39.67878206,94.57169451,458.5351905,36.80968962,42.04688392,51.45951878,33.44234825,1.054093397,452.541899,189.3622871,5.966584706,19.26339185,654.7854784,162.0347604,48.94943863,3.602245636,7.449850943,13.22415652,0.888889609,5.789576584,4.570094737,7.131679643,5.093122521,105.4092553,1.105979769,1.325307126,69.3787977,10.25731206,1.059523435,2.183283581,39.87015664,0.120098627,0.349221128,0.017838553,-0.214214892,0.579501325,0.777717341,0.691726215,0.78590971,1320.494773,7148.69221,0.662115218,1.925938819,3.929118283,0.002699427,0.005334144,0.000873809,0.108300619,0.043179067,0.102047719,0.041343243,0.069665266,966.1386438,119.9620722,0.005214597,0.044913494,9.854785168,2.247675561,1.527440178,4.89843073,50.55699809,7.45107303,13.12144059,5.976821781,8.864283659,73.16489726,1.678098156,0.787566364,2.332031201,37.4086429,0.11873898,0.349060912,0.017229769,-0.333999833,0.602772829,0.748548497,0.754022682,0.8406885,1833.037748,N/A,0.656380484,1.929583441,39.92658337,0.121570222,0.357169268,0.018562544,-0.07928178,0.592616071,0.888698425,0.647711221,0.774412395,1251.04191,7236.184949,0.656250537,1.928042242,41.54595296,0.117607176,0.35640736,0.017613201,-0.294537668,0.557365827,0.826709367,0.692806779,0.841454912,3656.068256,7267.226257,0.65590591,1.987716243,34.66749497,0.120256786,0.352444688,0.016666308,-0.191534384,0.580739709,0.704081781,0.649854131,0.916029254,936.0297414,7199.147089,0.656069516,1.92278725,43.64794209,0.123558834,0.350991962,0.018772317,-0.292335937,0.509372725,0.701266416,0.656461301,0.730015827,1855.050214,7034.963062,0.667502332,1.89616513,40.85798167,0.120150404,0.342093439,0.017782319,-0.263539609,0.536050498,0.608903153,0.690809387,0.736953263,619.6838977,N/A,0.665295626,1.894236394,38.93474715,0.115729564,0.348059547,0.019089124,-0.070155339,0.621945654,0.780208145,0.684655848,0.680981702,511.7171036,N/A,0.666490496,2.004486765,44.90321663,0.119291023,0.340974036,0.017933899,-0.121657167,0.628034731,0.74997172,0.756731948,0.825255109,334.7349356,7005.939692,0.665669726,1.902708912,43.7548803,0.124876102,0.346596082,0.018279417,-0.133621968,0.535169655,0.798209355,0.658264441,0.775878904,973.5524532,N/A,0.667270822,1.852023309,33.05412438,0.119207176,0.348413989,0.016456632,-0.361485235,0.630945553,0.970576552,0.725944408,0.737427236,1234.031468,N/A,0.664316732,1.941638504,3450.479979,2708.29433,540.0118691,1578.100606,51996.02825,1564.098749,904.03315,842.0295771,638.0168789,0,40531.63206,14148.00845,4.0000032,196.00168,61750.20895,7332.156856,3540.506796,2612.276708,570.0133747,1730.120839,51817.22216,1480.089228,970.038592,834.028409,640.0169381,2.0000016,40519.67169,14472.38148,6.0000048,188.0014976,61744.2111,7506.257467,3596.520044,2792.315476,510.010645,1692.115067,51951.80059,1550.096571,924.0345837,868.0307915,704.0200902,2.0000016,40780.48255,14534.46414,2.0000016,176.0013152,62174.28744,7312.142362,3704.551417,2794.314434,498.010133,1540.09623,51453.77532,1474.08705,866.0303323,878.031606,664.0178309,2.0000016,40852.66762,14398.3057,8.0000096,216.0019616,62268.80941,7488.246917,3468.482691,2708.296158,490.0100754,1582.101269,51244.99317,1520.093238,970.0385952,790.0254104,630.01645,2.0000016,40086.20961,14069.93738,4.0000032,170.0012976,60054.03684,7420.206794,3500.491391,2702.293947,490.0098162,1462.085946,51405.62875,1518.093179,922.0348222,760.0237192,620.0157796,0,41175.73421,14085.94853,12.0000128,182.0015184,61890.88368,7436.214704,3346.450552,2466.247361,604.0149828,1584.101322,50875.56932,1474.087408,980.0392976,758.0239832,694.0197782,0,41258.0458,14360.25673,14.0000336,184.0016224,61903.42704,7164.056644,3494.49154,2604.27361,574.0136243,1558.098251,50964.03737,1546.09707,922.0352126,842.0293243,630.0162516,2.0000016,41093.71716,14011.89059,22.0000336,164.0011648,61732.8918,7364.179831,3572.512688,2672.288777,510.0109362,1656.111553,52134.55607,1504.090831,962.0374591,838.0295771,708.0211495,0,41617.18135,14424.352,8.0000096,178.0013776,62369.25096,7788.428971,3390.463688,2672.28718,540.0121219,1726.120733,52008.06025,1498.090868,864.0310988,720.0212934,638.0166964,0,41262.03317,14376.26958,6.0000048,224.002144,62111.98842,7404.19473,3506.495079,2673.288798,532.6117579,1610.905182,51585.16712,1512.892419,928.4353143,813.0273691,656.6177843,1.0000008,40917.73752,14288.18146,8.60001168,187.8015579,61799.99956,7421.608528
62,CTJ4ap34,-1240.220685,14596.93316,2502.25261,2472.655709,53702.83082,2203.942176,5116.44536,4436.875317,3899.012414,1.0000008,42352.28511,32005.16413,7.4000088,223.8021877,64123.39683,11397.60642,182.2008322,153.0265355,68.32023235,128.5078032,617.1533557,174.6510326,122.9567739,142.0837935,99.68127564,1.414214694,671.2766293,507.6248994,4.325639899,22.01956113,811.3172328,222.5532609,14.69100092,1.048347168,2.730349129,5.197157158,1.149200789,7.924483432,2.403167927,3.202339108,2.55657754,141.4213562,1.58498326,1.586071852,58.45452371,9.838849813,1.265243691,1.952631568,51.42767503,0.177739975,0.75572885,0.095281215,-0.24285406,0.489460279,0.483382713,0.43113183,0.867184832,1860.828086,13887.99741,0.660493322,2.808777523,5.764600736,0.002245865,0.008213881,0.002382368,0.038148675,0.021909491,0.025059006,0.037774799,0.018461697,1438.88422,3913.039635,0.007620446,0.0589653,11.20914125,1.263568016,1.08688202,2.500354586,15.70847728,4.476255163,5.184092403,8.761774483,2.128923007,77.32494104,28.17569387,1.153750619,2.09932257,51.19673086,0.174572811,0.763693622,0.097395089,-0.181457154,0.46272684,0.468411139,0.453020474,0.886765797,930.0808158,16200.96622,0.66362992,2.903143588,61.09065806,0.181208768,0.767012994,0.092172179,-0.248614203,0.511492239,0.494889846,0.445899435,0.867882989,1466.187474,N/A,0.644957613,2.72994997,47.56365413,0.174921044,0.767502484,0.095833267,-0.28246915,0.495812197,0.453281293,0.383154817,0.841572787,5517.435172,N/A,0.65178092,2.859824431,62.03854734,0.180303724,0.743995708,0.095059072,-0.291063748,0.513460123,0.439918899,0.461758775,0.853009718,1129.109598,15427.0208,0.662231889,2.732598482,48.49167991,0.176188407,0.758512341,0.097713534,-0.242498554,0.463156167,0.485718875,0.425361162,0.876829648,1891.19137,N/A,0.666976909,2.871416034,52.75776388,0.17871563,0.753033846,0.091890658,-0.243760049,0.526438113,0.526890883,0.492991599,0.898816403,1916.881628,N/A,0.668444095,2.816547317,48.76772826,0.178811948,0.755380701,0.094483056,-0.28573558,0.481713791,0.504158919,0.434635141,0.882320141,N/A,N/A,0.663911871,2.80465718,44.90770499,0.175921174,0.748890848,0.098190284,-0.198449631,0.487783298,0.495654093,0.370123079,0.851035991,801.9312704,15886.17625,0.664788777,2.829984707,47.38752076,0.178076721,0.751037678,0.092805708,-0.250728945,0.472855451,0.479499173,0.446177786,0.860540608,1942.905563,8037.826373,0.653944456,2.758007471,50.0747621,0.178679521,0.74822828,0.097269305,-0.203763591,0.47916457,0.485404006,0.398196029,0.853074235,1151.72988,N/A,0.664266771,2.781646051,19419.09103,14718.66914,2446.241584,7408.20215,54279.71961,7224.090073,5337.142082,5239.103941,3956.63078,2.0000016,42427.95464,32401.95836,12.0000224,218.0020176,63933.15512,11160.99062,19094.59838,14684.63227,2544.261336,7382.182874,53966.32137,7035.984572,5025.013043,4870.951609,3976.634434,0,41747.62811,32020.97323,8.0000064,192.0016832,64729.25862,11729.50918,18808.21194,14626.57002,2532.258465,7216.090286,53293.53542,6755.828584,5155.070763,4818.930345,3738.562688,0,41117.54386,31557.81704,2.0000016,232.0023424,63084.91487,11034.87917,18301.41484,14274.16492,2578.268369,6991.957629,52823.58,7001.978388,5069.035448,4802.926475,3730.566553,2.0000016,41470.75845,30854.06629,10.0000112,182.0014992,62622.71439,11291.10862,19080.57127,14708.65406,2452.242312,7500.25783,54185.26606,7078.007627,5345.146624,5193.081384,3952.626218,0,42955.69767,32582.42679,6.000008,234.0022736,64403.57542,11347.16335,19062.54472,14640.58645,2608.274471,7516.263997,53918.10335,7246.104577,5005.006085,5003.002286,3946.624994,0,43017.924,32393.95276,6.0000048,218.0020176,64355.30555,11501.29897,18948.3671,14740.70174,2462.244032,7516.26336,54098.85584,7057.995833,5161.068785,5051.027985,3884.606642,0,42732.95969,32279.65307,0,236.0024704,64365.40984,11509.30435,18980.41437,14448.35875,2516.254535,7398.191293,52536.25686,6649.772137,5209.088404,4940.980266,3954.629725,2.0000016,42425.91294,31772.37791,14.0000144,250.0027408,63818.63597,11227.04933,19052.52923,14672.62726,2380.228976,7330.154145,54239.49637,7059.996401,5085.040307,4890.9624,4014.649435,4.0000032,42809.21203,32151.33121,6.000008,246.0025072,65463.07051,11657.44892,18948.36866,14454.36706,2502.252024,7378.183192,53687.17333,6821.870109,5271.118407,4988.998661,3834.592667,0,42817.25973,32037.08461,10.0000112,230.0023248,64457.92805,11517.3117,18969.61115,14596.93316,2502.25261,7363.774675,53702.83082,6993.16283,5166.272995,4979.996535,3899.012414,1.0000008,42352.28511,32005.16413,7.4000088,223.8021877,64123.39683,11397.60642
63,CTJ4ap35,-376.2308466,4659.872487,933.2354862,1073.057097,52538.51883,942.3528423,1823.72156,1501.525522,1394.078901,0.60000048,43201.82218,10388.72716,8.80001248,163.8012187,65229.38759,3887.808726,181.2079682,96.19502104,49.07695553,92.10736521,1037.762204,71.93963528,72.51745599,61.43428902,82.65440615,0.966092556,746.1618854,284.3252063,4.237409087,12.94279667,1452.519813,132.8769128,48.16403808,2.064327324,5.258796548,8.583640652,1.975240694,7.634044495,3.976344721,4.091458195,5.928961846,161.0152972,1.727153735,2.736862775,48.1523077,7.901526479,2.226787445,3.417784211,23.86129015,0.059595756,0.240445508,0.034708969,-0.208734577,0.512074784,0.589346141,0.51675423,0.823923896,620.5199407,5115.097152,0.662403731,2.673419538,1.980350012,0.001232444,0.003734268,0.001121197,0.105316215,0.02659971,0.056818183,0.034173801,0.033422864,489.0942979,212.9560058,0.007337692,0.069557276,8.299425552,2.068005687,1.553061972,3.230279049,50.4546091,5.19449715,9.640884897,6.6131633,4.056547439,78.82007746,4.163283697,1.107737157,2.601809211,22.78643137,0.058126398,0.235999919,0.035985983,-0.143866573,0.465713479,0.534045501,0.477624701,0.824357036,236.4105305,N/A,0.657134652,2.668042896,25.50389848,0.05987026,0.239364383,0.034309302,-0.283370991,0.49572803,0.629242253,0.48785629,0.83654815,397.8630346,5205.164085,0.654458586,2.616559118,22.50923172,0.057654387,0.243124984,0.036166115,-0.173666554,0.500545672,0.533109202,0.516086381,0.810999088,622.7596967,N/A,0.660940524,2.787145322,28.88490941,0.059880456,0.239173659,0.034826791,-0.282565275,0.542707061,0.494170923,0.470596662,0.784752461,387.0596551,N/A,0.668586569,2.670458876,23.59880868,0.060292559,0.239370055,0.034376742,-0.111581593,0.493095548,0.571756631,0.50962382,0.882803716,396.4625474,N/A,0.670925851,2.66367127,23.24085709,0.060166068,0.233677323,0.032622243,-0.36808209,0.514629284,0.647546884,0.506666954,0.864999627,1859.279909,4871.906624,0.674666649,2.620319082,22.11328436,0.060398198,0.243670308,0.033314408,-0.269416631,0.559862574,0.65140252,0.573224472,0.844007988,335.387092,N/A,0.662228252,2.671691659,23.37834514,0.057971304,0.246066547,0.035181229,-0.158704219,0.517634491,0.653534223,0.541399378,0.802898857,623.4262278,N/A,0.660969966,2.805570784,23.32916544,0.060252637,0.242992808,0.034730147,-0.28030032,0.524807652,0.573261839,0.52265662,0.779886796,334.3868779,5268.220748,0.651097295,2.625809747,23.26796985,0.061345294,0.241015094,0.035576725,-0.015791528,0.506024049,0.60539143,0.561807026,0.807985238,1012.163836,N/A,0.663028966,2.604926621,6257.569383,4716.893671,884.031838,2594.271627,52749.18136,2454.244202,1916.149106,1760.125827,1402.079296,0,42763.05369,10092.07719,16.0000352,166.0012816,65075.02462,3782.57681,5867.382066,4616.854226,918.0341693,2712.296673,53976.34678,2418.235964,1870.141036,1748.123583,1428.082424,2.0000016,43491.58534,10410.3365,10.0000144,156.0010944,66454.29711,3978.636075,6015.450768,4580.842008,942.0359518,2538.262925,52038.15698,2474.247716,1898.146592,1702.116797,1262.064354,0,42835.33024,10414.33898,6.0000048,166.0012752,64809.65944,3736.56117,6049.468751,4740.90108,988.039384,2488.249846,52275.15367,2412.235819,1838.135961,1620.106308,1374.076521,0,43216.64789,10336.2838,10.0000144,134.00084,64638.82155,3870.602125,6121.500314,4566.836895,890.0322204,2562.263651,52506.1212,2418.234399,1824.134295,1802.131048,1498.090708,0,44117.76068,10560.4708,10.0000112,168.0012736,65756.53716,3964.629915,5831.37323,4648.872773,846.0288922,2622.277308,50393.77291,2358.223767,1660.11211,1598.103564,1264.064624,2.0000016,41697.76046,9743.821044,2.0000016,160.001104,61804.98252,3718.562792,6227.552322,4846.94174,1004.041343,2792.312566,53831.69615,2618.274773,1812.13257,1718.119869,1468.087464,0,44127.77262,10752.62796,12.0000192,182.001528,66635.29146,4024.651543,6053.470627,4580.841976,942.0360446,2724.299953,51728.90765,2488.249302,1838.136812,1660.112747,1428.083464,0,42648.6533,10494.40686,6.0000048,160.0010752,64524.34376,3740.560359,6043.475287,4736.906082,964.038184,2640.280981,52891.69142,2514.255013,1854.138428,1620.106394,1346.072966,2.0000016,43361.15951,10536.44993,12.000016,172.0013472,66597.05058,4012.647884,6287.589683,4562.834423,954.036835,2670.28786,52994.16017,2556.263378,1904.145742,1728.120905,1470.087191,0,43758.49804,10546.45852,4.0000032,174.001368,65997.86774,4048.658584,6075.483243,4659.872487,933.2354862,2634.480339,52538.51883,2471.246433,1841.537265,1695.716704,1394.078901,0.60000048,43201.82218,10388.72716,8.80001248,163.8012187,65229.38759,3887.808726
64,CTJ4ap36,-3314.651601,49180.86619,8524.315645,7868.278927,60571.31872,6985.267189,17491.14988,15120.71504,15429.13336,0.20000016,42631.23647,26486.46157,10.00001248,184.4015335,64334.23947,7627.134854,371.0514915,617.0881682,204.2501568,260.6442408,575.5350245,258.1948764,274.7569963,267.4285195,319.4788634,0.632456038,620.6321033,302.3145778,4.521560557,19.77240125,720.7832966,139.8521176,11.19428333,1.254732208,2.396088617,3.312595336,0.950177471,3.696277744,1.570834383,1.7686235,2.070620922,316.227766,1.455815394,1.141392847,45.21554914,10.72247116,1.120372763,1.833612755,41.7434864,0.118558448,0.621371374,0.288775938,-0.189370077,0.487409693,0.449938239,0.399311542,0.864706252,1069.690694,13395.34611,0.662648963,3.47351115,4.024855189,0.001973888,0.008867592,0.004127939,0.019443624,0.011977243,0.016238862,0.011676699,0.022047577,1016.163587,,0.005734969,0.064294869,9.64187598,1.664906961,1.427100201,1.42946102,10.26752717,2.457325635,3.609131399,2.924207702,2.54971872,94.99602012,,0.865461085,1.851005108,42.88766691,0.119159233,0.626755145,0.286985329,-0.185840866,0.478646224,0.460748397,0.383249704,0.864016892,629.0227859,N/A,0.664234277,3.49374731,44.48472785,0.121279935,0.642113416,0.29498836,-0.219372711,0.487565703,0.430049086,0.390095493,0.825694375,774.0393552,N/A,0.653679929,3.460891138,41.42106384,0.120174306,0.624087339,0.285995809,-0.201046056,0.505200322,0.467995566,0.38469651,0.874469637,642.0310459,N/A,0.655569919,3.404495523,39.19721024,0.116595404,0.611220089,0.28927687,-0.177815635,0.497699884,0.471737066,0.416058205,0.853434682,760.4312069,N/A,0.659891678,3.45930489,38.23565665,0.116845381,0.615501908,0.289743231,-0.162783661,0.486571271,0.438499923,0.402703867,0.865742955,374.7120952,N/A,0.66807844,3.51921105,47.34698835,0.11472166,0.619801488,0.29216631,-0.168729471,0.471552019,0.452857106,0.401867523,0.846631887,923.2722954,13395.34611,0.671362305,3.627138543,33.2185175,0.118333115,0.623337204,0.292192621,-0.212940699,0.482712291,0.422051169,0.400576384,0.85607165,955.0415365,N/A,0.660882316,3.481295444,45.22306521,0.119459949,0.622042455,0.280225356,-0.177193321,0.503586583,0.446743444,0.396373311,0.902698191,777.841914,N/A,0.659615182,3.434696326,42.83081397,0.119001406,0.614872507,0.289740248,-0.180938277,0.471497286,0.447515522,0.399160714,0.865603485,942.2844348,N/A,0.664773765,3.434842713,42.58915351,0.12001409,0.613982186,0.286445251,-0.207040069,0.489065347,0.461185113,0.418333711,0.892698768,3918.230266,N/A,0.668401819,3.419488567,65247.95578,49457.72747,8312.777497,24574.16394,60516.22418,22882.9687,17564.34869,17153.78738,15421.52442,0,42076.72228,26371.80219,12.0000192,176.0013088,63346.20742,7548.285509,65103.19549,49861.33064,8737.063054,24413.84035,60747.36474,23349.80922,18117.12704,16947.49046,15443.54125,0,41719.56044,26788.68945,10.0000112,174.0013392,63822.61191,7740.402221,64510.17452,49084.26857,8665.004965,24473.96782,59971.58524,22702.60629,17346.04085,17117.7379,15213.27316,0,42028.62038,26229.52983,12.0000128,186.0015184,64110.05015,7704.380768,64954.46181,49182.60221,8789.100174,24810.64565,61046.8368,23484.05421,17858.76998,17243.89694,15597.7391,0,43037.98371,26305.68023,10.0000176,194.0017008,65219.77034,7604.325453,64284.96458,48465.8173,8420.841804,23828.75041,59730.44458,22870.91595,17494.25741,17029.61674,14692.6452,0,42849.35035,26373.85689,20.0000288,196.0016736,64138.20266,7494.252695,64755.39807,48923.82161,8330.786216,24393.83049,60468.08931,23151.48331,17866.78719,17137.75484,15653.80977,2.0000016,43224.6682,26790.71366,8.0000064,156.0011424,64383.51972,7386.184272,64958.40012,49658.48598,8602.966686,24161.34828,60994.49495,23431.96552,18025.00499,17468.24361,15874.07972,0,42670.78199,26598.28592,8.0000096,230.0024816,64566.38489,7640.341461,65465.03766,49475.81912,8626.987016,24231.48704,61133.2612,23023.21083,17330.01251,17632.46037,15565.69464,0,42949.70119,26716.53756,10.0000112,172.0013408,65113.26959,7778.427852,63197.516,47909.7322,8168.671792,23806.71152,59794.8007,22634.51799,17520.30037,17125.75207,15285.35503,0,42110.86205,25892.81131,8.0000064,176.00136,63346.15511,7538.281509,65298.20383,49789.05676,8588.957249,24782.56921,61310.08556,23682.44603,17760.62403,17842.74918,15543.67131,0,43644.11414,26796.70863,2.0000016,184.0014688,65296.22288,7836.466801,64777.53079,49180.86619,8524.315645,24347.73147,60571.31872,23121.3978,17688.32731,17269.94895,15429.13336,0.20000016,42631.23647,26486.46157,10.00001248,184.4015335,64334.23947,7627.134854
65,CTJ4ap37,-541.3284652,7988.562314,1310.470168,1478.500465,51552.93812,1239.570759,2577.567627,2154.406197,1667.112757,0.20000016,42497.24882,11353.37116,8.2000104,136.400897,64008.22742,2517.255998,243.53955,278.9182852,51.20261013,109.9679238,1577.864638,105.5416164,87.43688598,41.14898083,73.20541112,0.632456038,966.3860986,294.7206522,5.613485002,21.82384414,2033.660926,99.06021971,44.98923771,3.491470357,3.907193873,7.437801095,3.060668694,8.514368028,3.392224711,1.909991759,4.391149357,316.227766,2.273996848,2.595886703,68.45704735,15.99978052,3.177186758,3.935246149,18.85792932,0.039324567,0.267175955,0.050012029,-0.208320281,0.508675754,0.573937483,0.481877772,0.836431835,407.0907561,5711.61336,0.664129912,4.514564218,2.952662018,0.000798655,0.004747139,0.001408793,0.089124552,0.019850214,0.042901133,0.049115581,0.023689867,317.1169968,,0.008036815,0.156781203,15.65740315,2.03093079,1.776783853,2.816908466,42.78246535,3.902331552,7.47487908,10.19253934,2.83225318,77.89835364,,1.210126954,3.47278709,19.00181311,0.03956687,0.259476846,0.048200641,-0.135095364,0.549066444,0.58341003,0.476255364,0.858371205,212.1881477,N/A,0.66587692,4.36677564,17.50174157,0.040872661,0.260340099,0.051300323,-0.36607265,0.502251103,0.489997985,0.427312954,0.836591498,N/A,N/A,0.659849152,4.202936321,17.90779761,0.0385599,0.269168051,0.051595455,-0.233580481,0.501160899,0.548081677,0.47065679,0.851580406,1146.104778,N/A,0.673632906,4.702306223,23.02071816,0.038237755,0.27071246,0.051039005,-0.185238347,0.482189718,0.558629863,0.504253225,0.808800072,414.3745844,N/A,0.658301251,4.66058615,23.85421491,0.040041925,0.26247183,0.050369225,-0.21129942,0.489136949,0.58988226,0.472495828,0.806838927,214.6886848,N/A,0.665772746,4.364090675,16.16609091,0.038796764,0.26932751,0.04784851,-0.140864937,0.529031646,0.6292688,0.554776125,0.860817256,159.6411646,N/A,0.650321733,4.514539798,14.07995397,0.038849335,0.266241385,0.051013514,-0.299363253,0.496022429,0.543502534,0.479082075,0.829508666,417.7084325,5711.61336,0.665077614,4.557894866,17.92813776,0.039833749,0.27066873,0.04869141,-0.116113955,0.519081103,0.569436626,0.540680619,0.872928332,304.7800344,N/A,0.67921643,4.615248405,18.69748861,0.03958098,0.271672868,0.05098068,-0.293959704,0.514410253,0.589914439,0.38865262,0.810814222,161.2665553,N/A,0.662413623,4.546623367,20.42133657,0.038905732,0.27167977,0.049081523,-0.101614699,0.504406991,0.637250617,0.504612119,0.828067765,633.0644235,N/A,0.660836751,4.614640734,11090.92807,8258.731244,1396.079326,4250.726325,52751.20441,3920.61781,2564.266351,2418.237475,1692.116158,0,42851.4197,11118.95124,12.000016,134.0009584,64353.36386,2546.261168,10536.45056,8318.771984,1346.07398,4100.676544,52242.97875,3874.603834,2702.294111,2484.249056,1738.12281,0,42947.67908,11181.003,0,152.0010848,65087.11715,2660.283704,9895.936492,7564.301669,1238.063096,3888.610852,47880.00144,3644.536252,2490.251112,2320.217381,1554.097294,0,40044.42512,10778.67988,2.0000016,128.0007424,59445.47064,2292.211389,10512.42686,7948.530915,1282.067461,4148.692004,52094.36363,3948.625856,2680.289996,2384.229904,1678.112966,0,42803.27531,11587.37996,6.0000048,108.0005184,65020.80207,2486.249496,10544.46169,8016.576915,1284.066903,4234.72316,52118.50038,3870.601856,2646.281737,2348.222588,1652.11211,0,42835.31168,11243.06264,12.0000128,108.0004928,64339.2388,2576.266965,10740.62607,8014.571223,1336.072682,4274.733008,52781.29166,4030.653158,2546.261523,2400.232724,1624.107031,0,42815.23524,11531.32071,16.0000256,158.0012592,65837.00512,2554.26272,10380.31744,8060.605009,1292.068151,4116.682809,51062.12245,3892.607144,2626.278307,2394.230398,1676.113909,2.0000016,42905.56049,11423.23586,6.0000048,178.0014768,64512.11046,2506.2526,10100.11826,7498.26097,1258.064533,3892.61437,49775.46818,3770.576347,2444.239684,2340.223596,1612.1049,0,41575.1685,11253.09804,8.0000096,136.0009184,61210.48705,2438.243201,10678.56887,8280.761108,1376.077246,4352.760613,52471.99492,3756.567222,2698.292904,2422.235833,1818.133631,0,43182.49183,11731.51139,16.0000256,138.0008336,65189.61916,2580.269014,10710.59428,7924.512104,1296.068304,4292.742462,52351.45539,3896.609821,2590.270094,2354.223156,1626.106764,0,43011.9212,11685.46885,4.0000032,124.0006848,65087.05993,2532.25972,10519.04286,7988.562314,1310.470168,4155.296215,51552.93812,3860.59993,2598.872582,2386.630211,1667.112757,0.20000016,42497.24882,11353.37116,8.2000104,136.400897,64008.22742,2517.255998
66,SN3,1059.354501,4.40000384,5987.641216,4809.657464,55459.00633,3421.629226,12079.82602,10789.19297,2.00000192,0,43043.89168,76176.70004,8.8000128,387.406351,65909.54209,43313.41027,58.45945506,3.977719566,236.6229453,193.7767339,1229.47022,164.1103137,330.581813,323.5709811,1.632995339,0,845.0050048,1289.221865,5.094668446,31.68065455,1140.785622,757.1712232,5.518403425,90.4026385,3.951855777,4.028909239,2.216899114,4.79626233,2.736643825,2.999028584,81.64968858,N/A,1.963124085,1.692409705,57.89387541,8.177629113,1.730835303,1.748121929,112.4706003,0.657175135,1.76985193,0.217819605,0.087694654,0.49571584,0.398186542,0.283219424,0.893287887,6374.207008,N/A,0.653105664,1.758814118,9.34351903,0.004257162,0.010423731,0.003779533,0.004112942,0.015453214,0.012991304,0.010308162,0.019153457,5953.311283,N/A,0.008989605,0.016117746,8.307521261,0.647797114,0.588960608,1.735166368,4.690071634,3.117353241,3.262617582,3.63963806,2.144152783,93.39689275,N/A,1.376439593,0.916398517,114.6858513,0.661442332,1.771807936,0.218954834,0.093954181,0.51518488,0.399159689,0.274005747,0.90490201,5476.331344,N/A,0.661169892,1.771078152,123.679172,0.658969316,1.758456201,0.215323458,0.083771449,0.511234855,0.399465365,0.304170265,0.878098126,21767.83586,N/A,0.655142682,1.748244848,106.5638872,0.65623302,1.759657867,0.215916014,0.087068451,0.499962422,0.40709608,0.294811701,0.857980574,2744.062699,N/A,0.654611976,1.755311115,105.4213494,0.659599733,1.776172822,0.215081877,0.089524025,0.503360622,0.41478982,0.279698896,0.923137812,N/A,N/A,0.652535037,1.757148978,127.3378796,0.660029921,1.764404608,0.219831785,0.087300423,0.470579875,0.384431661,0.286303835,0.8796667,7343.252318,N/A,0.648003943,1.732256535,122.2930083,0.661367879,1.765828209,0.216275998,0.09017506,0.502574213,0.398327387,0.285964283,0.881995158,3057.364956,N/A,0.666112634,1.778496531,104.2764733,0.655252282,1.79247108,0.216773306,0.086934277,0.487482849,0.416869242,0.276934442,0.901584098,5500.670947,N/A,0.635857703,1.739416368,109.7949888,0.65126059,1.760707517,0.226410141,0.082676818,0.478457003,0.398963263,0.285014993,0.89811208,3623.290173,N/A,0.659316879,1.782487996,111.5195344,0.648914483,1.777324843,0.220459905,0.082209525,0.479956664,0.376012573,0.271570098,0.894309178,3512.917214,N/A,0.642333378,1.759299724,99.13385842,0.658681797,1.771688213,0.213168729,0.093332327,0.508365014,0.386750343,0.273719975,0.913093131,4342.137562,N/A,0.655972516,1.764400929,1196.058838,8.0000064,6497.689841,5037.02065,57602.49969,3458.480001,12612.37133,11413.21563,2.0000016,0,43792.65827,77592.17947,8.0000096,382.0061745,66235.10654,43810.70332,1014.04185,2.0000016,6171.528708,4822.939111,56063.59613,3672.54105,12071.83297,10600.51005,2.0000016,0,43282.89475,76111.07469,2.0000016,352.0051585,66066.36376,43535.70655,1058.045367,0,6075.483319,4946.982684,56280.58656,3582.516396,12151.90549,10426.35551,2.0000016,0,43796.61798,77067.06339,16.0000256,412.0070561,66904.70013,43905.07344,1048.044421,12.0000128,5799.351547,4782.924736,53566.8836,3226.422519,11521.34252,10636.55194,6.000008,0,41509.00441,73727.16551,0,398.0066993,63611.91674,41958.40332,1076.047032,2.0000016,5785.344464,4726.901983,55924.92183,3520.49713,12294.07539,10814.68872,0,0,43256.76866,76322.44197,6.0000048,346.0050481,66753.86643,44059.54915,1078.047233,4.0000032,5977.433583,4738.900339,54992.85084,3402.466818,11893.65924,10490.40591,2.0000016,0,43110.25936,76125.31207,14.000024,350.0051505,64719.17386,42803.18276,1048.045916,2.0000016,5861.37667,5013.005789,55466.97609,3330.449397,12023.78534,10840.70922,2.0000016,0,42702.91965,76543.74851,8.0000096,422.0071793,67157.98117,44005.42039,1046.04465,8.0000064,5989.440671,4996.999413,55290.11283,3570.511522,12518.26782,11243.06319,2.0000016,0,44017.40672,77501.77888,12.0000192,396.0067041,66762.14142,43479.55164,970.0380959,0,5663.288389,4436.791479,53522.57938,3204.413852,11799.58278,10552.47517,0,0,41727.54933,74163.41007,12.0000192,378.0061873,64962.44903,42155.07402,1120.050799,6.0000048,6055.474968,4608.851921,55879.05637,3262.429892,11911.69296,10876.74028,2.0000016,0,43242.83768,76612.82581,10.0000144,438.0081522,65921.72178,43421.43814,1065.44642,4.40000384,5987.641216,4811.131811,55459.00633,3423.072858,12079.85158,10789.47156,2.00000192,0,43043.89168,76176.70004,8.8000128,387.406351,65909.54209,43313.41027
67,CTJ4ap38,-443.2276861,5588.455307,1105.449807,1227.415272,53250.50234,1088.385095,2116.78716,1795.632224,1596.103434,1.20000096,41970.82173,11762.94453,7.00000752,169.2013111,63483.54133,4804.127429,225.0886621,105.0227735,40.82924238,62.91264566,669.3024403,125.2553878,70.5588469,52.58380712,83.25014746,1.686549435,609.7674908,201.3126022,3.55903013,14.397725,876.9714665,131.3549133,50.78398059,1.879280906,3.693450586,5.125620244,1.256894134,11.50837038,3.333299079,2.928428574,5.215836623,140.5456738,1.452836675,1.711413344,50.84323295,8.509227801,1.381415479,2.734209599,28.60017818,0.075676353,0.280268092,0.039753073,-0.209576004,0.522496546,0.580518371,0.515183482,0.849168297,912.9105639,4400.940111,0.661141772,2.450371394,2.753642345,0.001850035,0.002928692,0.001274059,0.106784482,0.019164015,0.036755066,0.067201188,0.039237923,599.3904493,1671.786837,0.005177688,0.086252226,9.628060104,2.444667749,1.044961059,3.204933353,50.95262829,3.667778251,6.33142174,13.04412703,4.620747473,65.65708329,37.98703901,0.783143305,3.519965418,29.78880763,0.076831494,0.279577941,0.037341488,-0.234538671,0.535500946,0.621584303,0.631424309,0.928471517,1236.242702,5857.741792,0.651077241,2.36916954,27.36467224,0.077573555,0.276984883,0.041046852,-0.263852301,0.496275065,0.576061521,0.464138006,0.836833652,608.8683575,N/A,0.665086285,2.37476351,33.29785762,0.075891434,0.280167608,0.039789044,-0.121271732,0.535067742,0.630574051,0.506038858,0.832386582,799.1530227,5839.729619,0.659805824,2.435798209,27.52829526,0.074505271,0.285457567,0.038038424,-0.080702765,0.525442168,0.569589113,0.592421564,0.845936776,789.1497348,N/A,0.664997178,2.547852974,22.7008675,0.071613019,0.284215643,0.040306702,-0.186946695,0.535740273,0.572664588,0.439679241,0.822441119,321.057527,N/A,0.659096919,2.615804475,28.81254326,0.075504458,0.281462072,0.04008913,-0.179088501,0.493621198,0.597160753,0.575611789,0.835919218,797.1518143,2954.396161,0.662809786,2.470792081,30.38851335,0.076630897,0.280814985,0.040873278,-0.116046782,0.502082486,0.578715251,0.545653136,0.808707064,492.297172,N/A,0.654621584,2.398869891,28.57670994,0.077673762,0.278022292,0.038866544,-0.364688297,0.543854567,0.611203495,0.457201971,0.912606705,2400.460918,N/A,0.662187766,2.370207852,27.36074056,0.076427554,0.276220019,0.040988523,-0.147780184,0.541401363,0.516293076,0.450845905,0.826341391,492.4969287,2951.892874,0.663363954,2.397491397,30.18277444,0.074112087,0.279757913,0.040190742,-0.400844108,0.515979648,0.531337556,0.488820039,0.842038946,1192.227462,N/A,0.668371185,2.522964008,7424.212583,5703.306581,1078.047143,3162.402011,53912.05622,3142.397822,2034.167353,2098.178014,1644.109031,2.0000016,41904.21079,11715.49296,4.0000064,166.0012304,64361.3509,4944.978719,7128.033914,5569.245787,1096.048389,3138.395495,53805.59222,2852.328989,2230.200237,2084.174642,1694.116234,0,41761.6874,11567.35612,8.0000064,178.0014288,62791.38263,4870.950757,7304.136759,5461.195613,1134.051838,3166.402552,53267.29366,2864.332324,2140.18449,1990.160427,1622.106556,2.0000016,41687.43366,11679.46858,6.000008,144.000992,63181.3666,4794.92453,7504.256137,5539.238585,1074.046938,3020.366864,53737.29761,3028.369937,2064.172847,1948.153196,1572.099645,0,42261.3937,12063.83464,6.0000048,172.0012864,63551.23766,4734.902197,7254.110276,5523.223723,1126.051534,3054.375017,52146.6848,2736.301781,2122.181697,1950.153479,1590.102063,0,41368.40139,11757.5468,14.0000176,198.0017296,62765.27803,4494.811028,7246.102928,5507.219483,1044.044203,3108.388814,52759.23127,3024.366396,2136.184887,1998.163273,1652.110401,4.0000032,41986.45312,11817.5941,6.000008,166.0012176,63346.15755,4782.917263,7334.157481,5479.205106,1090.048183,3092.386068,53116.70786,2982.357181,2192.192779,1986.159519,1654.110393,0,42054.67117,11809.58186,10.0000112,162.0012528,64242.72007,4922.977234,7084.012652,5651.282559,1104.050278,3134.395236,52231.21654,2782.314431,2048.169358,2050.169193,1418.082246,0,40929.06237,11379.19174,2.0000016,168.001344,61808.84706,4800.925677,7548.283468,5687.298549,1194.058526,3044.37396,53807.64642,2860.328579,2226.200215,2048.168852,1620.106967,4.0000032,42747.0137,11807.58094,10.000008,180.0014592,64439.75958,4924.973227,7114.027353,5763.337082,1114.051041,3078.38082,53721.29685,2946.348581,2178.192614,2026.167833,1494.090807,0,43007.89,12031.79753,4.0000032,158.0011696,64347.31319,4768.913664,7294.133355,5588.455307,1105.449807,3099.986684,53250.50234,2921.944602,2137.184648,2017.964843,1596.103434,1.20000096,41970.82173,11762.94453,7.00000752,169.2013111,63483.54133,4804.127429
68,CTJ4ap39,-2002.212942,29310.76794,4864.350296,4574.894368,56680.78292,4119.163925,9816.799372,8626.692331,7115.831796,0.8000016,43123.11979,18276.37566,8.80001216,176.8014167,65289.98206,6326.606703,631.1806143,606.4855343,111.0121973,292.7048719,921.7963077,220.2925353,248.046551,145.9214624,159.3226187,1.932187983,427.6297007,275.0916623,4.541180158,14.02241605,770.0809483,149.4174056,31.52415015,2.069156071,2.282158779,6.398068423,1.62629424,5.34799147,2.526755836,1.691511146,2.238987982,241.5230148,0.991648338,1.505176231,51.60424867,7.931167247,1.17947796,2.361730587,35.94305203,0.096903543,0.423822128,0.173204145,-0.2036376,0.495744506,0.466146859,0.419689166,0.879223244,894.3403893,6116.654476,0.660526858,2.889844742,2.368509108,0.002154607,0.005179964,0.003868178,0.063738822,0.01494576,0.029799438,0.021863372,0.024823619,417.7822301,4360.188557,0.006467646,0.062768709,6.589616002,2.223455109,1.222202278,2.233305886,31.30012411,3.014811029,6.392714636,5.209420068,2.823357895,46.71400678,71.2838787,0.979164782,2.172044344,31.36989907,0.100943018,0.427087351,0.171558744,-0.207998527,0.512815895,0.48635244,0.438913259,0.866329935,823.4668398,N/A,0.659987768,2.792391508,35.55410711,0.095715636,0.414725795,0.171821493,-0.203540263,0.497302122,0.490529534,0.434728399,0.881615973,782.1953624,N/A,0.670710565,2.906118413,38.14041141,0.097266543,0.42586394,0.168894829,-0.338957507,0.509503401,0.411383329,0.37821681,0.881420525,355.9796752,N/A,0.6559877,2.872123331,36.11338541,0.095899498,0.422365398,0.172734319,-0.201276947,0.490891791,0.445758843,0.400790012,0.903184808,1552.885656,N/A,0.661145341,2.911849613,35.36477141,0.095112774,0.424276068,0.173570719,-0.25756876,0.507765782,0.446988092,0.409834631,0.891418968,439.5360969,3033.53558,0.663083425,2.957861671,32.64996452,0.093520297,0.429056065,0.178051946,-0.21023184,0.471001284,0.473439687,0.416104199,0.846106524,1550.883671,N/A,0.65465013,3.003429407,37.08898949,0.099149696,0.430847397,0.181814387,-0.210029834,0.470886976,0.448080693,0.414681665,0.834710405,543.9754624,N/A,0.649925782,2.824202636,38.48505756,0.095811392,0.42548114,0.171238896,-0.149972026,0.50212947,0.512678198,0.412073666,0.913727285,1051.931885,N/A,0.656312127,2.914563997,36.39544656,0.098246623,0.42245611,0.172018043,-0.105669079,0.49118789,0.456317135,0.439640205,0.898282168,1067.60753,9199.773372,0.668005876,2.872395555,38.26848775,0.097369959,0.416062018,0.170338075,-0.151131221,0.503960451,0.489940638,0.451908816,0.875435855,774.941714,N/A,0.66545987,2.843511286,39006.80611,29667.18356,5099.047217,14776.75133,57958.17446,14097.95181,10036.03818,9625.710788,7262.114006,0,43072.10029,18395.5492,8.0000064,210.0019504,65261.96756,6587.739989,39219.47119,29773.44507,4892.95951,14802.7663,57262.96371,14045.89594,9927.952833,9643.726134,6959.939804,0,43848.82929,18185.24058,8.0000096,176.0013376,65376.67893,6257.570408,39091.08581,30631.50979,4988.997999,14292.17907,57976.21903,13753.58385,9885.917741,9655.739219,7358.170754,0,43214.6237,18403.5499,18.0000336,168.0014944,65877.18593,6407.646115,38443.07197,29198.08799,4834.939737,14174.06438,57019.92783,13527.32685,9939.956806,9883.913283,7094.020091,0,42823.32908,18087.09245,4.0000032,172.0012544,64771.42988,6211.547592,37931.53321,29174.04307,4850.943379,14045.89894,55040.9997,13487.2949,9643.729475,9499.613585,7059.996673,6.0000144,42899.56119,18201.25716,14.0000304,174.0013712,64697.07968,6153.518718,37901.42936,28903.4212,4740.901378,14450.36133,56531.70773,13671.47727,10156.13666,9503.614538,7086.012227,0,43425.34654,18631.90832,4.0000064,190.0015728,66333.67127,6203.544612,38625.62071,29464.70181,4862.947569,14500.41143,56800.82738,13949.80546,10418.35187,9613.699946,7132.037288,0,42789.13581,18435.5878,12.000016,176.0014048,65836.95711,6527.714253,38505.2531,28853.28446,4830.938418,14600.54295,56184.09274,13431.21752,9707.775577,9737.802771,6797.858344,0,43234.70485,18395.55152,6.0000048,164.0012192,65875.21859,6311.596361,39056.97712,28943.49038,4722.894203,14085.94551,55896.75088,13723.54387,9707.774984,9645.733173,7240.105295,2.0000016,43553.78234,18399.56146,6.0000048,176.0014208,65199.69941,6405.650306,38011.7918,28498.51203,4818.933547,14234.11396,56136.16578,13671.50638,9653.731081,9369.518962,7168.063475,0,42369.78485,17628.45818,8.0000064,162.0011408,63669.93229,6199.538672,38579.30404,29310.76794,4864.350296,14396.30352,56680.78292,13735.96039,9907.73652,9617.90724,7115.831796,0.8000016,43123.11979,18276.37566,8.80001216,176.8014167,65289.98206,6326.606703
69,CTJ4ap40,-572.1969133,8079.817502,1520.49364,1624.181042,52883.16225,1377.882795,2910.097232,2446.681542,1975.757525,0,41905.1901,10973.02585,6.80000736,176.4014227,63605.37618,5311.935597,247.9562953,118.4754304,37.56092015,111.084931,479.918014,109.1416572,61.67127033,99.95520877,48.73199363,0,499.7932163,230.1075129,3.155247013,18.99270896,897.2615839,159.7218637,43.33408473,1.466313198,2.470310902,6.839442653,0.907506272,7.920968139,2.11921683,4.085337919,2.466496674,N/A,1.19267617,2.097028805,46.40064115,10.76675498,1.410669408,3.006848648,30.4397946,0.083523321,0.261843361,0.055030043,-0.196173587,0.522642211,0.55869769,0.473638801,0.840647033,1010.257479,N/A,0.658870501,2.066658846,3.518995044,0.002574696,0.003859501,0.001123798,0.083936047,0.014908581,0.044950062,0.038150297,0.025704496,652.8043423,N/A,0.005758848,0.048023415,11.56050851,3.082607435,1.473973393,2.04215415,42.78662013,2.852540526,8.045506963,8.05472367,3.057703767,64.61762034,N/A,0.874048498,2.323722428,26.69548261,0.085182553,0.266265659,0.055581555,-0.155480913,0.511283201,0.569435744,0.476705774,0.872103592,2669.570344,N/A,0.660837926,2.065662985,34.76048766,0.084869896,0.262271463,0.055319382,-0.277088043,0.520648449,0.491439635,0.480423446,0.840849763,535.315025,N/A,0.66874701,2.066613304,28.12160661,0.083742361,0.26523222,0.053483591,-0.275064492,0.510426583,0.584771771,0.502901966,0.85295032,445.2619459,N/A,0.652416998,2.066361725,25.24546859,0.082049209,0.258524365,0.056164756,-0.262559754,0.527004484,0.551411968,0.451652965,0.824585518,875.183825,N/A,0.658958978,2.076277812,29.58233605,0.083518498,0.263803369,0.055108479,-0.178599281,0.531341005,0.589867598,0.419575767,0.834284236,907.1980917,N/A,0.656727242,2.074353142,30.9338493,0.082955766,0.253792195,0.054492069,-0.221011913,0.535608657,0.593890653,0.491898709,0.791414521,855.8421123,N/A,0.662528681,2.026918889,33.34443817,0.083503898,0.265678891,0.052805272,-0.095593349,0.547912823,0.611425922,0.476581451,0.848931544,533.5141052,N/A,0.653859672,2.080342561,34.95761838,0.088184784,0.261716307,0.055465117,-0.307093761,0.501580957,0.50139072,0.465272705,0.875345598,699.1563389,N/A,0.666811218,1.978973726,27.4997803,0.077978357,0.258960308,0.056262942,-0.111979522,0.5337665,0.592763508,0.549243194,0.814377803,1251.250102,N/A,0.654026703,2.171973895,33.25687831,0.083247886,0.262188833,0.055617267,-0.077264837,0.506849457,0.500579379,0.422132029,0.851627438,1330.282901,N/A,0.65379058,2.05911042,10692.58358,8054.599987,1510.093796,4380.773033,53138.79609,4050.664073,2978.356726,2846.326298,1942.151822,0,41420.56525,11028.87411,2.0000016,200.0018144,62678.85608,5339.144959,10554.47356,8216.70344,1544.096598,4210.71243,53610.83461,4120.682331,2990.35912,2762.309134,1928.149343,0,42181.10604,11062.90037,10.000008,154.0011344,63074.83307,5353.154532,10560.47419,8192.689347,1452.085346,4408.78034,53191.01771,4118.681753,2870.331118,2704.293728,1994.16092,0,41627.22624,11040.88163,12.000016,190.001608,63804.6317,5343.150475,10412.34134,8082.62035,1562.098811,4342.757837,52775.25242,3990.638085,2990.360519,2730.301414,2054.169718,0,42173.03563,10902.75727,6.0000048,208.001968,63999.48561,5251.107151,10732.61377,8128.644748,1552.097078,4446.793129,53006.25528,3892.610199,2946.348517,2712.295837,1976.157609,0,42801.21348,11291.10431,6.0000048,184.001456,65173.5009,5443.192905,10456.40363,8006.568358,1524.094131,4372.766884,52219.28262,4026.65278,2870.331058,2522.25679,1940.152505,0,41011.305,10408.34914,6.000008,166.0013104,61901.1768,5135.05952,10854.72657,8032.591087,1528.093795,4396.776608,52815.48377,3964.630075,2814.318217,2644.281947,1986.15876,0,41775.75779,11098.93698,10.0000144,160.0011584,63891.01454,5335.148734,10434.35844,8192.692281,1484.089308,4228.72175,53345.65659,4064.663363,2984.358677,2868.330851,1998.161122,0,42293.54144,11068.90948,8.0000096,160.0011008,63426.55955,5593.257423,10488.40814,7812.452173,1564.098534,4354.762773,52082.32411,4172.6978,2956.351671,2670.286119,2038.167955,0,41978.39822,10870.73892,4.0000032,182.0016144,64184.53257,5005.00441,10958.81259,8078.613253,1484.089001,4172.699679,52646.71925,3886.605402,2952.349677,2758.306718,1900.145493,0,41789.75192,10956.8063,4.0000032,160.0010624,63919.17102,5321.135862,10614.51958,8079.817502,1520.49364,4331.554446,52883.16225,4028.852586,2935.34653,2721.898884,1975.757525,0,41905.1901,10973.02585,6.80000736,176.4014227,63605.37618,5311.935597
70,CTJ4ap41,-243.9922482,6739.423081,2233.201757,2091.526267,52803.25523,1693.825149,4507.037526,3900.074239,5368.357524,0.80000064,42151.83377,9261.240964,6.80000768,208.0019283,64130.2887,12798.16353,235.5635396,120.0789468,107.8601563,110.0710951,913.9188437,104.5338327,128.9276017,119.4060885,140.3444269,1.398412916,622.7034627,158.2277705,3.910106408,19.88896092,1267.074166,204.918826,96.5455015,1.781739258,4.829843786,5.262716364,1.730800194,6.171465383,2.860584164,3.061636297,2.61428987,174.8014747,1.477286768,1.708494263,57.50149989,9.561911797,1.975781167,1.601158054,62.08820659,0.199597311,0.219735166,0.085348439,-0.053969825,0.495731403,0.464025854,0.375870676,0.866122261,2803.859726,3844.085607,0.657391662,0.723791483,6.591585439,0.00297161,0.003883112,0.001566942,0.052734879,0.02510116,0.02038391,0.021754419,0.039562466,2009.616997,1359.77312,0.009046947,0.016258763,10.61648548,1.488802517,1.767178003,1.8359353,97.71178366,5.063459723,4.392839359,5.787740383,4.567769231,71.67323596,35.37312274,1.376188341,2.246332422,59.48376384,0.202837813,0.218004887,0.084234453,-0.11563378,0.544913563,0.452741171,0.387066635,0.880742981,2141.433423,N/A,0.670084112,0.720189246,52.4723333,0.196244993,0.219179151,0.085624071,-0.109108298,0.505391599,0.46536364,0.344588176,0.8512781,1269.843526,N/A,0.661770305,0.739108048,72.55927635,0.194960218,0.226389917,0.086439292,-0.057756173,0.496300631,0.476387767,0.360840165,0.877258418,1064.209905,4733.792959,0.638439162,0.741362469,74.0836659,0.198536809,0.221688085,0.08426958,0.00277507,0.499101143,0.479328704,0.382977248,0.908749498,2148.441049,N/A,0.650800591,0.726690118,60.0393021,0.203197801,0.220194411,0.083902964,-0.00476909,0.492943279,0.454282771,0.409283313,0.868234346,1050.695992,4519.633,0.661587731,0.716926658,62.26071186,0.201861567,0.211755449,0.088045901,-0.077078189,0.487150358,0.458723473,0.386486311,0.774844569,3268.714269,N/A,0.658169786,0.690428794,58.85159624,0.196405015,0.222204711,0.084646195,0.009021001,0.517227861,0.501745375,0.345755774,0.91293366,6297.172305,N/A,0.657991062,0.744424545,59.49176523,0.199773557,0.222328446,0.083371186,-0.128739596,0.494684722,0.423438819,0.392219083,0.885168296,6306.181467,N/A,0.655541704,0.729553855,63.42712272,0.199979284,0.218057879,0.085446149,-0.053821551,0.456633364,0.460232731,0.359364507,0.864503994,1319.294399,N/A,0.652005764,0.710948613,58.21252835,0.20217605,0.21754872,0.087504596,-0.004587647,0.462967509,0.468014085,0.390125545,0.837508743,3172.610924,2278.83086,0.667526407,0.718282486,9015.258092,6887.90813,2456.243868,4348.759192,53512.36026,4004.642548,4576.839034,4724.898985,5419.176309,0,42445.98116,9253.431334,6.0000048,216.0019808,63344.25844,12848.61082,8901.176405,6785.84284,2288.210733,4380.770437,52877.64804,3786.57688,4598.848629,4630.862157,5575.247065,0,42821.25448,9385.526211,10.0000112,242.00276,64707.12594,12698.44949,9079.305248,6745.827236,2238.202849,4408.782264,52172.71239,3840.597598,4580.84253,4730.901022,5561.243953,2.0000016,41819.85502,9467.593492,12.0000128,176.001376,65503.27346,12770.53248,9241.432356,6665.778693,2246.203732,4390.777263,53405.96295,3910.615235,4566.837746,4812.927802,5191.079414,0,42255.37315,9367.512765,6.0000048,174.0013328,64928.29559,12890.65661,9025.27009,6533.71091,2152.185693,4172.700553,52036.18958,3930.622799,4432.790494,4518.822476,5227.096674,2.0000016,41051.32916,9039.273232,12.0000128,210.001864,62049.7135,12608.36535,9169.365049,6887.899992,2320.217429,4492.812263,54094.92447,4100.675411,4830.940359,4432.791627,5329.139086,0,42630.61499,9027.265026,4.0000032,210.001896,64771.45553,13074.86754,9279.450624,6673.786553,2260.205571,4428.792121,51624.82439,3700.553357,4438.792874,4740.91065,5395.172972,0,42193.28525,9375.546755,2.0000016,214.0019216,64124.40488,12594.35468,8687.042004,6677.79362,2146.187346,4074.672626,52038.30615,3892.609587,4404.78385,4562.84359,5187.078297,0,41386.54098,9201.405359,2.0000016,212.0019968,63133.34567,12612.37302,9279.451082,6881.90068,2110.180622,4432.791102,54082.84116,3918.620651,4690.885447,4754.913443,5455.195913,0,43013.92255,9379.524732,10.0000208,208.002048,65971.6906,13192.97143,9191.383776,6653.78216,2114.179726,4366.764907,52186.78288,3964.631656,4634.866376,4568.838308,5343.145557,4.0000032,41900.18093,9115.330734,4.0000032,218.0021072,62769.32342,12690.45385,9086.913473,6739.423081,2233.201757,4349.762273,52803.25523,3905.014572,4575.642734,4647.871006,5368.357524,0.80000064,42151.83377,9261.240964,6.80000768,208.0019283,64130.2887,12798.16353
71,CTJ4ap42,-563.40185,8739.268699,1464.887513,1661.305002,52752.29848,1399.800195,2876.449375,2477.803643,2104.178818,0.20000016,42652.36044,8599.167627,9.80001136,159.0011282,64910.76655,3390.462999,336.9012962,338.8658373,71.61366221,85.2878745,1379.351006,140.8784969,93.8586467,78.39680087,65.61581393,0.632456038,1085.912858,267.4976591,5.533742321,16.17290259,1646.811232,77.45116396,59.79769079,3.877507935,4.888679953,5.133787858,2.61476949,10.06418612,3.263003601,3.163963419,3.118357307,316.227766,2.545961929,3.110738977,56.46669292,10.17156468,2.537038644,2.284383106,21.49960885,0.052240387,0.201615293,0.054522686,-0.193666766,0.509229988,0.578018758,0.487059273,0.862062747,475.1959502,4341.505476,0.657127062,2.536358166,2.000914189,0.000723939,0.003907902,0.000772119,0.116817789,0.017489132,0.0333167,0.050673774,0.034612412,277.2270434,,0.007279767,0.058664279,9.306746944,1.385784302,1.938296301,1.416141967,60.31896507,3.434426963,5.763947815,10.4040262,4.015068755,58.33952148,,1.107817291,2.312933554,21.83394551,0.052448107,0.208832301,0.056376086,-0.206383633,0.489975727,0.594114893,0.477111645,0.847404755,840.6125616,N/A,0.667839392,2.659131935,17.88774058,0.051854357,0.207481098,0.05484955,-0.189243712,0.518289686,0.539035053,0.451968355,0.801693923,429.3089794,N/A,0.647583926,2.591130839,18.41540659,0.0523873,0.200869722,0.054096631,-0.02532427,0.497655047,0.584012497,0.5550963,0.835594669,282.371555,N/A,0.6518304,2.499326961,21.71707584,0.051042028,0.195401527,0.054660838,-0.250021662,0.52449826,0.521540867,0.494103061,0.8648562,278.7038999,N/A,0.666145035,2.550168216,21.14195136,0.052143966,0.200806936,0.054117721,-0.23149194,0.529047802,0.62389331,0.453571089,0.845621662,835.1120513,N/A,0.651488415,2.508888405,21.3974039,0.053177662,0.200050704,0.053804863,0.030811963,0.49992347,0.618215073,0.523881796,0.933544226,271.0353671,N/A,0.657812553,2.474645568,24.41749818,0.053006049,0.20091741,0.054134112,-0.230468206,0.48642374,0.546160298,0.51743286,0.887369563,569.7445369,N/A,0.657909314,2.493780196,22.45029177,0.05138324,0.202245448,0.054967803,-0.201297012,0.494382861,0.575544406,0.551066389,0.875570499,853.116224,N/A,0.650190216,2.559161552,22.77232834,0.053090035,0.200487535,0.053753717,-0.254778234,0.517476445,0.586575001,0.450048019,0.864423443,222.0313479,N/A,0.654693654,2.47236447,22.9624464,0.051871127,0.199060245,0.054465538,-0.378470954,0.534626845,0.591096178,0.396313212,0.864548532,169.9229785,4341.505476,0.665777711,2.554983513,11771.55258,8945.209044,1456.086181,4762.909456,52712.98301,4352.760117,2998.360932,2808.317495,2082.175101,0,42815.24429,8941.205983,4.0000032,154.00116,64110.0911,3362.452936,11883.64909,8987.239085,1532.09624,4604.85172,53893.99944,4284.739053,2984.358053,2678.287908,2214.197046,0,42891.48783,8899.173006,8.0000064,192.0015872,66233.09517,3434.474583,11897.66988,8644.996425,1406.079862,4546.827849,52228.95721,4404.778701,2852.326662,2654.282771,2106.179201,0,42161.03377,8468.875121,12.0000128,184.0014912,64680.98719,3388.462275,11633.42339,8927.200416,1524.094889,4506.814482,53160.8202,4364.76627,2932.347542,2802.317244,2076.174664,0,43648.14046,8528.913299,12.000016,154.0009936,65523.4794,3344.451258,11211.05662,8568.955491,1492.090358,4630.859205,52114.75593,4090.675836,2846.327585,2668.28741,2034.167753,0,41735.70225,8380.818473,4.0000032,158.0010672,64062.07886,3340.450877,11014.90438,7896.513659,1330.071855,4290.74491,49448.1498,3984.642418,2686.291041,2764.309129,2014.163369,0,40232.84199,8048.608373,12.000016,152.0010912,61161.56011,3252.428742,11305.12606,8638.98911,1384.078056,4448.793239,52562.3536,4306.74464,2872.332359,2818.320512,2106.178878,0,42429.95776,8524.917224,6.000008,140.0009024,64492.10679,3418.471779,11611.40055,8817.119493,1464.0867,4658.86947,53875.95882,4524.828643,2988.359106,2886.336944,2106.179534,0,43180.48217,8733.055947,4.0000032,152.0010368,66412.07615,3412.467626,11795.57355,9057.287751,1512.094227,4748.906657,54360.04056,4286.740274,2950.350668,2834.323482,2214.197283,0,43808.66354,8783.090949,16.0000224,156.001024,66914.75211,3552.50654,11239.06288,8909.176514,1548.096768,4696.886478,53164.96627,4070.668323,2922.344446,2794.314127,2088.175352,2.0000016,43620.0503,8683.017898,20.0000224,148.000928,65517.43862,3398.463377,11536.3419,8739.268699,1464.887513,4589.646347,52752.29848,4267.134428,2903.339839,2770.909702,2104.178818,0.20000016,42652.36044,8599.167627,9.80001136,159.0011282,64910.76655,3390.462999
72,SN4,1076.032767,4.20000432,5975.434504,4922.366722,55933.69814,3451.70227,12251.38814,10810.55351,2.40000192,0.20000016,43480.5967,86232.34972,13.60002016,427.0076272,65853.62599,49639.74293,43.538367,2.74064431,148.901536,95.64502684,1344.706437,124.359967,391.1657675,304.5639081,2.06559277,0.632456038,753.2718226,1616.476308,4.788888264,35.01544668,1245.627296,1088.538047,4.046193419,65.25336884,2.491894705,1.943069914,2.404107867,3.602859033,3.192828136,2.817283203,86.06629658,316.227766,1.732432119,1.874559041,35.21236151,8.200192328,1.891509051,2.192876076,116.9174402,0.753778653,1.983296874,0.219024737,0.087837513,0.488106216,0.402160707,0.281794625,0.882547209,4403.990436,44421.31398,0.66030003,1.737394248,9.469759186,0.007348369,0.021604448,0.004070442,0.002526713,0.017466826,0.015414141,0.007482477,0.010923222,2748.187918,,0.005535908,0.022126188,8.099526615,0.974870914,1.089319935,1.858439466,2.876576373,3.578488748,3.832831201,2.655294331,1.237692608,62.40222267,,0.838392843,1.273527188,117.9065833,0.755941844,1.988050133,0.2233535,0.088050385,0.469182989,0.397123499,0.277372172,0.868609333,2304.573103,N/A,0.651117545,1.712372891,131.0848883,0.754608226,1.996857932,0.216445994,0.089813576,0.487921522,0.404809411,0.282944821,0.887831101,2767.389131,N/A,0.655409213,1.73435571,115.1439124,0.754823519,1.984070225,0.213942334,0.087445968,0.507270337,0.43058418,0.281173273,0.90074096,4010.911016,N/A,0.668847076,1.758079254,124.1191485,0.744786037,1.970803336,0.219468631,0.085304656,0.468879814,0.390852248,0.292547756,0.873189897,4137.367464,N/A,0.65338857,1.72895343,118.7548478,0.758738855,1.986189294,0.216452609,0.083071263,0.496472199,0.401415804,0.287945497,0.88354277,3545.739256,N/A,0.66395829,1.738077387,126.8182636,0.766569059,2.011567754,0.226385084,0.087632351,0.46322768,0.376226003,0.26630891,0.883913334,5098.176692,44421.31398,0.664083967,1.742634767,117.6082237,0.758366708,1.993671444,0.214409188,0.09040508,0.518961088,0.403925078,0.278556132,0.899653926,3595.511677,N/A,0.662216914,1.740903098,102.5093014,0.746328234,1.952204583,0.217891718,0.089604411,0.488616572,0.397136232,0.289690079,0.878283198,3602.536852,N/A,0.664096259,1.73710668,113.4379738,0.742309395,2.004863897,0.222808748,0.085923299,0.489922891,0.396482831,0.283363103,0.875574428,11911.182,N/A,0.659343823,1.780786604,101.791259,0.755314653,1.944690141,0.219089569,0.091124141,0.490607071,0.423051786,0.278044502,0.874133146,3066.517169,N/A,0.66053864,1.700672661,1122.050708,4.0000032,5949.419959,5037.018347,56772.70746,3518.497743,12680.43404,11014.85614,4.0000032,0,43670.19798,86818.54291,22.0000496,430.0075633,67069.60719,50700.72257,1108.049817,8.0000096,5959.422271,4946.980305,56429.29618,3458.483145,12213.97176,10844.7117,6.0000048,0,43264.78535,86393.62979,18.0000336,380.0064065,66011.86634,49813.09734,1018.044132,8.0000096,5841.378008,4960.993334,53824.38974,3240.423749,11515.31556,10372.31639,0,0,42648.73418,84618.0836,12.0000128,418.0071921,63764.55199,48130.98353,1060.045522,2.0000016,5811.354446,4844.941287,56473.32706,3626.529286,12394.14931,10822.70224,2.0000016,0,43555.78154,85839.87957,12.0000128,400.0064705,66661.3766,49648.46253,1028.043055,2.0000016,6127.510533,4954.984966,57019.8811,3554.508901,12342.10203,10904.77501,0,0,43439.39327,86278.85784,14.0000144,418.0073617,65424.88279,49640.40064,1132.052143,2.0000016,5969.429989,4848.944309,56923.36308,3432.472696,12886.65148,11391.19507,4.0000032,2.0000016,44165.89938,88842.69902,10.0000112,402.0069553,66506.49854,50981.82402,1106.049937,8.0000096,6285.584269,4894.964804,56489.46554,3376.457778,12111.88599,10896.76139,2.0000016,0,43955.20349,87632.234,14.0000176,428.0077121,66375.83933,50337.22676,1120.051119,4.0000032,6077.48569,4940.979907,57084.08304,3604.520741,12438.20004,10924.77441,4.0000032,0,44878.50433,87612.02184,14.000024,492.0100098,67578.31216,50435.60239,1030.043015,2.0000016,5857.375553,4740.903536,53659.06498,3388.463017,11955.73463,10468.39172,2.0000016,0,42319.66138,84845.16121,4.0000032,420.0072033,64184.51178,47644.76611,1094.048369,2.0000016,5875.384322,5067.029735,54661.40322,3330.445764,11975.74326,10468.39413,0,0,42907.80607,83442.38742,16.0000224,482.009397,64958.81316,49064.34339,1081.847782,4.20000432,5975.434504,4923.774053,55933.69814,3453.080282,12251.41881,10810.88782,2.40000192,0.20000016,43480.5967,86232.34972,13.60002016,427.0076272,65853.62599,49639.74293
73,CTJ4ap43,-934.4355389,13252.03428,2387.830526,2422.219228,54177.1197,2162.538948,4759.224749,4133.003839,4296.542769,0.80000096,43277.27255,24478.5841,8.40000992,244.8026682,65391.55585,16607.84262,206.7388428,264.9751792,79.01934875,116.2548138,1115.649736,121.1454655,133.8799358,103.1315579,136.1706861,1.39841373,880.362535,578.0631522,4.599526592,27.31276537,1091.684395,384.0539224,22.12446275,1.999505689,3.309252808,4.799516597,2.059263656,5.602001555,2.813061851,2.495317253,3.169308288,174.8015065,2.034237564,2.361505673,54.75620429,11.15705379,1.669457747,2.312485319,68.52534979,0.253969607,0.565607078,0.08785203,-0.197416832,0.50186285,0.509068976,0.454626071,0.868904066,2754.096897,10215.00841,0.661798789,1.474031705,6.986070171,0.003623217,0.005443796,0.001998466,0.048814116,0.015130674,0.022547485,0.026954456,0.028171693,2021.223931,3508.234851,0.005792993,0.02145902,10.19486977,1.426634166,0.962469544,2.274808661,24.72642039,3.014902082,4.429161024,5.928928742,3.242209834,73.38971744,34.34392524,0.875340453,1.455804478,68.8220235,0.254052775,0.571168458,0.088099971,-0.188253742,0.493679129,0.477599667,0.495768566,0.881567601,2081.885261,12251.99186,0.654409574,1.47126166,59.78509547,0.252172788,0.558699604,0.088170467,-0.19205183,0.513059389,0.503126594,0.481048147,0.908923878,2750.146277,12228.96382,0.66900978,1.482219802,71.9077909,0.251564045,0.558444152,0.083404543,-0.19951765,0.53020298,0.501516037,0.422923405,0.90307876,4134.734679,N/A,0.662287336,1.470204099,54.23246773,0.253947968,0.572898019,0.08871364,-0.215768749,0.501047328,0.49832718,0.440654664,0.842185982,2747.811223,N/A,0.668139909,1.507301014,73.80703199,0.2501566,0.566049971,0.089801096,-0.146355325,0.510212266,0.47291675,0.448420481,0.824638678,1377.743493,N/A,0.66052186,1.494617292,79.20437575,0.253608471,0.568364509,0.088003188,-0.198764479,0.489447015,0.539654243,0.467914488,0.864856237,2079.132479,6164.069555,0.661443151,1.482366937,69.40290751,0.25328125,0.559425039,0.087838152,-0.2928679,0.516788447,0.517818097,0.484535941,0.882654492,7912.007967,N/A,0.655983055,1.448876875,68.96155098,0.2508567,0.570296961,0.085995215,-0.254050693,0.482606025,0.526444531,0.455178825,0.883482234,2068.867935,N/A,0.653953451,1.486696053,70.55979454,0.257694137,0.568143623,0.090678407,-0.133268112,0.48986497,0.534974723,0.418929785,0.83626753,948.6459294,N/A,0.662917656,1.461548344,68.5704595,0.262361333,0.562580447,0.087815625,-0.15326984,0.491720949,0.518311941,0.430886403,0.861385273,1439.993729,N/A,0.66932212,1.435224977,17450.19941,13251.0382,2350.222599,6713.812719,54036.65612,6707.805203,4812.930341,4766.912638,4092.671592,2.0000016,42901.53454,24504.00332,8.0000064,242.002408,65557.62057,16655.09541,17338.03154,13188.96561,2464.245164,6835.876804,54474.48476,6637.763557,4858.948386,4974.991431,4374.770746,2.0000016,43776.56081,24457.9472,6.0000048,276.0034208,65434.85928,16500.89086,17928.85646,13615.41413,2450.24282,6879.904,55408.60956,6421.65501,4676.87943,4778.916005,4346.760532,0,43541.74875,24315.63495,4.0000032,230.0022256,65744.49845,16538.95195,17267.92855,13222.99829,2414.234264,6831.870451,54313.80868,6461.67546,4872.95373,4652.869107,4270.731705,0,43377.16473,24850.69174,6.0000048,304.0038785,64922.27775,16486.88053,17762.62254,13351.13318,2518.258118,6807.856522,54962.65581,6593.748495,4991.000696,4672.878797,4326.752008,0,43654.12706,24710.41734,12.0000128,224.0022272,66090.35928,16532.93955,17157.77805,13074.84051,2326.217385,6945.93798,54006.52195,6513.704256,4808.93491,4722.900319,4396.775798,4.0000064,43381.17047,24656.31767,8.0000064,210.0019472,65585.63712,16633.07314,16196.53738,12650.41193,2326.218333,6569.734579,51245.35302,6331.611678,4552.832687,4534.828083,4032.660295,0,40983.27298,22927.06909,2.0000016,228.0023872,62476.11534,15824.02859,17388.1054,13415.20505,2252.20584,6951.936808,54267.65458,6525.708055,4722.896336,4734.89921,4392.774511,0,43146.36706,24606.24203,8.0000064,240.0026752,65977.73431,16550.95672,17678.51573,13243.02448,2414.235551,7074.006308,54349.97798,6409.647039,4982.998622,4716.893363,4274.733049,0,43927.1057,24956.90499,18.0000368,242.002712,66263.29121,17075.66164,17964.91469,13507.3114,2362.225188,7015.978293,54705.47454,6501.694536,4860.951298,4758.909975,4456.797452,0,44083.67338,24800.61268,12.000016,252.0028,65863.1652,17279.94779,17413.34898,13252.03428,2387.830526,6862.691446,54177.1197,6510.501329,4814.132644,4731.499893,4296.542769,0.80000096,43277.27255,24478.5841,8.40000992,244.8026682,65391.55585,16607.84262
74,CTJ4ap44,-112.3030605,2974.555806,906.6336472,1025.255493,51146.36259,856.5909628,1754.620911,1630.434135,1307.26983,0.80000064,42073.5671,10375.3167,5.80000592,185.6015165,62941.43737,8080.018667,105.8008433,70.44669316,34.19236945,68.42999586,492.8437977,56.47672528,47.90505563,44.62832124,53.8545371,1.398412916,659.5340876,187.0920933,3.190267611,17.43077746,679.2253331,169.9007402,94.21011579,2.368309683,3.771354566,6.674433481,0.96359501,6.593196489,2.730222541,2.73720479,4.119619062,174.8014747,1.567573498,1.80324224,55.00455784,9.391505946,1.079138579,2.102727075,43.9022258,0.128375813,0.246615653,0.034306753,-0.06292609,0.51714789,0.58500129,0.488836167,0.929863047,1796.030096,4269.582856,0.668526594,1.284510569,4.469331649,0.002441467,0.003681361,0.000911467,0.057918372,0.026171236,0.045665988,0.039785551,0.036302744,950.9701979,1475.876068,0.012736351,0.03259308,10.18019375,1.90181237,1.492752216,2.656814984,92.04190596,5.06068708,7.80613459,8.138831319,3.90409573,52.9484556,34.56721927,1.905137477,2.537392894,38.37393923,0.130037581,0.24080057,0.03506419,-0.070620386,0.486272025,0.601110181,0.457384083,0.867100718,1343.099047,5101.08189,0.683666613,1.265997942,41.69008154,0.126342292,0.249290234,0.035768569,-0.185902754,0.496504438,0.498707187,0.472094694,0.881016776,667.0464855,2565.55263,0.649750806,1.282045214,52.22183667,0.129435051,0.250304663,0.034116367,0.009852741,0.501177625,0.620308305,0.472966667,0.956424463,1018.331424,N/A,0.67604424,1.307350869,37.58715053,0.126234349,0.244418598,0.034143213,-0.059083593,0.508793302,0.617322487,0.551334911,0.953656779,3984.270372,N/A,0.665258089,1.28809195,47.53269419,0.130221107,0.247186463,0.034854638,-0.050378558,0.541866932,0.627677456,0.471088891,0.930445338,2067.685659,5142.114048,0.655064241,1.243446756,45.81647044,0.127910156,0.245611336,0.032542715,0.002390737,0.562587529,0.629726382,0.559491256,0.991451709,1970.121241,N/A,0.681883057,1.309342536,44.20458804,0.125199256,0.248501795,0.034806354,-0.069297764,0.544914744,0.561833841,0.461258941,0.917988311,1967.118172,N/A,0.665161408,1.320245896,42.8136229,0.129197473,0.246600744,0.03337015,-0.063847075,0.51856111,0.58347707,0.502562819,0.938105419,2033.662569,N/A,0.656042169,1.252195445,47.27398274,0.133033116,0.241352041,0.03446712,-0.121660836,0.486226423,0.518861034,0.439596471,0.942581604,2103.707133,N/A,0.68532118,1.243327006,41.5078917,0.126147749,0.252090091,0.03393421,-0.02071341,0.524574777,0.590988952,0.500582941,0.919859356,805.2588584,N/A,0.667074137,1.333062075,4016.647746,2992.360597,870.0308059,2078.17336,51026.00114,1800.131645,1806.131999,1736.121897,1326.071554,2.0000016,42367.72347,10202.17194,6.0000048,210.0019152,61971.32147,8058.600732,3848.596913,3026.367077,912.0340237,1930.150919,51355.4263,1860.139691,1854.137893,1806.131426,1348.073774,4.0000032,41165.74716,10262.21873,12.000016,192.0017472,63356.20795,8004.568498,4082.67032,2936.346873,876.0315148,2068.172338,51234.82826,1790.129025,1764.125929,1848.137754,1266.065381,0,42550.32413,10650.54456,8.0000096,156.0010464,62940.14741,8146.661166,3928.622439,2912.339624,892.0319852,2058.171165,51349.31544,1922.149258,1770.126091,1856.141121,1322.072345,0,41994.43697,10264.22139,2.0000016,212.0018944,63125.0302,7968.547119,3884.606694,2870.332386,962.0381696,2076.174149,50937.67004,1778.127384,1792.130602,1834.136044,1308.069421,2.0000016,41605.17615,10284.23632,4.0000032,174.001272,63513.12367,8270.749251,4102.678518,2960.351869,940.036283,2044.170005,51345.30416,1906.147405,1688.117836,1844.136413,1346.074287,0,42010.53008,10318.26242,4.0000032,172.0012736,61609.58199,7880.491269,3980.637524,2962.353718,950.0371007,1972.156012,50090.28225,1776.128083,1760.1255,1782.129086,1304.069383,0,41803.8312,10388.32708,4.0000032,178.0014096,62847.64972,7868.478982,3998.642579,2966.35494,880.0318316,1984.160292,50855.77468,1826.136021,1712.119893,1756.125705,1178.05714,0,41306.3643,10186.18017,4.0000032,190.0015984,62962.97132,8134.656785,4118.68525,3132.393499,872.0308235,1980.157728,52034.12904,1816.132765,1810.131966,1872.141672,1304.069274,0,43349.09245,10462.39193,4.0000032,178.0014032,63253.68853,8414.835264,4098.676568,2986.357472,912.0339341,2028.166945,51234.89455,1850.138463,1756.124639,1790.129515,1370.075737,0,42582.44505,10734.61247,10.0000112,194.0016048,63834.65145,8052.597603,4006.046455,2974.555806,906.6336472,2021.965291,51146.36259,1832.535974,1771.327235,1812.533063,1307.26983,0.80000064,42073.5671,10375.3167,5.80000592,185.6015165,62941.43737,8080.018667
75,CTJ4ap45,-589.6650003,7985.158719,1328.071747,1399.012621,51170.69018,1259.293906,2514.706495,2147.663446,1811.732747,0.20000016,41414.18794,10739.0246,7.60000896,140.4009053,62665.12598,1558.498348,245.4950079,162.7165157,66.39337887,70.69819153,1135.18944,138.2993184,93.23291685,76.00543324,47.85660404,0.632456038,607.6259586,253.8339426,3.864373131,20.50063295,1365.626504,55.68669772,41.6329624,2.037736775,4.999231329,5.053434862,2.218436835,10.98229077,3.707506901,3.538982487,2.641482532,316.227766,1.46719274,2.363659197,50.84695494,14.60149627,2.179244808,3.573099566,11.35748889,0.024877702,0.25930496,0.049139365,-0.236744939,0.528244775,0.557292269,0.500331725,0.854292181,312.1843771,5281.23465,0.661016677,6.895733048,2.029239898,0.000942948,0.004659612,0.001306841,0.100199302,0.021690095,0.038622292,0.047416107,0.019696169,257.4465342,,0.0090088,0.213547352,17.86697673,3.790332315,1.796962295,2.659458837,42.32373557,4.106068976,6.930347652,9.476934005,2.305554126,82.46618124,,1.362870371,3.096804217,10.33857952,0.022995401,0.26696821,0.052207222,-0.018157881,0.519240962,0.484585416,0.508970361,0.850099693,146.8086656,N/A,0.64203314,7.453770353,15.32167947,0.026043505,0.262770981,0.05026749,-0.288020366,0.515751727,0.495268596,0.46203179,0.845416342,135.3419255,N/A,0.663752997,6.697064224,9.369574849,0.024668331,0.259494142,0.048466956,-0.305243616,0.55383087,0.569232123,0.438649124,0.845052238,196.7623536,N/A,0.657231263,6.913627881,10.36543164,0.024627068,0.255600068,0.04970772,-0.230697734,0.537460624,0.544562297,0.521413529,0.821256958,127.8410856,5281.23465,0.663384614,6.885153832,13.61097674,0.02564652,0.261877362,0.048231847,-0.26821947,0.486766787,0.56074034,0.547097082,0.894099195,160.6101249,N/A,0.658334247,6.722270113,12.39134604,0.02495074,0.258698601,0.049406907,-0.1184598,0.515902431,0.568101152,0.588383699,0.860328428,264.3501099,N/A,0.656885092,6.810830129,12.64138291,0.025759641,0.260913133,0.048142733,-0.323984792,0.515440757,0.58799203,0.518717016,0.872219437,809.0523491,N/A,0.668407922,6.770141142,9.481521313,0.023697362,0.249940855,0.048248672,-0.29994122,0.559314788,0.581447761,0.502497235,0.839285062,749.0448107,N/A,0.658094398,6.941054317,9.518614298,0.025080788,0.260841256,0.04830642,-0.194975309,0.541351424,0.598483154,0.474202968,0.853767257,158.0099386,N/A,0.665777646,6.924115555,10.53578217,0.025307661,0.255944996,0.048407684,-0.319749205,0.53738738,0.582509817,0.441354448,0.861397198,374.0224078,N/A,0.676265456,6.839302937,10914.77702,7918.514375,1390.07888,3950.625445,51279.04331,3960.629681,2700.294647,2528.257742,1812.132957,0,40989.1239,10942.79304,10.0000112,142.000968,63842.69187,1468.0883,10376.3138,8032.585934,1334.071865,3972.636186,51457.81433,3830.590131,2610.273531,2444.240837,1848.137921,0,41392.4821,10876.74311,12.0000224,106.0005296,62361.27333,1624.106138,10526.44009,8158.669362,1396.080056,4168.698037,52010.06801,3782.574313,2544.260232,2386.229214,1838.13677,0,41938.29649,10882.74226,8.0000064,168.0012288,63810.56234,1574.100088,10596.4965,8082.617457,1384.077448,4110.677403,51807.17284,3994.641155,2598.272456,2366.224746,1804.131322,2.0000016,41324.23688,10562.47775,12.0000128,148.00104,62293.02885,1534.094663,10164.13717,7816.458934,1194.057451,3994.64499,50859.30148,3906.612402,2476.247427,2446.241555,1816.13376,0,41227.94486,10796.66543,10.0000176,118.000648,62624.63944,1606.104076,10752.62683,7984.551634,1316.069965,4124.681047,51632.56893,4120.683359,2574.266045,2448.241989,1820.133732,0,41757.74722,10802.6708,6.0000048,128.0007776,63569.3331,1586.101928,10432.36202,8120.646265,1290.067109,4192.705777,51987.96395,3962.632686,2526.256533,2438.239334,1832.136366,0,41986.41064,10954.80595,2.0000016,128.0007104,62815.54905,1618.105993,10336.27915,7998.566131,1376.077198,4110.678568,50991.89233,3860.600878,2482.247902,2304.214638,1718.119204,0,41603.16148,10398.32975,2.0000016,158.0011024,63217.6199,1498.09082,10746.62379,8112.633798,1348.073889,4208.712825,51550.10572,3842.597478,2514.253995,2388.229123,1882.142176,0,41944.28304,10940.79949,10.000008,166.0011216,63000.43764,1580.10065,9813.883218,7626.343298,1252.063613,3912.61871,48130.97088,3530.501568,2352.223525,2250.206907,1746.123268,0,39978.19278,10232.21839,4.0000032,142.0009264,59116.1243,1496.090828,10465.99396,7985.158719,1328.071747,4074.667899,51170.69018,3879.206365,2537.859629,2400.032609,1811.732747,0.20000016,41414.18794,10739.0246,7.60000896,140.4009053,62665.12598,1558.498348
76,CTJ4ap46,-724.370081,11185.4241,2052.770343,2088.775075,52896.56263,1760.475121,4043.742774,3494.33698,3234.022136,0,41823.02577,9822.474932,8.00000896,141.2009184,63549.94389,1525.095057,276.3781554,424.4603812,81.11185731,145.5157365,1711.837874,160.6033726,171.1021058,121.5288751,127.6856703,0,1404.289637,291.0284714,3.887308946,15.81015771,1996.325585,97.34608643,38.15427537,3.794763412,3.951336183,6.96655845,3.236198704,9.122728895,4.231280657,3.477880806,3.948200259,N/A,3.357694981,2.96288332,48.59130741,11.19692271,3.141349092,6.382952066,10.88636137,0.02397976,0.234930164,0.076448478,-0.177128829,0.508238494,0.516988098,0.436353667,0.865445281,221.7843527,N/A,0.658115048,6.457573275,1.063404991,0.000937829,0.004876166,0.002191859,0.063907534,0.024707563,0.036335285,0.046024404,0.045739555,74.48889735,N/A,0.008121545,0.322113913,9.768231595,3.910919197,2.075580957,2.867106392,36.07969089,4.861411257,7.028263416,10.54750028,5.285089224,33.58618245,N/A,1.234061634,4.9881573,11.66242866,0.024798596,0.229421646,0.07648341,-0.159432369,0.536510934,0.461141325,0.403144487,0.855109536,99.1312057,N/A,0.668534898,6.184881485,11.35781027,0.024974181,0.236757132,0.075170991,-0.180802694,0.501603072,0.540523432,0.428763793,0.896270176,265.0170449,N/A,0.648376907,6.146662386,11.33395365,0.023716997,0.234867746,0.078953018,-0.178088088,0.498546914,0.545674299,0.421584328,0.820145104,187.0112643,N/A,0.669827055,6.633249976,10.45127605,0.023593708,0.245983395,0.076299661,-0.149626056,0.471673036,0.540247278,0.467155561,0.861433776,106.0063197,N/A,0.649657652,6.773203791,10.63574056,0.024511566,0.235240431,0.080037991,-0.196818414,0.487912789,0.474403679,0.377281162,0.802813534,262.3498384,N/A,0.648835725,6.226954027,9.045972661,0.024811321,0.234448801,0.072394393,-0.176636551,0.538540249,0.559602099,0.479467698,0.963211007,265.3502827,N/A,0.655661225,6.195518062,10.8505167,0.022191305,0.236360035,0.075473412,-0.035334748,0.542850239,0.508000522,0.460363279,0.898296702,325.5169505,N/A,0.656701667,6.99454249,12.44015011,0.024773287,0.229833853,0.075123798,-0.189880845,0.520045568,0.518165243,0.481085627,0.847515117,273.684782,N/A,0.656399005,6.089733492,9.346649302,0.023038909,0.229747403,0.076293929,-0.209289176,0.497163699,0.550201169,0.487224527,0.872102732,243.0143075,N/A,0.66709749,6.652394624,11.73911577,0.02338773,0.2366412,0.078254174,-0.295379352,0.487538436,0.471921936,0.357466205,0.83755512,190.7615316,N/A,0.660058854,6.67859242,15261.3283,11487.28959,2164.188647,5709.305348,52741.1133,5395.16603,4074.668893,3894.60884,3196.40995,0,42759.05086,9809.851836,16.0000256,136.0009888,63959.34004,1586.101829,14816.80786,11225.04861,2010.162482,5927.407741,53311.47481,5401.173773,4048.65748,4040.655191,3222.418264,0,41282.0916,9773.829628,6.0000048,140.0008896,63669.89807,1590.103541,14828.80529,11247.0801,2080.175042,6045.468038,52847.58105,5449.191964,4212.711157,3860.598794,3148.399645,0,42253.34388,9923.947654,8.0000064,132.000832,63080.97524,1496.091311,14476.38889,10890.75067,1898.144976,5823.363785,52743.10856,5453.195969,4066.663944,3928.622708,3316.442286,0,40864.7447,10052.04863,14.0000208,142.0009072,62901.96781,1484.090681,14822.79264,11305.11771,2056.170302,5787.342253,52652.70679,5299.128105,4256.72736,3846.594753,3326.446401,0,41667.37033,9801.850138,6.0000048,148.0010048,64218.67463,1574.10029,14954.95418,11297.13084,2092.176773,5959.426066,53663.04087,5569.248627,3926.621198,4196.707006,3264.427858,0,42072.73688,9863.902708,6.0000048,176.0013024,64168.40784,1592.10297,13939.83931,10162.15864,1996.160528,5273.132906,48721.58946,5027.021943,3714.556473,3710.556419,2924.350661,0,38531.79265,9107.375852,4.0000032,120.0006304,58674.72947,1302.068844,15065.09265,11451.25474,2162.189052,5991.440893,55344.53316,5757.336335,4200.713332,3992.644099,3366.456253,0,43509.74477,10000.0123,6.0000048,132.0008192,66285.513,1642.110006,14490.42511,11072.91801,1996.160899,5919.408665,52626.70148,5589.253428,4056.662403,3954.631444,3252.42636,0,42219.28112,9699.770198,6.0000048,156.00104,63288.02278,1458.087012,14964.95718,11715.49207,2072.174725,5931.410142,54313.77677,5363.157732,4292.739062,4022.650392,3322.443677,0,43070.10093,10192.16038,8.0000096,130.0007696,65251.90998,1526.094084,14762.13914,11185.4241,2052.770343,5836.770584,52896.56263,5430.387391,4085.07213,3944.826965,3234.022136,0,41823.02577,9822.474932,8.00000896,141.2009184,63549.94389,1525.095057
77,CTJ4ap47,-1037.871121,16666.72912,3266.229498,3182.218849,53474.87337,2729.578687,6545.587508,5731.356971,5099.244282,0.20000016,41751.68275,7382.787813,6.60000816,124.6007346,63216.83606,857.8301801,397.7359746,457.6703607,122.545539,198.881767,1126.230475,189.3815845,185.1382043,112.7463222,127.9139742,0.632456038,831.5567767,211.2010514,4.526470939,18.38013196,1360.309744,41.9918496,38.32228942,2.746011875,3.751896157,6.249782823,2.106092831,6.938125118,2.828442888,1.967183736,2.508488848,316.227766,1.991672484,2.86072222,68.58280823,14.75122279,2.151815606,4.895123834,7.033847243,0.013567143,0.176835633,0.122392855,-0.159332868,0.499079543,0.486476306,0.417305034,0.875978644,121.2437152,3590.030597,0.660506662,8.621959258,1.185648505,0.000531625,0.004139222,0.001442794,0.062521967,0.015450222,0.032823747,0.031295138,0.020016366,50.85515305,,0.007178839,0.43017436,16.85633004,3.918470526,2.340716893,1.178821901,39.23984316,3.09574333,6.747244745,7.499343577,2.285028992,41.94456842,,1.086868498,4.98928779,5.843013311,0.012952245,0.179871954,0.123617861,-0.138673165,0.499023718,0.45473712,0.423150227,0.847304764,136.3377397,N/A,0.651766362,9.051286833,6.647261432,0.014326332,0.177273093,0.120391789,-0.185898504,0.499867827,0.538969782,0.461223062,0.89879761,150.6719977,N/A,0.665109908,8.230026621,5.710292505,0.012842998,0.180533378,0.123684781,-0.058749364,0.478041283,0.526302789,0.413887394,0.890189676,N/A,N/A,0.665706435,9.35780223,7.830418687,0.013567524,0.172733513,0.120974867,-0.17227237,0.501068664,0.489397929,0.461704456,0.900431843,69.16894724,N/A,0.658622947,8.385189384,9.060288382,0.014141792,0.181719739,0.123952128,-0.118347924,0.495685661,0.471047194,0.363336775,0.871824054,113.2540669,N/A,0.663299571,8.523292313,5.746832051,0.013474836,0.173442008,0.121880137,-0.18411014,0.528850135,0.497744152,0.39279398,0.840140268,215.5072479,N/A,0.661894875,8.51961246,7.870605619,0.013716011,0.173682151,0.122048141,-0.231093423,0.50190169,0.479668224,0.387370024,0.885396479,141.6715602,3590.030597,0.667062979,8.446839041,7.000195505,0.01291245,0.183032796,0.124392554,-0.06468426,0.4761379,0.451615377,0.435976699,0.868355259,68.83556412,N/A,0.651500327,9.234957245,6.295963017,0.013652451,0.173944758,0.122241289,-0.214185525,0.495199954,0.513390434,0.424217349,0.878447429,74.50259756,N/A,0.650016373,8.281805131,8.333601916,0.014084797,0.172122943,0.120745005,-0.225314004,0.515018594,0.441890061,0.409390369,0.878899063,N/A,N/A,0.67008684,8.188781319,22001.36025,16564.97549,3358.453833,8610.970582,54442.36341,8282.752431,6795.85124,6419.651909,5149.063542,0,41163.73698,7404.201802,6.000008,140.0009696,63157.19767,818.0275289,21985.33261,16735.21804,3186.407417,9043.275153,52947.96222,8430.853437,6439.663428,6439.667658,5099.0455,0,41970.36962,7440.217233,6.000008,136.000848,63102.9084,904.0331916,21680.81089,15936.17636,3118.391261,8773.084596,52741.07013,7928.521577,6587.740796,6509.702294,5045.019685,0,40846.64954,7374.183622,0,138.00084,61358.35171,788.0251624,21019.6844,15958.22011,3126.391763,8400.829821,51576.39694,8116.636657,6301.594139,6295.592752,4862.95241,0,40292.9575,6959.944089,12.0000128,106.0004944,61177.5792,830.0282522,22782.75713,17029.59913,3330.445012,8871.155593,54205.32154,8028.583565,6785.843887,6587.738503,5241.1019,0,42496.1506,7722.389406,8.0000096,100.000528,64067.80958,906.0336221,22798.78796,17348.04576,3504.496186,9111.325972,54370.0883,8294.756322,6691.797289,6277.583774,5099.04184,0,42343.63262,7344.164687,4.0000064,150.000968,63973.35016,862.0303707,21360.29255,16482.88499,3172.405236,8554.933549,51789.1556,7856.474066,6383.632433,6281.586188,4918.971029,2.0000016,41340.26951,7180.066937,6.0000048,108.0005888,61973.56295,850.0300411,22604.46317,16643.08236,3226.41828,8636.987747,54474.53498,8414.83445,6841.875863,6599.749415,5137.058283,0,41677.39447,7628.330036,12.0000128,118.0006544,63971.40989,826.0276505,22047.45933,16951.495,3288.433904,9089.312031,54323.85739,8378.812562,6707.801859,6565.734384,5257.10971,0,42566.40954,7404.203784,12.0000192,142.0009296,65485.13442,894.0326012,22095.51965,17017.59391,3350.452092,8576.945033,53877.98322,8246.721907,6571.734762,6439.663498,5183.078922,0,42819.25712,7370.176532,0,108.0005248,63901.05667,900.0333805,22037.64679,16666.72912,3266.229498,8766.882008,53474.87337,8197.894697,6610.75357,6441.667038,5099.244282,0.20000016,41751.68275,7382.787813,6.60000816,124.6007346,63216.83606,857.8301801
78,SN5,1067.770671,5.40000624,5880.99218,4800.318232,54657.26648,3367.485993,11971.72132,10696.05508,2.40000224,0,42406.53015,80176.67048,15.40002224,396.8065678,64850.81175,45712.9651,62.286976,3.657570263,196.2734973,183.1528863,1373.20783,155.4720016,326.6836181,273.7227384,1.264912526,0,763.5659625,1297.774038,7.720118581,22.37527779,931.3687824,742.1501463,5.833366439,67.73270439,3.337421498,3.815432174,2.512397561,4.616856669,2.728794041,2.559099933,52.70463938,N/A,1.800585806,1.618642967,50.13056774,5.638837562,1.436171356,1.623500346,115.4991569,0.704919597,1.89083528,0.21903331,0.089167503,0.491292559,0.400930872,0.281258527,0.893679777,3637.000947,N/A,0.653889319,1.754009447,6.091289061,0.008184047,0.02162473,0.002425247,0.004089112,0.012261621,0.008956366,0.009603756,0.019858186,1615.750043,N/A,0.004690313,0.019049542,5.27388184,1.16099019,1.143660185,1.107250517,4.58587651,2.495788112,2.233892907,3.414565294,2.222069483,44.42534018,N/A,0.717294698,1.086056957,109.1579534,0.704441522,1.847965538,0.217940907,0.088502947,0.483216293,0.410268379,0.300293152,0.909785684,2892.731667,N/A,0.657578841,1.725030393,113.0474231,0.695551254,1.898683496,0.224113123,0.083504114,0.485322051,0.387448178,0.274293549,0.86601905,5652.459516,N/A,0.643719557,1.757195737,117.6370567,0.711109254,1.877186755,0.220116897,0.092249131,0.473375553,0.390892637,0.280232054,0.867308729,2106.806029,N/A,0.657897047,1.736717129,116.8445663,0.70063564,1.899521099,0.219394166,0.09070639,0.490123129,0.411206074,0.277929703,0.892045514,1431.36678,N/A,0.652127515,1.768008794,116.9451433,0.691817576,1.89708343,0.217603238,0.090958275,0.506626407,0.399998025,0.275735183,0.903331056,3190.978585,N/A,0.652004049,1.787907855,121.6596822,0.706677251,1.865294017,0.221559814,0.09328224,0.510134747,0.413268891,0.26989251,0.873064483,2311.564427,N/A,0.65847851,1.738072117,102.5913492,0.70548166,1.901514261,0.218477707,0.084641219,0.488181296,0.400822807,0.291322916,0.899280964,5668.268347,N/A,0.651650753,1.756421562,114.1777113,0.701291635,1.894700667,0.215700205,0.095875054,0.506581364,0.403933928,0.276940336,0.928723429,5737.519145,N/A,0.65464866,1.76868394,122.3981413,0.712922108,1.902556848,0.218520955,0.086245112,0.482573469,0.39182931,0.275174987,0.898354815,4455.356798,N/A,0.651715999,1.739217684,120.532542,0.719268068,1.92384669,0.216906085,0.085710551,0.486791278,0.39964049,0.290770874,0.898884045,2922.958176,N/A,0.65907226,1.762839256,1098.049613,14.0000208,5889.398172,5005.006446,55923.0171,3664.540208,12187.96419,11088.94602,4.0000032,0,43204.76267,79840.9125,16.0000224,424.0073217,65702.78727,46283.77147,1024.042987,6.0000048,5903.40967,4714.891989,54275.72213,3338.448328,12163.92716,10534.4491,2.0000016,0,41850.00693,79459.91746,8.0000096,400.0067329,65012.79399,45219.73039,1154.053524,6.000008,5879.386723,4856.948506,56425.16271,3482.487616,12420.18283,10772.64585,4.0000032,0,42881.44156,80496.47414,22.0000272,394.0067121,65179.56232,46349.78995,1118.051476,8.0000096,5981.432779,5021.014485,55625.63133,3394.461933,12203.96457,10886.74765,2.0000016,0,42632.61276,80981.54743,32.0000544,392.0063745,65374.65727,45803.81483,1082.047348,2.0000016,6011.447387,4746.903377,54528.79174,3272.431065,11865.64164,10718.6026,0,0,42102.81879,79872.5599,14.0000176,382.0060849,64574.4744,44673.75635,1134.051799,4.0000032,6171.528977,5001.00158,54603.04653,3266.429025,12097.8664,10562.47375,2.0000016,0,43078.19184,80353.49352,20.0000448,380.0058593,65420.80142,46231.39209,994.0403649,2.0000016,5717.310272,4694.885958,53604.77737,3412.469624,11711.49995,10532.44019,4.0000064,0,41886.11527,79647.04553,8.0000096,442.0080402,64276.93837,45346.20119,1134.052337,2.0000016,5977.436328,4766.912087,54703.50971,3268.429826,11799.58384,10958.80482,2.0000016,0,42847.36374,81182.92866,8.0000064,402.0065681,65450.93023,45900.18988,980.0386671,6.000008,5437.199078,4416.786874,51560.68799,3102.390144,11267.11632,10122.12383,2.0000016,0,40728.5807,77488.44013,10.0000112,364.0056737,62494.36984,44553.61788,1034.043082,4.0000032,5841.372414,4796.925274,55322.3182,3490.489459,11999.77304,10786.66015,2.0000016,0,42853.40719,82443.38558,16.0000192,388.0063105,65020.80239,46767.38693,1075.24712,5.40000624,5880.99218,4802.127658,54657.26648,3369.257723,11971.75199,10696.38939,2.40000224,0,42406.53015,80176.67048,15.40002224,396.8065678,64850.81175,45712.9651