,,Raw.Average,Raw.Average,Raw.Average,Raw.Average,Raw.Average,Raw.Average,Raw.Average,Raw.Average,Raw.Average,Raw.Average,Raw.Average,Raw.Average,Raw.Average,Raw.Average,Raw.Average,Raw.Average,Raw.STD,Raw.STD,Raw.STD,Raw.STD,Raw.STD,Raw.STD,Raw.STD,Raw.STD,Raw.STD,Raw.STD,Raw.STD,Raw.STD,Raw.STD,Raw.STD,Raw.STD,Raw.STD,Raw.RSD,Raw.RSD,Raw.RSD,Raw.RSD,Raw.RSD,Raw.RSD,Raw.RSD,Raw.RSD,Raw.RSD,Raw.RSD,Raw.RSD,Raw.RSD,Raw.RSD,Raw.RSD,Raw.RSD,Raw.RSD,Raw.Ratio.Average,Raw.Ratio.Average,Raw.Ratio.Average,Raw.Ratio.Average,Raw.Ratio.Average,Raw.Ratio.Average,Raw.Ratio.Average,Raw.Ratio.Average,Raw.Ratio.Average,Raw.Ratio.Average,Raw.Ratio.Average,Raw.Ratio.Average,Raw.Ratio.Average,Raw.Ratio.STD,Raw.Ratio.STD,Raw.Ratio.STD,Raw.Ratio.STD,Raw.Ratio.STD,Raw.Ratio.STD,Raw.Ratio.STD,Raw.Ratio.STD,Raw.Ratio.STD,Raw.Ratio.STD,Raw.Ratio.STD,Raw.Ratio.STD,Raw.Ratio.STD,Raw.Ratio.RSD,Raw.Ratio.RSD,Raw.Ratio.RSD,Raw.Ratio.RSD,Raw.Ratio.RSD,Raw.Ratio.RSD,Raw.Ratio.RSD,Raw.Ratio.RSD,Raw.Ratio.RSD,Raw.Ratio.RSD,Raw.Ratio.RSD,Raw.Ratio.RSD,Raw.Ratio.RSD,Raw.Ratio,Raw.Ratio,Raw.Ratio,Raw.Ratio,Raw.Ratio,Raw.Ratio,Raw.Ratio,Raw.Ratio,Raw.Ratio,Raw.Ratio,Raw.Ratio,Raw.Ratio,Raw.Ratio,Raw.Ratio,Raw.Ratio,Raw.Ratio,Raw.Ratio,Raw.Ratio,Raw.Ratio,Raw.Ratio,Raw.Ratio,Raw.Ratio,Raw.Ratio,Raw.Ratio,Raw.Ratio,Raw.Ratio,Raw.Ratio,Raw.Ratio,Raw.Ratio,Raw.Ratio,Raw.Ratio,Raw.Ratio,Raw.Ratio,Raw.Ratio,Raw.Ratio,Raw.Ratio,Raw.Ratio,Raw.Ratio,Raw.Ratio,Raw.Ratio,Raw.Ratio,Raw.Ratio,Raw.Ratio,Raw.Ratio,Raw.Ratio,Raw.Ratio,Raw.Ratio,Raw.Ratio,Raw.Ratio,Raw.Ratio,Raw.Ratio,Raw.Ratio,Raw.Ratio,Raw.Ratio,Raw.Ratio,Raw.Ratio,Raw.Ratio,Raw.Ratio,Raw.Ratio,Raw.Ratio,Raw.Ratio,Raw.Ratio,Raw.Ratio,Raw.Ratio,Raw.Ratio,Raw.Ratio,Raw.Ratio,Raw.Ratio,Raw.Ratio,Raw.Ratio,Raw.Ratio,Raw.Ratio,Raw.Ratio,Raw.Ratio,Raw.Ratio,Raw.Ratio,Raw.Ratio,Raw.Ratio,Raw.Ratio,Raw.Ratio,Raw.Ratio,Raw.Ratio,Raw.Ratio,Raw.Ratio,Raw.Ratio,Raw.Ratio,Raw.Ratio,Raw.Ratio,Raw.Ratio,Raw.Ratio,Raw.Ratio,Raw.Ratio,Raw.Ratio,Raw.Ratio,Raw.Ratio,Raw.Ratio,Raw.Ratio,Raw.Ratio,Raw.Ratio,Raw.Ratio,Raw.Ratio,Raw.Ratio,Raw.Ratio,Raw.Ratio,Raw.Ratio,Raw.Ratio,Raw.Ratio,Raw.Ratio,Raw.Ratio,Raw.Ratio,Raw.Ratio,Raw.Ratio,Raw.Ratio,Raw.Ratio,Raw.Ratio,Raw.Ratio,Raw.Ratio,Raw.Ratio,Raw.Ratio,Raw.Ratio,Raw.Ratio,Raw.Ratio,Raw.Ratio,Raw.Ratio,Raw.Ratio,Raw.Ratio,Raw.Ratio,Raw.Ratio,Raw.Ratio,Raw.Ratio,Raw.RawIntensityPerRun,Raw.RawIntensityPerRun,Raw.RawIntensityPerRun,Raw.RawIntensityPerRun,Raw.RawIntensityPerRun,Raw.RawIntensityPerRun,Raw.RawIntensityPerRun,Raw.RawIntensityPerRun,Raw.RawIntensityPerRun,Raw.RawIntensityPerRun,Raw.RawIntensityPerRun,Raw.RawIntensityPerRun,Raw.RawIntensityPerRun,Raw.RawIntensityPerRun,Raw.RawIntensityPerRun,Raw.RawIntensityPerRun,Raw.RawIntensityPerRun,Raw.RawIntensityPerRun,Raw.RawIntensityPerRun,Raw.RawIntensityPerRun,Raw.RawIntensityPerRun,Raw.RawIntensityPerRun,Raw.RawIntensityPerRun,Raw.RawIntensityPerRun,Raw.RawIntensityPerRun,Raw.RawIntensityPerRun,Raw.RawIntensityPerRun,Raw.RawIntensityPerRun,Raw.RawIntensityPerRun,Raw.RawIntensityPerRun,Raw.RawIntensityPerRun,Raw.RawIntensityPerRun,Raw.RawIntensityPerRun,Raw.RawIntensityPerRun,Raw.RawIntensityPerRun,Raw.RawIntensityPerRun,Raw.RawIntensityPerRun,Raw.RawIntensityPerRun,Raw.RawIntensityPerRun,Raw.RawIntensityPerRun,Raw.RawIntensityPerRun,Raw.RawIntensityPerRun,Raw.RawIntensityPerRun,Raw.RawIntensityPerRun,Raw.RawIntensityPerRun,Raw.RawIntensityPerRun,Raw.RawIntensityPerRun,Raw.RawIntensityPerRun,Raw.RawIntensityPerRun,Raw.RawIntensityPerRun,Raw.RawIntensityPerRun,Raw.RawIntensityPerRun,Raw.RawIntensityPerRun,Raw.RawIntensityPerRun,Raw.RawIntensityPerRun,Raw.RawIntensityPerRun,Raw.RawIntensityPerRun,Raw.RawIntensityPerRun,Raw.RawIntensityPerRun,Raw.RawIntensityPerRun,Raw.RawIntensityPerRun,Raw.RawIntensityPerRun,Raw.RawIntensityPerRun,Raw.RawIntensityPerRun,Raw.RawIntensityPerRun,Raw.RawIntensityPerRun,Raw.RawIntensityPerRun,Raw.RawIntensityPerRun,Raw.RawIntensityPerRun,Raw.RawIntensityPerRun,Raw.RawIntensityPerRun,Raw.RawIntensityPerRun,Raw.RawIntensityPerRun,Raw.RawIntensityPerRun,Raw.RawIntensityPerRun,Raw.RawIntensityPerRun,Raw.RawIntensityPerRun,Raw.RawIntensityPerRun,Raw.RawIntensityPerRun,Raw.RawIntensityPerRun,Raw.RawIntensityPerRun,Raw.RawIntensityPerRun,Raw.RawIntensityPerRun,Raw.RawIntensityPerRun,Raw.RawIntensityPerRun,Raw.RawIntensityPerRun,Raw.RawIntensityPerRun,Raw.RawIntensityPerRun,Raw.RawIntensityPerRun,Raw.RawIntensityPerRun,Raw.RawIntensityPerRun,Raw.RawIntensityPerRun,Raw.RawIntensityPerRun,Raw.RawIntensityPerRun,Raw.RawIntensityPerRun,Raw.RawIntensityPerRun,Raw.RawIntensityPerRun,Raw.RawIntensityPerRun,Raw.RawIntensityPerRun,Raw.RawIntensityPerRun,Raw.RawIntensityPerRun,Raw.RawIntensityPerRun,Raw.RawIntensityPerRun,Raw.RawIntensityPerRun,Raw.RawIntensityPerRun,Raw.RawIntensityPerRun,Raw.RawIntensityPerRun,Raw.RawIntensityPerRun,Raw.RawIntensityPerRun,Raw.RawIntensityPerRun,Raw.RawIntensityPerRun,Raw.RawIntensityPerRun,Raw.RawIntensityPerRun,Raw.RawIntensityPerRun,Raw.RawIntensityPerRun,Raw.RawIntensityPerRun,Raw.RawIntensityPerRun,Raw.RawIntensityPerRun,Raw.RawIntensityPerRun,Raw.RawIntensityPerRun,Raw.RawIntensityPerRun,Raw.RawIntensityPerRun,Raw.RawIntensityPerRun,Raw.RawIntensityPerRun,Raw.RawIntensityPerRun,Raw.RawIntensityPerRun,Raw.RawIntensityPerRun,Raw.RawIntensityPerRun,Raw.RawIntensityPerRun,Raw.RawIntensityPerRun,Raw.RawIntensityPerRun,Raw.RawIntensityPerRun,Raw.RawIntensityPerRun,Raw.RawIntensityPerRun,Raw.RawIntensityPerRun,Raw.RawIntensityPerRun,Raw.RawIntensityPerRun,Raw.RawIntensityPerRun,Raw.RawIntensityPerRun,Raw.RawIntensityPerRun,Raw.RawIntensityPerRun,Raw.RawIntensityPerRun,Raw.RawIntensityPerRun,Raw.RawIntensityPerRun,Raw.RawIntensityPerRun,Raw.RawIntensityPerRun,Raw.RawIntensityPerRun,Raw.RawIntensityPerRun,Raw.RawIntensityPerRun,Raw.RawIntensityPerRun,Raw.RawIntensityPerRun,Raw.RawIntensityPerRun,Raw.RawIntensityPerRun,Raw.RawIntensityPerRun,Raw.RawIntensityPerRun,Raw.RawIntensityPerRun,Raw.RawIntensityPerRun,Raw.RawIntensityPerRun,Raw.RawIntensityPerRun,Raw.RawIntensityPerRun,Raw.RawIntensityAverage,Raw.RawIntensityAverage,Raw.RawIntensityAverage,Raw.RawIntensityAverage,Raw.RawIntensityAverage,Raw.RawIntensityAverage,Raw.RawIntensityAverage,Raw.RawIntensityAverage,Raw.RawIntensityAverage,Raw.RawIntensityAverage,Raw.RawIntensityAverage,Raw.RawIntensityAverage,Raw.RawIntensityAverage,Raw.RawIntensityAverage,Raw.RawIntensityAverage,Raw.RawIntensityAverage
,,0,0,0,0,0,0,0,0,0,0,0,0,0,0,0,0,0,0,0,0,0,0,0,0,0,0,0,0,0,0,0,0,0,0,0,0,0,0,0,0,0,0,0,0,0,0,0,0,0,0,0,0,0,0,0,0,0,0,0,0,0,0,0,0,0,0,0,0,0,0,0,0,0,0,0,0,0,0,0,0,0,0,0,0,0,0,0,0,0,0,0,0,0,0,0,0,0,0,0,0,1,1,1,1,1,1,1,1,1,1,1,1,1,2,2,2,2,2,2,2,2,2,2,2,2,2,3,3,3,3,3,3,3,3,3,3,3,3,3,4,4,4,4,4,4,4,4,4,4,4,4,4,5,5,5,5,5,5,5,5,5,5,5,5,5,6,6,6,6,6,6,6,6,6,6,6,6,6,7,7,7,7,7,7,7,7,7,7,7,7,7,8,8,8,8,8,8,8,8,8,8,8,8,8,9,9,9,9,9,9,9,9,9,9,9,9,9,0,0,0,0,0,0,0,0,0,0,0,0,0,0,0,0,1,1,1,1,1,1,1,1,1,1,1,1,1,1,1,1,2,2,2,2,2,2,2,2,2,2,2,2,2,2,2,2,3,3,3,3,3,3,3,3,3,3,3,3,3,3,3,3,4,4,4,4,4,4,4,4,4,4,4,4,4,4,4,4,5,5,5,5,5,5,5,5,5,5,5,5,5,5,5,5,6,6,6,6,6,6,6,6,6,6,6,6,6,6,6,6,7,7,7,7,7,7,7,7,7,7,7,7,7,7,7,7,8,8,8,8,8,8,8,8,8,8,8,8,8,8,8,8,9,9,9,9,9,9,9,9,9,9,9,9,9,9,9,9,0,0,0,0,0,0,0,0,0,0,0,0,0,0,0,0
,,144Sm (KED),146Nd (KED),147Sm (KED),148Sm (KED),149Sm (KED),150Sm (KED),152Sm (KED),154Sm (KED),157Gd (KED),229Th (KED),230Th (KED),232Th (KED),233U (KED),235U (KED),236U (KED),238U (KED),144Sm (KED),146Nd (KED),147Sm (KED),148Sm (KED),149Sm (KED),150Sm (KED),152Sm (KED),154Sm (KED),157Gd (KED),229Th (KED),230Th (KED),232Th (KED),233U (KED),235U (KED),236U (KED),238U (KED),144Sm (KED),146Nd (KED),147Sm (KED),148Sm (KED),149Sm (KED),150Sm (KED),152Sm (KED),154Sm (KED),157Gd (KED),229Th (KED),230Th (KED),232Th (KED),233U (KED),235U (KED),236U (KED),238U (KED),238U (KED) / 235U (KED),238U (KED) / 236U (KED),232Th (KED) / 230Th (KED),152Sm (KED) / 149Sm (KED),144Sm (KED) / 152Sm (KED),147Sm (KED) / 152Sm (KED),148Sm (KED) / 152Sm (KED),150Sm (KED) / 152Sm (KED),154Sm (KED) / 152Sm (KED),238U (KED) / 233U (KED),232Th (KED) / 229Th (KED),230Th (KED) / 236U (KED),232Th (KED) / 238U (KED),238U (KED) / 235U (KED),238U (KED) / 236U (KED),232Th (KED) / 230Th (KED),152Sm (KED) / 149Sm (KED),144Sm (KED) / 152Sm (KED),147Sm (KED) / 152Sm (KED),148Sm (KED) / 152Sm (KED),150Sm (KED) / 152Sm (KED),154Sm (KED) / 152Sm (KED),238U (KED) / 233U (KED),232Th (KED) / 229Th (KED),230Th (KED) / 236U (KED),232Th (KED) / 238U (KED),238U (KED) / 235U (KED),238U (KED) / 236U (KED),232Th (KED) / 230Th (KED),152Sm (KED) / 149Sm (KED),144Sm (KED) / 152Sm (KED),147Sm (KED) / 152Sm (KED),148Sm (KED) / 152Sm (KED),150Sm (KED) / 152Sm (KED),154Sm (KED) / 152Sm (KED),238U (KED) / 233U (KED),232Th (KED) / 229Th (KED),230Th (KED) / 236U (KED),232Th (KED) / 238U (KED),238U (KED) / 235U (KED),238U (KED) / 236U (KED),232Th (KED) / 230Th (KED),152Sm (KED) / 149Sm (KED),144Sm (KED) / 152Sm (KED),147Sm (KED) / 152Sm (KED),148Sm (KED) / 152Sm (KED),150Sm (KED) / 152Sm (KED),154Sm (KED) / 152Sm (KED),238U (KED) / 233U (KED),232Th (KED) / 229Th (KED),230Th (KED) / 236U (KED),232Th (KED) / 238U (KED),238U (KED) / 235U (KED),238U (KED) / 236U (KED),232Th (KED) / 230Th (KED),152Sm (KED) / 149Sm (KED),144Sm (KED) / 152Sm (KED),147Sm (KED) / 152Sm (KED),148Sm (KED) / 152Sm (KED),150Sm (KED) / 152Sm (KED),154Sm (KED) / 152Sm (KED),238U (KED) / 233U (KED),232Th (KED) / 229Th (KED),230Th (KED) / 236U (KED),232Th (KED) / 238U (KED),238U (KED) / 235U (KED),238U (KED) / 236U (KED),232Th (KED) / 230Th (KED),152Sm (KED) / 149Sm (KED),144Sm (KED) / 152Sm (KED),147Sm (KED) / 152Sm (KED),148Sm (KED) / 152Sm (KED),150Sm (KED) / 152Sm (KED),154Sm (KED) / 152Sm (KED),238U (KED) / 233U (KED),232Th (KED) / 229Th (KED),230Th (KED) / 236U (KED),232Th (KED) / 238U (KED),238U (KED) / 235U (KED),238U (KED) / 236U (KED),232Th (KED) / 230Th (KED),152Sm (KED) / 149Sm (KED),144Sm (KED) / 152Sm (KED),147Sm (KED) / 152Sm (KED),148Sm (KED) / 152Sm (KED),150Sm (KED) / 152Sm (KED),154Sm (KED) / 152Sm (KED),238U (KED) / 233U (KED),232Th (KED) / 229Th (KED),230Th (KED) / 236U (KED),232Th (KED) / 238U (KED),238U (KED) / 235U (KED),238U (KED) / 236U (KED),232Th (KED) / 230Th (KED),152Sm (KED) / 149Sm (KED),144Sm (KED) / 152Sm (KED),147Sm (KED) / 152Sm (KED),148Sm (KED) / 152Sm (KED),150Sm (KED) / 152Sm (KED),154Sm (KED) / 152Sm (KED),238U (KED) / 233U (KED),232Th (KED) / 229Th (KED),230Th (KED) / 236U (KED),232Th (KED) / 238U (KED),238U (KED) / 235U (KED),238U (KED) / 236U (KED),232Th (KED) / 230Th (KED),152Sm (KED) / 149Sm (KED),144Sm (KED) / 152Sm (KED),147Sm (KED) / 152Sm (KED),148Sm (KED) / 152Sm (KED),150Sm (KED) / 152Sm (KED),154Sm (KED) / 152Sm (KED),238U (KED) / 233U (KED),232Th (KED) / 229Th (KED),230Th (KED) / 236U (KED),232Th (KED) / 238U (KED),238U (KED) / 235U (KED),238U (KED) / 236U (KED),232Th (KED) / 230Th (KED),152Sm (KED) / 149Sm (KED),144Sm (KED) / 152Sm (KED),147Sm (KED) / 152Sm (KED),148Sm (KED) / 152Sm (KED),150Sm (KED) / 152Sm (KED),154Sm (KED) / 152Sm (KED),238U (KED) / 233U (KED),232Th (KED) / 229Th (KED),230Th (KED) / 236U (KED),232Th (KED) / 238U (KED),238U (KED) / 235U (KED),238U (KED) / 236U (KED),232Th (KED) / 230Th (KED),152Sm (KED) / 149Sm (KED),144Sm (KED) / 152Sm (KED),147Sm (KED) / 152Sm (KED),148Sm (KED) / 152Sm (KED),150Sm (KED) / 152Sm (KED),154Sm (KED) / 152Sm (KED),238U (KED) / 233U (KED),232Th (KED) / 229Th (KED),230Th (KED) / 236U (KED),232Th (KED) / 238U (KED),238U (KED) / 235U (KED),238U (KED) / 236U (KED),232Th (KED) / 230Th (KED),152Sm (KED) / 149Sm (KED),144Sm (KED) / 152Sm (KED),147Sm (KED) / 152Sm (KED),148Sm (KED) / 152Sm (KED),150Sm (KED) / 152Sm (KED),154Sm (KED) / 152Sm (KED),238U (KED) / 233U (KED),232Th (KED) / 229Th (KED),230Th (KED) / 236U (KED),232Th (KED) / 238U (KED),238U (KED) / 235U (KED),238U (KED) / 236U (KED),232Th (KED) / 230Th (KED),152Sm (KED) / 149Sm (KED),144Sm (KED) / 152Sm (KED),147Sm (KED) / 152Sm (KED),148Sm (KED) / 152Sm (KED),150Sm (KED) / 152Sm (KED),154Sm (KED) / 152Sm (KED),238U (KED) / 233U (KED),232Th (KED) / 229Th (KED),230Th (KED) / 236U (KED),232Th (KED) / 238U (KED),144Sm (KED),146Nd (KED),147Sm (KED),148Sm (KED),149Sm (KED),150Sm (KED),152Sm (KED),154Sm (KED),157Gd (KED),229Th (KED),230Th (KED),232Th (KED),233U (KED),235U (KED),236U (KED),238U (KED),144Sm (KED),146Nd (KED),147Sm (KED),148Sm (KED),149Sm (KED),150Sm (KED),152Sm (KED),154Sm (KED),157Gd (KED),229Th (KED),230Th (KED),232Th (KED),233U (KED),235U (KED),236U (KED),238U (KED),144Sm (KED),146Nd (KED),147Sm (KED),148Sm (KED),149Sm (KED),150Sm (KED),152Sm (KED),154Sm (KED),157Gd (KED),229Th (KED),230Th (KED),232Th (KED),233U (KED),235U (KED),236U (KED),238U (KED),144Sm (KED),146Nd (KED),147Sm (KED),148Sm (KED),149Sm (KED),150Sm (KED),152Sm (KED),154Sm (KED),157Gd (KED),229Th (KED),230Th (KED),232Th (KED),233U (KED),235U (KED),236U (KED),238U (KED),144Sm (KED),146Nd (KED),147Sm (KED),148Sm (KED),149Sm (KED),150Sm (KED),152Sm (KED),154Sm (KED),157Gd (KED),229Th (KED),230Th (KED),232Th (KED),233U (KED),235U (KED),236U (KED),238U (KED),144Sm (KED),146Nd (KED),147Sm (KED),148Sm (KED),149Sm (KED),150Sm (KED),152Sm (KED),154Sm (KED),157Gd (KED),229Th (KED),230Th (KED),232Th (KED),233U (KED),235U (KED),236U (KED),238U (KED),144Sm (KED),146Nd (KED),147Sm (KED),148Sm (KED),149Sm (KED),150Sm (KED),152Sm (KED),154Sm (KED),157Gd (KED),229Th (KED),230Th (KED),232Th (KED),233U (KED),235U (KED),236U (KED),238U (KED),144Sm (KED),146Nd (KED),147Sm (KED),148Sm (KED),149Sm (KED),150Sm (KED),152Sm (KED),154Sm (KED),157Gd (KED),229Th (KED),230Th (KED),232Th (KED),233U (KED),235U (KED),236U (KED),238U (KED),144Sm (KED),146Nd (KED),147Sm (KED),148Sm (KED),149Sm (KED),150Sm (KED),152Sm (KED),154Sm (KED),157Gd (KED),229Th (KED),230Th (KED),232Th (KED),233U (KED),235U (KED),236U (KED),238U (KED),144Sm (KED),146Nd (KED),147Sm (KED),148Sm (KED),149Sm (KED),150Sm (KED),152Sm (KED),154Sm (KED),157Gd (KED),229Th (KED),230Th (KED),232Th (KED),233U (KED),235U (KED),236U (KED),238U (KED),144Sm (KED),146Nd (KED),147Sm (KED),148Sm (KED),149Sm (KED),150Sm (KED),152Sm (KED),154Sm (KED),157Gd (KED),229Th (KED),230Th (KED),232Th (KED),233U (KED),235U (KED),236U (KED),238U (KED)
,,Y (cps),Y (cps),Y (cps),Y (cps),Y (cps),Y (cps),Y (cps),Y (cps),Y (cps),Y (cps),Y (cps),Y (cps),Y (cps),Y (cps),Y (cps),Y (cps),Y (cps),Y (cps),Y (cps),Y (cps),Y (cps),Y (cps),Y (cps),Y (cps),Y (cps),Y (cps),Y (cps),Y (cps),Y (cps),Y (cps),Y (cps),Y (cps),Y (%),Y (%),Y (%),Y (%),Y (%),Y (%),Y (%),Y (%),Y (%),Y (%),Y (%),Y (%),Y (%),Y (%),Y (%),Y (%),Y,Y,Y,Y,Y,Y,Y,Y,Y,Y,Y,Y,Y,Y,Y,Y,Y,Y,Y,Y,Y,Y,Y,Y,Y,Y,Y (%),Y (%),Y (%),Y (%),Y (%),Y (%),Y (%),Y (%),Y (%),Y (%),Y (%),Y (%),Y (%),Y,Y,Y,Y,Y,Y,Y,Y,Y,Y,Y,Y,Y,Y,Y,Y,Y,Y,Y,Y,Y,Y,Y,Y,Y,Y,Y,Y,Y,Y,Y,Y,Y,Y,Y,Y,Y,Y,Y,Y,Y,Y,Y,Y,Y,Y,Y,Y,Y,Y,Y,Y,Y,Y,Y,Y,Y,Y,Y,Y,Y,Y,Y,Y,Y,Y,Y,Y,Y,Y,Y,Y,Y,Y,Y,Y,Y,Y,Y,Y,Y,Y,Y,Y,Y,Y,Y,Y,Y,Y,Y,Y,Y,Y,Y,Y,Y,Y,Y,Y,Y,Y,Y,Y,Y,Y,Y,Y,Y,Y,Y,Y,Y,Y,Y,Y,Y,Y,Y,Y,Y,Y,Y,Y,Y,Y,Y,Y,Y,Y,Y (cps),Y (cps),Y (cps),Y (cps),Y (cps),Y (cps),Y (cps),Y (cps),Y (cps),Y (cps),Y (cps),Y (cps),Y (cps),Y (cps),Y (cps),Y (cps),Y (cps),Y (cps),Y (cps),Y (cps),Y (cps),Y (cps),Y (cps),Y (cps),Y (cps),Y (cps),Y (cps),Y (cps),Y (cps),Y (cps),Y (cps),Y (cps),Y (cps),Y (cps),Y (cps),Y (cps),Y (cps),Y (cps),Y (cps),Y (cps),Y (cps),Y (cps),Y (cps),Y (cps),Y (cps),Y (cps),Y (cps),Y (cps),Y (cps),Y (cps),Y (cps),Y (cps),Y (cps),Y (cps),Y (cps),Y (cps),Y (cps),Y (cps),Y (cps),Y (cps),Y (cps),Y (cps),Y (cps),Y (cps),Y (cps),Y (cps),Y (cps),Y (cps),Y (cps),Y (cps),Y (cps),Y (cps),Y (cps),Y (cps),Y (cps),Y (cps),Y (cps),Y (cps),Y (cps),Y (cps),Y (cps),Y (cps),Y (cps),Y (cps),Y (cps),Y (cps),Y (cps),Y (cps),Y (cps),Y (cps),Y (cps),Y (cps),Y (cps),Y (cps),Y (cps),Y (cps),Y (cps),Y (cps),Y (cps),Y (cps),Y (cps),Y (cps),Y (cps),Y (cps),Y (cps),Y (cps),Y (cps),Y (cps),Y (cps),Y (cps),Y (cps),Y (cps),Y (cps),Y (cps),Y (cps),Y (cps),Y (cps),Y (cps),Y (cps),Y (cps),Y (cps),Y (cps),Y (cps),Y (cps),Y (cps),Y (cps),Y (cps),Y (cps),Y (cps),Y (cps),Y (cps),Y (cps),Y (cps),Y (cps),Y (cps),Y (cps),Y (cps),Y (cps),Y (cps),Y (cps),Y (cps),Y (cps),Y (cps),Y (cps),Y (cps),Y (cps),Y (cps),Y (cps),Y (cps),Y (cps),Y (cps),Y (cps),Y (cps),Y (cps),Y (cps),Y (cps),Y (cps),Y (cps),Y (cps),Y (cps),Y (cps),Y (cps),Y (cps),Y (cps),Y (cps),Y (cps),Y (cps),Y (cps),Y (cps),Y (cps),Y (cps),Y (cps),Y (cps),Y (cps),Y (cps),Y (cps)
1,AB1,0.832124987,15.0000216,3.20000352,2.173822432,2.2000024,3.678536065,5.646652383,5.328441299,12.0000144,0,1.80000144,3327.154269,0.60000048,0.60000048,0,100.2004885,6.245343864,6.05531389,2.859684744,5.345024761,3.190267255,4.119615235,4.689163783,4.202663745,5.49748374,0,1.988859443,1718.323332,0.966092556,0.966092556,0,16.6921145,750.5295431,40.36870114,89.36504995,245.8813877,145.0119897,111.990617,83.04325226,78.87229134,45.81230952,N/A,110.4921029,51.64543611,161.0152972,161.0152972,N/A,16.65871569,52.33354187,N/A,1089.470254,1.552971874,-2.491887439,-0.681329331,0.809654351,1.098405082,-1.754251754,51.3335328,N/A,N/A,32.67717901,6.027767481,N/A,669.7035283,1.964997745,9.541940492,4.402692659,1.392576853,1.531464737,9.365677386,2.081680347,N/A,N/A,14.58705677,11.51798114,N/A,61.4705657,126.5314445,382.9202051,646.1915638,171.9964638,139.4262246,533.8844534,4.055205698,N/A,N/A,44.63989003,N/A,N/A,N/A,-0.030670927,-29.09528057,-13.04166841,2.219133779,2.037051222,-28.22501565,N/A,N/A,N/A,60.44476215,53.0002224,N/A,N/A,N/A,0.178338819,0.257401321,-0.260096899,0.265486956,0.706908092,53.0002224,N/A,N/A,48.31165422,N/A,N/A,2308.426534,N/A,0.367827929,0.251607665,0.669197485,0.676222774,0.307314803,49.0001872,N/A,N/A,47.11056561,N/A,N/A,N/A,N/A,0.000615607,0.523410939,-1.233169378,-0.138847683,3.67692327,N/A,N/A,N/A,29.42351296,58.0002544,N/A,751.0907024,1.474440895,-0.704065645,1.695558506,1.125636706,0.127240655,0.828385699,N/A,N/A,N/A,25.89956579,N/A,N/A,1354.146232,N/A,-1.454304001,0.337648328,-0.341184094,1.023552101,0.196548004,N/A,N/A,N/A,32.24147624,46.0001488,N/A,410.0402467,0.936102216,3.94492738,2.136518818,3.193591692,1.101816735,1.39249126,N/A,N/A,N/A,26.74166871,N/A,N/A,888.063227,4.923325863,-0.32789082,0,-0.207369203,0.622104901,0.033354897,N/A,N/A,N/A,17.76118838,N/A,N/A,825.0545829,N/A,-1.57845017,1.026229519,2.216333927,0.192529714,2.279672862,52.0001888,N/A,N/A,15.86637668,N/A,N/A,N/A,0.461661321,3.749407077,0,0.714469497,5.076893447,1.260899227,N/A,N/A,N/A,22.97101933,20.0000256,8.0000096,4.0000064,2.0000016,10.0000144,2.0000016,0,12.0000224,24.0000352,0,0,6769.85398,0,0,0,112.000672,18.0000208,12.000016,2.0000016,2.0000016,0,6.0000048,8.0000064,8.0000096,18.0000272,0,0,5121.060933,2.0000016,2.0000016,0,106.0005296,28.0000928,16.0000192,4.0000064,16.0000256,0,16.0000192,16.0000288,6.0000048,8.0000064,0,2.0000016,4616.856761,2.0000016,0,0,98.0004528,36.0000896,26.0000464,2.0000016,4.0000032,0,8.0000064,4.0000064,16.0000256,14.0000144,0,0,3648.535945,0,0,0,124.0006912,18.0000336,16.0000256,10.0000112,12.0000096,4.0000032,6.000008,6.0000048,6.0000048,8.0000064,0,4.0000032,3004.365213,0,2.0000016,0,116.0006016,8.0000096,12.0000128,2.0000016,2.0000016,0,10.0000112,6.0000048,2.0000016,6.0000048,0,2.0000016,2708.294631,0,0,0,84.0003296,24.0000448,12.0000128,4.0000032,10.000008,2.0000016,6.0000048,2.0000016,4.0000032,10.0000112,0,6.0000048,2460.243448,0,2.0000016,0,92.0003712,30.0000496,24.0000416,0,6.0000048,2.0000016,14.0000144,10.0000144,2.0000016,12.0000128,0,2.0000016,1776.127875,0,0,0,100.0005088,16.0000192,16.0000256,4.0000032,14.0000176,0,6.000008,4.0000032,10.0000112,8.0000096,0,2.0000016,1650.110486,2.0000016,0,0,104.0004608,18.0000464,8.0000064,0,4.0000032,4.0000032,12.0000128,2.0000016,4.0000032,12.000016,0,0,1516.093414,0,0,0,66.0002672,21.6000432,15.0000216,3.20000352,7.20000768,2.2000024,8.60000912,5.8000072,7.0000088,12.0000144,0,1.80000144,3327.154269,0.60000048,0.60000048,0,100.2004885
2,AB2,-2.353115068,8.20000976,1.60000128,-0.547645169,1.80000176,-0.090402518,2.553995961,1.898531737,3.60000384,0,1.0000008,491.6104559,0.20000016,0,0,24.20004848,7.17806698,5.769661089,1.837874637,2.984911698,1.988860194,2.298985852,1.648357678,2.20940111,2.951463101,0,1.054093397,110.0259565,0.632456038,0,0,6.214698603,305.0453027,70.36163685,114.8670729,545.0448327,110.492125,2543.055097,64.54034006,116.3741995,81.98499868,N/A,105.4092553,22.38071936,316.227766,N/A,N/A,25.68052129,N/A,N/A,254.8055006,1.086617166,-29.07395413,-23.11944953,1.13223628,4.89549835,-7.057790023,11.0000064,N/A,N/A,21.27124248,N/A,N/A,71.02897222,0.780508883,75.20950426,74.36047244,21.89818851,15.90797886,21.394488,,N/A,N/A,6.659068273,N/A,N/A,27.87576094,71.82924284,258.6834385,321.6359989,1934.065256,324.9511638,303.1329627,,N/A,N/A,31.30549746,N/A,N/A,335.0090851,N/A,-5.999300022,1.012944984,-1.697081144,-0.648780303,0.87184466,N/A,N/A,N/A,30.45533593,N/A,N/A,310.0076642,N/A,-240.8046993,-234.75,52.84951839,50.11827843,-67.35,N/A,N/A,N/A,25.83396168,N/A,N/A,262.0054897,N/A,-0.71042066,0.513114754,0.341181015,0.344762967,-0.285901639,N/A,N/A,N/A,32.75067312,N/A,N/A,N/A,-0.051118272,-36.12059365,0,-39.02256301,-0.307264029,-8.662476525,N/A,N/A,N/A,16.05590092,N/A,N/A,N/A,0.993610224,-2.051213978,0.503215434,-0.845719165,1.195245376,0.433118971,N/A,N/A,N/A,14.05906991,N/A,N/A,N/A,N/A,-4.076211158,0,-1.680630417,-1.62478395,1,N/A,N/A,N/A,24.40043806,N/A,N/A,N/A,0.974440895,-0.789223624,1.026229508,2.390953566,0.352822361,0.740327869,N/A,N/A,N/A,19.50034161,N/A,N/A,199.0030801,0.666666311,-2.845840605,0.5,-0.672774869,-0.648342059,1.5,N/A,N/A,N/A,16.58355905,N/A,N/A,168.002184,1.961661342,1.333297067,0,-0.17081365,-0.167255032,1.316286645,11.0000064,N/A,N/A,15.27291693,N/A,N/A,N/A,1.974442495,1.324664618,0,-0.169707923,0.340299741,-0.141100209,N/A,N/A,N/A,17.80022756,2.0000016,10.0000112,2.0000016,0,0,2.0000016,2.0000016,2.0000016,2.0000016,0,2.0000016,670.0187061,0,0,0,22.0000432,20.000032,10.0000112,6.0000048,2.0000016,0,2.0000016,0,2.0000016,2.0000016,0,2.0000016,620.0158244,0,0,0,24.0000288,0,2.0000016,2.0000016,2.0000016,0,2.0000016,4.0000032,0,8.0000064,0,2.0000016,524.0113987,0,0,0,16.0000192,12.0000096,6.0000048,0,6.000008,2.0000016,2.0000016,0,2.0000016,8.000016,0,0,578.0136147,0,0,0,36.0000736,14.0000144,16.0000256,2.0000016,2.0000016,4.0000032,10.000008,4.0000032,2.0000016,2.0000016,0,0,478.009749,0,0,0,34.0000976,14.0000208,16.0000256,0,2.0000016,0,2.0000016,2.0000016,2.0000016,0,0,0,488.0097762,0,0,0,20.0000416,4.0000032,4.0000032,2.0000016,6.0000048,2.0000016,2.0000016,2.0000016,2.0000016,4.0000032,0,0,468.009197,0,0,0,24.0000512,8.0000064,14.0000112,2.0000016,2.0000016,6.000008,2.0000016,4.0000032,6.0000048,0,0,2.0000016,398.0064785,0,0,0,24.000064,8.0000128,2.0000016,0,0,2.0000016,0,4.0000032,6.0000048,6.0000048,0,2.0000016,336.0046369,2.0000016,0,0,22.0000304,8.0000064,2.0000016,0,0,2.0000016,2.0000016,4.0000064,0,4.0000032,0,0,356.0051777,0,0,0,20.0000352,9.00001072,8.20000976,1.60000128,2.20000208,1.80000176,2.60000208,2.6000024,2.40000192,3.60000384,0,1.0000008,491.6104559,0.20000016,0,0,24.20004848
3,AB3,7.277547222,5.00000496,1.0000008,2.124609988,1.0000008,1.159512276,2.359107626,2.154250791,3.20000352,0.20000016,0.20000016,245.0026242,0,0.60000048,0,12.40001664,18.29392182,3.299835686,1.943652187,3.26503113,1.414214694,2.918376354,2.279125726,2.398197822,3.910105863,0.632456038,0.632456038,39.02499725,0,0.966092556,0,5.481294199,251.3748281,65.99664825,194.3650632,153.6767288,141.4213562,251.6899919,96.60965448,111.3239847,122.1906738,316.227766,316.227766,15.9283997,N/A,161.0152972,N/A,44.20392616,5.0000016,N/A,138.0015792,0.738818291,-3.598833987,-4.124280834,-5.426892575,-11.56134158,-8.708881986,N/A,110.0009616,N/A,23.20776696,2.0000024,N/A,,1.507512717,17.52360079,13.13480542,21.85422606,27.27623809,24.44691925,N/A,,N/A,10.01782655,40.0000352,N/A,,204.043773,486.9243999,318.4750493,402.7023893,235.9262366,280.7124874,N/A,,N/A,43.16583567,N/A,N/A,N/A,N/A,2.461900636,0,-0.340314672,1.68760855,3,N/A,N/A,N/A,14.36379298,7.0000048,N/A,N/A,N/A,-2.026044958,0,0.16765995,1.735193763,0.156765336,N/A,N/A,N/A,20.00019977,N/A,N/A,N/A,N/A,1.115474913,1.5,0.164921466,-0.328097731,1.5,N/A,N/A,N/A,43.3337696,N/A,N/A,138.0015792,-0.031948882,-3.614364772,0,-52.11206692,10.26945899,10.9,N/A,N/A,N/A,15.33349517,N/A,N/A,N/A,N/A,1.316147746,0,2.347462896,-0.165103842,0.433118971,N/A,N/A,N/A,35.333616,3,N/A,N/A,N/A,15.04457533,-39.125,-26.01505236,-65.41317627,-28.225,N/A,N/A,N/A,31.00023094,N/A,N/A,N/A,N/A,0.935162933,0.506472492,0.503820803,0.514427557,0.87184466,N/A,N/A,N/A,15.75015455,5,N/A,N/A,3.0000016,0.538491617,0,0.22164037,0.223967303,0.333333156,N/A,N/A,N/A,23.20021472,N/A,N/A,N/A,-0.012779553,-48.16084933,0,26.21989529,-52.57635253,-67.35,N/A,N/A,N/A,15.4287023,N/A,N/A,N/A,0,N/A,N/A,N/A,N/A,N/A,N/A,110.0009616,N/A,18.3334936,16.0000256,8.0000096,0,2.0000016,0,6.0000048,2.0000016,6.0000048,0,0,0,316.0041121,0,0,0,22.0000464,6.000008,10.0000112,0,4.0000032,0,10.0000112,4.0000032,2.0000016,10.0000176,0,0,280.0032128,0,2.0000016,0,14.0000208,10.0000112,4.0000032,6.0000048,2.0000016,0,0,4.0000032,6.0000048,0,0,0,260.0028256,0,0,0,6.0000048,6.000008,4.0000032,0,8.0000096,4.0000032,0,0,0,10.000008,0,2.0000016,276.0033792,0,0,0,18.0000304,8.0000096,2.0000016,0,10.0000176,0,0,4.0000032,2.0000016,2.0000016,0,0,212.0018656,0,0,0,6.0000048,2.0000016,2.0000016,2.0000016,2.0000016,0,4.0000032,0,2.0000016,4.0000032,0,0,186.0015344,0,2.0000016,0,6.0000048,12.0000128,6.0000048,2.0000016,4.0000032,0,4.0000032,4.0000032,4.0000032,4.0000032,0,0,252.0028256,0,0,0,16.0000224,6.000008,2.0000016,0,2.0000016,2.0000016,2.0000016,6.000008,2.0000016,0,0,0,232.0023328,0,2.0000016,0,10.000008,4.0000032,2.0000016,0,0,2.0000016,2.0000016,0,2.0000016,2.0000016,0,0,216.0020544,0,0,0,14.0000144,72.00174725,10.0000112,0,4.0000032,2.0000016,0,0,0,0,2.0000016,0,220.0020992,0,0,0,12.0000096,14.20018352,5.00000496,1.0000008,3.80000432,1.0000008,2.80000256,2.40000224,2.60000208,3.20000352,0.20000016,0.20000016,245.0026242,0,0.60000048,0,12.40001664
4,SBU1,-2.568592085,7.20001024,0.80000064,-0.612567436,1.60000128,0.237695375,3.15910859,2.354252276,3.2000032,0,31780.39174,4329.152494,7.4000104,111.0005602,50733.84655,74.8002848,8.605089845,6.941034574,1.032796385,2.028157449,2.06559277,1.948828048,3.13851534,2.837947892,3.011093917,0,420.789134,151.2622988,4.427194547,10.76011914,529.5970227,9.807083082,335.0119272,96.40312087,129.0994449,331.0912936,129.0994449,819.884714,99.34813097,120.5456154,94.09659081,N/A,1.324052697,3.494039516,59.82686925,9.693752109,1.043873191,13.11102372,0.678529498,0.001475875,0.136244423,1.65729526,13.43583188,-8.553666297,2.965874881,-1.419312693,-31.89598545,16.92480682,N/A,0.626406407,58.72029127,0.102724879,0.00020602,0.005162472,1.105259054,96.99736867,26.13825319,33.19973939,22.87234814,101.385456,14.17587635,N/A,0.003971148,7.575010812,15.1393387,13.95919387,3.789125644,66.69053369,721.930503,305.5795291,1119.391098,1611.508743,317.8627484,83.75798025,N/A,0.633957143,12.90015878,0.699999574,0.001377056,0.140325919,N/A,0.640011287,0,0.691429963,0.69868907,0.605315615,11.6666816,N/A,0.622269801,63.4110512,0.692306651,0.001397956,0.135143246,1.987220447,-0.07728265,0,-0.50585007,0.511119341,0.433118971,36.0000976,N/A,0.624210325,60.34368105,0.66666563,0.001425298,0.126839984,N/A,246.7673413,0,78.65964391,37.89593263,10.9,12.00002613,N/A,0.625623482,55.67541987,0.78333293,0.001875795,0.137926069,3,-0.51270065,0,-0.446771379,-0.437463642,0.333333333,6.714309551,N/A,0.628021664,46.1780488,0.525423155,0.001208082,0.135592689,N/A,-126.4109745,-78.25,-52.03010471,-52.57635253,-302.1001252,6.200012864,N/A,0.63010594,70.72183068,0.636362316,0.001689577,0.141826771,0,N/A,N/A,N/A,N/A,N/A,8.400023872,N/A,0.621282351,52.15180527,0.730768254,0.001496155,0.138312598,N/A,3.038834951,1.012944984,1.012944984,0,1.884791265,7.600015616,N/A,0.630923588,58.32596084,0.596490205,0.001333656,0.128380679,N/A,1.246884451,0,-0.67883224,1.361200066,-0.141100324,5.666678578,N/A,0.628287383,60.48034343,0.874999808,0.001658757,0.136107674,1.987221247,-2.18689653,0,0.164663861,-0.326256392,0.181511181,42.000128,N/A,0.631805411,51.84217333,0.578946457,0.001296421,0.141988603,1.312034605,-1.582730679,0.25405834,-0.174250391,0.099317218,0.839286134,33.0000944,N/A,0.621534127,68.0725982,4.0000032,2.0000016,0,2.0000016,0,2.0000016,2.0000016,2.0000016,6.0000048,0,31632.00317,4438.789919,6.0000144,100.0004288,50833.26094,70.0002576,8.0000064,6.0000048,0,0,2.0000016,4.0000032,4.0000032,2.0000016,2.0000016,0,32149.2965,4344.760291,2.0000016,104.0005216,51503.94863,72.0002528,4.0000032,12.0000128,0,0,0,2.0000016,0,0,4.0000064,0,31603.94826,4008.644305,6.000008,108.0005472,50515.92401,72.0002528,8.0000096,8.0000064,0,0,2.0000016,0,6.0000048,2.0000016,0,0,31471.6173,4340.756462,14.0000144,120.0006112,50112.31154,94.0004304,6.000008,2.0000016,2.0000016,2.0000016,0,2.0000016,0,8.0000096,2.0000016,0,32337.81809,4384.77172,10.0000208,118.0006192,51321.23991,62.0002576,10.000008,2.0000016,2.0000016,0,2.0000016,2.0000016,0,0,0,0,30888.16714,4380.768999,10.0000112,132.0007968,49716.79473,84.0003328,6.0000048,0,2.0000016,2.0000016,0,0,2.0000016,4.0000064,2.0000016,0,32049.05818,4432.788515,10.0000144,104.0005024,50797.05179,76.0002656,8.0000096,4.0000032,0,0,0,4.0000032,2.0000016,0,2.0000016,0,32035.01891,4112.677481,12.000016,114.0005872,50987.84373,68.0002336,2.0000016,14.0000304,0,6.0000048,4.0000032,2.0000016,8.0000096,2.0000016,4.0000032,0,31994.95794,4354.759315,2.0000016,96.0003904,50640.52535,84.0003232,18.0000304,22.00004,2.0000016,6.0000048,6.0000048,8.0000096,8.0000096,8.0000128,10.0000112,0,31642.03195,4492.807928,2.0000016,114.0005968,50909.56489,66.0002416,7.40000848,7.20001024,0.80000064,1.80000144,1.60000128,2.6000024,3.2000032,2.80000352,3.2000032,0,31780.39174,4329.152494,7.4000104,111.0005602,50733.84655,74.8002848
5,SBU2,-2.215009981,4.20000368,0.60000048,0.392670684,1.60000128,1.421990881,1.779554135,1.177125498,1.6000016,0,33938.32528,4506.81693,6.6000072,109.000564,53787.74789,70.0002384,5.997401938,3.32666284,0.966092556,1.994223191,1.837874637,2.776324265,1.742202953,1.203964815,1.577623078,0,983.7880326,106.7372741,5.168284444,24.44516829,1968.764383,9.888329733,270.7618471,79.2061887,161.0152972,507.8614911,114.8670729,195.2420583,97.90109325,102.2800727,98.6013438,N/A,2.898752441,2.368351672,78.30725463,22.42664385,3.660246916,14.12613722,0.664578762,0.001302572,0.13284339,0.891054313,-7.074489782,-4.639002965,3.566645753,-1.341470691,-2.935263771,15.72534903,N/A,0.631153142,65.38076195,0.138571118,0.000186096,0.003084766,0.413761764,16.76731396,13.9418509,9.209498523,5.016419159,10.23728665,13.50937635,N/A,0.007327617,7.985019207,20.85097002,14.28677701,2.322107397,46.43507788,237.0109291,300.5355031,258.2117531,373.9492181,348.7688824,85.90827663,N/A,1.160988781,12.21310209,0.833332889,0.001263118,0.13094339,0.987220447,-5.999297778,0,-1.697080601,-0.648779771,0.87184466,7.00001696,N/A,0.630705532,65.38323879,0.477610387,0.00116669,0.133241265,N/A,-2.153579877,0,1.994763862,2.015707881,0,16.00002,N/A,0.624814529,71.35661236,0.659999427,0.001208594,0.129887831,N/A,N/A,N/A,N/A,N/A,N/A,11.000024,N/A,0.632563316,67.98171043,0.714284909,0.001673942,0.133214164,0.493610224,0.623441415,0,0.673528864,-0.332344951,0.87184466,45.0001584,N/A,0.623093498,49.5864736,0.559998599,0.001552488,0.133228687,0.5,2,1,0,2,0,10.5000262,N/A,0.635469706,54.53363828,0.644443443,0.001068899,0.131658032,0.987220447,-1.791952121,0,0.334112743,-0.664689902,0.87184466,N/A,N/A,0.628335111,77.3930237,0.492062173,0.001218373,0.131251911,N/A,-48.1609986,-39.1249687,26.21987431,-13.45134177,-28.2249687,31.0000704,N/A,0.63941722,68.88260251,0.705881248,0.001330506,0.135868681,1.487220447,-0.724027721,0,0.334437978,-0.330917046,0.242534909,9.0000176,N/A,0.635819385,64.92863458,0.641508052,0.001366583,0.139756494,N/A,N/A,N/A,N/A,N/A,N/A,3.777786528,N/A,0.642031644,65.65871355,0.916666496,0.001176524,0.129383446,N/A,-0.389503569,1.012944984,0.673528864,0.680600033,1.884789644,8.2500212,N/A,0.619281483,68.10297175,2.0000016,10.000008,0,0,2.0000016,2.0000016,2.0000016,2.0000016,2.0000016,0,34952.83668,4576.842931,10.0000112,84.0003424,55418.63027,70.000248,4.0000032,6.000008,0,6.0000048,0,6.000008,2.0000016,0,0,0,34274.93894,4566.836206,4.0000064,134.0008176,54856.18112,64.0001824,6.0000048,0,0,0,0,6.0000048,0,0,0,0,34543.71846,4486.80866,6.000008,100.0004384,54609.10803,66.000232,4.0000032,2.0000016,0,2.0000016,4.0000032,0,2.0000016,2.0000016,2.0000016,0,33500.95653,4462.801903,2.0000016,126.0006864,53765.53702,90.0003888,4.0000032,0,2.0000016,0,4.0000032,4.0000032,2.0000016,0,0,0,34383.30464,4580.842543,8.0000096,150.0009296,54106.91385,84.0003104,2.0000016,4.0000032,0,2.0000016,2.0000016,0,2.0000016,2.0000016,2.0000016,0,34094.44574,4488.807634,0,90.0003856,54261.5638,58.0001584,8.000016,4.0000032,2.0000016,0,0,2.0000016,0,2.0000016,4.0000064,0,32538.45564,4270.734471,2.0000016,126.0007248,50887.67493,62.0001904,4.0000032,6.0000048,0,4.0000064,4.0000032,0,6.0000048,2.0000016,4.0000032,0,34407.31463,4674.876442,8.0000096,102.0004816,54114.91915,72.0002272,0,8.0000064,0,2.0000016,0,6.0000048,0,0,0,0,31947.0467,4464.807229,18.0000176,106.0005776,49759.30236,68.000224,2.0000016,2.0000016,2.0000016,2.0000016,0,2.0000016,2.0000016,4.0000032,2.0000016,0,34740.23484,4494.811281,8.0000064,72.000256,56097.64834,66.0002224,3.60000384,4.20000368,0.60000048,1.80000176,1.60000128,2.80000256,1.80000144,1.40000112,1.6000016,0,33938.32528,4506.81693,6.6000072,109.000564,53787.74789,70.0002384
6,SBU3,-0.199532385,5.20000544,1.60000128,1.05759268,1.0000008,-0.506108707,1.776998227,2.149267535,1.80000144,0,33879.34237,4479.407585,5.20000544,118.4006515,53373.73234,73.40028656,6.761945007,4.131187366,2.270586665,1.836284995,1.414214694,1.839690261,1.141066407,3.050033058,1.988859443,0,1002.737706,157.1049441,3.293094469,16.64818055,1377.177679,7.947101345,3388.895997,79.44582776,141.911553,173.6287542,141.4213562,363.4970579,64.21314267,141.9103489,110.4921029,N/A,2.959731909,3.507270572,63.32867354,14.06088593,2.580253654,10.82707128,0.632589329,0.001376547,0.13226715,0.860623003,7.632374979,0.622847132,3.428722199,2.764327063,-6.569302665,17.07412315,N/A,0.634729297,61.69697794,0.127854098,0.000156844,0.004563101,0.245193792,23.36370288,0.947897518,8.577624728,8.640165794,22.84714482,11.69159826,N/A,0.006997463,7.294959505,20.21123213,11.39401114,3.449912749,28.49026702,306.1131423,152.1878274,250.1697201,312.5594619,347.7864544,68.47554138,N/A,1.102432724,11.82385223,0.553844989,0.001358491,0.130186916,0.493610224,-7.791254387,2.025889968,1.675867628,-1.313470737,-0.141100324,12.00003413,N/A,0.631711383,60.53814872,0.706896742,0.001524126,0.135255309,0.987220447,2.025889968,0,0,0,-0.141100324,13.66673067,N/A,0.628675261,55.79043295,0.547943636,0.001583714,0.134005689,0.961661342,-2.639291041,2.079734219,-0.353882035,-1.364712704,4.764785717,N/A,N/A,0.631201159,53.40898047,0.576270297,0.001303516,0.14110371,N/A,1.480836885,0,-0.344719497,-0.31643482,-0.141100324,6.800012672,N/A,0.625852105,67.74760351,0.759258405,0.001479487,0.13604272,N/A,-0.076789938,1.5,0.997382731,-0.492146859,1,8.20002528,N/A,0.632735302,58.18167308,0.566036998,0.001091855,0.132223428,N/A,1.246882831,0,0.334112743,0.348255082,1.884791265,10.0000256,N/A,0.634302885,76.81397426,0.911110788,0.001527887,0.128699486,N/A,0.230948226,0,1.329842932,1.343806138,0,41.0001152,N/A,0.636841426,53.64345982,0.516127907,0.001188182,0.125154565,N/A,N/A,N/A,N/A,N/A,N/A,32.0000896,N/A,0.639154284,67.32390856,0.666665886,0.001355459,0.131608868,1,5.0000016,0,1,1,1,12.0000368,N/A,0.63551101,61.70520086,0.521737636,0.001352748,0.128390811,N/A,69.21415067,0,26.21989529,25.67364747,-67.35,18.0000384,N/A,0.651308154,61.81639719,4.0000032,14.0000176,4.0000032,8.0000096,4.0000032,2.0000016,2.0000016,0,2.0000016,0,33480.80379,4358.762593,6.0000048,130.0007472,53000.15908,72.0002624,4.0000032,0,0,0,2.0000016,0,2.0000016,0,2.0000016,0,33823.74138,4574.840585,6.0000048,116.0006048,53801.61031,82.0004496,6.000008,8.0000096,4.0000032,2.0000016,2.0000016,0,2.0000016,10.0000112,6.0000048,0,31884.72987,4272.735187,0,146.0009904,50514.37155,80.0003136,14.0000432,8.0000064,0,2.0000016,0,2.0000016,2.0000016,0,2.0000016,0,32648.70735,4606.853732,10.0000176,118.0006096,52166.80918,68.0002464,8.0000064,6.000008,6.0000048,6.000008,0,0,4.0000032,4.0000032,0,0,35069.24678,4770.915718,10.000008,108.0005408,55424.83035,82.0003184,8.0000064,4.0000032,0,2.0000016,0,2.0000016,2.0000016,4.0000064,2.0000016,0,34856.56064,4608.853941,6.0000048,106.0004944,54952.54942,60.0002016,6.0000048,4.0000032,0,4.0000032,0,4.0000064,2.0000016,0,0,0,34178.68811,4398.779584,2.0000016,90.0003568,53669.07163,82.000296,8.0000096,4.0000032,2.0000016,2.0000016,0,0,0,0,0,0,34427.39501,4308.745659,2.0000016,124.0007168,53863.98223,64.0002304,10.0000112,0,0,2.0000016,2.0000016,2.0000016,2.0000016,2.0000016,0,0,33757.54023,4442.791641,6.0000048,108.000544,53118.73386,72.0002784,2.0000016,4.0000032,0,0,0,0,0,4.0000032,4.0000032,0,34666.01049,4450.797214,4.0000064,138.0009104,53225.20576,72.0002688,7.00000976,5.20000544,1.60000128,2.80000288,1.0000008,1.20000128,1.80000144,2.40000256,1.80000144,0,33879.34237,4479.407585,5.20000544,118.4006515,53373.73234,73.40028656
7,SBU4,-0.507388225,3.40000304,1.0000008,-0.139267234,1.0000008,0.284467836,1.576998063,1.349266531,1.80000176,0,33897.35459,4529.224587,4.80000448,107.0005474,53511.60715,65.80023152,4.737856951,2.118701607,1.414214694,1.210863846,1.054093397,1.046780195,2.052473657,1.297795507,1.751192325,0,624.7118564,135.8953869,2.859684744,18.45732711,949.2217523,11.17345912,933.7735319,62.31469742,141.4213562,869.4535016,105.4092553,367.9784009,130.1506772,96.18525898,97.28836739,N/A,1.842951652,3.000411753,59.5767099,17.24975018,1.773861416,16.98088116,0.629520236,0.001229142,0.133630284,0.594888179,60.38888102,-19.35146979,16.52908823,6.288937522,-24.82032748,17.45004686,N/A,0.63348179,70.91748168,0.141562111,0.000203964,0.003761194,0.895168671,88.10833104,36.35494075,31.06006546,30.09996219,35.2233097,9.857990878,N/A,0.006546233,14.08278973,22.48730105,16.59397758,2.814626618,150.476796,145.9015792,187.8665607,187.9115473,478.6176056,141.9131546,56.49263269,N/A,1.033373525,19.85799467,0.564514855,0.001305809,0.131578682,0.987220447,3.662277987,1.012944984,-0.33941612,0.680600033,0.87184466,17.50004,N/A,0.637245037,64.21142467,0.688888186,0.001183396,0.134043293,N/A,0.207813807,0.675296661,0.224509623,-0.110781651,-0.1411004,10.33335182,N/A,0.641458894,72.65805085,0.55999894,0.001084803,0.134443234,0,N/A,N/A,N/A,N/A,N/A,14.0000304,N/A,0.633227062,78.47795372,0.409834917,0.000939655,0.134413186,2,0.115473005,0,0.164921198,0.171902006,0,12.500024,N/A,0.631242024,90.29614769,0.711863462,0.001576484,0.130284046,N/A,216.6783013,0,52.43979058,-26.90270506,-67.35,7.0000232,N/A,0.635090418,52.48524524,0.80952334,0.001258785,0.132788406,N/A,90.26745201,-78.25,0.409685864,-1.229057592,-67.35,34.00008,N/A,0.630507953,66.51189328,0.49295632,0.001302782,0.134024548,N/A,1.63638802,0,-0.33941612,0.680600033,0.87184466,11.666696,N/A,0.622220252,64.01129342,0.499998912,0.000915837,0.143235268,0,N/A,N/A,N/A,N/A,N/A,12.5000232,N/A,0.624424145,97.65884334,0.791666419,0.001388651,0.131342447,-0.012779553,168.517452,-78.25,78.65968586,77.02094241,-67.35,19.0000688,N/A,0.638096738,60.35293655,0.765957005,0.001335216,0.130149726,N/A,2.025889968,0,1.012944984,0,1.884791265,36.0001312,N/A,0.641305379,62.51102809,10.0000112,2.0000016,2.0000016,0,2.0000016,2.0000016,2.0000016,2.0000016,2.0000016,0,34160.65234,4494.813596,4.0000032,124.0006624,53606.77662,70.000216,4.0000032,2.0000016,4.0000032,2.0000016,0,0,6.0000048,0,6.000008,0,33607.15115,4504.813219,6.000008,90.0003728,52391.74552,62.0001936,2.0000016,2.0000016,0,0,2.0000016,2.0000016,0,0,0,0,32688.72915,4394.778467,4.0000032,100.0004864,51622.44497,56.0001664,6.0000048,4.0000064,0,2.0000016,2.0000016,2.0000016,4.0000032,0,0,0,33589.11287,4514.819665,4.0000032,122.0006736,53211.14814,50.000136,0,4.0000032,0,0,0,2.0000016,0,2.0000016,2.0000016,0,33839.75279,4408.779914,12.0000128,118.0006736,53283.36222,84.000368,6.0000048,6.0000048,2.0000016,2.0000016,0,2.0000016,0,2.0000016,2.0000016,0,34060.37565,4522.823003,2.0000016,84.0003136,54020.53294,68.0002144,6.000008,2.0000016,0,0,0,2.0000016,2.0000016,2.0000016,2.0000016,0,33432.72154,4480.80539,6.0000048,142.0008816,53731.32978,70.000232,0,6.0000048,0,2.0000016,2.0000016,2.0000016,0,2.0000016,0,0,34090.45264,4882.955136,4.0000032,100.0004832,54595.02638,50.0001328,4.0000032,6.0000048,2.0000016,0,2.0000016,0,0,2.0000016,2.0000016,0,34922.78053,4586.843456,4.0000032,96.0004544,54729.60206,76.000336,4.0000032,0,0,2.0000016,0,0,2.0000016,4.0000064,2.0000016,0,34581.8172,4500.814026,2.0000016,94.000472,53924.10286,72.00032,4.200004,3.40000304,1.0000008,1.0000008,1.0000008,1.40000112,1.60000128,1.6000016,1.80000176,0,33897.35459,4529.224587,4.80000448,107.0005474,53511.60715,65.80023152
8,SBU5,-0.568817419,4.600004,1.00000112,0.058638683,0.40000032,-0.109249756,1.571886557,1.093547476,2.20000208,0,33586.11408,4491.411675,6.40000672,102.400505,53240.64182,70.80025472,4.28378108,1.897368376,1.414215448,1.736918696,0.843274717,1.599528014,2.260263879,1.817319645,2.394440479,0,403.4038998,92.47659059,3.238659542,10.14572607,757.2118975,12.44375035,753.1030058,41.24710275,141.4213864,2962.069752,210.8185107,1464.102137,143.7930663,166.1857107,108.8381007,N/A,1.201103227,2.058964915,50.6040022,9.907886753,1.42224412,17.57585534,0.702609738,0.00132978,0.1337304,1.480831461,35.2312144,-9.67573492,8.69905855,11.77491239,-13.95865696,10.84262016,N/A,0.63086298,65.21918608,0.163740124,0.000232701,0.002369956,2.094211935,118.4505699,27.70888009,47.33084624,28.20112913,33.27792531,3.681902167,N/A,0.003765905,11.70667956,23.30456232,17.4992293,1.772189163,141.4213562,336.2091597,286.3749402,544.0915929,239.5018171,238.4034897,33.95767917,N/A,0.596945048,17.94974802,0.653845311,0.001263389,0.130717587,N/A,-1.384525887,0,0.164921466,0.171902269,0.5,11.33335662,N/A,0.62975865,65.15850772,0.65517059,0.001417629,0.132015533,N/A,-48.16084933,0,-52.03010471,25.67364747,10.9,N/A,N/A,0.627172984,58.4049481,0.588234648,0.001158818,0.133444891,N/A,1.636389641,0.506472492,0.167056372,0.174127541,-0.141100324,5.000010667,N/A,0.635480313,73.17936993,0.725489125,0.001368582,0.13382999,N/A,-1.538103549,0,-1.340314136,1.687609075,0,18.5000464,N/A,0.633037929,61.90308801,0.687499342,0.001227651,0.138297837,2.961662921,0.285793475,0.337648148,-0.001767791,-0.332344774,0.87184466,11.00002613,N/A,0.627951981,70.74032238,1.021277505,0.001793449,0.134994721,N/A,325.0176253,-78.25,78.65972782,77.02098349,-67.35,12.0000548,N/A,0.631996006,47.5709837,0.851063661,0.001534376,0.131824254,N/A,N/A,N/A,N/A,N/A,N/A,10.0000284,N/A,0.637957812,54.80945409,0.787232842,0.001401215,0.13620522,0,N/A,N/A,N/A,N/A,N/A,9.250024,N/A,0.626259979,60.87566977,0.403224365,0.000937285,0.134586597,N/A,12.01732681,0,78.65968586,-1.229057592,-67.35,12.5000208,N/A,0.628560049,90.25613572,0.653059994,0.001195406,0.131387374,N/A,-6.023941287,0,-34.68673647,-8.967568354,10.9,8.0000136,N/A,0.630454095,69.29338143,0,4.0000032,0,2.0000016,0,2.0000016,4.0000032,2.0000016,0,0,33895.92511,4430.793537,6.000008,104.0004864,53823.67535,68.0002304,4.0000032,2.0000016,0,2.0000016,0,0,0,0,2.0000016,0,33623.24814,4438.791007,0,116.0007136,53610.80433,76.000256,12.0000224,4.0000032,2.0000016,2.0000016,0,2.0000016,4.0000032,0,4.0000032,0,32903.30091,4390.777417,12.000016,102.0004656,51777.05781,60.000208,8.0000064,8.0000064,0,0,0,6.0000048,2.0000016,0,0,0,34228.82759,4580.843667,4.0000032,102.000488,54070.73731,74.0002448,10.0000112,6.0000048,2.0000016,2.0000016,2.0000016,0,6.000008,6.000008,6.000008,0,33759.57429,4668.876104,6.0000048,96.0003968,53761.39466,66.0002096,0,6.000008,2.0000016,0,0,0,0,2.0000016,2.0000016,0,33829.75944,4566.838944,8.0000064,94.0004208,53528.43868,96.0005152,4.0000032,4.0000032,4.0000064,2.0000016,0,0,0,0,0,0,33262.27095,4384.774041,8.0000096,94.0003984,52138.66859,80.0003232,6.000008,2.0000016,0,2.0000016,2.0000016,0,0,2.0000016,0,0,33073.73128,4504.814855,8.0000064,94.0004624,52811.50382,74.0002512,8.0000096,6.0000048,0,0,0,2.0000016,0,2.0000016,2.0000016,0,33530.96088,4512.817906,4.0000032,124.0007488,53345.67628,50.0001232,6.000008,4.0000032,0,4.0000032,0,2.0000016,0,0,6.0000048,0,33753.54218,4434.789272,8.0000096,98.0004688,53538.46133,64.0001856,5.8000072,4.600004,1.00000112,1.60000128,0.40000032,1.40000112,1.6000016,1.40000144,2.20000208,0,33586.11408,4491.411675,6.40000672,102.400505,53240.64182,70.80025472
9,SBS1,9.430962244,2.00000224,140.8008848,301.9336987,39215.70332,226.9460406,175.180906,83.5774785,1.60000128,0,40.80009856,84.60036656,0,0,0.80000064,10.00001184,8.457491902,2.828430645,9.807137684,27.63351739,718.1438228,22.91796138,12.1888477,11.79845923,1.837874637,0,11.47755922,13.03167586,0,0,1.398412916,4.000005689,89.67793194,141.4213738,6.96525288,9.152180596,1.831265952,10.09841869,6.957863146,14.11679251,114.8670729,N/A,28.13120464,15.40380544,N/A,N/A,174.8014747,40.00000953,N/A,4.166668,2.202126088,0.004467718,0.054879826,0.807856273,1.731347916,1.301983382,0.480589014,N/A,N/A,18.16669787,12.04837358,N/A,2.753786533,0.636155226,0.000307417,0.048818768,0.089683789,0.199789845,0.167642347,0.084145194,N/A,N/A,9.928938097,11.75163989,N/A,66.09085563,28.88822897,6.880847884,88.95576226,11.10145362,11.53955502,12.8759206,17.50876349,N/A,N/A,54.65461126,97.53714741,N/A,7.0000032,1.724141253,0.004444085,-0.028200967,0.777776662,1.774007182,1.518757151,0.344442977,N/A,N/A,29.0000592,7.142882221,N/A,N/A,1.833337056,0.00463366,0.120929274,0.736572797,1.451165136,1.176321749,0.479124425,N/A,N/A,N/A,44.0001568,N/A,1.5000008,2.684216621,0.004471395,0.080471074,0.850698364,1.735895885,1.436996969,0.423746747,N/A,N/A,9.5000136,17.00005387,N/A,N/A,1.538462301,0.004554272,0.007156627,0.76744051,1.542621153,1.170604744,0.523254569,N/A,N/A,N/A,6.666683645,N/A,N/A,1.6666684,0.004577593,0.028741292,0.747251368,1.743580395,1.095296675,0.439558625,N/A,N/A,N/A,6.666678489,N/A,N/A,2.041672003,0.003738583,0.094610408,1.027204085,1.946292679,1.608391253,0.579297345,N/A,N/A,N/A,7.000027429,N/A,4,2.437505931,0.004376671,0.09303651,0.837332886,1.721193852,1.256002651,0.614749082,N/A,N/A,16.0000208,9.7500364,N/A,N/A,2.000004,0.004385761,0.035293897,0.71764557,2.094133177,1.258825366,0.494115626,N/A,N/A,N/A,6.40001792,N/A,N/A,3.666676578,0.00497072,0.018843391,0.775609742,1.489941452,1.183989822,0.386382057,N/A,N/A,N/A,11.0000444,N/A,N/A,2.428576735,0.00452444,0.097916755,0.841030747,1.814648253,1.314647442,0.521218688,N/A,N/A,N/A,4.85715458,6.000008,8.0000096,140.0008544,322.0043313,40503.57973,276.0031328,180.0013568,62.0002032,0,0,58.0001648,100.0004768,0,0,2.0000016,14.0000176,22.0000336,0,134.000856,264.0029216,39261.57633,214.0020944,182.0014736,88.0003968,6.0000048,0,48.000112,88.000384,0,0,0,2.0000016,14.0000176,0,148.0009088,302.0038353,38908.61344,250.002664,174.001336,74.000264,2.0000016,0,38.0000848,102.0004592,0,0,4.0000032,6.000008,4.0000032,2.0000016,132.0007648,266.003,37767.02036,202.0017328,172.0012992,90.0004656,0,0,52.000176,80.0003104,0,0,0,12.000016,8.0000096,2.0000016,136.0008,318.0042417,39759.19018,200.0017312,182.0014064,80.000288,0,0,48.0001248,80.0002912,0,0,0,12.0000224,14.0000176,0,152.0009856,288.0035328,39580.62492,238.0024176,148.001008,86.0003792,2.0000016,0,48.000112,98.0004848,0,0,0,14.0000144,16.0000256,0,144.0009696,296.0036416,39293.74442,216.0020256,172.0013312,106.0005424,2.0000016,0,32.0000672,78.0003536,0,0,2.0000016,8.0000064,6.000008,0,122.0006736,356.0053441,38762.09476,214.0019376,170.0012912,84.0002944,0,0,32.0000512,64.0002304,0,0,0,10.000008,12.0000224,6.000008,152.0010432,294.0035248,39426.11525,234.0024048,196.0017504,76.0002784,2.0000016,0,24.0000512,88.0004256,0,0,0,8.0000064,20.0000256,2.0000016,148.000992,320.0041921,38894.47382,232.0022272,176.00128,92.0004288,2.0000016,0,28.0000416,68.0002496,0,0,0,14.0000176,12.20001712,2.00000224,140.8008848,302.6038565,39215.70332,227.6022368,175.2013533,83.80035408,1.60000128,0,40.80009856,84.60036656,0,0,0.80000064,10.00001184
10,SBS2,9.554056648,2.20000208,139.0008997,305.8668584,39649.66936,238.6806629,174.9886206,87.26107317,1.0000008,0,13.20001536,69.2002416,0,0,0,6.400008,5.241933935,2.201011921,11.74749898,26.65460146,723.0165106,24.57504173,16.44146423,10.76879784,1.699674531,0,3.794739788,8.495807238,0,0,0,4.299880887,54.86605457,100.0459018,8.451383415,8.714445754,1.82351208,10.29620139,9.395733377,12.34089549,169.9673171,N/A,28.74799525,12.27713523,N/A,N/A,N/A,67.18555488,N/A,N/A,5.704577224,0.004413062,0.05529746,0.802387171,1.762120975,1.376092905,0.503491787,N/A,N/A,N/A,13.68059088,N/A,N/A,2.031801991,0.000404316,0.031047919,0.113751942,0.219662161,0.196489678,0.081054666,N/A,N/A,N/A,5.690949527,N/A,N/A,35.6170477,9.161807773,56.14709781,14.17669008,12.46578212,14.27880905,16.09850812,N/A,N/A,N/A,41.59871146,N/A,N/A,10.0000304,0.003946111,0.098764857,0.962962608,2.086434744,1.40741054,0.49382561,N/A,N/A,N/A,20.0000608,N/A,N/A,5.12501435,0.004690009,0.057482607,0.879121126,1.783855542,1.135647579,0.417580827,N/A,N/A,N/A,20.5000656,N/A,N/A,6.0000112,0.003910141,0.015991523,0.94836629,1.914020322,1.420525045,0.567997448,N/A,N/A,N/A,15.0000328,N/A,N/A,4.111121521,0.004555759,0.021977834,0.747250498,1.681325226,1.329671639,0.461536074,N/A,N/A,N/A,12.33337333,N/A,N/A,4.8333432,0.004431813,0.063094748,0.741570795,1.827706468,1.490699587,0.584267095,N/A,N/A,N/A,3.22222479,N/A,N/A,6.166683689,0.00504482,0.028471327,0.640161996,1.350297394,1.050426196,0.377308942,N/A,N/A,N/A,18.500056,N/A,N/A,5.142867625,0.004721361,0.095743978,0.65957274,1.819160152,1.212768067,0.414891738,N/A,N/A,N/A,18.0000264,N/A,N/A,3.666673304,0.004149093,0.07407367,0.839505303,1.901245325,1.543215363,0.592590606,N/A,N/A,N/A,11.00002773,N/A,N/A,8.2500195,0.003935445,0.073887369,0.868420136,1.811387754,1.693057381,0.578945613,N/A,N/A,N/A,8.2500195,N/A,N/A,3.75000745,0.004746068,0.023486689,0.736940214,1.445776823,1.47750765,0.545973917,N/A,N/A,N/A,10.00002187,16.0000224,0,156.0010688,338.0048689,41053.37854,228.0021536,162.0011696,80.0003264,0,0,8.0000064,80.0003072,0,0,0,4.0000032,16.0000224,4.0000032,160.0012672,326.0045041,38806.19003,208.0018304,182.0013904,76.0002912,0,0,16.0000192,82.000328,0,0,0,4.0000032,8.0000064,4.0000064,146.0009328,296.0036288,39371.97055,220.0021376,154.0010576,88.0003616,4.0000032,0,10.0000112,60.0001792,0,0,0,4.0000032,4.0000032,0,136.000864,306.0040561,39949.81249,242.002504,182.001704,84.000352,0,0,18.0000272,74.0002992,0,0,0,6.0000048,14.0000176,2.0000016,132.0007584,326.0047601,40164.50531,266.003048,178.00156,104.0004544,0,0,12.0000096,58.0001648,0,0,0,18.0000368,14.0000208,6.0000048,128.0007712,272.0032384,39634.82972,212.0019296,200.001712,76.000336,4.0000032,0,12.0000128,74.0002832,0,0,0,4.0000032,18.0000176,0,124.0007072,342.0049553,39819.35424,228.0022944,188.0015648,78.000296,0,0,14.0000144,72.0002208,0,0,0,4.0000064,12.0000224,0,136.0008544,308.0039969,39044.96211,250.0027184,162.0011856,96.0003808,0,0,18.0000272,66.0002192,0,0,0,6.0000048,14.0000176,2.0000016,132.0008416,276.0031424,38623.61588,258.0028304,152.0011296,88.0003872,0,0,8.0000096,66.0002352,0,0,0,8.0000096,10.0000144,4.0000032,140.0009312,276.003168,40028.07479,282.0033392,190.001528,104.0005184,2.0000016,0,16.000016,60.0001792,0,0,0,6.0000048,12.60001648,2.20000208,139.0008997,306.6040319,39649.66936,239.4024786,175.0014002,87.4003704,1.0000008,0,13.20001536,69.2002416,0,0,0,6.400008
11,SBS3,7.923337202,2.80000352,135.8008517,313.0660308,39933.48383,238.2838292,173.7936979,79.91674422,0.60000048,0,12.40001632,45.00011952,0,0,0.20000016,8.0000112,6.506587259,2.347579095,24.37602392,35.65511685,1090.839581,31.0048245,23.11301007,16.43909752,0.966092556,0,5.481290982,12.72799395,0,0,0.632456038,4.320500547,82.11927743,83.84200515,17.9498314,11.3890085,2.73164141,13.01171993,13.29910713,20.57027933,161.0152972,N/A,44.20390135,28.28435588,N/A,N/A,316.227766,54.00618123,N/A,3,4.553895428,0.004346537,0.04717316,0.787904356,1.821881767,1.399847276,0.46883523,N/A,N/A,4.0000016,8.277796459,N/A,,2.852234553,0.000528475,0.041369452,0.148114536,0.2575681,0.300316287,0.118166873,N/A,N/A,,10.89759432,N/A,,62.63285132,12.15853931,87.69701358,18.79854259,14.13747616,21.45350365,25.20435025,N/A,N/A,,131.6484934,N/A,N/A,11.5000184,0.004788387,-0.001551344,0.787878159,1.67672374,1.16177763,0.404038448,N/A,N/A,N/A,4.600004416,N/A,N/A,4.0000048,0.003911709,0.075961226,0.519070063,2.266210329,1.78510829,0.593268104,N/A,N/A,N/A,6.666673244,N/A,N/A,5.400009152,0.003806425,-0.022978376,0.805327851,1.952671164,1.446267788,0.426831914,N/A,N/A,N/A,4.500005467,N/A,N/A,4.111123872,0.004935429,0.04230913,0.64999771,1.543304846,1.123439031,0.499997896,N/A,N/A,N/A,37.000128,N/A,N/A,2.000001371,0.003425231,0.106996289,1.031455567,1.953443934,1.906884337,0.622946474,N/A,N/A,N/A,2.333334844,N/A,N/A,5.666672533,0.004237548,0.03041228,0.999999665,1.891463911,1.740379074,0.40697507,N/A,N/A,N/A,3.399999168,N/A,3,5.7500085,0.004125817,0.075071245,0.759034716,2.124472058,1.245108502,0.626504221,N/A,N/A,4.0000016,7.666681067,N/A,N/A,2.777779042,0.004695664,0.086955969,0.771737692,1.58696423,1.217393757,0.467389514,N/A,N/A,N/A,5.00000512,N/A,N/A,2.111112277,0.004544267,0.017949574,0.766664961,1.496281121,1.129687925,0.37777599,N/A,N/A,N/A,N/A,N/A,N/A,2.222224336,0.004994895,0.060605605,0.787877176,1.727282335,1.242426427,0.262624669,N/A,N/A,N/A,3.3333368,8.0000064,6.0000144,156.0012608,334.0047249,41350.41167,232.0026048,198.0017584,80.0003232,0,0,4.0000032,46.0001104,0,0,0,10.0000144,12.0000128,0,82.0003536,358.0057137,40385.28735,282.0033776,158.0010608,94.0004208,2.0000016,0,10.0000112,40.0000928,0,0,0,6.000008,2.0000016,4.0000032,124.0007392,302.0037872,40451.46809,224.0021632,154.0010352,66.0002416,2.0000016,0,10.0000112,54.000152,0,0,0,12.0000192,14.0000144,4.0000064,130.0007088,310.0040561,40523.69201,226.002216,200.0017952,100.0004768,0,0,18.0000208,74.0003152,0,0,0,2.0000016,22.0000368,6.0000048,132.0007648,252.002912,37362.51518,246.002552,128.0007904,80.0003136,2.0000016,0,14.0000144,28.000048,0,0,0,12.0000128,8.0000064,2.0000016,172.0012672,326.0044561,40589.82099,300.0037024,172.0013248,70.0002512,0,0,6.0000048,34.0000624,0,0,0,10.0000208,18.0000272,4.0000032,126.0006992,354.0052977,40234.75029,208.0019392,166.0012336,104.0004736,0,0,8.0000096,46.0001232,0,0,2.0000016,6.0000048,16.0000224,0,142.0008368,292.0036833,39185.39226,224.0021888,184.0014272,86.0003376,0,0,18.0000304,50.0001072,0,0,0,10.0000112,6.0000048,2.0000016,138.0008656,270.003048,39610.68572,204.0017504,180.0015296,68.000256,0,0,18.0000272,38.0000784,0,0,0,0,12.0000128,0,156.0010208,342.0048401,39640.81471,246.0025456,198.0017008,52.0001312,0,0,18.0000304,40.0001056,0,0,0,12.0000192,11.80001456,2.80000352,135.8008517,314.0042519,39933.48383,239.202504,173.8013656,80.00032256,0.60000048,0,12.40001632,45.00011952,0,0,0.20000016,8.0000112
12,SBS4,7.585001896,4.200004,142.2009205,293.5963941,40338.67041,243.8245998,167.7757076,83.52175888,2.00000224,0,7.60000736,39.20010272,0,0.20000016,0,12.20001488,4.92562616,2.740643817,15.98489951,38.15993644,602.9319147,16.42722311,23.97093658,13.9010996,2.494441394,0,3.627062057,10.88122113,0,0.632456038,0,5.846186051,64.93902346,65.25336208,11.24106613,12.99741318,1.494674734,6.737311627,14.28748949,16.64368637,124.72193,N/A,47.72445453,27.75814444,N/A,316.227766,N/A,47.91949935,5.0000016,N/A,7.413584627,0.004158258,0.043882091,0.854803317,1.787821648,1.478805348,0.504827406,N/A,N/A,N/A,3.89884449,,N/A,7.043294973,0.000579534,0.029923114,0.094986043,0.361248703,0.231892462,0.097480417,N/A,N/A,N/A,1.869205155,,N/A,95.00525491,13.93693614,68.18980937,11.11203492,20.20608173,15.68106733,19.30965225,N/A,N/A,N/A,47.94254194,N/A,N/A,26.0000592,0.00488366,0.028751554,0.797978963,1.292879556,1.333495909,0.414139677,N/A,N/A,N/A,6.5000148,N/A,N/A,3.600005888,0.003555006,0.062843316,0.985916086,1.882541407,1.587155636,0.591547921,N/A,N/A,N/A,1.800002944,N/A,N/A,4.2500047,0.003280594,-0.022961036,0.82105112,2.234167645,1.980800041,0.535335123,N/A,N/A,N/A,2.833336844,N/A,N/A,2.285718171,0.003647609,0.016637219,0.82446651,2.167009762,1.626556278,0.525233949,N/A,N/A,N/A,5.333339556,5.0000016,N/A,9.3333552,0.004879238,0.036159084,0.750094162,1.76688523,1.256882295,0.368652456,N/A,N/A,N/A,5.600011328,N/A,N/A,8.000017067,0.004505189,0.059459495,0.761583256,1.41325344,1.379310914,0.519710679,N/A,N/A,N/A,4.0000064,N/A,N/A,3.0000032,0.004721055,0.068209248,0.773296445,1.244134854,1.295760562,0.46254061,N/A,N/A,N/A,4.000004267,N/A,N/A,3.833338978,0.004233895,0.070587801,0.870587387,1.894128632,1.294120199,0.470586521,N/A,N/A,N/A,5.75001,N/A,N/A,9.5000068,0.003793184,0.050610522,0.986841515,2.14468285,1.671266282,0.44736688,N/A,N/A,N/A,1.727273838,N/A,N/A,4.333337067,0.004083145,0.068523706,0.976217723,1.838533107,1.36270536,0.713160248,N/A,N/A,N/A,1.444444919,14.0000176,6.0000048,158.0011664,258.0027824,40543.70199,266.0030032,198.0016688,82.0003472,0,0,2.0000016,52.00016,0,0,0,8.0000064,20.0000256,8.0000096,140.0009376,270.0031408,39943.91442,228.0022592,142.0008656,84.0003168,0,0,10.0000112,36.0000992,0,0,0,20.0000224,8.0000096,8.0000096,110.000536,302.0038193,40838.72303,268.0029824,134.0008176,72.000256,2.0000016,0,8.0000096,34.0000784,0,0,0,12.0000128,8.0000064,4.0000032,122.000728,322.0043633,40567.76798,242.0026416,148.0009184,78.0002768,2.0000016,0,14.0000112,32.00008,0,0,0,6.000008,10.0000112,2.0000016,150.001,354.0051985,40985.13255,252.0027744,200.0017856,74.0003216,2.0000016,0,6.0000048,56.000176,0,2.0000016,0,10.0000112,16.0000224,4.0000032,134.0007824,250.0026448,39055.02868,244.0025248,176.001392,92.0004256,4.0000064,0,6.0000048,48.0001408,0,0,0,12.000016,16.000016,2.0000016,150.0010064,242.0025488,41087.44299,252.0027392,194.0016304,90.0004048,2.0000016,0,8.0000064,24.0000448,0,0,0,6.0000048,12.000016,0,148.0009632,322.0042769,40152.44982,220.00208,170.001272,80.0003072,0,0,12.0000128,46.0001168,0,0,0,8.0000064,16.000016,6.0000048,150.0009776,328.0045857,40072.16146,256.0028704,152.0010816,68.0002496,0,0,4.0000064,38.000088,0,0,0,22.0000368,14.0000208,2.0000016,160.0011072,302.0038929,40140.38123,224.00224,164.0012352,118.0006288,8.0000096,0,6.0000048,26.0000432,0,0,0,18.000024,13.40001616,4.200004,142.2009205,295.0037253,40338.67041,245.2026115,167.8012667,83.80035344,2.00000224,0,7.60000736,39.20010272,0,0.20000016,0,12.20001488
13,SBS5,7.630958047,2.00000192,135.2008461,303.333827,39814.85696,246.3464364,179.591234,80.88889069,0.80000064,0,4.40000448,51.40015344,0.20000016,0,0,5.8000072,5.528945138,1.885620346,15.20835848,26.00991295,765.0711033,11.35226522,9.121451381,13.38209372,1.032796385,0,4.29987662,12.07574815,0.632456038,0,0,4.049698063,72.45414146,94.28092679,11.24871546,8.574682622,1.9215719,4.60825226,5.07900702,16.54379682,129.0994449,N/A,97.72436915,23.4936033,316.227766,N/A,N/A,69.82229372,N/A,N/A,15.29914312,0.004511952,0.042627492,0.756040238,1.692717865,1.374554686,0.450235835,1,N/A,N/A,12.19447171,N/A,N/A,12.08234369,0.000241972,0.02941871,0.105337034,0.166460562,0.088004046,0.069511731,,N/A,N/A,9.679256196,N/A,N/A,78.97398955,5.362909924,69.01346605,13.93272857,9.833922434,6.402367789,15.43896004,,N/A,N/A,79.37413305,N/A,N/A,7.2500188,0.004341294,0.02906474,0.822338412,1.952124311,1.363218188,0.454070361,N/A,N/A,N/A,9.666691733,N/A,N/A,24.0000416,0.004732759,0.076097023,0.804458757,1.500213121,1.391501823,0.444197837,N/A,N/A,N/A,N/A,N/A,N/A,N/A,0.004486081,0.051282697,0.66666512,1.485171145,1.307468646,0.511109361,1,N/A,N/A,28.0000592,N/A,N/A,27.0000688,0.004635612,0.03973021,0.659338685,1.589730828,1.337056997,0.40659166,N/A,N/A,N/A,27.0000688,N/A,N/A,8.6666816,0.004288209,0.049196812,0.848836043,1.957337999,1.527259346,0.488370181,N/A,N/A,N/A,4.333338489,N/A,N/A,N/A,0.004782381,-0.022435933,0.687589684,1.593914114,1.208659723,0.550703781,N/A,N/A,N/A,7.7500145,N/A,N/A,36.000112,0.004911233,0.07851983,0.608325595,1.635944061,1.357624537,0.410987138,N/A,N/A,N/A,18.000056,N/A,N/A,11.00002,0.004183324,0.048780141,0.853656844,1.768301295,1.463418504,0.512193338,N/A,N/A,N/A,3.666669422,N/A,N/A,2.142858188,0.004318848,0.018568531,0.919539022,1.743284398,1.352553052,0.310343214,N/A,N/A,N/A,5.0000032,N/A,N/A,6.333344,0.00443978,0.057470873,0.689654213,1.701157381,1.436786049,0.413791483,N/A,N/A,N/A,6.333344,8.0000064,2.0000016,148.001088,352.0054689,41456.74209,246.0026032,180.0014496,82.000312,2.0000016,0,8.0000064,58.0001968,0,0,0,6.0000048,14.0000208,0,148.0010496,276.0031072,38872.87105,256.0028448,184.0014912,82.0003056,2.0000016,0,2.0000016,48.0001216,0,0,0,0,12.0000128,2.0000016,120.0006752,268.003088,40124.42402,236.0024224,180.0014304,92.000416,0,0,0,56.0001632,2.0000016,0,0,2.0000016,10.0000112,2.0000016,120.0006208,290.0035312,39261.58365,244.0025568,182.0014864,74.0002864,0,0,2.0000016,54.0001808,0,0,0,2.0000016,14.000024,4.0000032,146.0009104,338.0050129,40110.28878,264.0029984,172.0013088,84.0003104,0,0,6.0000048,52.0001312,0,0,0,12.000016,4.0000032,6.000008,132.0007936,308.0039073,40142.37054,234.0023824,192.0016704,106.0005648,2.0000016,0,0,62.0001904,0,0,0,8.0000096,18.0000272,2.0000016,118.000648,318.0042641,39496.42267,264.0029568,194.0016944,80.0002912,2.0000016,0,2.0000016,72.0002816,0,0,0,4.0000032,8.0000064,0,140.0008288,290.0037041,39203.58546,240.0025312,164.001296,84.0003712,0,0,4.0000032,44.0001152,0,0,0,12.0000224,6.0000048,2.0000016,160.0011008,304.0041281,40288.85433,236.0023552,174.0014256,54.0001616,0,0,14.0000208,30.0000592,0,0,0,6.000008,10.000008,0,120.0007456,296.0036352,39191.42698,250.0026736,174.0013232,72.0002656,0,0,6.0000048,38.0000944,0,0,0,6.0000048,10.40001248,2.00000192,135.2008461,304.0039847,39814.85696,247.0026325,179.6014576,81.00032848,0.80000064,0,4.40000448,51.40015344,0.20000016,0,0,5.8000072
14,SN1,804.8270788,2.60000272,4627.859885,3765.300494,43390.30101,2631.42645,9429.749331,8401.466333,1.20000096,0,33272.49382,62584.31511,13.2000208,309.6040996,52406.95303,36682.81153,48.82035139,1.897369388,68.89739676,109.9415836,868.5437117,67.48388731,169.4832914,158.6829861,1.686549435,0,750.8357939,1042.603149,5.181174676,27.83837398,767.1616198,611.5250809,6.065942943,72.97566936,1.488752868,2.919862139,2.00170013,2.56453633,1.797325522,1.88875346,140.5456738,N/A,2.256626143,1.665917646,39.25126145,8.9916038,1.463854652,1.667061644,119.2166736,0.700011,1.881239683,0.217373316,0.085374481,0.490944094,0.399353928,0.279151914,0.89115738,3552.898245,N/A,0.634860913,1.706183814,9.221161645,0.010433835,0.019136569,0.004552613,0.005416803,0.012783368,0.01140051,0.009277041,0.020662226,2411.526781,N/A,0.008879667,0.018456112,7.734791926,1.490524389,1.017231817,2.094375054,6.344756922,2.603833651,2.85473841,3.323294755,2.318583253,67.87491829,N/A,1.398679165,1.081718876,133.2571661,0.702443159,1.888339341,0.213802922,0.093920564,0.50208396,0.400361009,0.295454915,0.906149925,2569.98527,N/A,0.629267057,1.691624045,106.6508307,0.722116829,1.912349829,0.211284136,0.091507509,0.510465404,0.413767978,0.286470552,0.924836512,2319.686241,N/A,0.636036671,1.684387582,103.2355767,0.703339949,1.88766142,0.217695829,0.086223338,0.47811252,0.40476643,0.278650833,0.863901701,2335.737074,N/A,0.627015552,1.682817915,119.7237856,0.706521961,1.84735516,0.212439866,0.089725365,0.480135416,0.415071894,0.275160523,0.902677479,9458.298213,N/A,0.656065616,1.715426084,125.6669693,0.704037925,1.874713505,0.219154462,0.081243512,0.50297546,0.39055048,0.283221138,0.905113035,2052.580658,N/A,0.637308496,1.697026256,128.0931756,0.686262428,1.872666024,0.216708671,0.078680471,0.480648073,0.385312124,0.282328319,0.887784275,2273.678602,N/A,0.625766036,1.707584075,117.7638528,0.693359857,1.874516362,0.216551545,0.085433486,0.493219549,0.396357675,0.282808803,0.898926903,1825.360115,N/A,0.636032337,1.719529924,120.8402394,0.687263515,1.909235606,0.220683316,0.078356183,0.480705768,0.390490242,0.275314178,0.863686482,3021.041593,N/A,0.627076341,1.742034098,122.2300407,0.699104078,1.872691576,0.218226102,0.081129755,0.503255618,0.41109358,0.270595212,0.891555615,6070.831503,N/A,0.635322468,1.701839641,114.7050993,0.695660294,1.87286801,0.227186311,0.087524628,0.477839173,0.385767865,0.261514668,0.866941876,3601.783181,N/A,0.638718553,1.719568523,866.0305787,2.0000016,4614.854781,3680.548556,42990.06047,2716.300664,9191.400543,8328.786916,0,0,32231.6787,60864.34692,14.0000144,270.0029712,51220.98538,35979.83079,844.0289258,2.0000016,4692.88329,3804.580892,43511.74992,2634.278095,9193.393618,8502.895999,4.0000032,0,32690.72962,62516.11119,16.0000256,348.0051585,51397.55474,37115.03924,822.0279066,2.0000016,4542.829402,3846.595051,43646.17633,2648.282318,9501.616116,8208.71884,2.0000016,0,33316.36197,62890.01115,16.0000224,362.0054897,53134.82556,37371.84551,870.0311579,2.0000016,4640.864373,4012.647401,45498.71346,2660.286428,9665.740568,8725.04633,0,0,35131.35925,64900.09777,4.0000032,316.0042337,53548.54512,37833.22312,776.0243304,6.000008,4752.90746,3692.548949,43118.36101,2678.289732,9449.581212,8552.939129,0,0,33444.72179,62699.27161,18.0000496,294.0036976,52478.07303,36946.55365,748.0227847,6.000008,4518.819991,3624.528125,43383.19646,2656.282475,9401.540403,8346.795631,2.0000016,0,33171.97606,62120.03252,16.0000192,284.0034304,53010.18937,36378.90129,808.0270185,2.0000016,4648.867667,3736.560968,43525.68516,2666.28594,9425.55436,8472.884393,0,0,33488.82336,62775.34734,20.0000384,310.0040593,52652.70558,36507.2724,754.0230999,2.0000016,4608.853314,3744.565837,43445.42522,2640.280568,9587.68049,8280.750031,0,0,33077.72682,63153.17379,12.000016,300.0039361,52749.12265,36252.54745,752.0234472,0,4664.87329,3810.587287,42476.08926,2508.252922,9269.442499,8264.735119,4.0000032,0,33101.84155,61989.53982,6.0000048,298.0038129,52102.42551,36425.01816,844.029249,2.0000016,4592.845282,3708.55393,42307.55287,2514.255906,9611.69686,8332.782507,0,0,33069.71912,61935.21903,10.0000144,314.0042065,51775.10341,36017.88368,808.4268499,2.60000272,4627.859885,3766.1717,43390.30101,2632.279505,9429.764667,8401.63349,1.20000096,0,33272.49382,62584.31511,13.2000208,309.6040996,52406.95303,36682.81153
15,SN2,799.3649978,1.20000096,4397.177303,3597.518941,43320.03448,2510.660628,8991.427261,8010.00723,1.20000096,0,33412.64955,63367.52913,11.00001488,316.8042669,52653.37389,37224.41281,41.3642565,1.398412916,70.36979523,141.2197069,572.9299634,45.91609715,184.3075461,210.581239,1.398412916,0,378.9216364,599.1316879,3.915787079,30.14410279,655.9151598,526.5876726,5.174639447,116.5343165,1.600340182,3.925475008,1.322551956,1.828845231,2.049814125,2.628976891,116.5343165,N/A,1.134066413,0.945486902,35.5980162,9.515055805,1.245722945,1.414629897,118.5116829,0.706996387,1.896674162,0.207584105,0.088880914,0.489250869,0.400145243,0.279334496,0.891076888,3844.796312,N/A,0.634632515,1.702509737,12.03726599,0.007832849,0.023254714,0.004769117,0.003689123,0.013790139,0.014736298,0.00768564,0.025819038,1493.790705,N/A,0.008154722,0.020857221,10.15702899,1.107905091,1.226078504,2.297438404,4.150635747,2.818623365,3.682737241,2.751410992,2.897509542,38.85227158,N/A,1.284951876,1.225086716,107.5190898,0.691215791,1.912800553,0.20760237,0.088296296,0.496501821,0.411759203,0.270804495,0.899433215,3677.201515,N/A,0.623695115,1.725950675,112.7175431,0.707545089,1.91195943,0.215636924,0.092279979,0.478027805,0.40200828,0.274843764,0.862857786,2324.829506,N/A,0.624149805,1.68660503,131.5623331,0.702465633,1.870873428,0.214450959,0.085456314,0.469642464,0.397395938,0.268099338,0.85911628,2650.070533,N/A,0.635592043,1.692769308,113.1865156,0.710505423,1.879564002,0.205130763,0.084250915,0.491127815,0.380836818,0.286562702,0.90899223,2348.648093,N/A,0.64444304,1.704803231,141.219615,0.70673221,1.895938831,0.202826961,0.08999523,0.497548615,0.409617916,0.288208076,0.929183061,6307.875675,N/A,0.629464972,1.688655287,123.0717777,0.710184632,1.878947452,0.21133949,0.091222329,0.480149944,0.382685864,0.271687204,0.855639583,6112.634953,N/A,0.644395327,1.704887581,127.9321667,0.717663155,1.878429495,0.20320347,0.090140466,0.490306793,0.421608474,0.278798952,0.915226583,3134.37336,N/A,0.64269283,1.682200291,116.1752948,0.711464965,1.943564425,0.202761532,0.08357648,0.517466948,0.392066229,0.289075247,0.891391428,4588.98012,N/A,0.638393904,1.743950499,106.3726724,0.713980157,1.914179749,0.204878944,0.095258848,0.476563952,0.385766122,0.280890061,0.909905845,2720.136855,N/A,0.626550352,1.679780572,105.3598211,0.698206819,1.880484256,0.208009642,0.088332285,0.495172537,0.41770759,0.284375124,0.879022872,4583.212507,N/A,0.636947758,1.715494891,806.0265497,2.0000016,4516.823764,3746.565291,43820.76891,2464.244703,9097.321029,8182.688308,2.0000016,0,33180.01731,63466.75547,10.0000112,342.0049073,53199.0976,36772.05634,862.0301947,4.0000032,4436.791576,3732.560401,43042.0294,2552.261278,9281.450842,8008.572126,0,0,32813.02967,62737.18151,16.0000192,330.0046801,52572.36229,37197.31673,788.0254184,0,4330.753151,3664.54025,42999.96276,2472.246748,9221.408814,7922.519073,2.0000016,0,33569.07576,62803.49183,14.0000176,282.0034672,52815.44373,37101.0341,758.0238424,0,4418.784,3426.471865,43860.89072,2578.267092,8997.243529,8178.679821,2.0000016,0,34084.41584,64063.84104,16.0000288,332.0045409,52889.72601,37578.43714,802.0267097,2.0000016,4418.784657,3638.53248,43786.64105,2560.264213,8881.162472,8252.735421,4.0000032,0,33709.42973,63911.01678,6.0000048,268.0030272,53552.51084,37847.28433,822.0274201,0,4326.752274,3448.478857,42638.75286,2448.241935,9011.252267,7710.384135,0,0,33278.3207,62528.21588,6.000008,298.0038097,51642.70951,36675.85862,798.0261849,0,4340.754765,3732.558919,43567.85914,2468.246207,8853.140177,8102.629229,0,0,33683.35616,63271.80969,12.000016,294.0037008,52409.72757,37612.53046,724.0216839,0,4482.807732,3396.463343,42724.98645,2504.254148,8663.009247,7722.387991,2.0000016,0,32941.38821,64023.71021,8.0000096,316.0042337,51600.41158,36711.88502,864.0307051,2.0000016,4308.746793,3488.488593,44129.85067,2540.261093,9041.277189,8226.710962,0,0,33418.68614,63969.37224,14.000024,358.0053073,53337.59055,38081.98125,786.0255929,2.0000016,4390.774315,3704.550357,42628.60284,2522.256037,8867.1604,7794.436803,0,0,33448.77598,62899.89662,8.0000096,348.0049953,52514.15918,36665.74406,801.0264302,1.20000096,4397.177303,3597.921036,43320.03448,2511.054345,8991.442596,8010.174387,1.20000096,0,33412.64955,63367.52913,11.00001488,316.8042669,52653.37389,37224.41281
16,SN3,903.5262708,3.40000336,4895.763521,3930.281732,43847.25998,2842.610439,10104.28212,9107.787412,1.00000112,0,33457.16516,63165.91431,9.80001296,318.0043012,52776.66239,36975.88143,67.36198087,2.674990914,104.9453885,74.02878048,968.1675876,72.77526018,151.7524703,175.504378,1.414215448,0,279.1184747,571.1214902,5.028814402,28.61311799,467.9657607,512.2047496,7.455453488,78.67612561,2.143595948,1.883548955,2.208045812,2.560155946,1.501862958,1.926970515,141.4213864,N/A,0.8342562,0.904160886,51.31436482,8.997714145,0.886690707,1.385240134,117.0391442,0.700616157,1.887970273,0.230532349,0.089433468,0.48463475,0.389061963,0.281347551,0.901522183,4845.90556,N/A,0.633955788,1.708449161,9.571763829,0.008075112,0.008469398,0.005677666,0.006764403,0.013274109,0.009865254,0.00677734,0.020030521,2616.870805,N/A,0.00451441,0.015454084,8.178258557,1.152572906,0.448598042,2.46285002,7.563614874,2.738992436,2.535651096,2.408885208,2.221855576,54.00168808,N/A,0.712101782,0.904567948,110.9148448,0.691310205,1.886888964,0.223241194,0.088069913,0.479609014,0.384737691,0.290136164,0.923888569,2045.787081,N/A,0.62715081,1.711769816,116.616222,0.714777336,1.887646194,0.226686306,0.105721808,0.497212416,0.402915871,0.279502182,0.884065552,9329.415314,N/A,0.640057228,1.690318829,123.3147396,0.708933795,1.879744066,0.232878848,0.084302068,0.481580992,0.389382366,0.284731522,0.870251975,3748.808587,N/A,0.637284607,1.689765626,119.7507406,0.689600744,1.875013297,0.233387828,0.093056861,0.480364662,0.398354216,0.279757514,0.910005205,5987.610859,N/A,0.634587497,1.725433168,132.1496005,0.697050176,1.883095632,0.238532655,0.092838405,0.464623222,0.380073182,0.276123568,0.902250245,9184.499046,N/A,0.63414718,1.713161872,118.523898,0.70483434,1.889021727,0.222982165,0.090766573,0.508903148,0.397278461,0.285259302,0.926715932,4681.752427,N/A,0.640554919,1.716746888,101.1605137,0.706732024,1.884825761,0.232940837,0.085947868,0.470419205,0.386293604,0.288299295,0.920065238,3742.993714,N/A,0.632242013,1.686163911,124.7073238,0.69856125,1.905003501,0.224960663,0.08227222,0.497475812,0.398920584,0.286770915,0.911649235,3034.578201,N/A,0.634656696,1.730733316,103.2572947,0.694586019,1.895882328,0.237431282,0.085366162,0.485684747,0.375450808,0.272546163,0.883705791,2053.701484,N/A,0.628900941,1.716593983,119.9962647,0.699775685,1.892581261,0.232281712,0.085992802,0.480474284,0.377212844,0.270348889,0.882624083,4649.908883,N/A,0.629975989,1.703804202,906.0334045,2.0000016,4918.975246,3946.624305,45942.32436,2976.356331,10256.21935,9475.60382,0,0,33406.63177,63034.6048,18.0000304,332.0045185,53267.30228,36824.22965,1068.045948,4.0000032,4997.002054,4050.65881,44334.54715,2810.319027,10050.06029,8885.168096,2.0000016,0,33416.64138,63078.79593,4.0000032,320.0042881,52208.83372,37317.69111,884.0316811,10.0000144,4970.995867,4022.650062,44324.51787,2942.34885,10322.26822,8983.230658,2.0000016,0,33699.38056,63346.21066,10.0000208,304.0039169,52879.63996,37488.16384,932.0348941,2.0000016,4796.921662,3978.635486,42787.15135,2794.314821,9986.000313,9087.312261,0,0,33059.70359,61987.38383,6.0000048,300.0039393,52096.36769,35925.69389,956.0368654,4.0000032,4756.908465,3892.608018,42921.61359,2828.322485,10238.20644,9237.424271,0,0,33422.72352,62938.18466,4.0000032,278.003304,52704.99432,36738.02557,898.032966,0,5035.023232,3930.622722,44370.69318,2822.319366,9893.92434,9169.367131,4.0000064,0,34038.31824,64299.12271,8.0000064,316.0041985,53138.79768,37454.04938,866.0305243,2.0000016,4724.896414,3880.607975,43118.29869,2896.337937,10044.03814,9241.425419,2.0000016,0,33484.83513,63113.07988,10.0000112,370.0058225,52962.05323,37429.97906,820.0272073,4.0000032,4924.974997,3950.625602,44007.37636,2840.323963,9899.928564,9025.262306,0,0,33083.74389,63024.64794,12.0000192,292.0036737,52128.56668,36414.99667,874.0314236,2.0000016,4956.985717,3832.588497,42985.82488,2782.311265,10206.17951,9019.259943,0,0,33470.83381,63456.76234,18.0000208,358.0054033,53221.15394,36966.66944,878.0317212,4.0000032,4874.951557,3828.588523,43680.25233,2744.305676,10146.12377,8955.213194,0,0,33488.83966,63380.35039,8.0000096,310.0039473,53158.91438,37199.3157,908.2336635,3.40000336,4895.763521,3931.421,43847.25998,2843.725972,10104.29489,9107.92671,1.00000112,0,33457.16516,63165.91431,9.80001296,318.0043012,52776.66239,36975.88143
17,SN4,854.4148723,1.60000128,4869.953307,3847.06027,42261.64743,2677.363628,9787.234476,8749.389086,0.60000048,0.20000016,34363.04714,64827.31341,15.00002128,323.4044812,53884.23656,37856.53632,43.35541455,2.06559277,166.3271107,134.4950131,998.3133712,48.36811884,296.5652818,246.3067164,0.966092556,0.632456038,854.9133551,1626.122702,2.708020351,36.80734791,758.0345529,807.4098402,5.074281353,129.0994449,3.415373828,3.496046425,2.36222067,1.806557702,3.030123398,2.81513045,161.0152972,316.227766,2.487885756,2.508391319,18.0534434,11.38121147,1.406783507,2.132814882,118.2726275,0.702508781,1.886624257,0.231576035,0.087332912,0.497569309,0.393106739,0.273746666,0.894141179,2594.4622,32307.30106,0.637664231,1.712403957,12.00264807,0.007548021,0.019275293,0.003692811,0.004371491,0.006668157,0.009010973,0.008493328,0.01649683,447.0273058,,0.009509407,0.017972555,10.14828902,1.0744379,1.021681629,1.594643089,5.005548567,1.340146393,2.292245775,3.10262333,1.844991614,17.23005661,,1.491287434,1.049551127,110.6768622,0.69909336,1.857990407,0.230511387,0.084778236,0.50658806,0.39449048,0.272141099,0.908774197,2687.900563,N/A,0.644986878,1.714190839,110.2267212,0.71331514,1.912622106,0.228886066,0.089860979,0.497217966,0.400829812,0.2723476,0.894500681,2438.799091,N/A,0.647529679,1.736230607,106.0388697,0.708926305,1.876582355,0.237504752,0.080930739,0.502204808,0.384710286,0.257997788,0.87723925,1951.140649,N/A,0.652913206,1.728311381,132.458349,0.699261163,1.906145469,0.237017298,0.091652611,0.487333408,0.377522114,0.27514619,0.893893746,2089.922024,N/A,0.623950287,1.700852378,102.9333403,0.702493917,1.89269121,0.229245097,0.081880546,0.492802388,0.39998847,0.278785474,0.886973903,2380.367759,N/A,0.636491331,1.714864025,119.5026098,0.701384465,1.871171542,0.234798603,0.092975788,0.496557546,0.401728559,0.270641225,0.873918134,3127.021562,32307.30106,0.645447406,1.721941214,117.8637508,0.708925983,1.910779419,0.231378219,0.083923904,0.488943767,0.397549956,0.26481285,0.892849523,3182.360781,N/A,0.628087364,1.69289381,140.704075,0.685522606,1.87877807,0.226147711,0.087664089,0.498945876,0.402897283,0.288720262,0.908186416,2613.103756,N/A,0.631141192,1.729737603,126.9233572,0.703770303,1.892983766,0.22987914,0.087219505,0.507176007,0.387686576,0.280850946,0.878568959,2300.510232,N/A,0.634362588,1.706292631,115.3983393,0.702394564,1.866498225,0.23039208,0.092442717,0.49792326,0.383663859,0.27602323,0.926506981,3173.495583,N/A,0.631732383,1.678725082,840.0291818,2.0000016,5003.005517,3896.612843,42843.37233,2688.290441,9875.910737,8975.22822,2.0000016,0,34718.22252,64506.12438,14.0000176,340.0047169,53827.79664,37630.65519,908.0342893,2.0000016,5009.005517,4038.655257,44013.44296,2744.303295,10074.06381,9011.256938,0,0,35422.14463,67749.17688,16.0000224,354.0052689,54703.50748,39020.84008,842.0287962,0,5225.09634,4002.646481,43806.75996,2684.289913,10404.33922,9127.350908,2.0000016,0,35939.64948,67443.71206,20.0000416,368.0055649,55045.06441,39022.89414,900.0332269,2.0000016,4770.914911,3696.550335,41304.31681,2694.292709,9789.837585,8751.074592,0,0,33567.08824,63983.75314,18.0000208,284.0035392,53797.69661,37618.63991,796.0258857,0,4790.923794,3888.605906,42407.86448,2710.295228,9721.795006,8622.978464,0,0,34507.59945,65312.23016,16.0000288,370.0059921,54215.34871,38085.9527,918.0345053,0,4902.964224,3966.631398,42052.67522,2672.28694,9873.9094,8628.988474,0,2.0000016,34531.65698,64614.65382,12.000016,314.0040945,53500.34205,37524.30877,812.0270345,0,4730.899501,3846.595486,41817.91096,2562.263933,9675.753777,8638.992143,0,0,33833.77064,64648.87261,12.000016,324.0044545,53867.93715,38188.38029,830.0283642,6.0000048,4676.879798,3778.57674,41448.66758,2708.294112,9373.521299,8512.904713,0,0,33681.3726,63279.82422,14.0000112,260.0030016,53365.82852,36583.48185,828.0275977,0,4814.929052,3680.543508,41298.24805,2666.288155,9493.605743,8340.787313,0,0,33178.09699,62805.59901,16.0000256,290.0035376,52301.47175,36808.2226,892.0322732,4.0000032,4774.914417,3680.546008,41623.21598,2648.281124,9589.68486,8885.164882,2.0000016,0,34250.86985,63929.18778,12.0000128,330.0046417,54217.37233,38081.98762,856.6301155,1.60000128,4869.953307,3847.596396,42261.64743,2677.888585,9787.242144,8749.472665,0.60000048,0.20000016,34363.04714,64827.31341,15.00002128,323.4044812,53884.23656,37856.53632
18,SN5,773.2864331,1.40000144,4385.774173,3625.260197,46766.79859,2533.599455,8934.98281,7982.761481,1.40000112,0,34114.93653,64533.45545,12.60001584,313.4042165,53796.82751,37827.80425,40.95208119,1.897368976,136.7213066,102.7910542,725.3730102,69.48118623,141.2400561,115.9865811,1.349898195,0,385.4430353,812.876502,5.420135188,29.44074924,588.5908315,490.7614303,5.295848916,135.526216,3.117381361,2.835411768,1.551042689,2.742390321,1.580753529,1.45296313,96.42122253,N/A,1.129836589,1.259620295,43.01689186,9.393858694,1.09409952,1.297356376,121.688263,0.703166448,1.891743201,0.191074286,0.086550798,0.490815788,0.405821649,0.2835894,0.893576469,3516.626015,N/A,0.634185894,1.706193607,11.79641601,0.005825012,0.022721957,0.003001436,0.004481154,0.011611376,0.012870803,0.007727299,0.016300972,1454.45845,N/A,0.007884811,0.02793501,9.693963676,0.828397345,1.201112126,1.570821428,5.17748467,2.365729848,3.171541648,2.724819436,1.82423912,41.35948617,N/A,1.243296458,1.637270807,123.348182,0.703117847,1.893659461,0.190101587,0.089093147,0.491981386,0.405126393,0.276287712,0.866229714,3823.838364,N/A,0.621425215,1.673642253,113.3560778,0.695381412,1.897413259,0.196359158,0.083440181,0.489192171,0.382387215,0.282006958,0.888824322,2639.61216,N/A,0.635637796,1.734397212,133.4047092,0.698721044,1.863794456,0.189186868,0.085375296,0.512762096,0.404783493,0.297495551,0.907516276,4669.211888,N/A,0.646270422,1.723885719,137.5323444,0.70141275,1.8751731,0.195690653,0.084438708,0.489597267,0.39942998,0.28360293,0.884341732,3823.441864,N/A,0.634551792,1.696425467,127.2400181,0.702072624,1.894621303,0.187892402,0.094148127,0.503913411,0.423804624,0.273311039,0.894557322,2744.780642,N/A,0.626177077,1.689808701,130.9657073,0.716610631,1.869996916,0.191082177,0.077314281,0.480183499,0.392025245,0.291472196,0.872762017,6373.739789,N/A,0.63557592,1.658536672,108.0907722,0.705494317,1.88041423,0.192674748,0.089720783,0.473033323,0.401965882,0.28352788,0.908399654,1558.328492,N/A,0.635159802,1.692945644,128.7100247,0.705348481,1.919548952,0.187521093,0.086291566,0.496869169,0.410777089,0.290663658,0.89944925,4730.145831,N/A,0.634426279,1.726539904,109.9632792,0.705345073,1.937855008,0.190421033,0.08678074,0.48155263,0.419678305,0.275314797,0.894572535,2717.70149,N/A,0.627036858,1.722712134,104.2715149,0.698160299,1.884955327,0.189813137,0.088905145,0.489072926,0.418238266,0.282211276,0.919111867,2085.459625,N/A,0.645597781,1.743042364,812.0269033,2.0000016,4468.803838,3680.545925,47781.18068,2510.25437,9083.303847,7868.484152,2.0000016,0,33795.65758,63997.46671,10.0000144,310.0040721,54384.11057,38238.43871,766.024364,2.0000016,4474.804819,3498.494232,46584.71451,2580.268399,9147.360869,8130.652699,2.0000016,0,33779.65724,64093.96953,14.0000144,326.0046481,53142.93368,36954.60826,766.0243448,6.000008,4550.832206,3594.518131,46911.99704,2642.281408,8875.159358,8054.606969,2.0000016,0,34549.73502,64393.60458,8.0000128,280.0032704,53460.18298,37353.75487,770.0245912,0,4464.799894,3642.534493,46600.75261,2586.269198,9119.331732,8064.605623,0,0,34589.81648,64861.89337,10.000008,278.0033264,54510.62765,38234.44923,850.0293082,2.0000016,4534.830565,3814.583662,47895.63447,2460.243948,8999.251355,8050.601926,2.0000016,0,34272.94698,64934.25545,14.0000208,302.0039345,54733.63408,38426.98608,686.0192534,0,4260.728045,3478.488865,46436.17112,2586.269131,8873.150212,7744.40476,2.0000016,0,33917.99058,63426.53779,6.0000048,292.0036864,53365.75776,38242.46933,788.025508,0,4154.693171,3530.5016,45585.04842,2490.250245,8783.087717,7978.553847,0,0,33671.33807,63316.06323,24.0000352,346.0049169,53012.38827,37399.93865,766.0238712,0,4410.78613,3646.533129,47339.51727,2580.267218,8877.158017,7984.553117,0,0,34036.30972,65334.36264,8.0000096,294.0036112,53648.95947,37841.21206,766.0242936,0,4250.724426,3704.552131,46355.82079,2430.237651,8827.123268,7896.502039,0,0,33823.75089,65545.52507,14.0000176,346.0052209,53942.20527,38047.86869,782.025276,2.0000016,4286.738638,3666.540904,46177.14898,2474.246359,8765.080642,8056.59984,4.0000032,0,34712.16279,65430.87617,18.0000208,360.0054785,53767.47533,37538.31663,775.2247714,1.40000144,4385.774173,3625.729307,46766.79859,2534.058793,8935.000702,7982.956497,1.40000112,0,34114.93653,64533.45545,12.60001584,313.4042165,53796.82751,37827.80425
19,Blank,10.11047316,30.40006624,154.6010923,326.2183888,41590.96534,244.4285932,191.2815029,93.0910183,9.40001328,1.40000112,32662.88721,4373.369449,6.00000512,105.2005248,50538.47934,191.4016325,19.90129911,8.834307396,19.71039391,30.93199552,682.5862699,22.90335638,16.55934688,5.572045184,6.397927603,1.646546522,687.5300453,150.4225221,2.494440538,11.51629064,855.8540236,26.73449824,196.8384545,29.06015838,12.74919447,9.481990156,1.641188812,9.370162501,8.657056026,5.98558839,68.06296345,117.6103718,2.104927347,3.439510974,41.5739735,10.94698972,1.693470074,13.96774829,1.852978903,0.00379076,0.133925285,0.004596357,0.051608086,0.811064043,1.712517844,1.28349671,0.490244799,40.18698037,1754.508252,0.64629081,23.32233469,0.395734845,0.000551103,0.004672911,0.00034999,0.101487568,0.102584243,0.182811266,0.133676955,0.054518413,26.09217594,633.7640108,0.007518784,3.941734586,21.35668378,14.53806286,3.489192511,7.61451986,196.6505167,12.64810635,10.67499921,10.41506023,11.12065087,64.92693827,36.12203078,1.163374801,16.90111492,1.750005807,0.00396382,0.136612666,0.004178197,-0.045645534,0.838079746,2.07157235,1.38626331,0.535728804,49.0003656,N/A,0.634881521,21.88112899,1.079364431,0.002699639,0.136164701,0.004365191,-0.021355484,0.933598616,1.533427659,1.423679961,0.585958072,22.66678027,N/A,0.652339404,32.90277225,2.142865283,0.004180407,0.138943788,0.004183142,0.032769469,0.828558921,1.88313117,1.504653253,0.505024561,105.000848,N/A,0.647126227,21.5084746,2.522741891,0.004354711,0.13574531,0.004520244,0.153172254,0.750598144,1.720024372,1.272179721,0.491684667,55.50049921,1110.69684,0.64199719,20.01237567,1.811326377,0.003777529,0.133667253,0.004889461,0.07468189,0.8040201,1.503224511,1.111969964,0.439863296,19.20014016,2172.376792,0.63950443,22.62875973,1.588238983,0.00311553,0.122233809,0.004667942,-0.095563144,0.767774852,1.592420227,1.199975295,0.463297456,20.2501247,1017.66698,0.640454648,25.12741496,1.833339945,0.003422715,0.136502543,0.005304854,0.009553156,0.832610702,1.585235864,1.311760114,0.39757538,44.00032,2310.426564,0.658318914,26.25465638,1.981140667,0.004271563,0.135736476,0.004470498,0.129506179,0.97925923,1.609889753,1.203621091,0.481335408,35.00029654,2161.374083,0.647779531,20.58434068,2.204093158,0.00425377,0.132192087,0.004879715,0.243820875,0.604187745,1.865166973,1.09355167,0.46138212,27.0002364,N/A,0.644574583,20.03109165,1.616672493,0.003867921,0.131454218,0.004504322,0.035141202,0.771952369,1.761085565,1.327312718,0.54059823,24.2501928,N/A,0.655931654,22.29233195,42.0001136,36.00008,144.000944,368.0055617,41123.59503,250.0027504,172.0013984,94.0004176,14.0000272,0,31393.40478,4288.736712,4.0000032,112.0005536,49447.65871,196.0016192,46.0001136,36.0000768,168.0013056,288.0035456,41223.90967,268.0031104,180.0013696,106.0004912,4.0000032,0,32863.16487,4474.803033,6.0000048,126.000808,50377.40273,136.0007904,50.0001328,32.0000544,144.000896,338.0047185,41546.95856,272.0030784,174.0012816,90.0004144,16.0000256,0,32508.25257,4516.819759,2.0000016,98.0004976,50234.79378,210.001864,46.0001584,12.000016,144.0009248,334.0045777,42442.00373,248.0026048,192.001584,96.0004,12.0000128,4.0000032,32728.87226,4442.790914,4.0000032,88.000352,50979.77495,222.0021744,54.0001552,28.0000608,164.0011584,316.0046049,41717.5745,236.002432,204.002,90.000344,2.0000016,2.0000016,32504.27421,4344.75706,10.000008,106.0005296,50827.28543,192.0015552,42.0001008,44.000128,152.0010464,330.0045937,42411.85708,252.0027328,198.0016272,92.0004032,2.0000016,4.0000032,33302.33437,4070.671176,8.0000096,102.0005136,51997.95879,162.001192,52.0001504,36.0000992,188.0016224,370.0055505,42564.36774,308.0040321,226.0022224,92.000384,16.0000288,2.0000016,33851.80032,4620.856825,4.0000032,96.0004288,51421.58246,176.0014208,54.0001328,22.0000272,178.001368,300.003728,40660.22583,226.0021072,182.00148,90.0003856,18.000024,2.0000016,31846.64702,4322.751624,6.0000048,106.0005232,49162.78686,210.0019472,88.0003488,28.0000512,122.0006672,386.0062321,41380.50913,230.0022768,202.0017712,94.0004112,6.0000048,0,32730.83324,4326.75714,8.0000064,98.000424,50778.96975,216.002064,48.000112,30.0000688,142.0009904,334.0048721,40838.65217,254.0027344,184.0015744,100.00048,4.0000032,0,32899.28841,4324.750243,8.0000064,120.0006176,50156.57993,194.0016976,52.20015184,30.40006624,154.6010923,336.4047985,41590.96534,254.402786,191.4016309,94.40041312,9.40001328,1.40000112,32662.88721,4373.369449,6.00000512,105.2005248,50538.47934,191.4016325
20,Dur253,-7384.051029,103274.985,11295.31257,11393.1296,53934.99964,10913.30975,23432.91065,20460.83828,19509.83732,1.40000112,33576.27955,177716.4387,26.80005024,210.601964,52054.05692,12161.92907,1013.93614,1175.815343,143.5945472,626.2013387,649.8758175,394.4866273,188.1103021,286.4446666,283.7086419,1.646546522,483.2222739,1598.973438,7.37565805,27.53718064,776.8827134,268.9991668,13.73143463,1.138528699,1.271275552,5.496306639,1.204924116,3.614729503,0.802761146,1.399965449,1.454182509,117.6103718,1.439177539,0.899732996,27.52106053,13.07546241,1.492453729,2.211813318,58.65379365,0.23367364,5.293670037,0.434510077,-0.314983971,0.482035266,0.486206789,0.465768828,0.873169625,491.123127,71025.98183,0.64512842,14.61713169,7.85829882,0.005633437,0.073298384,0.005235005,0.042206343,0.005540056,0.026614111,0.017781206,0.010326704,158.9316789,23919.32272,0.01178055,0.249718826,13.39776736,2.410814079,1.384642108,1.204806463,13.39952096,1.149305073,5.473825492,3.817603209,1.182668767,32.36086231,33.67686317,1.826078333,1.708398275,65.4785525,0.239647631,5.327278614,0.432281785,-0.335287061,0.479309839,0.496264188,0.451085389,0.871328651,615.5025046,N/A,0.646248075,14.3658568,53.72466929,0.238678399,5.237508111,0.442221185,-0.282580468,0.47467218,0.465638264,0.46773341,0.868828865,466.9950881,N/A,0.660787433,14.50017914,52.03312692,0.224580085,5.329485129,0.440990392,-0.351326682,0.480353392,0.492297372,0.454813985,0.87272016,854.8373824,N/A,0.627830986,14.89898762,62.38719074,0.235126214,5.46983519,0.435180708,-0.309101047,0.483488047,0.489264994,0.476721858,0.873967069,555.8168513,89148.56869,0.626781939,14.58107904,54.50165845,0.227620327,5.252073839,0.43439109,-0.313742805,0.480473242,0.484091747,0.459468221,0.861415341,416.5514635,87416.37897,0.649644828,14.98979747,47.14806021,0.227230864,5.244779677,0.431989116,-0.367431472,0.477409856,0.488609804,0.456761018,0.872124755,299.3929458,N/A,0.639534728,14.76128149,62.92853067,0.236090664,5.236923209,0.432215242,-0.304884211,0.482676974,0.511281691,0.494224711,0.895404743,411.1358576,88896.90137,0.649848687,14.41483374,69.89944898,0.239680365,5.229568317,0.427991318,-0.218993608,0.483213832,0.53562794,0.488807391,0.881411261,414.7394113,N/A,0.661491843,14.43304201,51.09022087,0.23718235,5.298986357,0.427402664,-0.317765183,0.49554982,0.445800392,0.472056121,0.876330099,523.6792224,45001.7853,0.641065103,14.32229355,67.34647785,0.230899499,5.310261931,0.44043727,-0.348727176,0.483205482,0.453191501,0.436016181,0.858165308,352.5805429,44666.27481,0.648050573,14.90396605,135336.9291,103454.3957,11291.10565,46355.84663,54494.56505,44569.37456,23802.66642,23203.57441,19222.78408,0,33196.06206,176844.6715,20.0000288,188.0015264,51367.367,12310.06782,134489.9031,101922.2329,11126.95541,45067.14063,53008.19602,44404.75469,23696.47778,23147.44185,19963.96357,0,33615.1656,176059.7025,26.000056,226.0022928,50871.37548,12141.89844,136865.3383,104916.5816,11477.27025,46917.94676,54181.19982,45289.93966,24145.31889,23598.28228,19713.54684,0,33456.7301,178307.1455,14.0000144,230.0022384,53289.38975,11967.73566,136109.2988,103490.7576,11225.04055,46036.69405,53349.76896,45023.03412,23468.02963,23029.21978,19659.4847,2.0000016,32596.46293,178297.28,22.0000336,196.0016032,52006.06608,12227.9894,133622.6942,101811.2811,11237.06819,45436.47077,53839.73352,44149.86357,23634.33666,22836.8658,19314.9291,2.0000016,33288.35488,174832.8978,28.0000448,214.0019216,51240.85257,11663.45964,134350.5778,103257.0395,11189.02225,46050.73209,54253.52398,44583.47724,23688.4526,23181.50474,19681.49964,0,33705.39683,176777.3803,40.0000992,254.0029744,52702.99693,11975.74753,135163.2112,102770.8843,11281.10225,46385.96754,54074.79435,45269.88938,23622.31921,23656.37621,19591.36683,2.0000016,33950.07677,177793.945,30.0000496,196.0016544,52243.04897,12334.09612,136558.2141,102315.2647,11253.07354,46757.34109,54412.26952,44952.74245,23534.14944,23209.54536,19262.84188,0,34339.13211,179578.8373,30.0000496,178.0014448,51911.64862,12442.20291,138477.5899,105396.7559,11613.39717,45763.69102,54832.08139,45643.24997,23686.43764,23273.68076,19645.44452,4.0000032,33970.13562,180007.2852,24.0000512,246.0026192,52990.14945,12568.32815,135054.6357,103414.6569,11259.09041,45211.77127,52903.86377,44089.65465,23544.18813,22648.53399,19042.51202,4.0000032,33645.27861,178665.2422,34.0000752,178.0013648,51917.67434,11987.76497,135602.8392,103274.985,11295.31257,45998.36018,53934.99964,44797.59803,23682.23764,23178.50252,19509.83732,1.40000112,33576.27955,177716.4387,26.80005024,210.601964,52054.05692,12161.92907
21,CTJ4ap48,-293.3595161,4736.302857,933.8355628,1059.249876,45456.40322,892.0714147,1830.389409,1518.97188,1326.271253,1.0000008,35528.4745,12049.41555,4.80000544,176.601421,55230.66456,10413.5447,127.4839897,131.4487435,52.60273719,77.45841934,848.9497844,109.7294696,96.54609027,77.60805364,48.27715599,1.943652187,740.1393029,277.8192346,3.155247554,23.75934786,724.8452148,193.0977183,43.45657211,2.775344978,5.632976435,7.312572896,1.867613195,12.30052525,5.274620242,5.109248872,3.640066531,194.3650632,2.08322849,2.305665644,65.73424955,13.45365611,1.31239633,1.854293844,59.88499435,0.188543802,0.339194976,0.04026283,-0.159296381,0.511499987,0.580279455,0.487390275,0.831478289,2408.464785,4651.111288,0.643250143,1.157162302,7.663578608,0.002235671,0.00682492,0.001902869,0.06516884,0.039449088,0.052698426,0.05507903,0.052674164,1190.660391,2340.674805,0.008642208,0.020971354,12.79716011,1.185756852,2.012093406,4.726118673,40.91043372,7.712431937,9.081559828,11.30080615,6.335001776,49.43648743,50.32506556,1.343522163,1.812308775,71.72824254,0.188920692,0.348605893,0.039355992,-0.097139148,0.546320303,0.634223719,0.493553929,0.890267226,2618.095658,N/A,0.63340319,1.168787189,49.16042457,0.189560825,0.334875007,0.043125725,-0.19243928,0.483422247,0.48626645,0.49078372,0.799453885,1753.404496,N/A,0.651909238,1.151652037,65.39363012,0.187091088,0.341221655,0.039884592,-0.180881064,0.550310006,0.530150761,0.528687089,0.819844561,N/A,N/A,0.657820784,1.199750877,63.16120575,0.1886136,0.346797433,0.036699452,-0.111746848,0.542258308,0.636161491,0.530938948,0.864740507,2558.046771,N/A,0.62899242,1.15650704,57.53476793,0.188062052,0.329658589,0.040000079,-0.225148932,0.495194133,0.631767167,0.451950124,0.870132461,2646.617322,5970.847233,0.643503984,1.128013938,64.84164916,0.189388713,0.335949426,0.041241197,-0.253313105,0.444776783,0.545866556,0.534404841,0.786247226,875.3668372,6033.908565,0.647645315,1.148833358,64.08839546,0.190237503,0.333850629,0.043143704,-0.028653265,0.466559621,0.623502982,0.439033375,0.716130051,5127.103118,N/A,0.64402338,1.130206229,58.84443205,0.187942002,0.340916048,0.039368975,-0.174045379,0.549346715,0.59147046,0.527092575,0.863638129,1745.729962,N/A,0.646951693,1.173533389,46.54610667,0.183542224,0.332432828,0.03948764,-0.167304962,0.543780161,0.585040984,0.362784967,0.868170519,1675.673643,1948.578067,0.642037593,1.162862515,57.55108922,0.192079317,0.347642251,0.040320944,-0.162291825,0.493031592,0.538343981,0.514673187,0.836158329,2676.145262,N/A,0.636213838,1.151476452,6333.60937,4698.888362,968.0381775,2698.292994,45022.98456,2416.234772,1788.12952,1754.123825,1268.064679,0,35111.27238,12239.99645,4.0000032,146.0009424,55432.73693,10472.39101,6163.523586,4728.900291,964.0378159,2554.262685,46241.40521,2530.259478,2012.163223,1790.129182,1406.080166,0,36180.30786,12115.88086,6.0000048,214.0021264,55498.99548,10520.43539,6275.579392,4772.916833,1012.042139,2574.270456,46109.03549,2538.259913,1856.140011,1694.116573,1338.07207,0,36328.74077,12396.15306,0,158.001208,55225.89386,10332.27256,6031.460395,4488.811213,890.032006,2548.26364,44723.91616,2344.221826,1658.110905,1602.103586,1312.070196,0,34122.53013,11833.60586,4.0000032,162.0012656,54249.50932,10232.19527,6361.621563,4894.963322,914.0336732,2806.318512,46145.12828,2440.239864,1862.141881,1784.12903,1278.065877,2.0000016,36224.45888,11941.70402,4.0000064,184.0015456,56292.51686,10586.48622,6257.569076,4870.955124,854.0297659,2680.287893,46558.57085,2624.276721,1938.151367,1706.117923,1410.080182,2.0000016,35921.558,12067.82679,12.0000192,162.0011056,55464.86198,10504.41885,6243.560811,4548.831916,886.0322588,2708.295584,44017.45754,2326.219251,1916.150572,1546.096494,1336.071943,0,34714.25851,11589.37703,2.0000016,160.0011104,53902.17121,10254.21444,6337.612979,4804.927966,994.0399232,2680.290832,45962.45165,2530.257141,1826.134479,1744.123033,1302.069138,0,36055.94651,12292.05078,6.000008,178.0014416,55732.05369,10474.39374,6387.640479,4826.93424,960.0374415,2650.284986,44709.89308,2224.198741,1782.12802,1714.119136,1302.068181,6.0000048,35169.44411,11691.47775,6.0000048,216.001952,54777.85801,10054.0499,6249.56633,4726.899297,896.0324268,2562.265357,45073.18937,2486.248657,1834.135644,1702.117738,1310.070098,0,35456.22786,12326.08287,4.0000032,186.001512,55730.04821,10704.58961,6264.174398,4736.302857,933.8355628,2646.283294,45456.40322,2446.041636,1847.338562,1703.717652,1326.271253,1.0000008,35528.4745,12049.41555,4.80000544,176.601421,55230.66456,10413.5447
22,CTJ4ap49,-1351.911808,24145.93779,4229.120512,4101.977253,47443.00599,3579.075566,8608.601183,7472.384015,6966.948498,0.60000048,35199.16213,12804.17083,7.80000848,149.0010053,54486.02786,5319.937239,531.9937303,369.7006541,164.0737005,306.8010048,1004.076448,154.4857977,218.5373924,175.7230421,200.5263649,0.966092556,540.2959516,300.7518379,4.565577587,14.76498752,964.3953265,173.3085701,39.35121561,1.531109114,3.879617524,7.47934437,2.116384549,4.316360324,2.538593527,2.351632916,2.878252436,161.0152972,1.534968218,2.348858367,58.53298235,9.909320743,1.76998648,3.25771832,36.0720989,0.097634279,0.363771572,0.181450086,-0.157518122,0.49142787,0.476390169,0.41576495,0.868389677,978.9953697,6425.63445,0.646069531,2.408382082,4.309868965,0.002515447,0.007001104,0.002398852,0.062749946,0.019533941,0.031571549,0.014768006,0.025650569,688.7485924,144.0795778,0.006014419,0.073525755,11.94792956,2.576397239,1.924588029,1.322045294,39.83665168,3.974935623,6.627246044,3.552008416,2.953808642,70.35258937,2.242262285,0.930924405,3.052910751,44.21914734,0.101445671,0.374893848,0.181375269,-0.241326496,0.50775571,0.41534629,0.396413059,0.875788947,391.6569366,N/A,0.647521324,2.392923801,33.08541654,0.093697256,0.368292871,0.184712009,-0.089688262,0.473952004,0.501282396,0.415658976,0.837848626,1257.25361,N/A,0.654244026,2.571616519,35.41808311,0.0975745,0.367629498,0.183402464,-0.10287517,0.498988174,0.438940087,0.401941579,0.8996026,369.3619294,6331.20579,0.649923204,2.448702708,32.55553117,0.099259836,0.364592799,0.183202004,-0.190699288,0.46860258,0.457705282,0.408877755,0.835381409,2669.56986,6354.226075,0.648017654,2.380243413,35.7838861,0.09932095,0.359713666,0.179919614,-0.248151479,0.473628399,0.494224265,0.43032344,0.867200876,906.5308018,N/A,0.648172567,2.347506055,37.90935527,0.097820709,0.361547982,0.180864327,-0.195906413,0.49743968,0.472082515,0.393229489,0.882903335,672.8946991,N/A,0.637627347,2.356687903,31.24069313,0.094039588,0.352437582,0.178057528,-0.152060462,0.509233372,0.482249843,0.428767886,0.89550404,361.5017555,N/A,0.640671295,2.401080732,35.35371976,0.100059558,0.353688148,0.179226553,-0.177429583,0.499466219,0.490550221,0.43236982,0.866524389,919.2022949,N/A,0.653525018,2.31006471,42.43741444,0.096179627,0.36861816,0.179152907,-0.081769739,0.520414787,0.522739473,0.427622583,0.891791788,1336.785617,6591.471484,0.643275455,2.465418315,32.7177421,0.096945093,0.366301163,0.184588183,-0.095274332,0.464797771,0.488781322,0.422444914,0.831350755,905.1961928,N/A,0.637717422,2.409576659,32275.67969,24830.66212,4424.784664,11939.71418,48046.22306,11601.38454,8803.111514,8598.964221,6941.937651,0,34998.95358,13120.89237,14.0000208,124.0007008,54050.65789,5483.205259,32337.80323,23920.89209,4128.683976,12382.14155,47160.90661,11469.273,8801.102553,8278.74757,7035.985181,0,35115.27911,12932.70696,4.0000032,152.0010624,53673.06037,5029.018464,31940.77332,23694.45466,4194.707318,11629.42064,45835.95092,11152.98909,8492.89068,8504.90446,6765.835898,2.0000016,34443.43224,12662.42171,14.0000176,146.0009424,52996.1571,5171.073512,31477.67416,23918.8985,4026.655345,11947.72539,46903.9656,11361.1822,8683.021822,8160.671747,7051.993501,2.0000016,34856.59164,12708.46232,2.0000016,164.0011328,53789.57106,5339.143992,31226.97513,24065.18218,3992.640849,12229.98795,46853.71171,11523.31598,8516.903114,8258.733428,6807.859718,0,35496.37027,12768.52949,6.0000048,152.0010752,54763.76517,5439.189162,31982.89541,24311.65026,4258.730755,12187.95257,47335.48634,11343.15325,8646.998028,8492.900242,6705.803613,0,35089.22251,12686.4376,8.0000096,142.0009392,55030.92471,5383.164053,31483.71388,23650.43992,4222.720792,11923.71975,46570.95792,11315.13175,8378.825188,8368.816352,6769.84235,0,34479.6893,12151.93832,14.0000112,162.0011632,53818.06482,5061.028626,32357.84249,24471.97137,4290.739291,12414.17737,47931.79087,11743.53592,8683.021419,8450.859843,7228.091862,0,36021.87677,12740.51089,6.0000048,156.001072,55119.35392,5515.218181,32778.94547,24189.39785,4530.824677,12656.41178,48596.36322,11659.44562,8799.114155,8777.084713,7272.117887,2.0000016,35763.16892,13182.95351,4.0000032,126.0007664,55595.41973,5347.146744,32925.33857,24405.82897,4220.717451,12616.37574,49194.70362,11843.61839,9171.368208,8536.9165,7090.017315,0,35727.03692,13086.85516,6.000008,166.0011984,56023.30388,5431.184399,32078.76413,24145.93779,4229.120512,12192.76269,47443.00599,11501.30297,8697.635668,8442.859908,6966.948498,0.60000048,35199.16213,12804.17083,7.80000848,149.0010053,54486.02786,5319.937239
23,CTJ3ap21,-22.37834241,799.4261348,254.00277,442.350274,44429.49608,369.3264916,410.4302036,293.0948893,186.0015527,1.0000008,35270.33626,6307.997278,7.20000864,120.4007014,54882.91696,1127.451911,61.20301708,54.60555434,18.18460259,47.36000995,650.3805144,25.66880029,17.39637627,31.05592734,22.21149528,1.414214694,429.0496271,143.525185,3.552782657,20.08449578,712.0174814,42.62961424,273.4921825,6.830594093,7.159214285,10.70644978,1.463848506,6.950164928,4.238571167,10.59586109,11.94156445,141.4213562,1.216460268,2.275289267,49.34414435,16.68137771,1.297338992,3.781058317,9.593171721,0.020541696,0.178852825,0.009238867,-0.053450429,0.619149107,1.078961095,0.902290022,0.714034335,226.3059239,2735.434909,0.642698093,5.600444529,1.5773457,0.000695387,0.003764996,0.000393884,0.149013402,0.040608988,0.119616616,0.08616653,0.068191788,182.7583506,796.8676117,0.008057198,0.199225003,16.44237949,3.385248508,2.105080674,4.2633326,278.7880361,6.558838208,11.086277,9.549759864,9.550211302,80.75721018,29.13129495,1.253652096,3.557306956,10.38640853,0.02144343,0.178243406,0.008515772,-0.11886533,0.621330922,1.070486378,1.043136494,0.711688338,592.0282942,N/A,0.637213152,5.2966827,12.00048493,0.019881631,0.174743621,0.009315231,0.043433869,0.626034969,1.2717625,0.846377112,0.702948466,135.0057159,3026.733038,0.637693687,5.604817149,10.41862142,0.020677691,0.180332273,0.009014259,-0.307255244,0.585181931,0.92189505,0.852888252,0.725203745,81.86088397,3188.813896,0.638091402,5.564860818,9.20374037,0.0199633,0.182128534,0.00962272,-0.108631223,0.579788698,0.97546721,0.788931219,0.657144728,543.0233914,N/A,0.639835183,5.837323602,8.413005074,0.019606189,0.177955285,0.008968667,0.091400161,0.602704194,1.236963367,1.021177708,0.769512568,176.673977,N/A,0.652038511,5.918217857,7.548236353,0.019759131,0.176602537,0.00924687,-0.199417438,0.720103304,0.917703741,0.956983593,0.682212582,137.7560683,N/A,0.63671746,5.690833349,7.506792627,0.020941631,0.175850624,0.008926295,0.117088013,0.622708336,1.122563625,0.921592872,0.598844807,115.6053165,3180.811114,0.655324673,5.502878572,10.46338794,0.02078752,0.181459505,0.009664356,0.088836467,0.590498792,1.079568002,0.915495461,0.676197128,141.2563483,N/A,0.642668772,5.610017803,8.559171595,0.021518768,0.174708162,0.009317192,0.044596417,0.641308354,1.13304078,0.874689647,0.838299027,145.5067559,1545.38159,0.654073843,5.310343084,11.43186837,0.020837667,0.186504308,0.00979731,-0.185689984,0.601831569,1.060160295,0.801627863,0.778291961,194.3424879,N/A,0.633324246,5.668470353,1068.046181,804.0263049,236.0023904,676.0187013,44603.5495,660.0175461,382.0061873,294.0038609,170.0012368,0,35185.46471,6271.577065,2.0000016,114.0006704,55217.73148,1184.057536,1092.048495,776.0244648,254.0027664,776.0245864,43555.82372,598.0146132,408.0073313,310.0041553,178.0013712,2.0000016,34642.01382,6053.470919,8.000016,90.0003536,54323.90901,1080.047887,1100.049593,884.0317996,236.0024992,668.0181893,44739.96854,634.0166581,406.0069425,322.0042257,212.0019168,2.0000016,35366.00966,6377.632893,14.000024,110.0005744,55424.67669,1146.05434,1058.045789,798.0256536,250.0027696,688.0191653,44810.23319,602.0146676,434.0078801,314.0041009,220.0023424,0,34808.4479,6339.61159,2.0000016,118.0006832,54402.20982,1086.047652,1100.048911,768.0240616,242.0025552,754.023692,44770.07803,662.0183029,404.0071649,336.0046529,194.0017072,0,35253.6812,6273.578879,6.000008,126.0007888,54066.86969,1060.045276,1158.054491,896.032606,298.0037072,680.0189093,44754.02792,690.0192469,416.0072033,306.0039153,170.0013712,0,35512.39821,6271.579636,8.0000064,146.0009168,55774.18628,1102.049428,1102.049741,762.0238008,250.0026416,706.0205142,44976.81277,620.0159812,404.0066785,268.003072,198.0017296,2.0000016,36176.31352,6361.627318,10.0000112,154.0011184,55203.64942,1156.05446,1048.044315,730.0217623,248.002656,698.0206838,43457.46544,624.015978,422.0076049,306.0040561,158.0010448,0,34936.7762,6339.610101,8.0000064,108.0005536,54362.02552,1130.05169,1062.045565,754.0234904,260.0027424,712.020679,43513.69601,602.0148596,408.0069633,368.0060321,202.0016816,4.0000032,35382.04077,6181.531305,8.0000064,136.0008928,54094.87195,1164.054979,1056.045279,822.0274041,266.0029712,744.0229927,45113.30566,624.016074,444.0082466,366.0056369,158.0011248,0,35440.21662,6609.753074,6.0000048,102.0004624,55959.0397,1166.05586,1084.447836,799.4261348,254.00277,710.2208113,44429.49608,631.6163928,412.8072203,319.0043708,186.0015527,1.0000008,35270.33626,6307.997278,7.20000864,120.4007014,54882.91696,1127.451911
24,SN1,926.481919,3.00000272,5024.213128,4149.286992,47444.97729,2868.74831,10477.58425,9384.136923,1.40000112,0,36677.98408,68745.85363,10.80001312,344.8050897,57378.49024,40231.31199,30.05457683,2.708015887,108.0161116,134.0356591,686.7260033,91.77742084,249.5598365,206.7752941,1.646546522,0,387.8835537,626.419494,3.293095074,30.69931839,425.2408167,534.0379924,3.243946397,90.26711439,2.149911018,3.230329919,1.447415601,3.199214811,2.38184519,2.203455638,117.6103718,N/A,1.057537821,0.911210583,30.49158401,8.903383189,0.741115381,1.327418784,117.5812963,0.701138537,1.874481395,0.220834798,0.088512641,0.479620675,0.396321163,0.273863502,0.895937021,4345.198668,N/A,0.639239231,1.708989562,11.48215372,0.005593175,0.024793586,0.004096227,0.004617146,0.008993965,0.018454166,0.00857935,0.022782119,2367.630548,N/A,0.006149412,0.024010018,9.765289277,0.797727519,1.322690418,1.854883141,5.216369258,1.875224638,4.656366552,3.132710371,2.542825898,54.48843031,N/A,0.961989135,1.404924767,110.9475631,0.698103012,1.881369633,0.220149063,0.092034189,0.48781817,0.418290713,0.269731056,0.913860548,3328.473195,N/A,0.636286972,1.714776999,131.0545783,0.709975713,1.871301908,0.216930804,0.090330616,0.477981403,0.383854818,0.279685899,0.90692368,10287.91692,N/A,0.637876046,1.681266895,109.6622837,0.6912277,1.861559996,0.225057327,0.084947719,0.475615141,0.410360037,0.261649398,0.87119084,3271.636913,N/A,0.644003576,1.734379704,103.91958,0.70662928,1.821054253,0.224323788,0.08369187,0.477696771,0.371647688,0.276953367,0.90242986,2924.638117,N/A,0.644513223,1.660974968,112.6130254,0.699497739,1.879028499,0.224805954,0.08830221,0.491397826,0.399682323,0.276538641,0.905063665,2847.538557,N/A,0.640889144,1.721590936,117.4323674,0.701245494,1.876939459,0.222395768,0.082481733,0.478104959,0.367413212,0.271377781,0.865887752,3346.866156,N/A,0.647092029,1.731993392,141.641443,0.707529995,1.881311571,0.223787321,0.08956911,0.461651623,0.3915096,0.270201903,0.869558661,3352.21913,N/A,0.641158389,1.704830473,123.1299357,0.699453101,1.901079081,0.215811848,0.090006483,0.478632284,0.395448686,0.290199991,0.927868792,4038.716936,N/A,0.636774243,1.730721031,108.8492469,0.700995457,1.858881394,0.221509934,0.085646309,0.475258209,0.401859704,0.262652247,0.877533617,6712.463423,N/A,0.638876219,1.694155225,116.5629395,0.696727883,1.912288161,0.213576177,0.098116173,0.492050369,0.42314485,0.279644737,0.919052797,3341.517331,N/A,0.624922473,1.715206,966.038592,4.0000032,5091.038383,4366.766223,47405.8085,2816.318564,10436.36987,9537.641925,2.0000016,0,36404.95717,68491.18089,12.0000192,360.0055841,57214.68261,39941.74225,954.0367166,10.0000112,4974.991278,3998.640901,47979.98397,2914.345931,10408.3365,9439.566834,0,0,36972.65073,69186.99188,4.0000032,314.0042961,57962.12441,41151.7006,898.0327196,4.0000032,4997.002346,4312.746514,46683.21163,2750.305316,10506.42436,9153.356995,2.0000016,0,36577.49452,68091.20056,12.0000128,358.0053553,56797.03638,39259.68483,908.0337741,2.0000016,5167.073384,4020.648928,48218.86607,2996.360709,10816.68982,9761.814937,4.0000032,0,37345.7272,68008.59534,14.0000176,394.0064529,57944.08222,40944.98511,928.0351374,2.0000016,5149.064131,4188.702351,46610.87562,2898.339338,10478.40235,9483.621236,0,0,36525.38442,68632.23826,14.0000176,354.0051409,56991.73522,39865.58992,890.032422,0,5159.068579,3964.631451,48520.08291,2928.345667,10790.66109,9343.501274,0,0,37060.91489,69561.09356,12.000016,342.0049201,57273.0203,40162.44743,954.0367966,2.0000016,4902.965953,4158.693535,47457.95656,2870.33252,10620.5145,9235.416732,2.0000016,0,36453.1097,68579.65705,12.0000128,284.0035488,56855.07717,40226.67247,930.0355134,2.0000016,4930.974377,4074.668931,47737.0387,2990.359914,10302.26964,9559.664244,4.0000032,0,36768.05454,69898.97934,10.000008,328.0047329,57741.11461,40387.20167,900.0337069,2.0000016,4978.993198,4210.711553,47295.37764,2752.305144,10476.39599,9193.389661,0,0,36705.84959,68231.82085,6.000008,370.0056305,57453.77356,40274.83424,978.0396257,2.0000016,4890.959653,4206.711892,46540.57127,2780.312938,9939.957293,9135.345548,0,0,35965.69806,68776.7786,12.000016,344.0052353,57552.25589,40098.26143,930.6355004,3.00000272,5024.213128,4150.292228,47444.97729,2869.732604,10477.60214,9384.331939,1.40000112,0,36677.98408,68745.85363,10.80001312,344.8050897,57378.49024,40231.31199
25,CTJ3ap20,-10.6059283,815.6273552,382.6061993,530.5274309,44225.94445,422.0141372,676.665853,515.101017,450.2084589,0.40000032,35631.2359,4884.360714,9.20001056,128.400769,55356.61568,630.8164161,70.21778104,57.49029335,33.41488924,55.95780601,1535.660269,33.90422051,55.98005389,31.04889706,36.44859756,1.264912076,906.1106149,195.0760687,3.011097743,11.06761233,1734.293719,28.41431841,662.0616229,7.048597988,8.733493943,10.54758015,3.472306332,8.033906335,8.272924315,6.027729714,8.095937968,316.227766,2.543023255,3.993891526,32.72928573,8.619584146,3.132947521,4.504372061,4.931885867,0.011402585,0.137056253,0.015298405,-0.017515703,0.568224274,0.787343392,0.625977196,0.764720473,74.45270102,1110.700708,0.643833589,7.756340707,0.283518657,0.000556387,0.003299804,0.001108977,0.102288387,0.06010219,0.09280021,0.054948873,0.065765521,21.42934053,,0.009382016,0.459088384,5.748686501,4.879485573,2.407627701,7.24897449,583.981049,10.57719517,11.78649756,8.778094943,8.599942551,28.78248907,,1.457211284,5.918878523,4.884166273,0.012260091,0.141267226,0.013070487,-0.075675767,0.671163726,0.937098082,0.643749205,0.902350618,84.25229557,N/A,0.633622963,7.300937682,4.527119855,0.012013914,0.134719851,0.016686967,0.003881357,0.591977886,0.700451441,0.591546476,0.725181397,111.6696566,N/A,0.63978452,7.174320824,4.597101726,0.010845944,0.135032043,0.016881045,0.0642872,0.446803109,0.738551407,0.572823949,0.700828597,77.00183685,N/A,0.636941908,7.9299292,5.196826585,0.011214451,0.13723414,0.015166008,0.011647048,0.538683716,0.869873729,0.540924481,0.774321902,52.83466115,N/A,0.631937559,7.73318382,5.500110789,0.01124117,0.136733856,0.015760965,0.086912843,0.618051844,0.874586976,0.564698799,0.738764176,77.00184805,N/A,0.646060823,7.858468855,5.033432435,0.010738742,0.140051524,0.014656902,-0.073621239,0.593146147,0.769107052,0.664593654,0.757400544,60.40146948,N/A,0.652127043,8.504849312,4.967839689,0.010910408,0.142776201,0.014378367,-0.070020195,0.537314289,0.859623336,0.665543587,0.862544044,77.00187485,N/A,0.637744004,8.345669779,4.74295265,0.012026751,0.135041135,0.0157027,0.081989142,0.545268811,0.758226108,0.631513168,0.728551819,66.40172261,N/A,0.646328866,7.257237137,4.885340354,0.011728352,0.132385963,0.015252116,0.042121768,0.546021457,0.718520806,0.690895743,0.732892277,99.33575153,1110.700708,0.660382069,7.454185703,4.983968312,0.011046027,0.13532059,0.015428489,-0.246679189,0.593811752,0.647394988,0.693482899,0.724369359,38.62589347,N/A,0.653406139,8.004624757,1230.062213,920.0341709,388.0064257,850.0294234,44230.17649,674.018943,584.014218,586.0144244,462.0092274,0,34834.49146,4920.971981,8.0000096,138.0008656,54976.68727,674.0191734,1152.053932,830.0279674,436.0076865,794.0259417,44137.85908,708.0202342,742.0222903,594.0145108,430.0077585,0,35680.91471,4806.927503,6.0000048,148.0010464,55770.20636,670.0184757,1174.056468,812.0269321,346.0053841,844.0287498,45874.07625,710.020415,780.0254697,604.0151684,440.0079745,0,36176.29312,4884.958778,8.0000096,134.0008272,56796.84862,616.015434,1124.05095,806.0264281,374.0057265,874.0316444,45779.71977,640.0169221,700.0209319,600.0145508,448.0083298,0,35727.02102,4902.96699,12.0000128,122.0007248,56535.68221,634.01661,1134.052007,776.0247944,424.0076001,860.0299275,43527.72113,642.0173109,692.0198374,572.0132931,468.0092226,0,35404.09765,4840.938806,8.0000096,112.0005664,54799.94513,616.0155236,1140.053945,858.0301947,386.0063729,788.025332,44400.77905,714.0205878,656.0175525,550.0122771,410.0068913,0,36679.77261,5137.058071,10.000008,120.0006528,56246.36025,604.015178,1062.046122,800.0262889,350.0052273,828.0281962,45304.00177,696.0202918,658.0175285,634.016546,518.0110066,0,36007.83477,5141.061871,8.0000064,124.0006784,56461.26743,616.0154916,1158.054654,796.0256712,372.0057441,784.0254504,43447.4859,692.0195558,688.0193062,560.0127139,452.0082498,0,35684.9366,4818.934328,10.000008,140.0009248,55211.73271,664.0177573,998.0403713,702.0205654,338.0047953,680.019447,40586.63675,658.0179797,624.0161796,508.0105762,390.0062545,4.0000032,33559.49745,4442.806387,6.0000048,122.0007088,50818.30507,596.014986,1014.04193,856.0305387,412.0070305,736.0223815,44970.98826,762.02398,700.0198438,570.0135475,484.0096738,0,36557.49963,4946.982425,16.000032,124.0006944,55949.12172,618.0155316,1118.651259,815.6273552,382.6061993,803.8266494,44225.94445,689.619622,682.4193158,577.8137608,450.2084589,0.40000032,35631.2359,4884.360714,9.20001056,128.400769,55356.61568,630.8164161
26,CTJ3ap19,-151.6218729,2335.821023,640.6169728,764.4134219,44563.07842,598.8980166,1170.753055,1001.678814,915.834356,0.80000064,35971.58188,5847.774296,6.00000736,126.6007525,55815.81064,2288.611556,113.7503641,105.790283,26.9507779,65.95699028,972.470894,64.54588736,44.989801,43.718108,53.28265096,1.686549435,612.5715786,194.7861693,2.981428263,16.30421012,1471.785222,94.95510839,75.02239749,4.52904062,4.207003411,8.628444817,2.18223455,10.77744216,3.842808762,4.364483645,5.817935373,210.8185107,1.702931999,3.330945407,49.6904101,12.87844646,2.636860785,4.14902687,18.34728764,0.041009651,0.162539273,0.026280379,-0.127877174,0.547637722,0.653902408,0.512847423,0.855781811,524.8682334,1423.075591,0.644629599,2.558058574,2.500790711,0.001518785,0.003492232,0.001079978,0.093677034,0.025074231,0.063202627,0.062900578,0.026471934,351.170119,88.07350344,0.007592795,0.11319648,13.63030198,3.703481052,2.148546608,4.109444888,73.25547706,4.578616409,9.665452523,12.26496906,3.093304157,66.90633891,6.188954686,1.177853913,4.425093351,15.0144582,0.040940889,0.158816544,0.024958436,-0.073864942,0.564773948,0.682251485,0.547282169,0.88476286,380.3681295,N/A,0.652353428,2.53058785,20.30692066,0.042707707,0.16552736,0.026774739,-0.231630519,0.502649161,0.671629652,0.499467836,0.839610612,1198.115045,N/A,0.646195182,2.504535817,17.07953509,0.039219791,0.15742822,0.024752015,-0.071881528,0.587970534,0.715883302,0.573724717,0.884589895,218.618974,N/A,0.643993222,2.584988459,19.58059382,0.042569532,0.157664626,0.026574388,-0.11479671,0.557526854,0.592092983,0.519848998,0.860098553,279.0248463,1360.798219,0.658393137,2.438488351,22.11518286,0.042540707,0.161806025,0.02647829,-0.087134374,0.560045931,0.655280434,0.508575777,0.882893963,390.7030068,N/A,0.643683083,2.448285614,16.91323137,0.040079338,0.165961951,0.027126792,-0.280331666,0.569265854,0.601593724,0.374376825,0.864888887,287.5261443,N/A,0.63701831,2.63778812,15.68560971,0.041527194,0.162085632,0.024812394,0.016271497,0.544216381,0.769028608,0.586040754,0.813983783,596.0567079,N/A,0.6326494,2.469306715,18.93261441,0.039764596,0.165937129,0.026347578,-0.230854008,0.532353801,0.629241355,0.525258255,0.814156318,219.6191535,1485.352962,0.64829446,2.705324127,21.55554918,0.042161963,0.16481071,0.027838505,-0.05540574,0.533179848,0.669712123,0.548327342,0.851015206,603.5580673,N/A,0.637629557,2.49248782,16.28918109,0.038584788,0.165354538,0.02714065,-0.14914375,0.524394913,0.552310416,0.445571561,0.861818031,1075.092259,N/A,0.646086209,2.768792866,3190.411953,2364.22656,634.01629,1558.098363,44978.85431,1390.077356,1134.052775,1118.051306,896.0333165,0,36364.83564,5775.337503,6.000008,152.000944,55744.07077,2282.21182,3122.390751,2456.243506,604.01521,1630.107391,44880.49792,1406.080249,1214.060286,1144.053196,970.0391872,0,36256.53717,6001.448886,2.0000016,118.0007568,56107.7182,2396.232007,3084.38345,2286.210427,662.0177685,1572.099523,45488.70046,1396.078331,1138.052462,1128.051209,948.036315,0,35897.51295,5651.281576,10.0000112,128.0006848,55742.06645,2186.192188,2962.352284,2234.20187,636.0167045,1424.082216,42927.88118,1326.071042,1152.054163,1104.049631,882.032006,4.0000032,34523.89652,5443.197231,8.0000096,114.0007024,52436.59843,2232.201449,2958.353612,2208.198402,636.0167237,1484.089766,42889.89215,1302.069477,1146.053902,1116.05101,814.0268185,0,35470.39098,5739.322957,6.000008,106.0005328,55105.36457,2344.221167,3112.388637,2496.251389,698.020271,1574.100194,45201.66754,1278.066389,1238.061688,1190.05747,930.035395,0,36559.44311,6067.476516,8.000016,136.0008448,57391.51065,2300.213754,3236.419875,2324.219355,618.0154292,1652.109575,45767.69528,1428.082539,1148.053852,1060.045676,974.0383743,0,36322.72624,5887.392034,4.0000032,152.001024,57413.67372,2384.228739,3006.365631,2366.226295,622.0162644,1528.093884,44346.63678,1390.07912,1180.056278,1078.046852,910.0336509,4.0000032,35805.2272,5941.416601,10.0000112,116.0005664,55229.88302,2196.193995,2966.354534,2192.193454,662.0180981,1566.099173,44601.57877,1400.07955,1254.063474,1192.057724,972.0382415,0,36511.276,6017.449338,4.0000032,112.0005888,57260.95285,2414.2342,3184.407291,2430.238976,634.0169685,1482.088977,44547.37981,1336.071895,1220.06121,1162.054987,862.0302555,0,36003.97303,5953.420317,2.0000016,132.00088,55726.26773,2150.186239,3082.382802,2335.821023,640.6169728,1547.096906,44563.07842,1365.275595,1182.457009,1129.251906,915.834356,0.80000064,35971.58188,5847.774296,6.00000736,126.6007525,55815.81064,2288.611556
27,CTJ3ap18,-193.627519,4211.913442,918.4344496,1061.724714,44631.45038,877.2869308,1771.560346,1473.889874,1280.866655,0.80000064,35763.74464,6367.628135,6.60000816,120.6006562,55323.265,1443.284589,139.0223406,132.4476298,40.40956043,44.70207662,935.6038716,107.8757659,59.21888788,61.63395525,59.17221272,1.398412916,486.0230194,171.7620136,4.718762075,9.191881664,672.811061,68.98262789,71.79885448,3.144595244,4.399830652,4.210326463,2.096288298,12.29652034,3.342753072,4.181720516,4.619701237,174.8014747,1.358982468,2.69742532,71.49630668,7.621750956,1.216144891,4.779558268,12.03626103,0.026088722,0.17806606,0.039712211,-0.109797747,0.519136345,0.600217003,0.495531427,0.832420064,331.6036123,2680.690353,0.646466886,4.419780361,1.142095632,0.001215623,0.004985048,0.001657119,0.07904708,0.032544415,0.037734296,0.061996309,0.035566115,228.2130062,978.8187473,0.006200745,0.217280186,9.488790823,4.659573292,2.799549618,4.172819031,71.99335285,6.268953334,6.286775628,12.51107519,4.272616215,68.82102537,36.51368187,0.959174455,4.9160856,12.74647469,0.027218424,0.174560408,0.038038075,-0.102333551,0.561377749,0.634593035,0.451955737,0.833831161,188.0112575,N/A,0.652441424,4.184314267,12.50916067,0.026334539,0.176800694,0.039697946,-0.188229568,0.504125353,0.560939044,0.449370027,0.864355577,369.0216557,N/A,0.636895887,4.275891547,13.98072809,0.024944555,0.175092334,0.037817961,-0.240705099,0.550219721,0.570214703,0.520350598,0.891967397,233.0128903,N/A,0.647641631,4.545965426,11.28389668,0.024256786,0.175550888,0.038816435,-0.050603793,0.47590054,0.641407646,0.483564643,0.851461128,135.4072115,3173.804397,0.647736199,4.687787768,12.27184167,0.026213525,0.186555793,0.039974854,-0.209167836,0.506526626,0.606579326,0.396716574,0.801750459,362.0209492,N/A,0.639621825,4.552045428,10.81593465,0.025445763,0.182328632,0.042458505,-0.04594402,0.483658727,0.531278024,0.488213334,0.773904777,234.3463659,N/A,0.64313796,4.608329642,13.44905493,0.027995871,0.181381924,0.037868488,-0.120486043,0.562220013,0.643654939,0.596819621,0.805091152,260.0160352,3314.880199,0.655912939,4.249582055,11.67756421,0.027622441,0.176362661,0.039448846,-0.086585604,0.545734559,0.618060687,0.459425672,0.842806649,759.0455788,1553.386463,0.641057628,4.092999173,10.87356179,0.025479624,0.182417925,0.041350354,-0.003945478,0.50488068,0.61325912,0.581647825,0.804838829,76.11530173,N/A,0.652637467,4.672469756,10.75439291,0.025375693,0.169609342,0.041650651,-0.04997648,0.496719484,0.582183505,0.527250243,0.854193509,699.0388774,N/A,0.6475859,4.328418544,5721.314092,4258.728149,960.0377167,2512.254906,44958.78508,2170.189183,1726.120897,1600.102883,1250.06276,0,36053.95472,6293.593049,8.0000096,118.000616,55260.06378,1504.091865,5691.298923,4358.762824,920.0343437,2484.247814,45972.43015,2250.205461,1842.136588,1764.126777,1340.072836,0,35698.93469,6311.596413,4.0000064,118.0006416,56051.44484,1476.088985,5593.257007,4338.756265,946.036387,2434.239433,45464.6219,2318.216124,1736.121388,1716.119237,1310.069945,0,36298.67499,6355.619734,6.000008,100.0004576,56047.47013,1398.079206,5747.331151,4214.711847,828.0284618,2528.256913,44824.29007,2224.200777,1756.12445,1658.111308,1268.064848,2.0000016,36158.25566,6347.613872,10.0000176,120.0006112,55822.50261,1354.074499,5713.307602,4396.775846,906.0335421,2558.264861,44746.09195,2152.186451,1804.131392,1602.106492,1206.059505,0,35333.92552,6591.7485,4.0000032,118.0006224,55241.90102,1448.084955,5557.235933,4076.668036,916.0340813,2372.227449,44607.50249,2262.205896,1910.147597,1642.109955,1266.064779,0,35538.4692,6479.680467,6.000008,130.000792,55257.92505,1406.08007,5653.282125,4232.718202,966.0375967,2524.256612,45374.28212,2414.2338,1736.122268,1578.100664,1398.079187,2.0000016,36551.41345,6629.765701,6.000008,116.0005888,55726.01372,1560.098291,5613.264289,4162.696653,946.0361758,2466.244516,43943.23084,2162.190207,1750.124039,1642.109347,1300.068528,4.0000032,35231.66864,6213.550824,2.0000016,130.0007728,54958.66065,1518.092372,5529.228072,3998.646994,896.0327916,2428.2373,42919.62463,2344.22165,1790.129025,1596.102989,1204.059065,0,35093.27437,6401.642275,18.0000176,126.0007344,53771.46753,1370.076771,5559.237567,4080.669605,900.0333997,2422.235157,43503.64452,2294.212204,1828.134842,1724.119509,1266.065099,0,35678.87511,6051.47052,2.0000016,130.0007248,55095.20068,1398.078873,5637.875676,4211.913442,918.4344496,2473.046496,44631.45038,2259.206175,1787.929249,1652.310916,1280.866655,0.80000064,35763.74464,6367.628135,6.60000816,120.6006562,55323.265,1443.284589
28,CTJ3ap17,-82.38701271,3860.59947,1572.299999,1483.307517,45241.49438,1217.395488,3127.571156,2734.122963,3508.296438,0.60000048,35834.98318,5691.901678,4.60000432,132.2008152,55407.72793,1668.11248,146.2675999,109.093723,47.55446899,62.7938469,1192.416024,45.85763057,62.8243457,89.98844113,104.2490053,1.349898195,781.7997141,128.4440029,2.836275856,11.6410302,1148.215726,61.96886644,177.5372053,2.825823394,3.024516252,4.233366728,2.635668958,3.766863852,2.008726343,3.291309219,2.971499334,224.9828526,2.181666195,2.256609656,61.65811287,8.805566122,2.07230249,3.714909348,12.69475162,0.03010188,0.158843294,0.069151346,-0.025898763,0.502857672,0.47447606,0.389494681,0.874439002,509.5522241,2148.743428,0.646780602,3.415358745,1.0750438,0.000757517,0.001763943,0.001313564,0.046450143,0.016601307,0.022960671,0.019286453,0.031393185,290.3031692,1061.975945,0.007765076,0.118017045,8.468411456,2.51651028,1.110492774,1.899548836,179.3527461,3.301392735,4.839163208,4.951660127,3.590094363,56.97221118,49.42311543,1.200573488,3.455480205,13.92279483,0.03183559,0.156184554,0.066974896,-0.019972682,0.523958971,0.510679721,0.412525035,0.843808046,891.0633246,N/A,0.65552674,3.215996679,13.9008468,0.029944996,0.161129974,0.070312898,-0.016704374,0.517266501,0.435511266,0.378461193,0.839043395,834.0554342,2899.67382,0.64610359,3.476596041,12.97098441,0.030885383,0.159017106,0.068840528,-0.105884986,0.491722076,0.453866016,0.36372894,0.877322216,289.6868404,N/A,0.63955249,3.292812816,12.54910871,0.029771885,0.160260263,0.071652303,0.026880752,0.507818547,0.480479536,0.390315115,0.855621181,778.0485951,N/A,0.651737005,3.508260974,13.88218386,0.029585409,0.161043021,0.069826808,0.000644367,0.4826643,0.484288323,0.371037081,0.839789853,204.7633281,N/A,0.660037799,3.592800842,11.73309782,0.029973884,0.157246347,0.068751221,-0.035776377,0.51242749,0.500772664,0.393053122,0.890622896,277.6850359,N/A,0.638771443,3.351066428,10.87247175,0.030431232,0.156373374,0.068163192,0.022383182,0.5197552,0.453686689,0.389355541,0.88849663,169.6114688,N/A,0.643126933,3.304760378,13.01642793,0.029665137,0.159057288,0.068219153,-0.062866823,0.492517689,0.475717013,0.394855153,0.926726398,833.0552613,N/A,0.64851233,3.477166215,12.66230405,0.02953932,0.158922759,0.069895831,-0.086234412,0.474927993,0.464083848,0.374417004,0.865581634,411.5269178,N/A,0.648965532,3.491461336,11.437296,0.029385966,0.159198252,0.068876626,0.018543721,0.505517951,0.485675523,0.427198632,0.917377765,406.0260345,1397.813036,0.635472158,3.442665739,5233.100847,3824.58618,1630.107513,2870.330693,46452.26806,2538.259452,3158.401624,3140.398899,3698.550695,0,36695.80529,5731.31797,2.0000016,128.0007424,55979.11273,1782.128075,5247.10639,3828.589938,1662.111574,2682.289079,45699.43374,2472.245749,3258.42899,3188.410156,3534.501359,2.0000016,35991.76571,5799.35228,2.0000016,120.0007616,55705.87482,1668.112203,5161.069746,3970.633105,1562.098754,2772.311847,46147.11829,2458.246897,3222.421578,3284.43264,3570.5148,0,35991.79961,5723.311823,6.0000048,134.0008112,56276.53736,1738.122433,5219.095564,3710.555923,1544.096083,2704.295485,42436.11411,2404.234804,3084.382982,3078.381179,3422.473008,0,34064.58534,5459.199412,2.0000016,124.0007136,52267.37947,1556.098435,5419.181029,3912.615147,1546.09684,2862.332348,45874.28659,2472.246543,3248.424363,3182.406953,3534.501487,0,36545.4867,5885.395569,8.0000064,118.0007376,55368.77851,1638.107935,5113.048561,3772.574834,1578.100712,2806.316694,44794.21009,2448.241893,3124.391364,3230.421407,3500.493718,0,35506.39221,5583.250475,6.0000048,142.0009936,55585.44078,1666.111548,5475.202695,3904.611741,1606.104588,2710.29671,45334.10614,2484.248585,3132.397789,3206.41515,3308.440552,0,35845.35368,5605.258894,10.0000112,156.0010112,55736.04809,1696.116587,5269.115994,3948.626951,1550.096897,2820.320398,46135.01742,2538.259939,3192.410088,3408.46746,3530.503889,0,36423.02682,5793.347854,2.0000016,128.0006976,56163.96968,1666.111856,5299.128016,4024.649519,1504.091714,2818.322087,45310.12704,2506.252898,3212.414028,3236.420631,3554.510879,0,36164.2721,5747.325886,4.0000032,130.0007472,55726.02908,1646.108988,5191.080096,3708.551365,1540.095312,2722.299939,44232.26236,2518.257391,3090.383349,3272.431216,3428.473996,4.0000032,35121.34433,5591.256618,4.0000064,142.000936,55268.10873,1624.106737,5262.712894,3860.59947,1572.299999,2776.911528,45241.49438,2484.049415,3172.405615,3222.818569,3508.296438,0.60000048,35834.98318,5691.901678,4.60000432,132.2008152,55407.72793,1668.11248
29,CTJ3ap22,-36.6483999,1333.872442,359.4055023,531.6872579,45356.63291,438.5910193,619.0759981,471.7051613,339.6049454,0.40000032,36649.50152,5911.402569,7.60000896,116.8006346,56946.97374,823.2279111,90.6550858,58.39565294,27.81059076,35.30575073,575.7129509,43.25557183,30.51418447,31.66403252,21.64016906,0.843274717,499.0316105,111.733125,2.458551436,16.84455691,468.615861,39.67012463,247.3643762,4.377903847,7.737942402,6.640322899,1.269302666,9.86239342,4.928988455,6.712674593,6.37215958,210.8185107,1.361632737,1.890128843,32.34932286,14.42163133,0.82289862,4.818850782,7.212662841,0.014458713,0.161333757,0.013646695,-0.060630702,0.582779751,0.861512007,0.711978897,0.762200936,116.2716968,2950.696194,0.643572037,7.193353431,1.340074459,0.00074368,0.004260056,0.000597246,0.146047371,0.065250459,0.08322935,0.099909997,0.040629897,28.60422507,35.3718493,0.006967134,0.317220572,18.57946903,5.143476017,2.640523934,4.376490869,240.8802235,11.19641828,9.660846212,14.03271887,5.330601812,24.60119345,1.198762833,1.082572514,4.409912226,6.656438566,0.014970066,0.169172105,0.014104452,0.191518243,0.528593673,0.848491442,0.733522466,0.772772756,106.5035815,N/A,0.632442468,7.147037409,6.45178894,0.014213954,0.165345936,0.014500259,-0.106098001,0.529505157,0.851233442,0.634664192,0.755227379,100.0032189,N/A,0.639710708,7.441530127,9.933655834,0.015713669,0.163296176,0.013341836,-0.091349271,0.634823262,0.788923474,0.748157855,0.764452071,149.0053143,N/A,0.642080917,6.672493582,6.448443297,0.012980505,0.159132117,0.013861443,-0.150368866,0.530230904,0.883168842,0.678338821,0.709715499,53.43012025,N/A,0.641136713,7.859897955,5.828732032,0.014316332,0.159718085,0.013991434,0.009718671,0.511093979,0.785639289,0.624492064,0.790977129,136.0044935,2925.68452,0.642733084,7.170558473,6.754291149,0.014585724,0.161129979,0.013891798,-0.181025839,0.597050013,0.798561068,0.667917776,0.761803968,137.3377925,N/A,0.637073191,7.037812356,8.231016511,0.015182414,0.161188463,0.013578261,-0.268335456,0.577007207,0.789268668,0.625422928,0.834073754,107.0036953,N/A,0.655064868,6.954684568,8.708597787,0.014521865,0.160830682,0.013856153,0.123840454,0.611581302,0.859391649,0.683629399,0.71150906,139.3380476,N/A,0.646223493,7.156970678,5.840736961,0.014055661,0.160785035,0.012656626,0.034451647,0.580686235,0.998773867,0.766535075,0.719695943,100.7531886,2975.707869,0.64547135,7.383653856,7.272927332,0.014046943,0.152738995,0.012684693,-0.168658607,0.727225778,1.011668328,0.957108398,0.801781798,133.3375157,N/A,0.653783579,7.108895309,1806.131032,1216.059808,338.0048273,950.0363326,45336.15937,868.0313036,644.0168324,544.0122467,358.0054929,0,35995.81598,6089.487958,8.0000096,128.000832,56915.55803,852.0296747,1778.127908,1334.07173,344.0048577,1000.041627,44804.18905,850.0296827,654.0174549,538.0120275,340.0047521,0,36005.84711,5953.420493,8.0000064,124.0007072,56284.57776,800.0263913,1772.126399,1320.07041,386.0065937,922.0350462,45574.95906,888.0322124,612.0153508,508.0105314,310.0040209,0,36531.33174,5965.426793,6.0000048,90.00036,56895.21486,894.0326012,1776.127846,1352.075147,338.0047249,1016.042386,45988.50395,876.0314284,642.0166292,502.0107602,356.0053505,0,36946.56763,5879.385522,14.0000272,116.000576,57626.66038,748.0231367,1856.139947,1336.072337,332.0045665,958.0372415,46428.11739,844.0298027,654.0177173,562.0130483,346.0051889,2.0000016,36635.63667,5851.37372,6.0000048,140.00088,56999.76795,816.0276138,1816.132915,1394.078819,376.0063489,970.0385824,45334.20401,878.0310939,634.0164916,526.0113298,332.0046017,0,35991.77159,5799.353411,6.000008,122.0006416,56495.50491,824.0278538,1830.136124,1440.085125,352.0053249,964.0378063,44928.70064,854.0301723,614.0153172,552.0123939,310.0042161,0,36934.53154,5953.420352,8.0000064,104.0005504,56383.01391,856.0302475,1878.142941,1300.069373,386.0061329,978.0396449,45550.94068,858.0298779,636.0170949,502.0104242,380.0064737,0,37203.31625,5983.434714,6.0000048,96.0004096,57570.35558,836.0289546,1850.138466,1322.070549,332.0046049,1014.04169,45173.59261,872.0311467,576.0136963,458.0086578,334.0048177,2.0000016,37014.76637,5951.420498,8.0000096,138.0008176,57345.32811,806.0264761,1738.121677,1324.071117,410.0070417,1014.042445,44446.96233,974.0386912,568.0133891,498.010117,330.0045393,0,37235.43035,5687.302222,6.000008,110.0005712,56953.75587,800.0261609,1810.132526,1333.872442,359.4055023,978.6392802,45356.63291,876.2315412,623.4159974,519.0111537,339.6049454,0.40000032,36649.50152,5911.402569,7.60000896,116.8006346,56946.97374,823.2279111
30,SN2,845.5371897,1.80000144,4703.090247,3869.400536,46849.98049,2711.906914,9732.178597,8652.380014,1.60000128,0,36933.74485,69566.63525,12.4000176,348.8052545,57615.26996,40567.02778,40.9663882,1.475730755,191.7748312,165.7868569,1520.856322,117.1067368,310.156281,303.3805837,1.577622538,0,690.6184878,1311.776023,5.872737949,29.17008631,1379.881422,968.927744,4.84501317,81.98497637,4.077634516,4.284561791,3.246226158,4.318243232,3.186915221,3.506325234,98.60132972,N/A,1.869884818,1.885639601,47.36072269,8.362857479,2.394992548,2.388461263,117.0345576,0.704140815,1.883726826,0.2077412,0.086998406,0.483179258,0.39762737,0.27866184,0.889064921,4296.066116,N/A,0.641132872,1.715158509,10.04817657,0.007488294,0.02757427,0.001799498,0.005632807,0.008465294,0.01299251,0.008413865,0.014245819,2733.47329,N/A,0.006122113,0.023040413,8.58564921,1.063465456,1.463814685,0.866220941,6.474609519,1.7519987,3.267508953,3.01938168,1.602337273,63.62735619,N/A,0.954889881,1.343340139,116.1682778,0.714720789,1.870905967,0.208702134,0.075502753,0.49231062,0.388294374,0.28675375,0.890984992,10629.55104,N/A,0.638293468,1.670844161,127.6113744,0.701447082,1.891107019,0.20330112,0.08670459,0.49858121,0.410832814,0.278612825,0.891694562,6848.572582,N/A,0.637163444,1.71779781,123.0183483,0.697078629,1.83082091,0.208553897,0.094325319,0.48245135,0.394996358,0.269403423,0.897664748,3403.55315,N/A,0.646536622,1.698076397,102.7542526,0.711460477,1.874497649,0.206829804,0.089624884,0.484820994,0.40185022,0.269107967,0.901690878,4932.282465,N/A,0.650728741,1.714486656,109.7951212,0.692846006,1.89653744,0.207213973,0.082957771,0.469934476,0.399677201,0.277409432,0.880865679,2244.733189,N/A,0.635223445,1.738806366,105.6508093,0.697138148,1.884246023,0.209820034,0.090460451,0.481026869,0.4180345,0.287247993,0.917006335,5124.14201,N/A,0.63128846,1.7062655,134.8310814,0.704117041,1.873780554,0.208723204,0.088347179,0.48706038,0.408643801,0.277447002,0.877748816,2831.483682,N/A,0.645714035,1.718359778,120.8013825,0.705638882,1.942568849,0.207891084,0.083549026,0.48282623,0.37537855,0.277622347,0.88700152,1844.988077,N/A,0.637210411,1.754190602,118.9779286,0.714203554,1.886435164,0.208905544,0.084755242,0.480494928,0.394608408,0.269246589,0.866445121,2923.497935,N/A,0.644885952,1.703345678,110.7370003,0.702757541,1.886368688,0.207471211,0.093756848,0.472285523,0.383957478,0.29376707,0.879546558,2177.857032,N/A,0.644284139,1.729412143,782.0248408,4.0000032,5063.029511,3994.644126,49277.01188,2950.350341,10284.2431,9163.362077,2.0000016,0,37971.63044,71041.34997,4.0000032,366.0055825,59489.29822,42518.23818,854.0303259,0,4910.968052,4046.656361,48449.73772,2744.304549,9849.88595,8783.089742,0,0,37325.66886,70586.83437,6.0000048,322.0047473,58580.9955,41091.46836,930.0354238,0,4756.907809,3894.612915,47277.32548,2656.282846,9859.896007,8851.136719,2.0000016,0,37881.36394,69353.99321,12.0000128,332.0047937,58591.21148,40842.68136,832.0285802,0,4500.813908,3730.55846,44884.51323,2498.25172,9283.455059,8370.806744,0,0,36090.06445,67650.74095,8.0000096,384.0065601,55460.99656,39458.30707,828.0277513,2.0000016,4674.878686,3976.633874,48008.04276,2760.30782,9947.962823,8763.075109,2.0000016,0,37044.83715,70256.92063,18.0000272,368.0059553,58317.80526,40405.25846,880.0313067,2.0000016,4664.875183,4054.661512,46219.33993,2786.313551,9697.769047,8893.170809,2.0000016,0,37121.07068,69945.22978,8.0000064,388.0061985,58802.07388,40993.16887,842.0285242,2.0000016,4626.860079,3882.607112,45512.724,2636.28108,9499.612713,8338.786133,4.0000032,0,36352.81245,68117.19306,14.0000176,294.0035856,56298.62521,39640.82139,820.0275337,2.0000016,4722.901654,3672.541869,47052.44365,2716.297886,9781.834619,8677.014019,4.0000032,0,36653.68531,71202.30728,22.0000528,336.0047233,57522.10675,40589.83511,840.0284586,4.0000032,4730.897705,3886.609244,47130.79715,2652.283291,9845.884796,8530.918842,0,0,36956.61479,69716.25769,14.0000144,344.0050913,57307.21017,40929.01318,872.0306379,2.0000016,4378.769878,3560.511303,44687.86908,2724.30182,9271.446321,8154.668704,0,0,35939.70046,67795.5256,18.0000272,354.0053073,55782.37656,39201.48581,848.0293383,1.80000144,4703.090247,3870.003677,46849.98049,2712.49749,9732.199044,8652.60289,1.60000128,0,36933.74485,69566.63525,12.4000176,348.8052545,57615.26996,40567.02778
31,CTJ3ap23,-241.1478836,5110.649585,846.829587,1019.432833,43316.17203,840.6636004,1591.231797,1368.240074,1054.245502,0.40000032,34264.39971,7270.122095,6.60000784,116.8006493,52995.17169,2094.177456,155.3203075,107.9056575,48.52992354,66.08134149,1223.56021,23.98739056,71.84203923,84.42526245,37.35366578,0.843274717,829.6059217,204.5469742,3.53396737,11.00316169,1160.10855,86.58403049,64.40873757,2.111388302,5.730777985,6.482167275,2.824719157,2.853387556,4.514869509,6.170354462,3.543165773,210.8185107,2.421189131,2.813528735,53.54489654,9.420462778,2.189083482,4.134512586,18.08996763,0.039513745,0.212185769,0.036744175,-0.153625251,0.532397468,0.640707419,0.528952083,0.860587975,465.866183,3598.538902,0.646551091,3.474752304,2.072970339,0.001284986,0.003665316,0.001547002,0.102846265,0.023625532,0.033102818,0.020234104,0.050761781,348.7271397,207.3015432,0.005963707,0.116346552,11.45922636,3.25199764,1.727408887,4.2101966,66.94619782,4.437573997,5.166604392,3.825318855,5.898499927,74.85564576,5.760714248,0.922387518,3.348340881,17.10300394,0.038084148,0.212897875,0.037703449,-0.100229262,0.523877578,0.639905062,0.524828454,0.829832514,201.8162193,N/A,0.642629698,3.592426323,16.52376087,0.040959149,0.215767458,0.038806686,0.019436459,0.574422754,0.636983361,0.509639385,0.895998256,1107.098403,N/A,0.646794208,3.407227561,17.8180978,0.040069666,0.213035738,0.03604502,-0.184177446,0.515956929,0.663903025,0.518458087,0.85086146,1069.092026,N/A,0.651146011,3.46190485,17.13690234,0.03847024,0.215568852,0.038229554,-0.152201692,0.496084808,0.622171354,0.515290079,0.846443798,168.513691,N/A,0.641069125,3.592245161,16.22000664,0.03817751,0.216131494,0.036835327,-0.101043769,0.502874255,0.653088267,0.508692134,0.875633886,519.0429244,3745.123229,0.637268411,3.607720145,22.11955188,0.041815415,0.208454333,0.033484443,-0.069236212,0.551162644,0.704960318,0.569418915,0.903094934,282.0253747,N/A,0.647092586,3.225825983,18.91057237,0.039805013,0.208891447,0.037982576,-0.233815378,0.530673333,0.614601074,0.536807774,0.735492408,346.6951748,N/A,0.647461947,3.397794698,21.00169259,0.038991934,0.208967573,0.036462677,-0.198608705,0.547634656,0.638268748,0.514876916,0.907858605,262.5221907,N/A,0.659435908,3.534082743,18.28713598,0.040345221,0.215666155,0.035673585,-0.361270997,0.541342227,0.578952421,0.553676477,0.88011573,204.8163665,N/A,0.646481628,3.455779955,15.77895193,0.038419155,0.20647676,0.036218434,-0.155105513,0.539945497,0.654240564,0.537832609,0.88054816,497.03946,3451.954575,0.646131389,3.472515618,6983.956744,5165.073588,874.0313275,2798.315535,44250.28891,2570.266686,1682.114349,1534.09474,1074.047396,0,34054.38921,7250.107107,10.0000112,118.000584,52992.24312,2018.164454,7106.024268,5109.046862,958.0371071,2774.309236,42977.79586,2526.256415,1682.114025,1650.110342,1118.051108,0,34964.85741,7544.278415,2.0000016,134.0008848,54058.70516,2214.198576,6971.946642,5249.105149,828.0282858,2824.320549,44523.20839,2554.261734,1618.105673,1510.092955,1038.043693,0,34746.26248,7402.195661,2.0000016,120.0007872,53361.70676,2138.185762,6763.845002,5067.030084,820.0279338,2726.301943,43238.78533,2514.255311,1666.111852,1542.095934,1026.042496,0,33697.42726,7264.115704,12.0000096,118.0006672,52564.42083,2022.16591,7100.02354,5245.10278,806.027193,2804.317636,43513.67491,2536.258647,1616.106177,1548.097914,1038.043744,2.0000016,34655.99727,7490.25245,4.0000032,128.0007712,54382.10441,2076.173359,7021.976558,5147.064066,830.028249,2786.311896,44974.88121,2546.261485,1520.093647,1514.093319,1106.04962,0,34914.71717,7278.124074,8.0000064,102.0004752,53956.29304,2256.204803,6693.798383,5109.048635,862.0303291,2710.295801,42767.20449,2548.262434,1638.108883,1344.073214,1072.046658,0,33835.773,7068.003586,6.000008,110.0005744,52259.09134,2080.173823,6773.84061,5123.052324,880.0316972,2742.302701,44071.60275,2508.252883,1620.106529,1602.103669,1028.042728,0,35518.46336,7422.20709,8.0000064,100.0004736,53861.88854,2100.179206,6399.66186,5005.009037,794.0264217,2526.263147,41116.51437,2454.250082,1480.090354,1436.084363,1042.045581,0,32819.3461,7078.022192,10.0000272,112.0005472,50766.09247,2048.169237,6531.714066,4886.963329,816.0273257,2626.279597,41727.7641,2416.235668,1524.094342,1470.087959,1000.041992,2.0000016,33436.76387,6903.914673,4.0000032,126.000728,51749.17121,1988.15943,6834.678767,5110.649585,846.829587,2731.901804,43316.17203,2517.456134,1604.704583,1515.093441,1054.245502,0.40000032,34264.39971,7270.122095,6.60000784,116.8006493,52995.17169,2094.177456
32,CTJ3ap24,-531.0002474,9345.705147,1972.757599,1967.300213,44753.48905,1703.209104,3959.622388,3415.708223,3241.22296,1.20000096,34796.02893,5872.787747,7.4000088,121.600689,53526.08095,1123.051134,277.4992647,213.4316888,110.2900986,134.1272174,964.7509863,140.5408481,100.0745903,103.4300103,73.14095714,1.686549435,704.7952648,219.7017117,3.134045139,16.43323002,906.3976744,42.52684839,52.25972418,2.283740878,5.590656382,6.817831692,2.155700051,8.251532227,2.527377122,3.028069249,2.256585186,140.5456738,2.025504882,3.741012295,42.35191097,13.51409285,1.693375749,3.786724138,9.387200002,0.020979733,0.168752863,0.088491927,-0.134408208,0.498336534,0.497205443,0.430074855,0.862738705,196.1553138,2205.020259,0.650133872,5.233703047,1.295728756,0.000659359,0.004266298,0.002129801,0.071758409,0.027133813,0.037222275,0.033173724,0.019931159,138.6222678,918.7090838,0.011602413,0.22317514,13.80314424,3.142837935,2.528133445,2.406774661,53.38841272,5.444877359,7.486296855,7.713476764,2.310219686,70.66964697,41.66442825,1.784619065,4.264191868,9.300367814,0.020877083,0.1716229,0.085789158,-0.157696381,0.516079584,0.512885766,0.458825367,0.886201131,139.5061013,N/A,0.626000002,5.146118056,9.557771341,0.021913754,0.162758706,0.090613828,-0.130174745,0.495416605,0.46176744,0.404279824,0.861617518,116.6053236,2857.655409,0.659923936,4.90141343,9.877593651,0.021280848,0.16403182,0.085731056,-0.020224801,0.49946025,0.563401871,0.459233771,0.874077185,187.674959,1416.320655,0.652716516,5.031109488,7.833637592,0.020937953,0.172672415,0.087713173,-0.182116313,0.551608771,0.50556159,0.423431384,0.880153967,564.0252908,N/A,0.654795596,5.400009107,8.203225915,0.020552447,0.174924787,0.086563564,-0.146458956,0.497240792,0.543531922,0.461713181,0.875805494,113.2051135,3131.784886,0.650081873,5.532938908,9.000341422,0.020139119,0.169609476,0.089838424,-0.146262446,0.474158902,0.487109006,0.426494195,0.85287331,261.0107941,N/A,0.665016843,5.600699709,7.452329923,0.020640194,0.164930237,0.088359661,-0.257209442,0.488837535,0.481701646,0.365032902,0.849023749,181.3412046,1414.320086,0.650688966,5.1994805,11.05927646,0.02081458,0.165103003,0.091039875,-0.033923937,0.451036437,0.45843479,0.472319671,0.876398642,188.0081657,N/A,0.642093691,5.093141205,11.22493714,0.020406022,0.169251432,0.091386348,-0.084979764,0.489470012,0.448424179,0.417625783,0.820160961,110.0047583,N/A,0.639561614,5.304645852,10.36251876,0.022235332,0.17262385,0.087884186,-0.185035296,0.520056448,0.509236216,0.41179247,0.85107509,100.1714274,N/A,0.660459681,5.127474214,12037.79887,9129.342964,1970.15626,5017.010579,44499.13725,4746.902513,3858.596721,3830.591486,3212.414607,0,33464.79893,5743.325826,8.0000096,120.0006464,53458.14508,1116.050149,12336.08729,9291.465073,2010.162776,4987.001113,44778.15447,4688.882077,4098.675493,3944.625322,3220.418404,2.0000016,35115.26683,5715.315391,10.0000112,122.0006736,53211.08227,1166.054542,12576.33653,9139.363031,1910.146928,5217.091058,44609.53227,4754.90816,3866.600441,3802.581835,3300.438135,4.0000032,34537.73264,5665.287154,6.000008,114.0005648,52913.83286,1126.051255,12754.51733,9737.80502,2204.195393,5283.123064,45556.89362,4886.958017,4038.6547,3982.63555,3342.447732,0,35277.71532,6091.488286,2.0000016,144.0009792,53875.92026,1128.051484,12778.54556,9659.740623,2022.165654,5447.19292,46980.19887,5047.021892,4106.676251,3996.643007,3122.393751,2.0000016,35807.24536,6263.574783,10.000008,138.0008368,55081.13183,1132.052041,12155.91335,9201.400938,1892.144552,5027.014245,44418.94886,4720.895957,4032.65539,3862.599631,3296.439112,0,34475.56009,5847.381669,4.0000064,116.0005824,51841.63444,1044.044847,11981.74377,9365.516545,1872.141659,4982.99631,43343.11515,4470.801515,3870.606094,3696.548879,3194.410474,4.0000032,34301.07767,5657.284869,6.0000048,146.001064,52715.01354,1088.048098,12528.29496,9147.349333,1814.133941,4908.971595,44180.03628,4900.962756,4062.661322,3966.630524,3170.403759,0,34798.43801,5745.326602,6.0000144,102.0004976,54195.26542,1128.051702,12642.40906,9379.525706,1980.159306,4956.985409,44268.28749,4766.913355,4086.672587,3766.569941,3220.416387,0,34477.51851,5835.369384,10.0000112,98.0004432,53908.04852,1100.048815,12292.0579,9405.542234,2052.169518,5161.067633,44900.58627,4710.891355,3988.638672,3822.586444,3332.447235,0,35704.93597,6163.523506,12.0000128,116.0006016,54060.73529,1202.058411,12408.37046,9345.705147,1972.757599,5098.845393,44753.48905,4769.51376,4001.043767,3867.201262,3241.22296,1.20000096,34796.02893,5872.787747,7.4000088,121.600689,53526.08095,1123.051134
33,CTJ3ap25,-562.6485671,8459.669823,1469.287663,1534.113729,45229.00493,1388.099674,2858.133749,2540.484973,2018.964564,1.00000112,35851.39968,8325.980593,7.80000848,133.2008198,55611.16629,1090.048536,229.0017034,220.457406,84.72739168,115.6129555,1132.938929,122.0542862,91.20675647,103.1859257,76.8218468,1.699675159,493.2914618,171.1921405,3.047772788,15.46914504,1210.651442,53.68683987,40.7006641,2.60598121,5.766562519,7.536139813,2.504894659,8.792905038,3.191129753,4.061662508,3.805012143,169.9673255,1.375933621,2.05611986,39.07396763,11.61340077,2.17699344,4.925178841,8.288747299,0.019608098,0.232255172,0.063212789,-0.196964739,0.514573655,0.537070482,0.485259267,0.889223844,167.800718,2799.606517,0.644836379,7.658884151,1.077570537,0.001023028,0.004737695,0.002106521,0.080671894,0.034366248,0.041327005,0.035056784,0.035165268,82.85661706,1232.41238,0.010224835,0.486903796,13.00040281,5.21737551,2.039866312,3.332428046,40.95753104,6.678586729,7.694894048,7.224341043,3.954602462,49.37798719,44.02091411,1.585647934,6.357372514,8.38838565,0.019686989,0.226370993,0.062321435,-0.105112245,0.511079579,0.51438975,0.503726274,0.92120523,140.5062683,N/A,0.627209922,7.211977978,8.235619243,0.020289425,0.226815352,0.065523051,-0.310656901,0.467413115,0.548812818,0.463373243,0.863082454,280.0125894,N/A,0.653034765,7.300271559,8.211600181,0.020884893,0.234060548,0.0609676,-0.217649257,0.47884423,0.567053842,0.538710574,0.920551479,291.5135999,N/A,0.641621254,7.190758556,7.123541002,0.018771136,0.238544019,0.067089408,-0.251703966,0.476305381,0.461597839,0.50315399,0.832648658,104.0042325,N/A,0.653177789,8.300597899,6.873676424,0.019141947,0.234040614,0.061376915,-0.142574917,0.554638146,0.572897104,0.487710033,0.912473493,108.6047452,N/A,0.634012804,7.7518104,9.773949884,0.019304982,0.237585195,0.065015239,-0.148356801,0.509421686,0.574139433,0.448499049,0.854622824,103.6042829,N/A,0.650542327,8.006183415,9.948691804,0.020734845,0.226438144,0.060849832,-0.169633209,0.570151125,0.51210747,0.486729656,0.937261473,115.4053279,2065.181477,0.655456562,7.158016587,8.333642968,0.018429718,0.231931309,0.063945065,-0.151036528,0.544964999,0.513029989,0.517314894,0.910480501,87.50360562,2111.212495,0.639063049,8.042376429,7.014135247,0.018080811,0.237050539,0.062654066,-0.130426083,0.517036991,0.596557713,0.486489323,0.870758556,168.3401512,4222.425578,0.637719939,8.360900132,8.984230591,0.020756235,0.229715012,0.062385277,-0.342497483,0.515881299,0.510118857,0.416885637,0.869153767,278.5123774,N/A,0.656525374,7.265948554,11435.23832,8478.882595,1478.088429,4328.753293,46406.03322,4238.724149,2918.341943,2950.348958,2054.170195,0,35811.264,8106.631386,8.0000064,134.0008784,57096.13757,1124.051046,10978.83151,8596.964813,1390.079382,4512.819209,45388.37119,4198.709514,3000.363744,2854.327111,2064.172024,0,36049.93325,8176.678311,4.0000032,136.0008544,55203.69696,1120.051254,11265.07816,8580.948965,1354.07406,4478.804697,46381.95581,4338.75379,2854.329118,2892.3373,2076.173554,0,35823.30487,8384.822357,4.0000032,142.0009872,55832.47848,1166.055332,11393.19977,8777.083435,1436.083429,4332.75174,44940.74029,4396.774428,3042.372697,2808.318206,2138.18348,0,36190.33663,8632.988332,10.0000176,146.0010064,55406.56346,1040.044156,11227.04592,8400.831612,1572.099734,4438.792365,46181.20912,4138.688456,2860.328089,2868.330089,2024.164653,0,35971.70814,8418.840666,10.000008,158.0010832,56736.56414,1086.048321,10684.57923,8022.575906,1452.084997,4324.753175,43842.91763,3910.616548,2874.331765,2696.292944,1868.141124,0,34912.77387,8294.758203,10.0000112,106.0005424,53667.1826,1036.043989,11587.37482,8713.049615,1600.103332,4356.762332,46120.99378,4224.716564,2832.322671,2912.34229,2024.165114,4.0000064,36481.21727,8260.739124,10.000008,116.0005984,55657.71924,1154.054203,11128.958,8350.795111,1562.098149,4268.731204,44826.27733,4222.718285,2892.338277,2892.336516,2028.166113,4.0000032,36411.02526,8444.856736,12.0000192,126.000712,56975.63847,1050.044948,11223.04206,8372.806902,1464.086908,4494.812562,45195.58188,4124.684425,2856.327855,2734.301347,1928.149599,2.0000016,35624.71513,8444.857912,6.0000048,144.0008896,55862.63333,1010.041715,10576.4852,8302.75928,1384.078212,4150.694336,43005.96904,3842.595342,2708.295975,2608.274551,1984.159779,0,35237.71837,8094.632899,4.0000032,124.0006464,53673.0487,1114.050401,11149.9833,8459.669823,1469.287663,4368.767491,45229.00493,4163.69815,2883.935213,2821.720931,2018.964564,1.00000112,35851.39968,8325.980593,7.80000848,133.2008198,55611.16629,1090.048536
34,CTJ3ap26,-240.1752155,7297.137122,2011.763796,1968.868923,44868.04881,1578.0604,3975.49455,3469.611976,3674.342469,1.40000112,35107.07543,5635.074984,7.4000104,121.4006987,54326.6794,1057.445814,343.7959057,186.4996893,72.97973068,90.78022083,504.3346033,89.13629306,107.5990209,80.80227719,75.41453108,1.349898195,361.1243537,127.3789544,3.533969905,20.82861444,618.9747724,58.06279046,143.1437898,2.555792583,3.627649073,4.610780321,1.124039526,5.648471569,2.70655687,2.328856303,2.05246331,96.42122253,1.028636961,2.260466006,47.75628295,17.1569148,1.139356904,5.49085255,8.935794594,0.019465745,0.160505424,0.088607844,-0.05991146,0.506241027,0.495606265,0.397138956,0.873112293,186.1435053,2570.660519,0.646259719,5.342260344,1.535213828,0.001072738,0.002929837,0.002343142,0.086377582,0.019315071,0.027223412,0.023567322,0.023758421,123.1648556,565.3519049,0.006708172,0.294031562,17.18049594,5.510901253,1.825381953,2.644396165,144.1753927,3.815390346,5.492951465,5.934276051,2.721118617,66.16661451,21.99247628,1.037999323,5.503879321,8.000316792,0.020848608,0.157037607,0.092686564,-0.036553646,0.491892373,0.492218337,0.421520618,0.849076312,284.0128782,2747.602871,0.642183781,4.837109655,7.691462859,0.019050044,0.161822081,0.085314368,0.031632456,0.538097451,0.551360601,0.418855642,0.911684197,174.3407273,1427.826486,0.642752126,5.459907956,8.508505526,0.01947276,0.160776689,0.085819448,-0.001810889,0.51217934,0.513549478,0.383913867,0.903151784,173.007291,N/A,0.657978537,5.432594652,6.111316607,0.018374246,0.156839847,0.089619736,0.104850388,0.494086839,0.51259539,0.412975652,0.846962655,123.7546172,2686.57985,0.635814495,5.427218521,9.333670888,0.018388207,0.161372586,0.089688606,-0.176808696,0.494331887,0.479029687,0.390012308,0.853286971,168.0067181,N/A,0.648093097,5.687583431,10.27489872,0.019113014,0.157763413,0.088998352,-0.127121868,0.538582732,0.452134871,0.377246592,0.876630639,74.86017907,2788.620901,0.644707708,5.32157247,10.78889252,0.020347122,0.159442773,0.090567998,-0.109935168,0.481878357,0.493459539,0.372063548,0.848062329,140.256207,N/A,0.639322018,5.009813033,8.283626347,0.018411421,0.16007766,0.089049002,-0.054193774,0.503776016,0.483966509,0.371003949,0.891848655,497.01994,N/A,0.654113739,5.687176312,9.258448639,0.021427447,0.165553566,0.085821364,-0.137011369,0.512582566,0.505368557,0.437520701,0.879434392,95.67105977,2880.663359,0.649519876,5.018345494,11.10680704,0.019224586,0.164368013,0.088513005,-0.092162029,0.495002711,0.472379681,0.386276685,0.870984998,130.5054358,2892.669647,0.648111813,5.541281918,9827.87339,7208.084962,2044.168584,4460.797743,44836.30767,4116.679367,4202.707855,4040.658073,3676.543063,2.0000016,34992.95641,5495.210137,4.0000032,142.0009296,54490.56401,1136.052422,10036.03814,7160.056226,2088.175615,4538.826591,45486.64529,3974.636376,3928.620489,4060.661923,3752.565097,4.0000032,35293.7651,5711.310512,6.0000048,136.0008128,54910.38255,1046.0452,10006.01441,7232.09492,1982.158763,4410.78103,45095.23586,3858.599129,3918.617968,4024.650787,3800.5795,0,35075.20556,5639.275414,6.0000048,122.0008112,53307.52235,1038.044576,10122.10214,7011.973654,1950.154219,4372.769077,44041.4909,3930.622085,3992.641877,3840.591029,3572.511891,2.0000016,34258.92144,5373.163998,8.0000256,162.0011152,53881.94465,990.0401057,9661.741877,7500.255635,2020.164065,4470.80391,45564.93373,4054.662754,4134.688213,4010.647652,3758.569052,0,35528.45051,5733.317945,6.0000048,108.0004992,54819.97981,1008.041115,9927.949776,7540.276895,2168.190622,4346.759489,45233.80011,3992.64204,4072.667086,4040.655992,3672.541972,2.0000016,35351.96244,5577.246263,14.0000304,102.0004976,54834.09306,1048.044783,10052.04927,7580.305714,1942.151649,4528.825908,44501.12054,3986.63763,4076.671702,3922.618964,3622.527775,0,35255.69477,5621.265735,8.0000096,104.0005728,55145.44119,1122.051002,9715.783083,7174.060432,2016.165697,4340.759577,44942.7537,3838.590582,4048.657288,4076.668363,3642.532509,0,35315.88709,5653.284581,2.0000016,120.0006656,53990.43773,994.0406753,9495.612048,7234.108949,1946.152142,4342.756915,44240.24726,4034.65511,3842.592426,3838.591226,3586.515884,2.0000016,34800.40619,5761.331326,12.0000128,124.0006816,53578.66246,1148.053942,9783.83618,7330.153831,1960.156605,4326.749082,44737.95299,3934.620272,4006.645127,3958.629164,3658.537953,2.0000016,35197.50484,5785.343923,8.0000064,94.0004016,54307.76621,1044.044322,9862.900032,7297.137122,2011.763796,4413.982932,44868.04881,3972.234535,4022.451003,3981.437317,3674.342469,1.40000112,35107.07543,5635.074984,7.4000104,121.4006987,54326.6794,1057.445814
35,CTJ3ap27,-26.64785334,3243.023291,933.0355692,1067.319925,44281.22384,826.3162865,1816.652298,1523.563583,1540.296286,1.00000112,35066.18001,5170.474743,7.20000768,118.4006646,54173.51193,871.8312352,94.874804,66.71022503,48.12631061,74.9744329,778.0108072,52.3216433,86.35992147,69.46457398,64.6331851,1.699675159,515.769556,137.9461051,4.237405093,16.43317134,764.5252837,35.32289514,356.0316953,2.05703811,5.158036006,7.024551044,1.756976749,6.331914807,4.753794745,4.559348539,4.196152758,169.9673255,1.470846143,2.667958204,58.85278573,13.87928977,1.411252947,4.051574859,7.492621816,0.01609513,0.147451116,0.041041057,-0.01441108,0.514951123,0.588586152,0.455778557,0.841653046,155.2920665,1760.371553,0.647333488,5.938117609,1.089455519,0.000664668,0.003380478,0.00217479,0.052616115,0.041062218,0.047847512,0.03577227,0.07651074,67.81650335,804.8300617,0.007977247,0.259406918,14.5403778,4.129621247,2.29260911,5.29905886,365.1087651,7.974003056,8.129228232,7.848607404,9.090532099,43.67029488,45.71932898,1.232324147,4.368504213,9.213047869,0.016305407,0.14262891,0.044057592,-0.044792143,0.455831049,0.548461278,0.403066073,0.789311215,216.5076347,N/A,0.654083613,5.721490549,7.898566659,0.01717475,0.145015166,0.036217368,0.050345826,0.600409254,0.631164849,0.505217151,1.034684904,93.20345863,N/A,0.657090434,5.5481493,7.276070635,0.015653875,0.143453026,0.043035399,-0.002855681,0.510523455,0.503596985,0.451357909,0.779480053,105.5035597,N/A,0.649410103,5.951232262,6.984076607,0.015872166,0.15175682,0.039844972,-0.08120833,0.542313666,0.61161171,0.456779212,0.869847896,216.5074979,N/A,0.648426805,6.199733093,7.63658867,0.015304895,0.14686865,0.041088816,0.039159143,0.498854352,0.578956491,0.459950439,0.840818728,52.50176876,1282.261589,0.636274064,6.105805522,7.396766953,0.015860988,0.148660518,0.04076002,-0.060422053,0.519593716,0.549964983,0.454112661,0.873752346,214.5072299,N/A,0.635290362,5.954395571,6.257750588,0.0155765,0.150238653,0.040259327,-0.011318884,0.473163911,0.673858436,0.507637519,0.843408018,206.5067506,N/A,0.657332016,6.340106798,9.340714083,0.01602659,0.144788781,0.042172259,0.055461394,0.505369372,0.580103021,0.458456866,0.812770496,73.16913995,N/A,0.642309208,5.802804381,6.183281376,0.015852235,0.149272256,0.040387072,-0.086348221,0.548164069,0.607305064,0.396770909,0.783828418,219.5077651,2689.578384,0.650602491,6.126385514,6.739354719,0.017323897,0.151828383,0.042587741,-0.00213185,0.495288388,0.6008387,0.464436834,0.78862839,155.0058594,1309.274686,0.642515784,5.631073099,4256.73497,3136.39849,872.0308619,2100.177596,43421.73683,1800.133674,1932.150991,1718.120001,1494.090503,0,34740.42901,4954.989506,4.0000032,94.0005136,53113.13158,866.0312316,4636.864914,3290.434991,968.0388144,2120.18014,44517.2686,1894.145005,1632.107841,1884.144789,1550.097224,0,35658.84164,5171.07283,10.0000112,118.0006032,54267.78387,932.0356302,4436.79602,3208.414227,954.0372575,2016.164199,43423.39714,1896.14547,1888.143793,1668.114088,1518.093121,0,35015.04064,5023.013525,8.0000064,116.0006816,53918.22593,844.029153,4378.769718,3268.429577,978.0387808,2198.195338,45261.81876,1896.145493,1824.134573,1794.12987,1618.106277,0,35380.01849,5369.159093,4.0000032,124.0007424,54562.85616,866.0306843,4564.83649,3244.422868,928.0351278,2164.188224,45275.89315,1920.148684,1880.142388,1780.126886,1550.098072,4.0000064,34922.73246,5129.054563,16.000016,110.0005744,54886.30518,840.0291402,4390.774132,3248.425836,918.0340541,2060.172703,43347.14593,1868.141272,1786.128859,1754.12386,1510.092324,0,34367.21294,5109.047684,4.0000032,116.0006272,54096.85872,858.0296058,4532.826769,3288.433766,840.0285098,2298.213811,44097.69632,1980.158666,1794.130632,1702.117936,1470.087277,0,34858.56339,5237.103603,4.0000032,132.0007328,53030.37511,826.0276633,4546.830131,3208.412411,954.0369439,2170.189349,44764.05433,1918.148288,1908.147628,1756.12445,1592.102307,0,35189.48501,5095.042622,12.0000192,94.000424,54785.89527,878.0310843,4506.815045,3368.455601,996.0408817,2232.200124,44990.8529,1826.134757,1838.136505,1654.110131,1650.110287,2.0000016,36035.90654,5379.161072,4.0000032,142.0009392,55388.51607,878.0317628,4382.770265,3168.405143,922.0344605,2180.192664,43712.37444,1904.147397,1880.142744,1670.112259,1450.085469,4.0000032,34493.56996,5237.102934,6.000008,138.000808,53685.17139,930.0363967,4463.401846,3243.023291,933.0355692,2153.987415,44281.22384,1890.344871,1836.336595,1738.122427,1540.296286,1.00000112,35066.18001,5170.474743,7.20000768,118.4006646,54173.51193,871.8312352
36,SN3,998.4720766,2.00000192,5233.101063,4367.497415,47437.16306,3017.510766,10952.79114,9854.09911,1.40000112,0,36898.23729,69256.85171,11.2000128,363.8055679,57491.00166,40199.59352,51.74360584,1.885619969,151.9338174,151.0924654,810.0821538,67.43896032,187.371198,212.3341245,1.349898195,0,548.9116674,952.8793535,4.638012908,37.58893633,769.6081349,477.7705938,5.182278709,94.28090793,2.903322822,3.459474638,1.707695194,2.234920288,1.710716434,2.154779672,96.42122253,N/A,1.487636558,1.375862936,41.41078221,10.33214982,1.338658421,1.188496082,111.5392065,0.699258565,1.877034745,0.230945404,0.091180391,0.477882519,0.398811903,0.275501082,0.899819201,5273.966705,N/A,0.641832162,1.722935612,11.25214752,0.004625965,0.012546417,0.005296371,0.004859644,0.015159406,0.013936979,0.003937333,0.019951519,5417.097685,N/A,0.007154495,0.023871171,10.08806488,0.661552833,0.668416873,2.293343297,5.329703276,3.172203539,3.494624545,1.429153323,2.21728091,102.7139151,N/A,1.114698738,1.385494065,100.3391784,0.694973204,1.879089734,0.234769635,0.086210554,0.471858546,0.400616012,0.271787433,0.917721385,20268.83801,N/A,0.63498917,1.716903076,95.78310626,0.696512965,1.882102879,0.233142132,0.097097058,0.479681777,0.400402112,0.275977908,0.880671637,2832.487748,N/A,0.655284729,1.770696796,112.2618968,0.697519454,1.864829029,0.235821165,0.085854532,0.461277021,0.389142661,0.28122239,0.872927233,3996.578073,N/A,0.630751165,1.686322976,106.8294442,0.696857864,1.86469757,0.223687794,0.096760314,0.512200506,0.410037938,0.281978448,0.922790153,2899.698992,N/A,0.640206739,1.713106807,102.5121806,0.701242987,1.878548227,0.226017249,0.098773171,0.477791335,0.420401399,0.276846087,0.930855118,4080.050233,N/A,0.644520805,1.726596111,121.1207031,0.694280105,1.873177692,0.230837385,0.091739162,0.477160235,0.406790908,0.27152697,0.90885481,2872.328454,N/A,0.640037533,1.726830455,126.5386355,0.702011237,1.905389276,0.240637345,0.089411307,0.462973108,0.370120199,0.272779842,0.878143653,2801.958878,N/A,0.639547288,1.735850483,125.1269738,0.708464585,1.861661017,0.228662303,0.089741841,0.483163997,0.389488876,0.270546888,0.902193773,4054.166446,N/A,0.643571706,1.691139375,103.535687,0.704510178,1.878826156,0.22519614,0.085731246,0.489006888,0.394361027,0.275747037,0.890893493,6695.404526,N/A,0.650716057,1.735365061,121.3442591,0.696213077,1.882025866,0.230682888,0.090484727,0.46371178,0.406757898,0.276597819,0.893140759,2238.155696,N/A,0.638696424,1.726544977,972.0384271,2.0000016,5305.128122,4504.81507,47889.70115,3056.375259,11243.07322,10318.26386,2.0000016,0,37038.84656,69599.31633,2.0000016,404.0067809,58329.88702,40537.70845,1094.048663,2.0000016,5391.172031,4500.813319,48206.90024,3102.388329,11239.0595,9897.920936,0,0,37307.6131,70216.76601,14.0000176,414.0070193,56933.43889,39654.87832,962.038432,4.0000064,5139.060333,4336.755953,47243.17916,3134.394608,11140.99267,9725.788469,4.0000032,0,36140.19772,67395.2898,10.0000112,356.0052577,57297.07644,39965.8255,1046.044295,0,5537.233143,4432.786828,48329.30172,3048.377324,10810.67487,9975.984317,0,0,37295.60309,69545.02046,14.0000208,380.0061537,58255.56158,40595.8462,1064.045775,0,5147.064213,4528.824266,47662.81972,2982.357526,10772.64497,10028.0265,2.0000016,0,37500.259,70446.04503,10.000008,398.0067025,58183.16294,40800.53497,1000.040677,2.0000016,5187.079891,4422.784125,47092.58678,2952.352462,10870.7296,9879.914881,0,0,37070.91496,69440.41093,14.0000144,332.0046753,57919.90789,40212.63971,984.0400721,2.0000016,5081.03625,4062.664508,45607.20954,2994.359811,10974.82337,9637.727628,2.0000016,0,35737.07768,68093.04456,14.0000208,310.0039953,55878.71036,39227.48257,966.0390464,0,5201.08885,4192.709433,47076.60482,2912.341176,10764.64489,9711.795586,0,0,36828.21916,68561.65994,10.000008,324.0044545,57224.73321,40541.69689,938.0361118,6.0000048,5303.129072,4278.734336,48156.65125,2992.360268,10844.71753,9661.744103,2.0000016,0,37105.03988,69713.91946,6.000008,388.0061249,57021.86001,40172.48072,986.0398112,2.0000016,5039.01872,4420.787892,47106.67622,3006.362862,10866.72969,9705.774977,2.0000016,0,36958.6018,69557.04456,18.0000176,332.0045153,57865.67828,40286.84192,1001.241131,2.00000192,5233.101063,4368.167573,47437.16306,3018.166963,10952.80903,9854.294126,1.40000112,0,36898.23729,69256.85171,11.2000128,363.8055679,57491.00166,40199.59352
37,CTJ3ap35,-20.87094924,527.6114777,268.0031373,426.0237305,43906.06448,341.302857,409.6339583,287.7765134,217.0020635,0.20000016,35436.82318,5559.640549,6.00000544,119.0006942,55005.08664,382.2061939,94.03591914,44.3518688,35.49095607,34.58060385,664.4533864,32.33785695,39.6355452,27.41434236,15.4706635,0.632456038,368.0369072,108.3921401,3.26598959,23.15670247,769.2406466,20.90148927,450.5588992,8.406160721,13.24273903,8.117060476,1.513352186,9.474827497,9.67584459,9.52626121,7.129270224,316.227766,1.038571955,1.949624965,54.43311048,19.45930032,1.398490019,5.468642215,3.334552852,0.006949505,0.15689343,0.009327341,-0.043164976,0.659258873,1.048370248,0.838117353,0.712282487,89.03303858,2785.620626,0.644310202,14.58908224,0.735614479,0.000384449,0.002896448,0.000850725,0.235145241,0.111811221,0.134000833,0.094714542,0.126708492,61.91342041,,0.007388561,0.911570459,22.06036347,5.532030315,1.846124713,9.120764541,544.7593404,16.96013902,12.78182336,11.30086875,17.78907863,69.53982633,,1.14673972,6.248305714,2.58335713,0.006619547,0.157436003,0.010603234,-0.235678584,0.604700859,0.972472143,0.751158445,0.616240258,62.00093762,N/A,0.632629541,15.04614423,4.900060201,0.007222774,0.157818164,0.009258801,0.12563309,0.506158303,0.915126289,0.918993576,0.69075118,196.0030353,N/A,0.649036565,14.1814983,3.212159368,0.007602759,0.155207193,0.007696034,-0.030316824,0.932223303,1.329565118,0.897768001,0.985217648,42.40073185,2785.620626,0.64363254,13.13949314,3.490229382,0.006441191,0.156727556,0.00871616,0.540615708,0.582463536,1.192777593,0.885540985,0.720991268,59.33419361,N/A,0.637843432,15.52005657,3.660756315,0.007492598,0.153413286,0.009130855,-0.171129016,0.642644613,0.947142426,0.780027882,0.743627391,205.0033377,N/A,0.638849502,13.08064285,3.936215253,0.006714043,0.160844041,0.008902871,-0.109590009,0.710605209,1.156516053,1.017389553,0.796579035,46.25070241,N/A,0.646583871,15.48979739,2.591572092,0.006671407,0.162392502,0.009708104,-0.28016693,0.614380082,0.966541342,0.767795455,0.693198928,92.00134002,N/A,0.637353632,15.51418554,2.666691712,0.006954643,0.153629192,0.009893664,-0.021100277,0.68503842,0.998674044,0.698940324,0.587120325,32.00048614,N/A,0.650168106,14.36231921,3.528339068,0.007002545,0.15603165,0.009007138,-0.137126318,0.663988785,1.040131536,0.853214778,0.760619496,62.33421477,N/A,0.654838737,14.59120559,2.776147994,0.006773538,0.155434713,0.010356552,-0.112790605,0.650385616,0.964755939,0.810344536,0.528479336,93.00140642,N/A,0.652166094,14.96547957,654.0173845,554.0124083,290.0034672,652.0175109,45229.75644,542.0120595,482.0098386,322.0042417,190.0016944,0,35552.57168,5597.254778,6.0000048,144.0009664,56198.08966,372.0059233,760.0239368,512.0109282,206.0019344,544.0121443,43957.21609,542.0118483,410.0071249,314.0040529,236.0024064,0,35225.58948,5559.237871,2.0000016,80.00032,54273.65943,392.0063841,740.0226471,542.0118995,320.0043713,638.016482,44603.50448,486.0097714,346.0049329,368.0056001,214.001944,2.0000016,35895.53818,5571.245708,10.000008,132.000816,55770.23523,424.0076577,782.0248312,416.0071713,222.0021584,594.014434,43728.36893,474.0091506,384.0060929,306.0039601,224.0022144,0,35253.68999,5525.224669,6.0000048,102.0005872,55270.13095,356.0054465,716.0215143,566.0129683,254.00284,564.0132387,43286.87926,494.0106258,398.0066065,324.0043489,216.0019424,0,34958.87027,5363.155176,2.0000016,112.0006272,54721.60529,410.0070033,666.0183541,512.0107938,278.0032368,624.0164709,43943.16871,566.0131027,394.0063441,342.0050065,218.00204,0,35632.75712,5731.31666,8.0000064,94.0004272,55109.2576,370.0059153,654.0177013,558.0128339,260.003168,596.0145124,43592.03037,508.0106786,426.0074865,324.0046369,220.0020416,0,35157.46076,5709.308003,4.0000032,142.0009328,55161.62295,368.0056545,708.0206374,518.0109906,298.0036816,608.0150212,43969.29875,474.0094834,438.0079185,288.0034688,234.002456,0,35899.55909,5515.220247,12.0000128,144.0009888,55215.8107,384.0062433,728.0214534,564.0132067,256.0027168,590.0143156,42805.24798,514.0107762,388.0064673,320.0042337,192.0016544,0,34974.9256,5457.195335,6.000008,106.0005232,53409.98271,374.0057873,688.0195398,534.0115763,296.0037985,618.0159796,43945.17382,544.0123619,458.0086642,272.0032192,226.0022416,0,35817.26966,5567.247044,4.0000032,134.0007536,54920.4719,372.0059233,709.6208,527.6114777,268.0031373,602.8150109,43906.06448,514.4109858,412.4071476,318.0042769,217.0020635,0.20000016,35436.82318,5559.640549,6.00000544,119.0006942,55005.08664,382.2061939
38,CTJ3ap34,-268.9832881,5882.790692,1006.841258,1143.594012,44400.71177,966.0081416,1968.244358,1642.978888,1339.273184,0.40000032,35893.95819,10474.00117,7.40000784,156.8011059,55397.10395,5374.960162,213.6511269,148.5010592,37.77668998,97.69108239,1108.147201,88.77969956,75.16588982,86.24345132,72.97151751,0.843274717,627.908511,244.3400678,3.134046523,18.5762139,976.8198875,110.6923661,79.42914533,2.524330151,3.752000594,8.542461867,2.49578702,9.190367631,3.81893079,5.249212389,5.448590953,210.8185107,1.749343184,2.332824522,42.35193517,11.84699163,1.763304971,2.059408121,34.76389639,0.097055761,0.291790868,0.044328257,-0.135312492,0.512350874,0.581448373,0.490936054,0.835809551,937.5425237,5156.633936,0.647976472,1.949093702,4.663629923,0.00275523,0.003432325,0.001257333,0.106605901,0.029894464,0.050134551,0.043038003,0.054654345,645.8388169,166.2978283,0.007253237,0.047429908,13.41515309,2.838810938,1.176296239,2.836414875,78.7849662,5.834763883,8.622356363,8.766519082,6.539090726,68.88634921,3.224929875,1.119367327,2.433433932,29.76172351,0.09504416,0.291590988,0.04526182,-0.135402498,0.495099425,0.605514843,0.519051945,0.799823727,669.6434337,N/A,0.650578566,1.995944271,45.52642273,0.097404626,0.292021302,0.044171431,-0.053118899,0.49991419,0.543869141,0.474856548,0.855503261,910.5320725,N/A,0.650753272,1.950973226,33.66144359,0.09748466,0.292576555,0.043395714,-0.036624835,0.54906712,0.516616691,0.49179997,0.831899693,681.6483764,N/A,0.639503184,1.919313651,36.68348331,0.095199609,0.290260755,0.043473588,0.02352277,0.520279562,0.643648205,0.549414259,0.964866314,651.1354824,N/A,0.649416403,1.980051154,32.11510185,0.093585399,0.289056279,0.044048206,-0.175213173,0.477722542,0.558533308,0.522842146,0.839691694,444.2616923,N/A,0.642555833,1.984655722,34.68675347,0.097036754,0.293308368,0.044482179,-0.119407766,0.527545359,0.623479985,0.528567134,0.762850277,676.3957095,5274.224258,0.644925261,1.949384833,38.44272238,0.096929829,0.287391764,0.045547873,-0.180464298,0.507478012,0.493413863,0.428126712,0.790135106,442.0932705,N/A,0.650386252,1.928360491,31.68493369,0.101207377,0.300248292,0.042382642,-0.085834993,0.535315344,0.606312226,0.51508142,0.854185919,1378.30402,N/A,0.665127314,1.973209318,30.29679532,0.094593086,0.29088898,0.046779774,-0.334290246,0.460233017,0.604993604,0.442167384,0.810991851,2605.543012,N/A,0.642264655,1.975067297,34.77958409,0.102072114,0.290565399,0.043739347,-0.256290979,0.55085417,0.618101861,0.437453025,0.848147665,915.8681684,5039.043614,0.644253976,1.833977053,8152.666156,6091.486611,1028.042735,3298.439789,45876.12507,3076.381568,2094.175946,1854.138729,1388.077454,0,36669.77653,10692.57635,8.0000064,180.0013952,56364.87037,5357.151756,8166.67271,5975.435824,1002.040733,3092.385431,45378.32355,2912.341493,2022.164482,1908.14781,1388.078107,0,36499.24274,10658.55638,6.000008,120.0006368,56087.68221,5463.199719,8190.693276,5967.435835,1070.046576,3006.365381,44908.69194,2916.343951,1964.155401,1788.129398,1198.058075,0,35773.16313,10466.38883,8.0000096,162.0011792,55938.99146,5453.193555,7832.45709,5625.267608,976.0389104,3092.383593,43152.39218,2876.332832,1892.143537,1986.159691,1264.0661,0,35534.46537,10314.26076,8.0000064,142.0009104,54717.5359,5209.088026,7946.534379,5995.44284,966.0378719,3138.39546,45908.19273,3024.368733,2040.168152,1894.14384,1408.080286,0,36603.55211,10580.48658,12.0000096,166.0011728,56965.55883,5331.144572,7740.401507,5761.334403,1044.043858,3164.403713,44491.07344,2936.346758,1996.15985,1696.116008,1338.072326,2.0000016,35963.70956,10548.45696,8.0000096,156.0011136,55764.15085,5411.172169,7800.446818,5891.390602,1002.04128,2948.349424,43351.11597,2778.309972,1992.162349,1752.124508,1378.078304,0,35596.70116,10230.19873,12.0000192,138.0008336,54731.63224,5305.127735,8026.587859,5913.403185,1002.040627,3116.392018,44165.95368,2904.339525,1890.145623,1798.131253,1430.08281,0,36232.4727,10878.73804,4.0000032,174.0013264,54474.4922,5513.220489,7522.268369,5929.410074,946.0361886,3230.418174,43941.19427,2854.327204,2072.173445,1848.137534,1300.068564,0,35382.06847,10292.25382,2.0000016,172.0013664,55089.54637,5211.090192,7380.198976,5677.299942,1032.0438,3060.37595,42834.05481,2682.292175,1890.147917,1770.129141,1300.069812,2.0000016,34684.43011,10078.09529,6.0000048,158.0011248,53836.57903,5495.213407,7875.892714,5882.790692,1006.841258,3114.790893,44400.71177,2896.138421,1985.35967,1829.535791,1339.273184,0.40000032,35893.95819,10474.00117,7.40000784,156.8011059,55397.10395,5374.960162
39,CTJ3ap33,-17.18387472,997.6406737,471.0093101,595.547495,44291.41969,457.1016219,850.682987,675.219762,794.0259141,1.20000096,35530.47699,6649.574574,7.600008,124.6007566,55028.78176,2023.965347,61.0790943,32.48226944,38.40579564,55.75427496,738.4594274,32.1502888,23.81208296,38.01230814,41.93381739,1.032796385,663.3828574,117.3439021,2.796827409,16.22228083,985.3487609,67.84391295,355.4442481,3.255908695,8.153935564,9.361851982,1.667274232,7.033510113,2.799172351,5.629620204,5.281164839,86.06629658,1.867081203,1.76468285,36.80032191,13.01940796,1.790606169,3.352029374,16.53382757,0.036778952,0.187193517,0.01921002,-0.020847293,0.554440738,0.700474403,0.53818994,0.794055127,306.4298248,3321.382542,0.645719571,3.287830234,2.541175996,0.000987069,0.004024415,0.000575694,0.072819721,0.052237237,0.067540223,0.047403546,0.046053314,128.0290877,65.16347492,0.00904734,0.094782771,15.36955666,2.683787491,2.149868569,2.996842321,349.3005988,9.421608754,9.642068678,8.807958313,5.799762845,41.78088336,1.961938262,1.401125216,2.882836536,18.17096256,0.03832939,0.186370569,0.02000405,0.029542972,0.522535462,0.677754031,0.507559718,0.78374811,536.046012,3353.89959,0.643387422,3.128369128,21.32823958,0.037303692,0.191317844,0.019090566,0.056125553,0.585614898,0.766141178,0.546714996,0.818039188,261.2718563,N/A,0.633580256,3.249415831,14.15818286,0.035215459,0.185836784,0.018371603,-0.077357809,0.623622078,0.762149093,0.550277661,0.864829534,330.3594954,3300.871502,0.631134961,3.330585365,13.85813832,0.036177382,0.190285907,0.019901341,0.061228031,0.484918587,0.775525753,0.522188033,0.792258011,194.015023,3280.862227,0.643002793,3.382068127,17.55137804,0.038094647,0.189042201,0.01948523,-0.026378754,0.602944126,0.654483754,0.529828435,0.797395376,210.6175811,3384.915569,0.647721427,3.21427534,18.23774452,0.036275082,0.187522615,0.019426168,-0.012054167,0.507314414,0.613157709,0.465275255,0.739990609,334.3601281,3385.915348,0.652972828,3.375517457,14.22962228,0.036021899,0.18175424,0.018574649,-0.107001592,0.583102131,0.699008588,0.620940995,0.779904894,498.0392728,N/A,0.653590167,3.297793482,13.87773831,0.036900832,0.180860334,0.018463433,0.061313189,0.595257502,0.754215299,0.589272611,0.840252201,337.6938972,N/A,0.660748251,3.238494694,18.18318738,0.037329897,0.185406301,0.01932946,-0.055303793,0.47799436,0.719329832,0.482406003,0.817200166,166.679861,3221.831014,0.648635097,3.221574257,15.74308183,0.036141241,0.193538379,0.019453698,-0.138586564,0.561103826,0.582978794,0.567435694,0.706933185,195.2151215,N/A,0.642422509,3.440208655,1400.079425,992.0408113,470.008933,942.0361374,44964.77379,782.0249272,910.0338525,820.0272137,826.028249,2.0000016,35991.75868,6707.804546,4.0000032,118.0006704,55941.03562,2144.185763,1418.081846,990.0397824,494.0103506,978.0389664,44188.07841,786.0251544,854.0294714,804.0266249,818.0272921,0,35500.36184,6791.852682,8.0000064,98.000424,56031.35747,2090.176522,1392.078228,1052.045004,520.0113347,988.0406865,45388.33716,804.0261929,844.0293835,832.0279786,796.0267305,2.0000016,35524.44328,6601.748285,6.0000048,140.0009152,56286.6035,1982.158558,1360.075425,944.0368047,420.0072545,988.0401361,43521.67777,762.0241368,876.031422,794.025564,774.0247576,2.0000016,34483.5296,6561.729703,10.0000144,140.0009856,53628.89553,1940.153023,1348.073121,990.0400481,518.0114099,894.0321628,44091.68768,780.024932,868.0314924,782.025148,696.0196678,2.0000016,35811.24485,6769.836554,10.0000112,120.0007296,55288.03486,2106.17817,1410.080365,1026.042794,442.0082866,878.0313851,44850.37436,742.0231032,882.0316508,762.0244568,842.028665,2.0000016,36112.10371,6771.836113,6.0000048,110.0005744,55304.14462,2006.162373,1340.073242,1032.043544,484.0098626,926.0348349,44687.79824,854.0295418,840.0285546,756.0232359,780.0249736,0,36146.24436,6569.733182,4.0000064,140.0009248,55304.14345,1992.160279,1396.078862,972.0385264,488.0096418,944.0371727,44402.87214,802.0266873,830.0278841,800.0262345,798.0259385,0,36280.61765,6561.724614,6.0000048,146.001096,54908.3824,2026.165004,1296.068176,970.0382367,406.0069585,936.0355662,43943.12894,728.0215398,860.0299147,810.0264921,832.0283082,2.0000016,34754.30521,6443.667183,12.000016,110.0005712,53580.67326,2000.160999,1280.065949,1008.041186,468.009069,824.0276457,42875.46843,804.0264201,844.0292042,698.0199382,778.0245592,0,34700.16075,6715.812878,10.000008,124.0006752,54014.54691,1952.152777,1364.075464,997.6406737,471.0093101,929.8354694,44291.41969,784.4252636,860.830283,785.8252887,794.0259141,1.20000096,35530.47699,6649.574574,7.600008,124.6007566,55028.78176,2023.965347
40,CTJ3ap32,3.296629446,47.6001392,172.4013507,358.6561533,43785.42446,279.9862576,202.5871195,116.4604661,16.80002848,0.60000048,36135.40891,4752.908012,5.20000544,121.4006664,55749.93935,115.8006478,20.54274159,10.10174769,18.94581894,33.44442315,519.3028577,31.40359417,20.66411367,13.39771237,7.671034619,0.966092556,584.468767,92.38764035,2.529826569,14.36210658,457.3759361,13.01122464,623.1437875,21.22209694,10.98936804,9.324926631,1.18601764,11.21611983,10.20011229,11.50408617,45.66084295,161.0152972,1.617440579,1.943812927,48.65046005,11.83033586,0.820406159,11.23588242,0.968785916,0.002077518,0.131542137,0.004627219,0.014131367,0.865515857,1.78986533,1.400789014,0.579828029,27.31345531,2348.441641,0.648141594,41.52045463,0.172255047,0.000236819,0.00233233,0.000476338,0.100771036,0.175831518,0.267915785,0.248938059,0.084072435,12.90512201,47.7156894,0.006431593,4.79809094,17.78050688,11.39915257,1.773066465,10.2942684,713.1018386,20.31522778,14.96848845,17.77127438,14.49954647,47.24822203,2.03180222,0.992312964,11.55596918,1.095238266,0.002470891,0.131800476,0.004054364,0.110789822,0.956291737,2.279808246,1.684776205,0.638422433,13.80005619,N/A,0.644860261,34.39766234,1.096154119,0.002038386,0.128092018,0.00486459,-0.12540508,0.843090422,1.704239367,1.437498144,0.493841363,19.00009067,N/A,0.650615528,40.88462329,1.016129886,0.002256522,0.135123888,0.00479752,0.023983938,0.896874494,1.535350066,1.33853905,0.501910131,21.00011627,N/A,0.64345579,38.53108808,0.776118796,0.001876294,0.130696824,0.005145475,0.047860724,0.712119654,1.571169821,1.256926244,0.55260025,52.0002176,2323.431257,0.641446778,44.68118335,1.254903479,0.002322586,0.131618265,0.003740748,-0.024720674,1.262249511,1.995947859,1.80019074,0.642389724,21.33344213,2318.430394,0.63924524,36.22529016,0.938461263,0.002200242,0.130822473,0.005021928,0.173622381,0.609726619,1.455788772,1.111110854,0.489112332,30.5001352,N/A,0.649425293,38.61367857,0.712120129,0.001695266,0.129682496,0.004598206,0.022370117,0.891480843,2.019554593,1.670920259,0.642958312,47.0001632,N/A,0.657637316,50.30718565,0.843749913,0.001908201,0.129654467,0.00469295,0.018518262,0.836949145,1.596596327,1.33825911,0.494883719,27.0001248,2403.463271,0.655055918,44.50837336,0.852941406,0.002090141,0.135406799,0.005129866,0.059702458,0.730737172,1.749753672,1.047767177,0.616420609,14.5000718,N/A,0.644175375,41.73198698,1.102041909,0.001916646,0.132523665,0.004226542,-0.165408281,0.91563897,1.99044458,1.321902357,0.725741421,27.0001352,N/A,0.65549844,45.32347448,64.0002208,32.0000992,170.0012624,416.0071105,43846.91001,310.0040817,178.0013712,116.0005632,18.0000304,0,36015.84185,4746.905087,10.0000176,126.0007152,55850.61449,138.0008048,56.0001632,60.00024,182.0014768,388.0061153,44376.65255,330.0047153,216.0020032,108.0005856,10.0000112,0,36386.91243,4660.873025,6.0000048,104.0005536,55926.90443,114.0006352,66.0002352,44.000096,190.001592,340.0052257,44157.93581,298.0039345,212.0019392,108.0005184,12.000016,0,35929.60446,4854.947861,6.0000048,124.0006816,55838.49741,126.0007984,66.000232,40.000096,158.0010352,362.0053457,43120.27432,292.0035456,222.0020752,124.0007552,10.0000112,2.0000016,35554.54603,4646.866231,2.0000016,134.0007728,55428.67663,104.0005184,68.0002272,52.0001312,204.0019744,340.0048065,43204.67394,308.0039713,162.001176,108.0005312,30.0000784,2.0000016,35229.64297,4636.864498,6.0000048,102.0004784,55111.3106,128.0007552,88.0004128,36.0000832,134.000936,332.0046977,43762.5066,256.0027776,220.002192,110.0006256,18.0000272,0,36009.81787,4710.893436,4.0000032,130.0007184,55448.74566,122.0006384,82.0003216,56.000176,178.0014576,422.0077394,43423.33242,352.0052001,200.0016832,132.0008416,26.0000496,0,36465.18061,4728.895655,2.0000016,132.0007648,55448.77051,94.0004016,62.0002096,42.0001328,174.0013552,346.0050097,44300.39953,292.0036224,208.001792,104.0004832,8.0000064,2.0000016,37074.93089,4806.930388,4.0000032,128.0007072,56598.11607,108.0005856,88.0004,54.000168,162.0011824,406.0069073,43216.63884,250.0026576,222.002264,140.0008448,24.0000384,0,35751.08701,4840.94027,8.0000096,136.0008,55498.9967,116.0007136,52.0001216,60.0001696,172.0012352,394.0064241,44444.92058,268.0030464,188.0016672,138.0008688,12.000016,0,36936.52494,4894.963671,4.0000032,98.000472,56348.76101,108.0006272,69.2002544,47.6001392,172.4013507,374.6059382,43785.42446,295.6037553,202.8018163,118.8006618,16.80002848,0.60000048,36135.40891,4752.908012,5.20000544,121.4006664,55749.93935,115.8006478
41,CTJ3ap31,-43.57870283,1178.656824,552.6126161,673.9039898,43689.08389,532.3197386,1000.086208,796.8773048,1217.260229,0.60000048,36071.03019,5324.940202,7.00000688,127.6007712,55879.31802,774.6246653,82.58048438,54.14962879,36.41953886,57.33350583,407.4525071,38.87041416,52.38701437,48.82173973,39.07306979,0.966092556,410.7137873,141.3771108,3.55902973,17.43069897,639.1541037,48.33570495,189.4973439,4.594181078,6.590428411,8.507666774,0.932618565,7.302080186,5.23824986,6.126631972,3.209919199,161.0152972,1.138625055,2.654999031,50.84323189,13.66033983,1.143811568,6.23988715,6.178407751,0.013860119,0.147633886,0.022891747,-0.041702978,0.554327326,0.675749714,0.533927169,0.8007648,144.8763128,2707.921633,0.645587969,6.89828359,0.972746581,0.000805943,0.004009427,0.001196371,0.081816852,0.051398388,0.069161172,0.051729359,0.086256421,89.62840988,68.32658564,0.010079102,0.471256445,15.74429238,5.814832894,2.715790498,5.226210479,196.1894733,9.272208975,10.23473197,9.688467182,10.77175487,61.86546863,2.523211337,1.561228342,6.831502918,6.029152471,0.014808432,0.145723923,0.024816679,-0.146408096,0.483497981,0.559953459,0.431131176,0.657995321,104.0034565,N/A,0.641832662,6.316021236,7.840215576,0.013930182,0.145956973,0.022865909,-0.129857065,0.549383602,0.729737904,0.514122183,0.803042912,196.0061546,N/A,0.638736261,6.692519385,5.45083909,0.014016118,0.151102069,0.024202953,-0.044289475,0.512557262,0.720883146,0.522773828,0.67968875,55.28740845,2685.578174,0.643681085,6.939264254,6.310495898,0.012832591,0.155403653,0.022015781,0.074051945,0.555545605,0.683882584,0.512820591,0.865843542,366.0105795,2784.622742,0.628240384,7.608038943,5.621774473,0.014834971,0.145862388,0.021585606,0.10322338,0.601246001,0.782044565,0.635455507,0.903071826,138.6711486,N/A,0.657537159,6.465124954,7.759487874,0.014848883,0.150910578,0.023054749,-0.106671135,0.591034961,0.689476885,0.550939282,0.797094081,83.80281418,N/A,0.636985182,6.4737398,4.851459184,0.012999183,0.146001764,0.02160274,-0.056556775,0.539933479,0.709133036,0.523030681,0.879765644,179.5051154,N/A,0.648406876,7.282653471,5.709809884,0.012862568,0.149049529,0.022050494,-0.071014512,0.588429149,0.684668752,0.542688463,0.851525052,70.80196524,N/A,0.660274392,7.651161368,6.544028404,0.013446482,0.14125097,0.024397228,0.000714899,0.483410132,0.59120437,0.530551082,0.722074707,124.3370143,N/A,0.644276686,6.767919314,5.66681466,0.014021781,0.145077016,0.02232533,-0.040222942,0.638235083,0.606512438,0.575758896,0.847546169,130.3374716,2653.563982,0.655909005,6.786393171,1584.100771,1260.065786,530.0117235,1036.04341,44172.00924,886.0318236,1112.050005,894.0333341,1240.062784,0,36062.08516,5255.108524,8.0000064,138.0008752,56186.11723,832.0283178,1572.100861,1230.061566,554.0126227,1148.053788,44101.71741,922.0345053,1024.043231,980.0387375,1222.060478,0,35949.66416,5247.104155,4.0000032,100.0004704,56282.48516,784.0252456,1554.097774,1156.054063,538.0121587,1144.052937,43369.19231,928.0348205,1066.046778,892.0319916,1282.066453,2.0000016,35546.57246,5371.160644,14.0000144,142.000984,55223.88852,774.0245144,1606.10454,1108.049468,540.0119107,1036.044031,44151.91251,862.0300539,988.039672,1016.042533,1252.064419,2.0000016,35837.31677,5569.24994,2.0000016,116.0006688,57043.95591,732.0217447,1590.102565,1078.047492,568.0132771,1100.049119,43766.52227,954.0368542,960.0375535,1020.042267,1198.057835,0,36878.35536,5379.164992,6.000008,148.0009568,56085.58372,832.028001,1540.095846,1190.057704,596.0144996,1094.048599,43740.44998,946.036243,1024.042498,974.0391424,1222.060046,0,35949.63677,5425.180475,10.000008,108.0005312,56437.16337,838.0288122,1592.103777,1188.058461,504.0104098,1060.045602,43210.61215,878.0314811,948.0369647,980.0387823,1140.052652,0,35815.30966,5229.098389,4.0000032,148.0010464,55235.85729,718.0210358,1612.105005,1214.05964,570.0132755,1070.046224,43931.13995,924.0343341,984.0395312,992.0397488,1200.05776,0,36344.82258,5417.17868,10.0000112,124.000704,55045.02826,708.0204454,1640.108961,1184.057081,508.0107298,1018.042695,43074.14412,946.0371103,1066.046993,924.0353422,1186.058001,0,35745.05719,5049.024017,6.000008,114.0005872,55480.91057,746.0230807,1592.101722,1178.05698,618.015554,982.0395008,43373.13896,944.036459,984.0392624,992.0396656,1230.061858,2.0000016,36581.48175,5307.132209,6.0000048,138.000888,55772.19013,782.0254553,1588.302182,1178.656824,552.6126161,1068.846591,43689.08389,919.0343685,1015.642249,966.4381545,1217.260229,0.60000048,36071.03019,5324.940202,7.00000688,127.6007712,55879.31802,774.6246653
42,SN4,900.3412043,1.80000144,5105.047134,4076.265703,45138.25124,2910.950883,10460.98097,9354.024155,0.60000048,0,37197.12976,69689.26967,10.00001248,354.4053242,58001.01576,40910.52532,32.75038971,1.751191472,126.200595,70.25141864,547.4654657,72.5787974,231.8384837,139.1203706,0.966092556,0,464.8185195,1020.956719,3.887308215,22.36725591,890.705311,660.870766,3.637553135,97.28833731,2.47207502,1.723425894,1.212863704,2.493302028,2.216221254,1.487278291,161.0152972,N/A,1.249608565,1.465012798,38.87303363,6.311207643,1.535671918,1.615405231,115.8046711,0.705347429,1.873592862,0.231754355,0.086088189,0.488083484,0.389816975,0.278362055,0.894464049,4810.920083,N/A,0.641385278,1.703554384,6.78617675,0.004683707,0.023267847,0.004302712,0.00316976,0.010497767,0.010141054,0.00829564,0.018636682,2250.074302,N/A,0.007924975,0.015455202,5.860019879,0.664028364,1.241883867,1.856583132,3.681992008,2.150813811,2.601491206,2.980162024,2.083558538,46.77014508,N/A,1.235602865,0.907232672,118.7540778,0.711243996,1.89040083,0.233477234,0.080408017,0.48804324,0.39298873,0.279198238,0.89271218,4108.945831,N/A,0.641510258,1.705056957,110.6672378,0.707035272,1.839079394,0.228294224,0.08526812,0.494366613,0.400825851,0.279498505,0.931965096,3338.508558,N/A,0.651554193,1.694766778,114.0521115,0.712283071,1.852461362,0.237154822,0.083644567,0.47043749,0.38357633,0.2683964,0.867868287,2566.207033,N/A,0.647233843,1.68328539,115.8546451,0.703907968,1.913637246,0.231929484,0.085064779,0.493515248,0.375448414,0.284054243,0.888932227,5068.71025,N/A,0.631262773,1.716144735,115.988096,0.703807494,1.847657543,0.226256651,0.087655624,0.480422436,0.396065814,0.274140463,0.888978429,6688.741458,N/A,0.655641349,1.721210267,107.9301731,0.702629277,1.882952685,0.236275654,0.082775655,0.481610847,0.378985182,0.270808438,0.885386762,2944.993828,N/A,0.636571768,1.705927378,118.1821284,0.700888034,1.896095998,0.232500039,0.088200731,0.498293417,0.390534413,0.280590555,0.890374851,5170.540728,N/A,0.637621906,1.724943623,105.2087248,0.704179806,1.871565051,0.224301586,0.088333962,0.507120995,0.405536372,0.293876631,0.919922349,5207.910973,N/A,0.633511448,1.683743095,126.0999606,0.69768645,1.876738479,0.23163681,0.08926835,0.484611232,0.395172949,0.285427474,0.897820304,10025.07448,N/A,0.636709321,1.712713329,125.3095562,0.70981292,1.865340033,0.23571705,0.090262085,0.482413323,0.379035699,0.267629607,0.880680005,2989.56769,N/A,0.642235923,1.687752285,858.0303995,2.0000016,5191.080851,4180.701978,45556.9826,2970.353359,10636.54385,9495.628022,2.0000016,0,37060.89424,70059.94524,10.0000112,346.0049969,57771.31976,41089.50433,866.0303803,2.0000016,5005.007471,4058.663404,44346.63511,2830.321603,10124.10623,9435.568406,2.0000016,0,36918.47752,67896.01125,12.000016,362.0055665,56662.17473,40062.15611,892.0325356,0,5017.009019,4090.672935,44968.76896,2862.329614,10664.56038,9255.433747,0,0,37309.6244,69114.63765,16.0000224,360.0053473,57644.73657,41059.37001,902.0331932,6.0000048,5185.076957,3946.628045,45300.04883,2986.360897,10506.41694,9339.492607,0,0,36364.8894,69589.20679,8.0000096,350.0052209,57606.57995,40549.73066,896.0327436,0,4910.971056,4048.661347,45179.63721,2802.316828,10222.1934,9087.309425,0,0,37385.953,69076.43807,6.0000048,346.0051697,57021.95728,40132.48085,886.0321052,2.0000016,5139.060135,4044.656401,45161.51115,2890.335401,10670.56559,9447.577515,0,0,37353.75801,70335.35896,14.000024,382.0060977,58679.57059,41229.98427,940.0359918,2.0000016,5295.12557,4150.69238,45705.45995,2982.357683,10626.52121,9461.58724,0,0,37630.57735,71351.18712,8.0000064,350.0051953,59017.07109,41364.35892,908.0344205,2.0000016,5197.084595,4156.693774,45689.44151,3012.366861,10248.21422,9427.561297,0,0,37482.19025,70150.3573,8.0000096,396.0064897,59165.76621,41663.33778,914.033654,2.0000016,4946.98359,4034.654441,44069.63152,2914.34234,10208.17441,9165.361901,2.0000016,0,36595.59948,68680.3697,4.0000032,318.0043025,57476.14847,40100.33,966.0381055,0,5163.072097,4056.663748,45404.39558,2864.330006,10702.59018,9425.557176,0,0,37869.33393,70639.18462,14.0000176,334.0048561,58964.83299,41854.00028,902.8333529,1.80000144,5105.047134,4076.868845,45138.25124,2911.541459,10460.98864,9354.107734,0.60000048,0,37197.12976,69689.26967,10.00001248,354.4053242,58001.01576,40910.52532
43,CTJ3ap30,-83.33441278,954.8372524,328.4045732,468.4801024,43004.1233,392.3406833,519.8879335,376.5625372,244.4025735,0.6000008,34953.64426,4853.546233,6.60000624,119.600695,54204.37478,659.2179483,89.1519514,56.62161645,19.17915529,32.14444577,536.4234329,51.20961953,28.985189,29.61337857,19.179107,1.349899091,409.4872965,114.4520739,4.812026438,17.30271817,510.9447828,40.88347992,106.9809559,5.929975638,5.840099941,6.861432451,1.247376744,13.0523348,5.575276349,7.86413295,7.847342492,224.9828818,1.171515318,2.358112366,72.90942255,14.46707159,0.942626467,6.201815352,5.622862845,0.012161133,0.138854047,0.012089131,-0.154388471,0.633294276,0.904827794,0.760245084,0.726155525,163.6917275,1800.095324,0.64487017,7.384530118,0.918656547,0.000733828,0.002712294,0.000652908,0.167666365,0.049756165,0.092412892,0.135911458,0.068023729,111.7632049,792.4547156,0.007062804,0.424251614,16.33787934,6.034204258,1.953341563,5.400785814,108.6003145,7.856721163,10.21331271,17.87732158,9.367652911,68.27663597,44.02293062,1.095228858,5.745140276,5.655866619,0.012913469,0.141787661,0.011969172,0.024024016,0.573822554,0.995505933,0.819905207,0.729094487,172.5046309,N/A,0.655068098,7.192534636,5.65011909,0.012415393,0.138872276,0.010810495,0.083270935,0.704067113,0.976502931,1.058838878,0.806611354,169.5044993,1239.745221,0.653877642,7.313942801,4.506762375,0.012334319,0.1368154,0.012623797,-0.232844167,0.618389941,0.793095391,0.717598837,0.635003594,338.0091107,2360.445427,0.6295725,6.983378118,5.230881692,0.012470352,0.138257244,0.012788037,-0.213622394,0.604524847,0.761211128,0.598313023,0.662687912,113.3364033,N/A,0.643952957,7.139426714,7.488542462,0.011947908,0.136350213,0.012359529,-0.252956008,0.637647154,0.876162267,0.755898552,0.79814323,53.66806537,N/A,0.642609261,7.333493535,5.94841178,0.012763323,0.139669169,0.011861067,-0.338938476,0.57624051,0.871460548,0.743115341,0.750576541,69.00190406,N/A,0.648527617,7.096844274,4.378861607,0.010607581,0.135344651,0.01195137,-0.165533415,0.666747878,0.955149219,0.605795085,0.787322406,289.0065826,N/A,0.64527443,8.233210246,6.228215983,0.012958023,0.14017563,0.013085803,-0.400937803,0.598081173,0.822852396,0.667522343,0.664831127,44.37624176,N/A,0.644594941,6.97301599,6.156992491,0.011650201,0.144222765,0.011768422,-0.112368559,0.636199005,0.968343943,0.762437253,0.781585708,78.50192825,N/A,0.642487179,7.953620699,4.983974352,0.011550763,0.137045462,0.011673623,0.066021164,0.717222586,1.027994179,0.87302632,0.645698895,309.007909,N/A,0.642737077,7.625834163,1242.063323,888.0319148,300.0038273,818.0272345,43680.24717,720.0211238,526.0112978,416.0072033,250.0027728,0,35002.97593,4962.990072,4.0000064,122.0006896,53434.10254,690.0196278,1346.072799,944.0363214,330.0045969,774.0247992,43357.11402,806.0265017,472.0090082,414.0073521,258.0028464,4.0000064,35708.99063,4958.988817,4.0000032,120.000752,54611.12038,678.0185397,1258.065938,1000.041077,336.0046785,766.0238904,43042.04507,718.0214423,546.0122195,374.0058289,208.0018144,2.0000016,34505.57918,4720.894631,2.0000016,150.0009776,54807.95175,676.0187621,1254.063506,992.0400304,338.0048881,758.0234071,43722.49645,660.0177861,562.0130963,402.0067601,226.0021872,0,35115.30686,4854.945556,6.0000048,130.0008304,54530.85734,680.0189637,1182.056705,950.0367454,336.0046241,780.0257577,42634.66937,710.0214423,530.0115667,454.008789,240.0024384,0,34637.98555,4722.896704,12.0000096,86.0003536,53902.09515,644.0172997,1210.059483,998.0405281,292.0037441,776.0253129,42722.91572,704.0206214,510.0109554,416.0071201,256.0027584,0,35061.14944,4896.961594,10.000008,116.0006432,54062.69293,690.0195926,1246.062814,962.0372126,346.0049649,818.0271961,43421.31629,630.0160916,522.0113555,442.0080754,240.0024768,0,35161.40233,4758.907721,2.0000016,132.0008896,54490.61777,578.0136275,1216.060205,1040.04414,334.0045681,808.0268297,42676.80504,714.0208246,562.0130195,410.0068273,278.0033136,0,35319.86873,4950.984845,16.000016,114.0006352,54793.89692,710.0205782,1220.06047,922.0349278,320.0045377,796.0256936,42741.02199,686.0192374,506.010405,426.0076785,236.0023104,0,34633.93929,4995.002485,8.0000096,102.0004784,53906.03957,628.0161796,1212.059568,852.0296267,352.0053025,790.0255704,42042.60186,708.0211239,494.0099666,352.0054945,252.002816,0,34389.24465,4712.889909,2.0000016,124.0007008,53504.3735,618.0163125,1238.662481,954.8372524,328.4045732,788.4255692,43004.1233,705.6206195,523.0112891,410.6071129,244.4025735,0.6000008,34953.64426,4853.546233,6.60000624,119.600695,54204.37478,659.2179483
44,CTJ3ap29,0.237147711,1024.642949,719.2213875,808.9184032,44682.43032,607.6530809,1367.478459,1148.18,2112.780365,1.60000128,36200.20633,4828.936417,6.00000608,119.2006794,56068.37737,2492.250584,69.80127025,51.89338035,33.43116886,39.74246253,848.0579067,30.07652203,46.23371698,51.06768118,55.05714586,1.577622538,549.710062,86.38816737,2.828430896,13.99064308,843.4885987,80.33767787,29433.66812,5.064533007,4.648244538,4.913037258,1.897967278,4.949620593,3.380946636,4.447706909,2.605909577,98.60132972,1.518527428,1.788968831,47.14046716,11.73704979,1.50439274,3.223499209,21.17102078,0.044449087,0.133427223,0.030611014,0.000693511,0.525921983,0.59251431,0.444808753,0.840519885,561.8557229,2010.054526,0.645688518,1.939485068,2.602836406,0.001237741,0.003336601,0.001079831,0.049222917,0.015746045,0.041167754,0.026680455,0.04726844,370.8903738,614.7488397,0.008125919,0.073916661,12.29433589,2.784625593,2.500689535,3.527588207,7097.638979,2.993988823,6.947976405,5.998185683,5.623714634,66.011675,30.58368973,1.25848904,3.811148752,21.4088407,0.044576646,0.13272446,0.030563996,-0.02493466,0.509844092,0.548060233,0.445038982,0.81799498,315.781535,2375.450121,0.631619112,1.880610452,23.07905193,0.043176363,0.138018179,0.030751868,-0.005576375,0.551209564,0.617720048,0.410881086,0.794123624,300.0288752,1232.744997,0.642672863,2.05437726,24.57934659,0.046077949,0.133506465,0.030455771,0.02975007,0.534190494,0.550446248,0.408305137,0.886946148,426.0435282,2374.450476,0.641178173,1.857752647,21.08535837,0.044412528,0.135942816,0.02916326,0.005601263,0.537492582,0.634177786,0.479895907,0.872979728,316.2820961,N/A,0.641324011,1.963035998,21.55377515,0.044207074,0.131984727,0.030484407,-0.005547199,0.527356237,0.602675184,0.470388574,0.905751513,250.0247974,N/A,0.645557869,1.927378843,17.5772898,0.0420408,0.129439622,0.030321277,0.020151127,0.517326886,0.634739163,0.467790759,0.840817271,1160.107314,N/A,0.66112511,2.035541267,19.71148551,0.044325091,0.139288587,0.032115814,0.09876752,0.498238399,0.583854559,0.437100299,0.786324133,305.5297521,2468.487662,0.64276403,2.019842294,17.91841811,0.04554421,0.130650421,0.029099191,0.018203415,0.515039292,0.615985855,0.434564611,0.837782927,645.0669367,2406.463072,0.650229672,1.865281675,25.30246018,0.044152594,0.130001368,0.032535093,-0.090584047,0.530298543,0.516331783,0.42122652,0.772640879,632.5639538,1202.730829,0.645761723,1.901358467,19.49418149,0.045977616,0.132715581,0.030619462,-0.038896004,0.538223742,0.621152244,0.472895651,0.889837644,1267.12844,N/A,0.654652617,1.889671772,1428.082318,1056.045391,696.0200518,1102.049437,44665.70855,954.0366398,1392.078558,1410.080781,2106.179025,2.0000016,35795.24109,4750.904043,8.0000128,118.0006128,56672.19439,2526.256322,1446.084858,1050.044788,764.0237095,1208.06041,45073.22031,914.0337213,1412.081474,1384.077057,2034.167164,4.0000032,35727.06119,4930.983934,8.0000064,104.0004992,55591.36423,2400.232922,1370.076841,960.0382224,734.0221623,1078.04712,45117.33259,876.0315756,1400.078913,1502.091473,2034.16767,2.0000016,35570.59772,4748.904752,6.0000048,104.0004544,55476.93174,2556.263215,1464.087266,1052.045224,720.0218503,1202.058542,45934.30345,988.0393392,1366.075478,1458.086292,2072.173906,0,36537.34145,4966.989095,8.0000064,120.0007488,56971.73475,2530.258793,1460.086735,1060.045586,720.0213639,1178.055969,44788.1929,990.0396,1392.07858,1528.094156,2092.175372,0,36511.28492,4818.931987,10.0000144,116.0006336,56557.72573,2500.251574,1342.073423,950.0373631,686.0192438,1160.054988,43734.45938,932.0352494,1354.074348,1420.082574,2190.193785,0,36487.25435,4722.896403,2.0000016,132.0008096,55189.63629,2320.216484,1528.094588,1004.040587,696.0197638,1152.054675,43497.61418,940.035643,1424.081848,1394.07831,2122.18252,2.0000016,35444.24831,4936.979274,8.0000064,124.0008,55143.48444,2444.239972,1450.085354,1030.043303,678.019247,1156.054921,45239.80784,910.0338845,1344.073601,1404.079201,2162.189254,2.0000016,36838.22785,4812.929995,4.0000032,144.0009824,56654.17842,2580.269811,1406.079507,1112.050562,782.0253529,1134.052999,45326.09951,986.0393216,1502.090583,1438.083709,2144.185062,4.0000032,37006.74251,4810.927166,4.0000032,100.0004672,57307.11686,2530.257839,1294.067464,972.0384624,716.0211302,1152.053542,43447.56453,948.0361038,1358.075091,1486.088743,2170.189887,0,36084.06391,4788.917523,2.0000016,130.0007856,55119.40681,2534.258908,1418.881836,1024.642949,719.2213875,1152.25426,44682.43032,943.8361078,1394.478847,1442.48423,2112.780365,1.60000128,36200.20633,4828.936417,6.00000608,119.2006794,56068.37737,2492.250584
45,CTJ3ap36,-16.69565098,846.0295166,289.4036069,472.9372517,43676.86809,369.0369054,483.7958192,342.5323871,220.2020856,1.0000008,34808.04282,5316.735855,6.80000832,110.2006021,53881.79726,538.8120915,61.64560972,50.08805489,16.44020623,50.27150085,738.5456483,49.20629629,35.22747258,31.93475251,24.4490492,1.414214694,453.609105,136.9318709,4.022166775,12.76984898,1061.274436,48.93928464,369.2315429,5.920367305,5.680719188,10.62963441,1.690930876,13.33370608,7.281475196,9.32313373,11.10300528,141.4213562,1.303173256,2.575487567,59.14943902,11.58782143,1.969634441,9.082811135,4.946258975,0.010006041,0.152766786,0.011072305,-0.034564547,0.602035817,0.981747157,0.765722846,0.70895316,93.02600609,2312.988907,0.646185206,9.942942969,0.742288617,0.000963711,0.004393924,0.000723279,0.127813228,0.066239887,0.11991169,0.115425562,0.057754513,60.82554662,671.2963522,0.012693931,0.95211046,15.00707143,9.631293201,2.876229705,6.532328273,369.7812875,11.00264894,12.21411127,15.07406529,8.146449731,65.38552947,29.02289545,1.964441576,9.575740936,4.762795449,0.010245959,0.152277249,0.010654099,0.064874638,0.645417673,1.204159304,0.855993678,0.763049083,93.66868983,1306.273272,0.62555529,9.29711289,6.58709073,0.011094882,0.151162205,0.01205117,-0.157021519,0.524030193,0.781386884,0.694495436,0.648127652,101.0024865,N/A,0.634772932,8.648462997,4.95840822,0.008828705,0.151132498,0.010901158,-0.229435887,0.597858263,0.832217061,0.701572267,0.688491722,238.0044593,2631.553402,0.645901422,11.0567399,5.938881606,0.011370855,0.148978743,0.009940915,-0.122399625,0.712662615,1.063942216,0.687737159,0.671795907,48.50105069,N/A,0.669476594,8.77135247,4.629698426,0.009157864,0.147467541,0.011190492,-0.000436489,0.519011912,0.945778491,0.767424328,0.741850632,125.0025057,N/A,0.648952525,10.44997269,4.742025834,0.010853547,0.158359271,0.011776632,0.032440903,0.539790277,1.010717588,0.692081542,0.697856952,58.8013777,N/A,0.643307099,9.386207471,4.680067908,0.008734325,0.149553851,0.011145841,-0.117728454,0.651048871,0.928088909,0.648201,0.793840015,39.00073522,2647.559898,0.660774667,11.31414223,4.500076095,0.010090966,0.16157785,0.010770965,-0.090909454,0.606839634,1.025532744,0.930871964,0.77758421,N/A,N/A,0.638532414,10.22426389,4.532336009,0.010454228,0.151953216,0.012053824,0.110056987,0.557620881,0.982644207,0.699581731,0.619437049,70.25152994,2666.569057,0.652858308,9.489359138,4.131209474,0.009229082,0.155205436,0.010237948,0.164913427,0.666077854,1.043004164,0.979269357,0.687498377,63.00122003,N/A,0.641720813,10.79181601,1224.060457,862.0303099,304.0038945,856.0295914,44210.10733,686.0193526,474.009301,392.0063457,234.0022384,4.0000032,34313.05262,5225.097268,6.000008,118.0006352,54852.15001,562.0128883,1088.047673,846.0291162,278.0034384,698.0200214,44021.47917,646.0172469,534.0119827,382.0062737,274.0031376,0,34672.03846,5241.101794,6.0000048,92.000464,54621.16724,606.0154036,1204.058707,950.0373631,290.0034992,722.0212022,44497.16804,652.0172229,488.009981,366.0057809,230.0022352,2.0000016,34824.48234,5263.111014,2.0000016,96.0004256,53916.09485,476.0092994,1090.048641,824.0273705,296.0038433,718.0214263,41781.78556,556.0125859,418.0073649,308.0039425,208.0018048,0,34266.95084,5105.047259,12.0000224,98.0005552,51184.6884,582.0136947,1196.057904,864.0309387,256.0027392,756.023668,44077.61692,662.0188086,496.0106274,396.0064417,216.001984,0,35432.17193,5225.095261,4.0000032,108.0006464,54599.0201,500.0104226,1188.057065,846.0291994,278.0031792,804.0267273,43732.42756,634.0165972,518.0111698,392.0066561,234.0024176,0,34852.5569,5519.225488,10.0000112,124.0006816,54177.1682,588.0144356,1164.054665,882.0328765,316.0041601,746.0233111,43547.8149,604.0148548,488.009629,414.0071505,206.0017424,2.0000016,35406.13632,5295.124033,12.0000128,100.0005408,53582.76901,468.0093218,1026.042611,772.0247368,286.003496,742.0224599,43756.52099,692.0194854,474.009253,396.0066849,212.0020544,0,34170.69191,5521.22693,0,120.0006752,53514.42017,540.0121699,1204.058627,828.0280074,292.003616,792.0256392,43443.45578,638.0169109,526.0112146,350.0051249,184.001424,2.0000016,35097.26562,5333.14238,8.0000096,124.0007168,53759.39189,562.0129139,1162.054811,786.0252472,298.0042033,730.0217719,43700.30469,696.019639,450.0085106,336.0046433,204.0018176,0,35045.08123,5439.187126,8.0000096,122.00068,54611.10271,504.010365,1154.654116,846.0295166,289.4036069,756.4235819,43676.86809,646.6172704,486.6099034,373.2059044,220.2020856,1.0000008,34808.04282,5316.735855,6.80000832,110.2006021,53881.79726,538.8120915
46,CTJ3ap37,-369.3835883,5843.571451,1183.256847,1252.760063,45919.27169,1101.30413,2288.203217,2000.275173,1878.942806,1.20000096,37077.56577,9926.550248,8.40000928,160.2011285,57324.4719,5488.610786,170.4649893,152.7215902,43.70201538,99.90944839,812.2950174,68.99606941,63.02770465,80.69865651,35.76007303,1.686549435,450.2281935,173.7255349,3.74759755,11.86794989,977.8460458,154.3902207,46.14850109,2.613497438,3.693366786,7.975146349,1.768963199,6.264942402,2.754462723,4.034377749,1.903201785,140.5456738,1.214287357,1.750109863,44.61420726,7.408156234,1.705809078,2.812919821,34.43369423,0.095739914,0.267721319,0.049835917,-0.160597263,0.517420404,0.547476982,0.481787728,0.874682995,880.829659,3730.859638,0.646862884,1.80945031,2.76994941,0.001785634,0.003136279,0.001275925,0.072983322,0.023028646,0.041413524,0.035253947,0.041011468,687.8789718,1496.858022,0.005263815,0.043839077,8.04429926,1.865088866,1.171471546,2.560251958,45.44493524,4.450664522,7.564431935,7.317319495,4.688723616,78.09443798,40.12099534,0.813745055,2.422784232,32.37164105,0.096739101,0.265651377,0.050605514,-0.180895233,0.505071836,0.495175007,0.422763702,0.828776569,458.6014149,2449.460394,0.648341226,1.78038391,33.03133416,0.095324225,0.262990451,0.048873727,-0.261063617,0.510202826,0.600023526,0.520598442,0.916824674,541.717047,N/A,0.652359536,1.799797788,34.76070417,0.097323014,0.271910031,0.051459067,-0.141151233,0.505164246,0.55797843,0.492807197,0.878775849,563.1264732,5083.066714,0.646159751,1.805300835,30.41538925,0.095040902,0.271720924,0.048349677,-0.063399803,0.539557673,0.504541384,0.530988991,0.937617144,892.1909318,4969.974639,0.649475213,1.856842693,34.50064435,0.095148306,0.268223121,0.050768006,-0.06663666,0.567653046,0.549436711,0.500725297,0.853110797,379.5089726,N/A,0.655898233,1.848977441,38.16851376,0.098684297,0.264290197,0.047972941,-0.113050739,0.501296299,0.600905303,0.46731884,0.923488211,954.2185032,N/A,0.640563016,1.715516355,35.54538752,0.097636884,0.266840645,0.04906954,-0.269408439,0.501349043,0.591000155,0.481431245,0.853487823,947.8827447,N/A,0.649157918,1.774142215,39.0225937,0.093230082,0.268465822,0.049680858,-0.163251607,0.502064987,0.544166665,0.49253599,0.812448292,2731.596919,N/A,0.639979137,1.842887199,35.20723362,0.093651784,0.265956828,0.049918378,-0.126996023,0.538615386,0.491162494,0.481412919,0.877554303,880.1859479,2420.936805,0.645687938,1.833655575,31.31350075,0.094620544,0.27116379,0.051661458,-0.220119271,0.503228697,0.54038014,0.427294663,0.864746286,459.2676364,N/A,0.641006873,1.836999086,7740.399127,5895.396206,1178.056055,3130.392889,46090.87631,2920.342363,2356.224242,2192.194193,1860.140561,4.0000032,36882.35881,9797.849415,12.0000128,170.0013552,56887.26448,5503.222849,7422.207996,5787.339697,1154.054814,3296.438318,46281.57411,3076.382234,2286.21046,2338.220611,1898.146058,0,37072.91386,9749.82235,10.0000112,164.0011424,56828.95979,5417.176538,7790.434052,5869.380431,1202.058856,3294.435743,46241.42582,3098.385157,2404.232663,2360.225855,1932.150473,2.0000016,37387.88721,10166.14156,10.0000144,162.0011152,57861.67766,5631.272841,7916.516908,5819.362214,1196.057763,3068.379199,45848.03259,3086.382782,2240.202556,2334.219555,1836.13561,2.0000016,36581.49355,9939.957229,6.0000048,176.00136,56324.69542,5353.149873,7458.236438,5495.215623,1278.065781,3078.38066,44348.62205,2930.346328,2276.208691,2190.193104,1934.151457,0,36625.71657,9823.863999,14.0000208,154.0009936,55840.54773,5313.13351,7816.447839,5827.363765,1116.050527,3290.437456,46408.01744,2952.350352,2250.203076,2316.215255,1868.140494,0,37163.21167,9821.872549,6.0000048,150.0010096,58016.48038,5725.315599,7770.420154,6059.472056,1152.053907,3388.462915,46829.61916,3094.383675,2322.216435,2226.199856,1902.146093,0,37813.1331,10090.08083,6.0000048,160.0010976,58249.51381,5687.301018,7786.428897,5895.398499,1156.054195,3228.418951,46347.80453,3068.379609,2326.217104,2128.182825,1848.138881,0,37502.19661,10068.05804,2.0000016,140.0008992,58599.09243,5463.198208,7716.394637,5777.339169,1198.0581,3028.369572,44559.33085,2966.35284,2248.203516,2212.19653,1868.140439,4.0000032,36411.00341,9683.754968,6.0000048,150.0009904,56391.02307,5281.119912,7794.437549,6009.446855,1202.058472,3304.438478,46237.41405,2992.361314,2412.233917,2322.217251,1842.137999,0,37335.74294,10124.10154,12.0000128,176.0013216,58245.46427,5511.217516,7721.192359,5843.571451,1183.256847,3210.815418,45919.27169,3018.566665,2312.215266,2262.006504,1878.942806,1.20000096,37077.56577,9926.550248,8.40000928,160.2011285,57324.4719,5488.610786
47,CTJ3ap38,-566.7439065,7671.362217,1341.472974,1426.533875,44097.94335,1245.613345,2666.975698,2300.432113,2074.973914,0.80000064,35731.25491,24264.1652,8.60001104,211.2019661,55029.98697,14292.98282,254.3527373,220.024343,39.50157355,72.9342144,756.9642674,81.33986135,94.1626569,51.59874006,80.93168715,1.032796385,719.9333052,377.3119645,5.738766684,21.33786028,880.4174202,230.8127462,44.87965982,2.868126113,2.944641771,5.112687169,1.716552315,6.530105163,3.530690474,2.243002077,3.900371306,129.0994449,2.014855921,1.555017292,66.72975951,10.10305949,1.59988666,1.614867583,68.31300879,0.25974272,0.679173139,0.060465126,-0.212103323,0.503823842,0.535612597,0.467696027,0.863426603,3127.720268,12168.84198,0.649290867,1.69776038,7.169059024,0.002696911,0.008529153,0.001299099,0.095299031,0.029167411,0.03583257,0.036034304,0.032997274,2795.174697,36.45757769,0.006653285,0.021234126,10.49442727,1.038300962,1.25581418,2.148508922,44.93047498,5.7892081,6.690016382,7.704641977,3.821665242,89.36779693,0.299597757,1.024700288,1.25071396,68.02881041,0.256503104,0.661218361,0.061180423,-0.252139753,0.473913408,0.489675195,0.468880392,0.806123445,1190.512999,12157.82465,0.660264537,1.702041918,67.58510972,0.258392794,0.673820111,0.061962925,-0.136814573,0.484401637,0.522300326,0.46192588,0.823627001,7299.255759,12221.93288,0.642092715,1.674408088,58.48019772,0.262177801,0.685968234,0.060204029,-0.219752676,0.494716758,0.574347843,0.45480868,0.851682441,899.1406469,N/A,0.652703269,1.707748354,70.26073971,0.260431976,0.683702525,0.059314188,-0.127845258,0.558182322,0.61076343,0.478312248,0.882967097,2318.622173,N/A,0.64032372,1.681018401,70.07879721,0.259841968,0.674031192,0.062199602,-0.21144449,0.485850103,0.501344432,0.455816172,0.87563097,794.2327638,12156.81486,0.655629735,1.700706377,64.14282559,0.263759993,0.672735113,0.059138346,-0.042375588,0.526154815,0.518239187,0.501550222,0.899408876,1812.050654,N/A,0.654499863,1.669339742,82.80244114,0.262286908,0.681260677,0.059809408,-0.214373279,0.504850252,0.555311498,0.506530487,0.893505248,7121.056175,N/A,0.650165567,1.688731768,63.30741289,0.254875743,0.684294371,0.059426601,-0.393507747,0.496796482,0.526958461,0.509980895,0.87989738,6963.875181,12138.79555,0.649247305,1.743109294,62.00003242,0.260011581,0.688898376,0.059183738,-0.242299291,0.541746616,0.535018963,0.452430608,0.890524053,1426.013443,N/A,0.641772045,1.700369335,76.44372112,0.259145327,0.685802433,0.062231995,-0.280480581,0.471626025,0.522166634,0.386724681,0.830899525,1452.442884,N/A,0.646209916,1.71013052,10178.14535,7852.477792,1304.068416,3978.636904,44976.83676,3866.599205,2778.311141,2508.252301,2082.174346,2.0000016,36774.03742,24315.66876,12.000016,210.0018352,55695.91485,14286.17503,10586.48808,7922.519457,1354.074172,4114.68064,45113.33589,3890.60713,2822.321405,2596.271277,2110.180267,2.0000016,36276.57428,24443.88532,2.0000016,216.002064,56497.40829,14598.5232,10254.21139,7830.459533,1322.070914,4158.694294,44388.71481,3784.577394,2700.292499,2580.270538,2184.193368,0,35815.28736,24568.14941,16.0000352,246.0026224,54872.23531,14386.282,9705.783147,7244.113185,1414.081235,3974.635358,42710.99531,3588.518046,2558.264535,2508.252755,1948.153366,0,34204.7851,23385.89793,6.0000048,198.0016752,53417.95722,13911.74416,10016.0183,7652.346845,1330.071442,3936.626142,44013.41443,3758.567685,2762.308888,2666.285015,1932.149647,2.0000016,36071.99406,24313.64916,18.0000208,204.0018784,55018.85001,14296.20627,10290.25153,7512.259123,1374.076233,3870.601001,44159.90248,3774.575441,2638.280662,2640.279591,2092.17606,0,35971.72834,24199.44473,8.0000064,226.0021552,54960.63539,14496.41683,10010.01897,7632.330839,1312.069303,4000.644661,43453.49299,3820.586545,2626.278294,2620.277044,2140.184218,0,35303.85303,24051.12681,2.0000016,172.0012544,54299.78892,14242.12374,9585.683568,7668.35854,1302.070172,3950.625029,44103.69599,3852.596672,2648.283362,2604.273469,2140.184912,2.0000016,35478.31396,24277.61052,2.0000016,220.002064,54645.30031,13927.7615,9723.791716,7472.241643,1390.077756,3876.60292,43355.13037,3612.525674,2592.272298,2572.26686,2062.171549,0,35197.53175,24247.52246,10.0000112,230.0023056,54844.28937,14260.1504,10194.16466,7926.515209,1312.070097,4108.67986,44703.91447,3676.545045,2808.316279,2598.271278,2058.171408,0,36218.44379,24838.69686,10.0000112,190.0018064,56047.49001,14524.4451,10054.45567,7671.362217,1341.472974,3997.042681,44097.94335,3762.569884,2693.492936,2589.470013,2074.973914,0.80000064,35731.25491,24264.1652,8.60001104,211.2019661,55029.98697,14292.98282
48,SN5,828.4286499,2.6000024,4576.241246,3779.703773,48451.21721,2649.629987,9376.119048,8439.199004,0.40000032,0,36524.12508,68900.49052,10.40001312,356.0053598,57323.64705,39991.34,48.49872485,2.674989877,55.54260014,125.0204795,800.3675288,84.57273022,145.7388784,152.2238363,0.843274717,0,343.9000779,934.1681033,4.087931428,21.41711132,866.901755,763.508527,5.854303187,102.8841311,1.213716611,3.307679304,1.651903863,3.191869455,1.554362499,1.803771142,210.8185107,N/A,0.941569653,1.355822137,39.30698337,6.015951932,1.512293442,1.909184656,112.66515,0.697644841,1.886540518,0.193544879,0.088357194,0.488207831,0.403223637,0.28257176,0.900091379,4322.069173,N/A,0.637256907,1.72317382,6.351764913,0.008555959,0.027942851,0.003287264,0.004984521,0.011013255,0.015225624,0.006989991,0.010177401,1484.946701,N/A,0.009225527,0.023631801,5.637737055,1.226406148,1.481168852,1.698450677,5.64133061,2.255853746,3.77597503,2.473704841,1.130707491,34.35730991,N/A,1.447693488,1.371411315,109.6355036,0.700206469,1.921285105,0.190886424,0.093647632,0.492687002,0.421421822,0.285558758,0.908461224,6760.957158,N/A,0.626551389,1.719184132,122.5806583,0.697596201,1.896098654,0.197240622,0.092598758,0.464933214,0.392497967,0.28572482,0.890469701,3330.148506,N/A,0.633789875,1.722670115,114.4264803,0.706379611,1.891603343,0.192807083,0.085213397,0.490124298,0.399536771,0.287536766,0.909881121,4050.754194,N/A,0.63182935,1.691966318,110.520192,0.693645292,1.859724705,0.194019378,0.077991168,0.485249504,0.398499342,0.286914317,0.912212424,3389.336474,N/A,0.630347732,1.690018317,122.0708171,0.690581601,1.848315638,0.19690228,0.087961701,0.501325313,0.401190361,0.288059042,0.887689424,4791.33869,N/A,0.650465945,1.740947598,115.2526589,0.710259122,1.875492979,0.189688352,0.086561592,0.493083418,0.431690621,0.285661476,0.90590069,3361.582318,N/A,0.64388712,1.700232681,113.6692677,0.704524947,1.942346223,0.190630503,0.085555606,0.499583053,0.409895259,0.267703306,0.908981214,2034.706131,N/A,0.626238355,1.726513318,108.3122986,0.700377928,1.875286277,0.197445715,0.089878055,0.477163717,0.377317135,0.287208138,0.888897699,4007.612309,N/A,0.647016662,1.732409631,102.0854166,0.691182507,1.878298732,0.196457452,0.088999776,0.483087399,0.394873632,0.275789935,0.888475884,4900.171623,N/A,0.648136403,1.761320304,108.0982073,0.681694725,1.876953522,0.189370981,0.095164257,0.494841389,0.405313459,0.275561046,0.899944404,6594.084333,N/A,0.634306238,1.746475782,888.0319468,4.0000032,4642.864259,3972.633052,49367.35281,2692.291744,9423.557422,8560.936509,0,0,36298.64052,69740.03737,6.0000048,370.0058289,57934.01972,40565.7754,890.032006,0,4468.801216,3772.57494,48730.86272,2746.30287,9611.705676,8558.932676,0,0,36306.68656,68841.05951,12.000016,326.0044113,57285.05297,39961.83535,804.0266665,8.0000096,4560.835443,3720.556842,48263.09688,2678.288647,9305.466927,8466.868681,0,0,36232.46473,68537.45142,10.000008,354.0052465,57345.33343,40507.57435,748.0237832,2.0000016,4636.864626,3808.582345,49250.90422,2742.303197,9555.655361,8717.042822,2.0000016,0,36960.61134,68736.56201,12.0000128,368.0058849,58635.27297,40672.08107,810.0264441,2.0000016,4600.849668,3682.54397,46608.7724,2644.28163,9177.373554,8146.657444,0,0,36104.13469,66731.83674,8.0000096,314.0042513,55505.03442,38330.75552,802.0260953,2.0000016,4552.832069,3986.638517,48676.63759,2638.280339,9233.416709,8364.814006,2.0000016,0,36569.44565,68585.73855,12.0000128,350.0052081,56794.8085,40339.03085,792.0256809,0,4624.858919,3794.579771,48562.20501,2478.246644,9257.437564,8414.83684,0,0,36172.27389,70259.07956,20.0000384,358.0053041,57761.19202,40694.20075,850.0297051,0,4512.818348,3568.510403,47899.69257,2716.296541,9457.589048,8406.829139,0,0,37022.79498,69428.33935,10.0000112,370.0057009,57220.77522,40076.16797,850.0299291,6.0000048,4568.839185,3736.560628,48140.61725,2610.274796,9457.583026,8402.834438,0,0,36759.99769,69046.25704,8.0000096,384.0060737,56716.45278,39201.42002,886.0319484,2.0000016,4592.848727,3762.569314,49012.03064,2558.264007,9281.456307,8352.794669,0,0,36814.2007,69098.54367,6.000008,366.0056881,58038.52852,39564.55875,832.0284205,2.6000024,4576.241246,3780.574978,48451.21721,2650.483041,9376.124159,8439.254723,0.40000032,0,36524.12508,68900.49052,10.40001312,356.0053598,57323.64705,39991.34
49,CTJ3ap39,-490.3034627,9839.480433,2007.76344,2000.127349,45500.55628,1660.84986,4016.237034,3507.909208,3257.227665,0.80000064,36037.71746,5847.372383,6.6000088,131.2008272,55477.54167,862.8307515,280.3772593,132.3356253,105.6061088,121.2147868,568.7594008,106.9996883,124.4592807,104.8749735,90.48426539,1.398412916,286.9246415,138.1691516,4.427194627,18.9082015,606.8527537,48.76762104,57.18443385,1.344945256,5.25988803,6.060353449,1.250005379,6.442466045,3.098902769,2.989671832,2.777953361,174.8014747,0.796178731,2.362927184,67.07861703,14.41164809,1.093871025,5.652049484,6.698346298,0.015554708,0.16225681,0.088258881,-0.123295614,0.499901615,0.498147765,0.413676713,0.873864595,161.0123024,2388.71495,0.649657468,6.794518741,1.010943653,0.000898852,0.003609833,0.002116479,0.072793607,0.0211489,0.028854214,0.026306318,0.028314857,110.3545213,783.8006995,0.008474456,0.380404006,15.09243637,5.778649904,2.224764981,2.398035614,59.03989987,4.230612428,5.792300128,6.359148811,3.240188109,68.5379438,32.81265098,1.304449833,5.598689485,6.6887137,0.014592549,0.160698868,0.091451493,-0.052940947,0.503157484,0.504787309,0.406696578,0.834700084,204.0066106,N/A,0.64200603,7.070022158,7.482365893,0.014812493,0.167354675,0.087787061,-0.08749799,0.514494123,0.522834262,0.417522666,0.911847147,139.6713102,N/A,0.637232576,7.199588152,6.452250678,0.017000381,0.162670267,0.087601099,-0.164808464,0.535537432,0.469545917,0.367833419,0.866329206,N/A,N/A,0.644925906,6.171054179,9.043745036,0.015211994,0.164811162,0.08724256,-0.152007281,0.463197613,0.506984831,0.380685621,0.886178034,104.0033573,1485.852446,0.659321893,7.143285063,6.01446155,0.015212166,0.166003835,0.088793661,-0.025280377,0.481063446,0.463072673,0.442374518,0.841490897,140.338144,N/A,0.650736919,7.101212511,6.889097802,0.015695012,0.159539743,0.085936383,-0.166812438,0.487218087,0.506092843,0.431237093,0.888417604,72.33581351,N/A,0.650229454,6.60958024,5.533480388,0.014795572,0.15532866,0.085811804,-0.255251813,0.503041958,0.550293103,0.449068347,0.919117457,415.0138357,2785.620877,0.63935135,6.712115687,6.210729147,0.0169578,0.160091613,0.092229866,-0.080740352,0.489009999,0.507592203,0.416530119,0.859021564,67.43111775,N/A,0.661042896,6.240634129,5.760718722,0.01496649,0.161184381,0.087279627,-0.05982917,0.499155372,0.494920296,0.429421362,0.852139671,81.80272202,2894.671527,0.657140954,7.077200992,6.907900061,0.016302629,0.164884899,0.088455251,-0.187787304,0.523140636,0.455354213,0.395397402,0.879404286,224.5078103,N/A,0.654586707,6.620494303,13609.42409,9992.003782,2136.18384,5491.209331,46424.14208,5005.007324,4286.738196,3992.640622,3222.419263,0,35901.52398,5769.334261,4.0000064,122.0006992,55920.85168,816.0277482,13285.06687,9851.888466,2088.175244,5423.181678,46233.41931,4926.979833,4098.675509,4136.686908,3128.395747,0,36051.95669,6033.463506,6.000008,112.0005344,56575.82181,838.0289786,13150.91982,9971.984687,2130.182869,5209.089432,45406.4448,4734.899802,4020.650727,3914.617296,3364.456005,0,35737.03896,5813.353673,0,146.0011088,55412.62746,942.0357534,13016.78374,9835.883344,1832.13723,5301.127072,45338.09687,4732.899346,3996.643836,3954.629853,3226.419372,4.0000032,36061.96608,5943.41454,8.0000128,92.0004032,54695.53869,832.0281898,13449.23946,9787.835636,1946.153393,5153.064915,45560.94752,5001.003098,4088.672963,3874.602108,3376.459186,0,36019.85378,5979.433876,6.000008,140.0008928,55352.40546,842.0299867,13054.832,9903.930258,1920.149858,5313.130609,45860.06331,4948.983121,3982.638088,3954.628572,3254.425875,0,35961.69782,5737.320013,12.000016,126.0006672,55306.16549,868.0309195,12304.06451,9595.69285,1934.151831,5331.138997,44806.32462,4874.953126,3884.609834,3966.636671,3106.391124,2.0000016,35867.47103,5571.246211,2.0000016,150.0011344,56099.78152,830.0283354,13377.17185,9905.928557,2046.169513,5443.187237,45368.27757,4993.003899,4226.718384,4056.662208,3318.442823,0,36800.11536,5891.38984,14.0000208,152.0010016,55669.78418,944.0370511,13110.88267,9637.718327,1942.151399,5155.065775,44579.42357,4832.938567,3932.618965,3770.573331,3266.427661,2.0000016,35917.54776,5789.347685,10.000008,142.0010096,54657.29622,818.0278746,12968.73411,9911.938427,2102.17922,5151.065237,45428.42313,4840.942546,4060.662963,3994.63899,3308.439591,0,36058.00317,5945.420229,4.0000064,130.0008208,55085.14422,898.032678,13132.71191,9839.480433,2007.76344,5297.126028,45500.55628,4889.161066,4057.862946,3961.631656,3257.227665,0.80000064,36037.71746,5847.372383,6.6000088,131.2008272,55477.54167,862.8307515
50,CTJ3ap40,-82.69744935,3461.682823,1427.282612,1381.124949,43926.1643,1082.028445,2841.864337,2463.01143,3479.888108,1.40000112,34801.23504,5078.035976,8.40000928,124.6007646,53526.86537,1305.069188,142.6067039,92.34034212,38.12935961,114.3330416,811.2401851,61.48470371,62.0357076,86.51606379,97.87125931,1.646546522,592.1278268,140.0162188,2.951462089,17.02435646,694.7521904,52.05042147,172.4438964,2.667498637,2.671465292,8.278254741,1.846826824,5.682355579,2.182922907,3.512613166,2.812482938,117.6103718,1.70145636,2.757290801,35.13641462,13.66312358,1.297950451,3.988326592,10.63531222,0.024378652,0.145908606,0.06470555,-0.02941599,0.50249642,0.486201904,0.380661332,0.866816096,174.0944862,2033.113196,0.650175845,3.89471264,1.376879403,0.000827378,0.002751451,0.001367571,0.050719803,0.018895743,0.041584004,0.018061922,0.028381243,64.93621554,722.1073371,0.008260342,0.138687985,12.94629978,3.393864509,1.885736053,2.113529409,172.4225621,3.760373669,8.552826325,4.744879583,3.274194265,37.29940964,35.51732086,1.270478176,3.560929856,11.15053726,0.024981484,0.14646981,0.065381168,0.003234794,0.50266052,0.466349033,0.419489967,0.813513538,95.57651901,N/A,0.635411889,3.725505616,10.69539794,0.023513928,0.143770626,0.062345696,-0.044438677,0.503162743,0.517780462,0.36671077,0.84920377,126.2063254,1251.250864,0.648602007,3.965731065,10.23378526,0.023155076,0.141932921,0.065081104,-0.034349993,0.488995616,0.441924053,0.383601811,0.856431498,204.6765895,N/A,0.657976668,4.033178278,8.547051655,0.02416148,0.148568544,0.066815239,0.000294304,0.485179743,0.547989479,0.365779592,0.841909183,320.5164337,2535.513455,0.643253681,3.955356401,9.701949751,0.024557416,0.147871649,0.065219937,-0.155772222,0.506792217,0.448869506,0.366477448,0.910769636,108.3389973,2528.510869,0.645990886,3.889812314,9.200448333,0.02519494,0.146921517,0.062766354,-0.024082745,0.546732637,0.492165839,0.361729395,0.868579804,172.5094707,N/A,0.645282249,3.762892396,10.06200849,0.024154116,0.149468621,0.064949193,-0.031907906,0.482288752,0.493497138,0.384784376,0.885040286,163.5084258,N/A,0.662568244,4.100053242,12.35244824,0.025354589,0.142398903,0.063698854,0.002207614,0.511811732,0.548096649,0.386320185,0.897455465,222.3451356,1234.743936,0.659185952,3.702184092,11.45057243,0.025306331,0.148131595,0.065120151,0.032263933,0.487920019,0.432280818,0.372801732,0.879571874,171.7593147,2615.546856,0.650374261,3.806991149,12.95892287,0.023407158,0.143551875,0.065677806,-0.041609,0.509420217,0.473066059,0.398918039,0.865685906,155.5076498,N/A,0.653112612,4.005421846,4614.857528,3326.446632,1446.08456,2456.242312,44001.37415,2298.214012,2920.343199,2814.319078,3402.464526,0,34034.29796,4984.997144,14.0000144,120.0007328,53562.57657,1338.072642,4700.8874,3484.488062,1398.079133,2606.272821,44567.34909,2162.188713,2822.320038,2836.323109,3422.471782,4.0000032,34812.44816,5005.007458,10.000008,118.0006832,53673.0503,1262.064264,4662.87125,3438.476113,1392.078132,2410.23382,43742.51345,2220.198091,2892.338366,2934.346228,3562.51117,0,34896.69346,4952.989652,6.000008,120.0006784,53036.36917,1228.061174,4672.876424,3374.459073,1402.080099,2714.297468,43250.84945,2164.18802,2934.346036,2918.341799,3484.489148,2.0000016,34132.60187,5071.030967,4.0000032,150.0010544,53062.42759,1282.06676,4556.836552,3606.523726,1420.081061,2466.244676,42963.81345,2210.19769,2844.32647,3012.363938,3304.439185,2.0000016,34198.75149,5057.025783,12.0000128,134.0008336,52939.99073,1300.069354,4784.929207,3504.494413,1524.093881,2546.262131,44412.97023,2158.188073,2832.323845,2908.339637,3496.494647,0,35345.96529,5193.082838,8.0000096,150.0011056,54775.9765,1380.077422,4876.952564,3590.520699,1424.081489,2660.283541,45462.5661,2314.216454,2998.361005,3110.392551,3568.513358,0,35881.4607,5363.152448,8.0000096,130.0007824,54155.11689,1308.068976,4716.891676,3402.465016,1412.082405,2652.285045,43312.99226,2182.193792,2802.316556,2948.350535,3390.462763,4.0000032,34684.11329,4938.979694,6.0000048,108.0006048,52616.58438,1334.071881,4784.919707,3388.461721,1414.080825,2388.2291,44505.14232,2192.193726,2944.348054,3052.3733,3612.524473,2.0000016,35313.85663,5231.097897,8.0000128,120.0007008,54297.74627,1374.076716,4728.898014,3500.492777,1440.084536,2510.254632,43042.07248,2276.208685,2872.33393,2942.348203,3554.510027,0,34712.16159,4982.995881,8.0000096,96.0004704,53148.81528,1244.062691,4710.092032,3461.682823,1427.282612,2541.060555,43926.1643,2217.798726,2886.33575,2947.749838,3479.888108,1.40000112,34801.23504,5078.035976,8.40000928,124.6007646,53526.86537,1305.069188
51,CTJ3ap41,-16.49683401,120.4006755,168.4012695,342.4625307,42115.66351,254.3005865,216.2953588,117.8575616,24.00004544,0.80000064,36024.35275,5574.44934,8.8000128,127.4007426,55538.40472,196.6016917,20.55893203,13.91415325,15.74261605,28.12785137,1475.730507,34.11338317,18.87099852,14.94539154,7.831582783,1.032796385,955.1437131,208.9826019,4.825864095,10.15666827,1835.439604,21.54208208,124.6235006,11.55654085,9.348276354,8.213409891,3.503994438,13.41459084,8.724643296,12.68089323,32.63153315,129.0994449,2.651383412,3.748937143,54.83928495,7.972220619,3.304811532,10.95722112,1.560029741,0.003540843,0.154717959,0.005143415,-0.073658304,0.78338419,1.596901411,1.180161329,0.546815824,38.24018862,2766.112293,0.648871954,28.58961193,0.2774582,0.000377587,0.003010685,0.000504295,0.089653764,0.094589941,0.2070646,0.15639691,0.072019799,39.20152255,59.9222697,0.012992776,2.585718655,17.78544295,10.66374837,1.945918524,9.804671799,121.7157589,12.07452766,12.96664895,13.25216363,13.17075989,102.5139362,2.166299244,2.002363598,9.044259367,1.538464689,0.003516625,0.153551951,0.004804078,0.018396871,0.810805275,1.820949336,1.176287805,0.65998641,20.00013696,2765.611706,0.633371599,27.65590112,1.523813816,0.003352982,0.155523576,0.005727265,-0.237997422,0.716636183,1.196221683,0.857767669,0.454177817,96.00073121,N/A,0.628500248,29.15213761,1.463771798,0.00353667,0.16242104,0.005377945,-0.110245259,0.829228675,1.421359485,1.364934647,0.513884211,33.66693014,N/A,0.639805783,29.38298143,2.15518413,0.004482085,0.155736312,0.004872289,-0.174328307,0.846444904,1.565454907,1.08285516,0.677465948,125.0012416,N/A,0.64918587,22.55687294,1.516133239,0.003426158,0.153986518,0.004441668,0.037759507,0.777757722,1.774586929,1.129204196,0.505730753,23.5001686,2823.636906,0.668347679,30.03846296,1.384618206,0.003282154,0.151510151,0.00586549,0.014916892,0.622314251,1.372856618,1.14031598,0.54683682,12.85722932,2683.577907,0.645930565,29.81731814,1.453129198,0.003397306,0.15291007,0.005465394,-0.076259889,0.678786723,1.684368066,1.201091794,0.496252849,11.62508648,2791.622655,0.666912678,30.01721861,1.944452209,0.003801777,0.155081156,0.004736438,-0.069336069,0.842649019,1.766806095,1.424321841,0.551259897,15.00010034,N/A,0.652232998,26.60572851,1.384618405,0.003509515,0.152710771,0.005525044,-0.019395683,0.758003448,1.61195541,1.156470671,0.565860472,22.5001442,N/A,0.656379142,28.56125671,1.236111722,0.003103156,0.153748048,0.004618539,-0.120093683,0.951215697,1.754455584,1.26836353,0.496703061,22.2501173,N/A,0.648052977,32.1082413,170.0012272,120.0006176,170.0012656,422.0074577,43644.1036,286.0037937,210.001928,142.000856,26.0000368,2.0000016,36021.86614,5531.227837,10.0000176,130.0008528,56873.19454,200.0017216,116.0006176,126.0007344,176.001312,336.0046177,42881.49421,252.0028672,246.0026192,116.0007168,32.0000768,0,35989.76872,5597.257532,2.0000016,126.0007056,57262.93481,192.001616,160.0010848,134.0007696,192.0015808,374.0057393,43054.06418,360.0055649,232.0024448,124.0006816,36.0000864,0,36543.37788,5935.413446,6.0000048,138.0008432,57116.36074,202.0017424,122.0006288,114.0006288,174.0013616,360.0054433,42191.10617,260.0029184,206.001768,144.0009312,34.0000624,0,36210.42961,5639.27876,2.0000016,116.0006144,55778.21593,250.0026832,176.00128,122.0006448,146.0009744,374.0059281,42263.48451,252.0027744,188.0015296,98.0005104,22.0000368,2.0000016,36673.84924,5647.27833,8.0000096,124.0006944,54872.41202,188.0015744,142.0008944,100.0005184,148.0009696,360.0056289,40546.23262,304.0039105,238.00244,132.0008224,14.0000144,2.0000016,35424.4259,5367.160107,14.0000176,130.0007728,54842.46728,180.0014368,168.0012832,134.000808,156.0010496,432.007933,42050.64776,320.0043201,230.00228,116.0006624,14.0000176,2.0000016,36513.29024,5583.249776,16.000016,128.0007104,54749.73181,186.0015696,166.0012048,130.0008176,170.001288,400.0070049,42594.51031,330.0045777,202.0018512,114.000568,20.0000224,0,36027.93474,5587.253772,14.0000336,108.0005504,55237.82886,210.0019088,126.0007408,94.0004112,162.001144,376.0060065,38682.20278,278.0032208,214.0020048,124.0007296,22.0000688,0,33665.37471,5141.065326,8.0000096,130.0007056,51289.52546,180.0013696,156.0012192,130.0008048,190.0017488,394.0063665,43248.78899,296.0038017,200.0018208,102.0005104,20.000032,0,37173.2103,5715.308513,8.000016,144.000976,57361.37574,178.0012944,150.2010181,120.4006755,168.4012695,382.8062126,42115.66351,293.8037749,216.6020687,121.2006989,24.00004544,0.80000064,36024.35275,5574.44934,8.8000128,127.4007426,55538.40472,196.6016917
52,CTJ3ap49,-382.0091082,5571.846837,923.6348567,1053.336868,43356.9542,897.9898092,1800.163264,1510.44076,1249.663437,1.80000176,34752.09974,10366.90782,7.80000912,131.400779,53240.44734,2448.241577,163.7472174,111.3338058,48.91913574,71.98123957,556.5224776,94.28178642,66.76847272,58.14536155,54.86544519,1.988860194,418.5174125,140.8345041,4.263546417,15.23317819,700.4157079,91.6788379,42.86474169,1.998149071,5.296371763,6.833639052,1.283582963,10.4992045,3.709023179,3.849562531,4.390417736,110.492125,1.204293886,1.358500592,54.66078759,11.59291315,1.315570666,3.74468103,18.88295203,0.04597688,0.298351805,0.041521306,-0.211448788,0.513485412,0.586278575,0.498968278,0.840610186,389.3946949,4177.372825,0.652751915,4.239888313,2.469627023,0.001353654,0.005570309,0.001487006,0.09042545,0.028732334,0.051230452,0.050921617,0.054554262,173.8913517,1587.512557,0.002737786,0.171320511,13.07860666,2.944206731,1.86702721,3.581307329,42.76470478,5.59555016,8.738243906,10.20538169,6.489840692,44.65683636,38.00265439,0.419422183,4.040684533,20.23912824,0.044865246,0.29888455,0.041702342,-0.206803101,0.470587932,0.566242255,0.528965558,0.815976703,238.822743,5190.156678,0.652441187,4.346450939,19.36119505,0.046748574,0.298713019,0.042479258,-0.237642251,0.498449333,0.58636981,0.503730407,0.838215644,137.6801898,1733.052759,0.656649012,4.195841492,21.12474844,0.045946605,0.298309749,0.042922796,-0.215782316,0.479287283,0.51082578,0.466785931,0.787932662,401.3720118,5134.116065,0.656724652,4.263805077,14.16370262,0.043439944,0.304548176,0.042299411,-0.302180048,0.518730374,0.586274587,0.426530683,0.835823668,226.6204566,2582.566284,0.650197559,4.558396308,19.18366814,0.047101751,0.289126304,0.041448244,-0.219409164,0.507340499,0.596609106,0.441588074,0.805573029,633.0641642,N/A,0.648878742,3.983034812,18.50175854,0.046444877,0.290975986,0.043776372,-0.217187551,0.520727251,0.517285004,0.513832945,0.753934173,314.5314494,N/A,0.651487385,4.08155204,18.37321723,0.047366314,0.2955002,0.039907136,-0.166071221,0.52883876,0.677747212,0.557749009,0.898510771,321.532878,5221.180364,0.650721198,4.059599058,23.31705884,0.047740196,0.307746526,0.038754156,-0.1492817,0.530894163,0.583350301,0.484740024,0.914731231,419.7085639,N/A,0.65350002,4.212642103,16.93109904,0.045125005,0.299789065,0.041409384,-0.029254115,0.507352204,0.586346861,0.590588797,0.838735416,601.0572872,5203.164798,0.651512639,4.328340032,17.63394415,0.044990289,0.299924477,0.040513958,-0.37087641,0.572646324,0.651734837,0.475171356,0.916668569,599.5572047,N/A,0.655406758,4.369221268,7438.222824,5647.280437,866.0306779,2934.347345,44129.80881,2826.323879,1856.138257,1674.113776,1238.062059,2.0000016,34730.20492,10380.32166,10.000008,118.0006032,53231.1657,2388.229341,7464.233151,5707.309737,918.0343933,2992.361615,43357.17782,2800.31635,1858.139436,1722.118986,1280.066176,6.000008,34810.436,10398.33042,18.000024,128.0007104,53012.24151,2478.246721,7296.137104,5557.239167,884.0318476,2804.315268,42971.84479,2684.291021,1860.140251,1624.106308,1226.061064,2.0000016,34421.40389,10268.24034,6.0000048,114.0006,52413.75327,2408.233997,7078.006102,5505.218303,934.035795,2900.337671,42568.4191,2574.26891,1816.134192,1674.11503,1214.059579,4.0000032,33919.99756,10330.2734,10.0000144,160.001088,52168.75565,2266.207829,7388.189417,5619.267207,906.0331996,2948.349213,43086.22492,2632.278161,1802.13035,1616.104932,1274.065474,0,34884.66583,10086.07449,4.0000032,132.0007552,53761.45585,2532.258683,7386.188231,5637.279114,1004.041352,2886.335398,44045.49813,2840.326569,1944.152943,1628.108753,1252.064455,0,35295.77925,10270.22415,8.0000096,136.0008352,54177.22592,2516.254615,7198.078455,5407.171417,918.0345021,2988.358315,43499.59003,2742.30175,1752.123798,1736.123628,1266.064882,2.0000016,35337.94254,10442.36908,8.0000096,140.0008544,54305.81119,2572.266111,7530.273136,5621.26741,898.0327868,2870.330888,43648.16148,2664.285944,1706.117034,1706.117511,1140.052428,0,34471.57009,10608.50595,6.000008,108.0005312,52749.14927,2518.254741,7382.186134,5369.156647,894.0323484,2832.322181,42554.4428,2802.316098,1778.128529,1652.110616,1250.063525,2.0000016,34712.19977,10406.33792,4.0000064,142.001,53279.39581,2404.232996,7162.056221,5647.278935,1014.041664,3046.373488,43708.37411,2694.292472,1788.129248,1812.133296,1356.074731,0,34936.79756,10478.40074,4.0000032,136.0008128,53305.51926,2398.230737,7332.357078,5571.846837,923.6348567,2920.343138,43356.9542,2726.100115,1816.133404,1684.515284,1249.663437,1.80000176,34752.09974,10366.90782,7.80000912,131.400779,53240.44734,2448.241577
53,CTJ3ap48,-23.61780896,451.0084368,339.4048358,483.4933842,43483.63633,366.2361434,585.3530206,454.5413713,630.8164731,0.80000064,35948.72482,4939.781223,6.80000704,115.6006179,55514.02955,830.4283546,25.57244593,22.65281723,25.73527987,32.55770947,901.5805061,32.99495624,41.59207066,31.13450395,47.6232224,1.032796385,690.8077302,101.2687896,2.529824995,12.81678756,923.3373919,37.90071583,108.2761147,5.022703653,7.582472952,6.733847977,2.07337882,9.009202625,7.105467845,6.849652402,7.549457637,129.0994449,1.921647384,2.050066289,37.20327024,11.08712721,1.663250532,4.563995873,7.252767182,0.014959254,0.137444061,0.013457605,-0.041528788,0.582286084,0.830345221,0.630318057,0.779814566,138.5929029,2448.480383,0.647606741,5.96056425,0.757895809,0.000643796,0.003309155,0.00086289,0.047217067,0.056443906,0.087090971,0.08858699,0.07615476,50.96732734,47.90036012,0.010228713,0.319938072,10.44974683,4.303663786,2.407637561,6.411915641,113.6971948,9.693500832,10.48852555,14.05433155,9.765752386,36.77484652,1.956330157,1.579463686,5.367580296,8.098277299,0.014892813,0.13633431,0.012765849,-0.097237248,0.59963195,0.929746587,0.719633223,0.818404491,137.6711849,N/A,0.652093698,5.96950651,7.717206726,0.014472823,0.140412526,0.014270426,-0.027106711,0.596232545,0.801066033,0.579053987,0.732711065,81.80269257,N/A,0.637702524,6.186866253,6.889089331,0.015412799,0.134254923,0.013943497,0.011413328,0.593064083,0.696578431,0.560377922,0.752406605,217.0074603,N/A,0.632306224,5.507774606,8.018113452,0.016082669,0.136216472,0.013500024,-0.058172181,0.539493221,0.803893157,0.56842137,0.787907091,112.2539989,N/A,0.663284031,5.617861849,7.151130902,0.013714425,0.139012736,0.013636521,-0.031602722,0.582481492,0.864657211,0.565086975,0.660601891,189.5057298,N/A,0.649833269,6.58686777,7.241583716,0.015233528,0.139392456,0.013361689,0.0029695,0.609636626,0.764788234,0.718457676,0.771028484,140.0047127,2450.481246,0.63760058,5.834282762,7.321633011,0.014467078,0.135698341,0.013517714,-0.070229957,0.551146589,0.908043362,0.564544676,0.820406962,205.0066146,2475.490344,0.643679483,6.037586516,7.727509502,0.015244808,0.136026894,0.012416758,0.027082539,0.631735283,0.840854623,0.769150575,0.749654126,85.00296555,2487.495892,0.655926938,5.852727315,6.883531182,0.015210648,0.132929381,0.015024887,-0.054011857,0.457130607,0.73123828,0.540699706,0.751876754,137.6711817,2380.454049,0.659510951,5.763619156,5.479596696,0.014860952,0.144162575,0.01213868,-0.118392569,0.662308448,0.962586292,0.717754464,0.953148193,80.0024884,N/A,0.644129715,6.248549763,556.0127907,440.0080162,328.0043713,656.0174533,42849.43987,538.0118387,554.0128531,524.0116163,548.0126595,0,36168.30411,4930.980781,6.000008,102.0004848,55464.88829,826.0282106,628.016058,466.0089586,378.0060241,664.0181957,44426.90886,520.0114563,642.01669,552.0129795,628.0159204,0,36043.98674,5061.02723,10.000008,106.0004752,56521.63101,818.0275802,608.0157412,434.0078481,370.0056497,580.0137379,44744.0218,492.0101314,632.0161476,558.0128051,636.0163236,0,35610.73538,4780.916541,4.0000032,126.0007664,56318.81207,868.0305355,652.0182341,496.0103266,322.0042897,646.0176085,44212.09806,502.0103346,606.014818,570.0133939,716.0213255,0,37036.82547,5045.025714,8.0000096,112.000544,55838.56048,898.0330684,582.0138643,434.0077681,348.0050305,662.0183093,43812.6774,480.009597,606.0150452,488.009869,670.0182069,0,35917.57749,4993.000729,4.0000032,106.0005104,55271.98933,758.0235255,586.014338,422.0074641,356.0055137,588.0140259,43704.31411,558.0127219,592.0147908,538.0119635,630.0166069,2.0000016,35159.48112,4900.966413,6.0000048,116.0007232,55143.42711,840.0289482,618.015618,476.0092162,322.0043473,690.0197846,43220.65547,486.0096498,592.0146308,564.0129699,608.0149764,2.0000016,36485.22607,4950.984649,4.0000032,112.000576,56682.2884,820.0271145,646.0175125,456.008621,342.0048113,608.0152036,43600.23965,566.0132179,550.0128339,500.0104962,676.0192326,2.0000016,36573.61872,4974.995764,10.000008,110.0005552,55758.67772,850.0303355,586.0139859,448.0083042,290.003544,614.0153492,42223.26318,490.0102674,642.0165524,560.0135492,596.014618,2.0000016,35815.34699,4760.911907,6.000008,120.0006464,54305.91706,826.0281914,546.0123283,438.0078449,338.0047761,638.0166324,42042.74494,510.0106674,518.0113683,570.0132787,600.0148612,0,34676.14607,4999.002498,10.0000144,146.0008976,53834.10402,800.0260361,600.8150471,451.0084368,339.4048358,634.6166301,43483.63633,514.2109882,593.414573,542.4122921,630.8164731,0.80000064,35948.72482,4939.781223,6.80000704,115.6006179,55514.02955,830.4283546
54,SN1,880.1093909,2.40000224,4987.605647,4056.260582,46767.57823,2838.13898,10114.71011,9111.029402,0.80000064,0,36737.94842,69047.5851,12.60001808,350.2052774,57125.35544,39812.98621,70.30354433,1.837874947,326.6709982,215.1888725,2562.331382,178.7953347,561.4970782,442.1603638,1.032796385,0,1686.27841,2638.599202,5.168287099,39.74978137,2632.648926,1944.857811,7.988046152,76.57805131,6.549655714,5.305104743,5.478862664,6.299738524,5.55129185,4.853023125,129.0994449,N/A,4.590017904,3.821421413,41.01809272,11.35042329,4.608547126,4.88498351,114.6989368,0.696895515,1.880187046,0.216290594,0.08696025,0.492983752,0.401290673,0.280648366,0.901229525,3924.040832,N/A,0.643128555,1.73529477,10.7261667,0.007788139,0.021481125,0.003033686,0.004219239,0.014774368,0.013345604,0.010763228,0.015624783,2442.631932,N/A,0.004259849,0.028189217,9.351583371,1.117547517,1.142499384,1.402597301,4.851916688,2.996927904,3.325670114,3.835129383,1.733718548,62.24787245,N/A,0.662363507,1.62446276,101.6799926,0.697985715,1.887618505,0.217018903,0.082763887,0.479409709,0.3800978,0.264660326,0.90012414,5134.924776,N/A,0.642999222,1.738914142,128.7768888,0.713752662,1.860788419,0.210754122,0.094135581,0.518154222,0.412138476,0.29251083,0.911052855,2073.332812,N/A,0.648551496,1.69080576,109.4893239,0.69324722,1.864898344,0.211725236,0.086898464,0.498678986,0.389767159,0.296944698,0.902038592,2165.484655,N/A,0.647936613,1.743008672,113.1130602,0.697232631,1.858191302,0.216152985,0.088105013,0.48496994,0.408715787,0.283102692,0.91851873,2516.799507,N/A,0.648669841,1.728766847,128.3591599,0.705627071,1.876639523,0.220866831,0.088746221,0.482014596,0.392007717,0.272501576,0.873160519,10268.86516,N/A,0.635695862,1.69065506,110.075747,0.694726089,1.889292568,0.216024651,0.088479286,0.503532013,0.414488507,0.272885304,0.905484324,4006.815771,N/A,0.641575321,1.744750206,118.9441804,0.687180431,1.872342289,0.217973767,0.080580182,0.481048748,0.383432077,0.276932393,0.896733323,3330.475684,N/A,0.638613177,1.740012381,128.3721605,0.694785692,1.932463106,0.217519977,0.081371659,0.473828973,0.41096481,0.272477259,0.925617442,3466.086538,N/A,0.642930572,1.788234305,103.9461641,0.695630028,1.88736022,0.216249485,0.090206095,0.509667301,0.410998179,0.293587813,0.882137606,4053.959241,N/A,0.642373887,1.742867433,104.2326902,0.68878761,1.872276188,0.218619986,0.088316116,0.498533033,0.410296215,0.280880768,0.897427723,2223.664179,N/A,0.641939563,1.744932895,892.0336685,2.0000016,5151.06412,4084.66784,49509.95902,2844.324741,10744.62255,9671.749726,2.0000016,0,37843.257,71433.63221,8.0000096,404.0071841,58854.28118,41079.44751,952.0372783,2.0000016,5225.094819,4156.696537,47847.47865,2950.351013,10084.07892,9187.384191,2.0000016,0,37678.73955,70112.16219,20.0000288,322.0043313,58096.75839,41466.71596,854.0295194,0,4900.967821,3830.593138,46418.18516,2918.343159,9827.901229,8865.146188,0,0,36431.1312,67940.35624,18.0000272,356.0053281,56226.38154,38978.78269,912.0336685,2.0000016,5005.004737,4218.713963,47745.05898,2922.343088,10320.2626,9479.609617,2.0000016,0,37464.0922,69615.45027,16.0000224,356.0052961,57755.25518,40268.8485,934.0352509,4.0000064,5043.022309,4102.676005,47369.65271,2852.328809,10462.38507,9135.34157,0,0,37004.70447,69444.49095,4.0000032,320.0043809,58211.33456,41075.49351,904.0336013,2.0000016,5129.059856,4222.718227,47152.78709,2780.310758,10186.16439,9223.412175,0,0,37002.72976,69908.98233,10.000008,364.0056129,57674.80221,40068.18976,834.0286234,0,4978.996231,3968.634934,47484.12937,2866.331836,10350.29455,9281.45402,0,0,37141.18563,69541.01253,12.000032,336.0047937,58159.12816,39965.81479,708.0210631,2.0000016,4106.698075,3562.521564,39844.83316,2362.229458,8667.072758,8022.648655,2.0000016,0,32073.99806,61981.81793,10.0000112,270.0032784,49887.18764,34660.9042,932.0357806,6.0000048,5219.096032,4210.71478,47353.64721,3008.367047,10240.20184,9033.26714,0,0,37436.02253,70655.25973,10.0000176,390.0063473,58277.62195,40539.66376,912.0341069,4.0000032,5117.05247,4212.710722,46950.05096,2884.33424,10264.21948,9211.395111,0,0,37303.62384,69842.68663,18.0000208,384.0062209,58110.80355,40026.00147,883.4322561,2.40000224,4987.605647,4057.064771,46767.57823,2838.926415,10114.72034,9111.140839,0.80000064,0,36737.94842,69047.5851,12.60001808,350.2052774,57125.35544,39812.98621
55,CTJ3ap47,-256.7536591,4558.8364,835.0286812,989.0877131,43449.45532,812.0712068,1585.98439,1305.784468,1104.849615,1.60000128,35040.47698,10654.74753,7.4000088,176.8014215,53893.43853,8097.029244,153.3247059,130.0570017,66.33875776,87.99212845,667.8724764,75.36171694,56.88647425,31.51524358,52.65180822,1.577622538,427.5147279,181.6926376,2.988873649,25.45970699,896.369288,205.5659737,59.71665854,2.852855209,7.944488525,8.896291733,1.537125083,9.280185815,3.586824347,2.413510373,4.765518085,98.60132972,1.22005967,1.705273983,40.39013641,14.40017098,1.663225269,2.538782651,46.6529175,0.150230398,0.304085003,0.036512637,-0.162001211,0.526836743,0.624765799,0.512654158,0.824434287,1260.355807,4402.275648,0.650274825,1.316361672,6.78081317,0.002158993,0.004860395,0.001511946,0.095764565,0.042024563,0.064053986,0.05256817,0.03918472,484.3351201,1326.869783,0.00906344,0.028000626,14.53459619,1.437121384,1.598367093,4.140884089,59.11348673,7.976771463,10.25247962,10.25411958,4.752922142,38.42844356,30.14054295,1.39378607,2.12712258,38.5166263,0.146705354,0.301110016,0.034617533,-0.185441792,0.506717399,0.592131353,0.587212721,0.853196384,1296.735937,N/A,0.665564619,1.366059031,46.40117496,0.153199297,0.310332871,0.035285771,-0.029190059,0.58102468,0.621252846,0.575254695,0.857099507,816.6663662,N/A,0.654818044,1.326452324,45.51456355,0.150890126,0.307642682,0.03893796,-0.060581088,0.4823274,0.498968249,0.465631568,0.748663636,2048.170798,2703.668039,0.647442837,1.320040321,52.58958833,0.150637079,0.29865306,0.03830345,-0.138985697,0.469895522,0.602305497,0.498087204,0.792036293,1972.121132,5142.113936,0.657571573,1.303701343,39.07866728,0.151866702,0.309725913,0.035939476,-0.183280834,0.536353201,0.649627366,0.490645567,0.843014316,1380.79129,N/A,0.645862641,1.317210373,58.29698286,0.151282602,0.300297071,0.036803711,-0.167888777,0.562149027,0.61342349,0.507342405,0.807227994,699.5676964,5312.25372,0.637581153,1.265603247,50.91627268,0.15054933,0.297725623,0.03695726,-0.378824555,0.490853815,0.610655995,0.514562462,0.808828511,1357.775536,5328.270315,0.66145362,1.308087464,37.26168264,0.148571516,0.300457415,0.037942297,-0.096475524,0.570554285,0.657325314,0.523400275,0.815737911,1006.073554,5248.200984,0.644871507,1.304129022,48.31108447,0.146877714,0.307686619,0.035419316,-0.199890764,0.570829923,0.646692977,0.409803286,0.829718306,652.2032991,N/A,0.645339936,1.35188966,49.6425319,0.151724256,0.307218757,0.03491959,-0.179453024,0.497662176,0.755274904,0.554601398,0.888820015,1373.452464,2679.146892,0.642242325,1.300443936,6161.523347,4654.871897,774.0243768,2464.244127,44125.8114,2424.236042,1542.096104,1462.086343,1140.052617,0,35297.8002,10628.5212,6.000008,202.001752,53034.3699,7780.425995,5943.414329,4324.748795,882.0317852,2392.231143,43021.94588,2292.212855,1532.095091,1454.085728,1098.049201,0,34906.70718,10832.69866,10.000008,176.0013664,53307.49128,8166.670196,6279.587529,4608.853464,808.0264169,2380.232119,43023.96531,2292.210832,1690.115962,1416.08115,1162.054462,4.0000032,35153.38233,10814.68081,4.0000032,180.0015008,54295.7313,8192.689747,5797.354255,4348.760069,756.0235304,2426.236518,42004.52818,2228.199957,1622.107404,1418.082374,1032.043173,2.0000016,34435.39501,10284.2361,4.0000032,150.001,52367.52385,7888.49084,6151.519002,4650.873271,842.029257,2578.267934,43682.20671,2296.213098,1584.101543,1478.088112,1110.050106,0,35233.61769,10912.7644,6.0000048,212.001968,54552.80345,8284.75437,6231.559046,4698.889986,918.0342557,2576.266716,44372.69516,2370.225809,1648.109329,1482.088977,1176.055839,2.0000016,35380.01857,10624.51594,12.000016,144.0009952,55491.00445,8394.82355,5851.378322,4668.876838,794.0257625,2552.263211,43770.61542,2364.225766,1632.10915,1466.08657,1132.051887,2.0000016,35793.18781,10656.54916,6.000008,160.0011872,54112.9215,8146.664078,6161.521743,4564.837069,938.0361278,2610.273438,43331.02597,2358.223911,1658.111244,1494.092401,1098.049258,2.0000016,34934.76887,10496.41036,8.0000096,216.0020032,54173.22441,8048.598094,5979.431676,4540.830249,878.0316796,2516.256458,43427.34503,2120.181942,1552.097203,1428.085785,1090.048129,0,34387.26894,10580.5025,12.0000224,162.0012112,53285.51202,7826.454198,5993.444273,4526.822363,760.02362,2670.287646,43734.41416,2332.220655,1540.095712,1498.090986,1010.041479,4.0000032,34882.62321,10716.59614,6.0000048,166.0012304,54313.80314,8240.721376,6055.073352,4558.8364,835.0286812,2516.655931,43449.45532,2307.815087,1600.103874,1459.686843,1104.849615,1.60000128,35040.47698,10654.74753,7.4000088,176.8014215,53893.43853,8097.029244
56,CTJ3ap45,-102.0180692,3636.332621,1264.465056,1212.182266,44401.24438,1047.330077,2425.133063,2112.238775,2512.654977,0.60000048,34701.56,5084.838837,7.0000072,123.000715,53606.6578,880.2316378,180.2681067,100.0572361,68.0514892,103.6193836,964.3096842,59.23336866,92.7505693,53.07460529,73.75785281,0.966092556,648.7144782,143.5396871,4.136562481,19.51090184,1118.673041,38.72055388,176.7021354,2.751597462,5.381840238,8.548168579,2.17180779,5.655654313,3.824555886,2.512718066,2.935454867,161.0152972,1.869410131,2.822895507,59.09368894,15.86242961,2.08681736,4.39890504,7.30757684,0.016421202,0.146527809,0.054611617,-0.042169941,0.521657506,0.499703248,0.431945385,0.871663107,155.2999113,2548.518929,0.64740098,5.784263668,1.108493185,0.000656748,0.002972277,0.001463932,0.075010192,0.02568296,0.035938262,0.019913315,0.026283582,117.4300108,21.71204298,0.007425165,0.243097421,15.16909379,3.999393235,2.028472794,2.680624453,177.8759685,4.923337518,7.191920796,4.610146601,3.015337164,75.61498899,0.851947487,1.146919067,4.202737547,6.65238302,0.016963269,0.143101737,0.057095384,-0.031343246,0.470043518,0.543223632,0.42683171,0.854130583,153.0056397,N/A,0.647297334,5.460584908,5.815958852,0.016606774,0.146807932,0.056586687,-0.015237265,0.557315931,0.496490557,0.417203527,0.835029994,147.3385703,N/A,0.653999918,5.781518597,8.396067603,0.014769694,0.145750019,0.055215303,-0.020140066,0.517476707,0.481869245,0.439414687,0.880561616,N/A,2523.508026,0.634525038,6.261608003,6.724850786,0.017002904,0.149401416,0.053662305,-0.067247192,0.512144421,0.513879207,0.422948376,0.86692896,92.80343149,N/A,0.648615841,5.699269257,7.627354083,0.016790752,0.145766162,0.053065207,0.008640715,0.535413685,0.555245441,0.430883456,0.906562092,225.0078211,2562.525669,0.655924257,5.694298995,8.134860082,0.016082212,0.143214727,0.055765041,-0.055519731,0.49606587,0.489072963,0.413580828,0.853302487,84.60281975,N/A,0.643871725,5.733782833,9.532222022,0.016498556,0.148302437,0.053984421,-0.215005965,0.552390301,0.432114386,0.405828666,0.854682146,74.66930721,2559.523092,0.635569581,5.713016102,6.984336696,0.016844938,0.143142773,0.053433531,-0.098787678,0.521866123,0.525145548,0.458214212,0.877915299,440.015391,N/A,0.652957651,5.54862051,6.446338944,0.016198457,0.152129781,0.053099295,0.02105054,0.521993168,0.482276037,0.434224085,0.922109637,104.7535261,N/A,0.65270222,6.129932197,6.761396316,0.016454462,0.147661106,0.054208998,0.051890473,0.531865333,0.477715468,0.4703243,0.865408256,75.5026949,N/A,0.648546233,5.820005275,4964.994034,3644.532382,1214.059294,2624.27827,45237.733,2298.2118,2616.274999,2570.265661,2614.275436,0,35031.06132,5013.005732,6.0000048,138.0008592,54118.96432,918.0345725,5005.011208,3642.532553,1396.078507,2464.245183,44268.42952,2240.203075,2538.259657,2454.24248,2602.273375,0,34814.52355,5111.048195,6.0000048,152.0010976,53233.22315,884.0321292,4876.953409,3558.511375,1282.066431,2386.228488,44870.43313,2256.204585,2510.253583,2538.259103,2560.262904,2.0000016,34627.92061,5047.02009,0,96.0004416,54572.97747,806.0261977,4968.992189,3706.553131,1240.062493,2486.249345,45121.32088,2240.202527,2452.243615,2436.239301,2420.236673,0,35402.08518,5289.121672,10.000008,138.00084,54580.97527,928.0350574,5083.035067,3656.537292,1268.065107,2540.261474,44631.57614,2220.198994,2400.233671,2494.250376,2492.250915,2.0000016,35159.43192,5125.055438,4.0000064,118.000648,53602.88412,900.0327244,4844.941697,3596.52087,1202.059121,2390.230959,43453.46923,2182.192985,2454.241837,2406.234447,2430.2375,0,33871.84738,4850.947388,10.0000112,104.0004544,52606.51474,846.029145,4762.909827,3814.584027,1332.07283,2320.216251,44669.7457,2230.200157,2444.240497,2418.235311,2564.264421,2.0000016,34517.64099,5119.050278,12.000016,94.0004208,54309.77507,896.0328812,4786.922779,3624.529672,1222.060625,2444.242188,43824.78274,2262.206088,2374.227428,2410.23405,2544.262706,0,34112.52038,4882.960752,2.0000016,126.0007248,52243.08245,880.0314859,4796.927249,3430.474554,1174.055854,2234.203316,42357.97417,2102.17843,2280.210375,2412.235793,2428.237825,0,33767.61716,5137.06021,8.0000064,130.0007472,51735.10385,838.0288794,5235.098325,3688.550352,1314.0703,2416.237227,45576.97932,2372.226956,2502.251032,2482.247364,2470.248017,0,35710.95153,5273.118616,12.0000128,134.0009168,55063.07756,906.0333052,4932.578579,3636.332621,1264.465056,2430.63927,44401.24438,2240.40256,2457.243669,2462.244389,2512.654977,0.60000048,34701.56,5084.838837,7.0000072,123.000715,53606.6578,880.2316378
57,CTJ3ap44,7.243595864,137.2008554,202.6017861,376.0344311,44174.98961,290.5894825,297.7245915,175.0978624,131.4008078,0.60000048,36678.97508,4854.346559,6.400008,128.6007758,56932.4495,940.4362181,46.65144208,22.41452425,20.09015314,22.36554892,648.5500532,19.21951917,25.20259649,20.49067054,17.53872975,0.966092556,497.833634,95.52771361,2.458550973,14.30009975,649.3582816,56.83803106,644.0370633,16.33701495,9.916078988,5.947739641,1.468138553,6.613976183,8.465070474,11.70241044,13.34750527,161.0152972,1.357272478,1.96787997,38.41481094,11.11976165,1.140576749,6.043794355,7.387062124,0.01651881,0.132347033,0.006741364,0.032088983,0.683842999,1.271246087,0.980095178,0.58933427,168.0529851,2456.816296,0.64428181,5.177671348,0.845672775,0.000985398,0.001879699,0.000584177,0.15952367,0.080374098,0.128958703,0.077937691,0.063334783,62.76950277,63.43181108,0.007841118,0.309691661,11.44802576,5.965306838,1.420280467,8.66556236,497.1290906,11.75329691,10.14427535,7.952053268,10.74683526,37.35101923,2.581870333,1.217032318,5.981292362,7.643075548,0.015089951,0.132959379,0.005742977,0.268915274,0.745028486,1.513022751,1.064558266,0.570229327,85.60277437,N/A,0.629613208,5.5475978,8.327541003,0.016170027,0.133856046,0.006755936,0.029739413,0.678941361,1.230623829,0.894352113,0.503495373,229.0084435,2441.476575,0.643937644,5.330538337,8.159027235,0.017942968,0.131214813,0.006148509,0.108596161,0.853944377,1.318702024,1.068692712,0.688112068,171.3404161,N/A,0.640190503,4.68163776,6.131771423,0.016221223,0.131014584,0.006200737,-0.017774085,0.673396091,1.24691216,1.018941079,0.667960128,93.2033993,N/A,0.640682047,5.174621511,8.28097522,0.016371115,0.128649465,0.007814708,-0.131678292,0.586280264,1.001435867,0.900392257,0.563409916,157.3392712,N/A,0.637443018,5.009231319,7.354088619,0.017276846,0.133040988,0.006894524,0.311025274,0.590993463,1.29339174,1.087353366,0.523972523,239.009098,2402.461046,0.652665888,5.025877815,6.680775003,0.016890441,0.131811667,0.006892389,0.011657749,0.650151681,1.247056551,0.882174436,0.630844824,120.2546422,N/A,0.654127114,5.104756184,7.597021439,0.016563205,0.132525817,0.006887935,-0.057727926,0.623663253,1.315737573,0.977324312,0.539089521,117.7543383,N/A,0.642518759,5.140932794,7.682090788,0.017682468,0.135741486,0.006905937,-0.190652393,0.711054803,1.346496114,0.984927891,0.565315189,253.510262,2526.511268,0.649121468,4.983055217,6.014254961,0.014979851,0.132656082,0.00716999,-0.011211343,0.724976212,1.199082259,0.922235346,0.640913833,213.5072059,N/A,0.652518451,5.778464743,234.0024016,120.0006176,188.0014848,422.0078162,43939.1184,308.0039873,254.0026896,162.0011664,130.0007824,0,35716.98029,4748.907506,10.0000208,112.0006624,56728.44827,856.0295242,200.001696,138.0009456,204.001808,416.0072353,44475.03036,314.0041681,302.0039921,168.001216,120.0006176,2.0000016,36479.16702,4882.957057,4.0000032,110.0006,56650.15447,916.0345069,210.0019536,130.0008272,236.0024224,408.0067905,44948.69457,338.0048465,278.0032336,208.0019104,128.000768,0,36679.76866,4812.928989,6.000008,126.0007888,57295.08398,1028.043868,200.0016544,148.0009216,186.0014896,394.0066417,44545.36177,330.0046513,278.00324,204.0017152,140.0008448,0,36812.17377,4822.931638,10.0000176,152.00104,57457.78887,932.0356334,190.0015408,170.0011984,202.0018128,402.0066833,44089.70677,366.0055441,346.0050833,210.0018416,114.0006736,0,36757.9967,4728.896612,6.0000048,114.0006288,57664.75691,944.0363822,220.002096,92.0003904,176.0013632,416.0070977,43194.56363,354.0054097,300.0040385,180.0014112,172.0012672,2.0000016,36116.13242,4804.925936,4.0000032,130.0007664,55336.3261,956.0371567,178.0015664,126.0007024,198.0017232,422.0074225,44185.97818,310.0040945,306.0038448,208.0018336,114.0005936,0,37257.46797,4910.968955,8.0000064,144.000944,56957.53498,962.0379071,196.0017504,154.0011216,186.001464,444.0083298,43298.92948,342.0048337,300.0038081,180.0013152,138.0009776,0,36543.39237,4842.942925,8.0000096,124.0006816,56875.21468,942.0358366,162.00108,160.0010816,222.0020592,474.0093714,45209.66649,360.0053697,314.0042673,196.0016736,140.0009152,2.0000016,37225.3665,5053.026578,4.0000032,132.0007648,57347.3045,1014.041859,182.0015792,134.0007472,228.0022336,422.0075377,43862.84647,334.0048145,316.0041537,218.002088,118.0006384,0,37201.30508,4934.979394,4.0000032,142.0008816,57011.88224,854.0295066,197.2017319,137.2008554,202.6017861,422.0074926,44174.98961,335.6047719,299.4038351,193.4016171,131.4008078,0.60000048,36678.97508,4854.346559,6.400008,128.6007758,56932.4495,940.4362181
58,CTJ3ap43,-122.2809079,2213.197709,453.6086046,592.8771486,43740.86238,459.5123729,784.3273813,636.626679,539.8121768,0.60000048,35454.46262,7244.103778,5.80000688,129.6007744,54582.03132,2600.472672,89.30778095,81.19032995,32.37132272,42.69282069,506.7825035,63.39191122,34.57939847,47.75864968,41.47949501,0.966092556,454.3193662,141.1195826,3.190268347,11.99270997,905.9483568,77.78774494,73.0349345,3.668462588,7.136399615,7.200955677,1.158601993,13.79547428,4.408796543,7.501829763,7.684060641,161.0152972,1.281416591,1.948061306,55.00456142,9.253578939,1.659792307,2.991292536,20.21401604,0.047652064,0.204311707,0.017933159,-0.154373223,0.578834457,0.757371784,0.586221983,0.812610831,617.0538463,3598.035357,0.649671739,2.787883182,1.873454494,0.001532192,0.002153151,0.000811606,0.111902091,0.040329956,0.065076828,0.078491235,0.064310854,385.552482,76.35920593,0.010411516,0.098480714,9.268096408,3.21537311,1.053856083,4.525728309,72.48801898,6.967442123,8.592454812,13.38933666,7.91410244,62.48279374,2.122247237,1.602581094,3.532454813,20.24448193,0.049862904,0.206027873,0.019222744,-0.187664542,0.623421469,0.673604112,0.558484479,0.721427843,267.2282589,N/A,0.659155411,2.723555511,21.93776803,0.049351127,0.205926335,0.017714715,-0.085830604,0.629879813,0.827769326,0.591493341,0.783749883,453.382544,N/A,0.643131038,2.683578366,22.00221661,0.049869312,0.202372712,0.017028704,-0.071593904,0.597289415,0.793183551,0.603228084,0.770494454,660.0698075,3525.992839,0.658177431,2.670924195,21.69070746,0.047338905,0.204927809,0.017448841,-0.026897644,0.543475448,0.8284388,0.578833375,0.946486545,1323.139957,3590.03236,0.626772435,2.713267285,18.07316542,0.046769224,0.201245798,0.01886369,-0.086741906,0.52968434,0.778338348,0.694746237,0.769805793,253.0255882,N/A,0.648996063,2.79259991,20.74810484,0.047253727,0.204112088,0.018372916,-0.206038222,0.543178926,0.755691984,0.453000227,0.868048844,653.5683401,N/A,0.641860238,2.772510024,17.61508319,0.047735606,0.203330778,0.017728251,-0.278650602,0.574028342,0.745735969,0.477081655,0.830729382,264.2276233,3678.080871,0.653600068,2.784022708,20.78889344,0.046553486,0.204329836,0.018050091,-0.383696727,0.538935928,0.719471735,0.575008691,0.766076872,634.0642434,N/A,0.662071478,2.905925401,21.79152678,0.045905067,0.202326306,0.01834097,-0.154507739,0.573708024,0.636876964,0.653385395,0.832535092,1242.123163,N/A,0.649358267,2.862042626,17.2482127,0.045881277,0.208517537,0.016560663,-0.062110341,0.634742868,0.814607054,0.676958343,0.836753602,419.7089377,N/A,0.653594964,2.970405796,2866.330914,2184.192193,524.0112322,1298.067714,43726.37253,1186.05754,848.0298827,688.0196838,586.0141556,0,35325.91331,7278.12278,10.0000176,132.0007744,53592.69259,2672.287292,3148.398217,2322.21694,490.0101138,1422.081773,43915.03,1222.061765,784.0254313,676.0189093,476.0096002,0,35450.22667,7300.135251,6.000008,124.0007136,55121.31209,2720.298891,2866.329476,2108.180995,438.0079826,1288.068484,43064.12359,1134.052366,740.0228391,638.0170453,524.011309,2.0000016,34846.55249,7051.99132,4.0000032,120.0006976,52944.01002,2640.281342,2978.358301,2166.189375,420.0072353,1366.075407,44290.46724,1158.054273,780.0251496,810.0266073,564.0132131,2.0000016,35037.07231,7180.070464,2.0000016,122.0007248,55900.78689,2646.282032,2880.334398,2132.18351,438.0081106,1358.074729,43836.75238,1274.066146,834.0284954,714.0210262,556.0128227,0,35111.29333,7066.000263,10.0000112,140.0008608,54100.93427,2530.258716,2914.340896,2222.199271,428.0076001,1340.072359,42887.4753,1086.048212,794.0256056,750.0228311,474.0093426,0,35510.41478,7248.104896,4.0000032,126.0006864,55324.21655,2614.275452,3048.372884,2360.224066,452.0083554,1378.076876,44416.79591,1150.053582,794.0265145,726.0218775,516.0112035,2.0000016,36178.32828,7356.167627,10.0000144,150.0009968,55352.39369,2642.280038,2834.325076,2266.206984,426.0076369,1328.071399,43792.61135,1198.059105,798.0263193,688.0195558,592.0146916,0,36070.01112,7370.179459,4.0000032,122.0006736,54480.53919,2536.259003,2876.333524,2166.187852,456.0086914,1232.061229,43337.10545,1230.061134,802.0268185,740.0227879,562.0131379,0,35141.37479,7110.024565,2.0000016,114.0006544,54117.08229,2484.248313,3006.362449,2204.195902,464.0090882,1334.071954,44141.89006,1218.061077,738.0223383,688.0193062,548.0122915,0,35873.43908,7480.241151,6.0000048,146.0009616,54886.34561,2518.255641,2941.948613,2213.197709,453.6086046,1334.472192,43740.86238,1185.65752,791.2259394,711.820963,539.8121768,0.60000048,35454.46262,7244.103778,5.80000688,129.6007744,54582.03132,2600.472672
59,CTJ3ap42,17.21669212,14.00002336,158.0011069,351.3142217,43566.67895,268.4098461,205.9635695,102.1826227,3.0000024,0.60000048,36144.42543,4774.716187,4.40000544,113.4006238,55477.74325,104.4005091,11.54495164,6.110112216,20.04467853,24.96762571,737.5521286,12.7312214,33.57954738,12.00361982,3.16228019,1.349898195,467.5757257,67.91114255,2.633126297,21.39697344,928.8530875,11.80594543,67.05673518,43.64358586,12.68641652,7.10692143,1.692927132,4.743202081,16.30363441,11.74722228,105.4092553,224.9828526,1.293631646,1.422307419,59.8437055,18.86847948,1.674280591,11.3083217,0.958014718,0.001881492,0.132111709,0.00472554,0.088009515,0.7825731,1.739207617,1.336275601,0.510568069,31.68011715,1818.602225,0.651611757,46.24026313,0.244795615,0.000207373,0.001926666,0.000754968,0.06543244,0.140691489,0.256786247,0.231060426,0.120661296,16.34123104,861.0690943,0.009777329,5.070700081,25.55238558,11.02172304,1.458361047,15.97633208,74.34700626,17.97806348,14.76455397,17.29137509,23.63275397,51.58197795,47.34785222,1.500483793,10.96598448,0.772726531,0.001823359,0.134500616,0.005299746,0.145991229,0.777946406,1.644169418,1.191370401,0.416511014,17.0000624,2427.470021,0.6452528,47.5972513,0.763888207,0.001988143,0.128719764,0.005811206,0.099962971,0.598543135,1.37815303,1.016200883,0.438837138,18.33340782,N/A,0.663998849,42.98974661,0.892856427,0.00178434,0.128922814,0.004176557,0.098694004,0.815442846,1.808391458,1.55869704,0.61670728,16.66670187,N/A,0.647294522,46.7685755,0.741934709,0.001709163,0.13154339,0.005392232,0.050615567,0.728068032,1.616800362,1.143781551,0.421050412,46.000168,N/A,0.668423944,51.44434699,1.181817848,0.0018642,0.132656666,0.005075977,0.020619261,0.625282965,1.622664236,1.131797607,0.468450923,52.0001952,1209.73443,0.653850466,46.52807264,0.861537179,0.001968818,0.132041812,0.005239641,0.020566262,0.681032007,1.655001475,1.216061135,0.413790834,56.0002144,N/A,0.64820106,43.47260601,0.666665067,0.001516347,0.133405536,0.004421702,0.111818025,0.999999423,1.65974783,1.391918183,0.46391534,42.00012,N/A,0.64178259,56.46291679,1.083333,0.001858311,0.133546541,0.003329908,0.212614862,0.986110837,2.356330075,1.74588691,0.763887758,26.000096,N/A,0.637269803,45.79705642,1.384618263,0.001999545,0.132411352,0.004209295,0.117565809,0.71920283,1.749246319,1.479854102,0.459173121,10.80005222,N/A,0.658412617,43.6005816,1.23076995,0.002302695,0.133368602,0.004299133,0.001647159,0.894102516,1.901571965,1.487188202,0.643356868,32.0001536,N/A,0.651630915,37.74147748,48.0001152,10.0000272,182.0014704,388.0061505,44143.84268,282.0034832,234.0022864,98.0004272,4.0000032,2.0000016,36096.07201,4854.943926,6.000008,132.0007872,55940.97693,102.0005104,42.0000944,12.000016,152.0010176,354.0051857,43700.33292,262.0030704,254.0027696,112.0006048,4.0000032,0,36737.92972,4728.897646,6.000008,144.0009056,55328.30334,110.0005936,32.0000768,10.0000176,150.0009712,336.0049761,44043.53576,290.0038001,184.0014368,114.0006896,4.0000032,0,36276.579,4676.878652,6.0000144,112.0005952,56043.38951,100.0004512,42.000104,22.0000496,166.0011888,376.0059521,42283.47212,268.0029952,228.002304,96.000464,0,0,35979.77052,4732.900995,2.0000016,124.0006816,53827.7703,92.0004096,24.0000352,14.0000144,140.000864,368.0056481,44109.73423,258.002872,224.0022496,106.0005456,8.0000064,4.0000032,36477.18369,4838.941591,2.0000016,88.0004256,55788.26598,104.0004736,38.0000976,24.0000384,158.0010928,392.0062913,44278.3084,290.0035184,232.002448,96.0004864,0,0,36874.33807,4868.954409,2.0000016,130.0007952,56887.19191,112.0005184,30.0000592,6.000008,194.00164,324.0044609,43874.90458,272.0031552,194.001752,90.0003888,0,0,35552.5153,4742.902356,2.0000016,126.0007632,55396.5094,84.0003072,50.0001392,14.000024,142.000904,344.0048929,43244.72027,256.0027616,144.0009568,110.000568,0,0,35664.83425,4762.915264,4.0000032,96.0004608,55965.04665,104.0004672,32.0000896,8.0000096,128.0007008,314.0041489,42281.62243,266.0030064,178.0013616,82.0002992,2.0000016,0,35562.59189,4708.890857,10.0000112,78.0003024,54012.62212,108.0006432,28.0000576,20.0000288,168.0012192,364.0055841,43706.3161,286.0035568,188.0015168,122.0006704,8.0000064,0,36222.43984,4830.936171,4.0000032,104.0005216,55587.35631,128.0007168,36.60008688,14.00002336,158.0011069,356.005329,43566.67895,273.003222,206.0019082,102.6005144,3.0000024,0.60000048,36144.42543,4774.716187,4.40000544,113.4006238,55477.74325,104.4005091
60,SN2,832.4289161,2.6000024,4594.849492,3794.30848,45325.23583,2694.039648,9359.914441,8461.24706,0.20000016,0,36020.92519,67937.05397,10.40001312,352.4052458,56265.64037,39607.59356,43.47412477,2.319006301,171.6863499,136.8009087,1381.689511,81.69031274,339.636053,244.4280134,0.632456038,0,858.6035514,1832.269256,3.627065821,24.56451709,1765.258272,1102.333354,5.222563023,89.19246769,3.736495618,3.605424005,3.048389017,3.032260969,3.628623479,2.888794189,316.227766,N/A,2.383624371,2.697010171,34.8755889,6.970531053,3.13736458,2.783136402,112.7765785,0.704079614,1.886047777,0.206521522,0.088955332,0.490983787,0.405521685,0.287974803,0.904355008,4374.867975,N/A,0.640434976,1.715397405,6.644340574,0.010462563,0.025024003,0.004809939,0.003929102,0.010069192,0.01123904,0.007836666,0.018639356,2087.719785,N/A,0.012730318,0.020119742,5.891596163,1.485991457,1.326795825,2.329025445,4.416937786,2.050819658,2.771501722,2.721302564,2.061066226,47.72074944,N/A,1.987761255,1.172890996,117.1859576,0.701373957,1.903108383,0.206021475,0.087219849,0.498440609,0.404410041,0.282512181,0.911093928,4007.812917,N/A,0.638987896,1.733830021,114.2660479,0.701719383,1.906736069,0.209923117,0.089286657,0.476556712,0.397608846,0.286138623,0.893948341,2209.172866,N/A,0.626283074,1.701757933,108.2175191,0.721175523,1.878555184,0.215097405,0.085947387,0.487216171,0.402313354,0.27547867,0.869652714,3408.90153,N/A,0.641808429,1.671815683,103.4411353,0.702797921,1.870681014,0.206369025,0.09538332,0.494013054,0.402750404,0.278965469,0.915037657,4861.804322,N/A,0.650094888,1.730398069,116.0438835,0.682356617,1.866462751,0.209984964,0.093088875,0.483474029,0.382769404,0.283383163,0.879686114,4989.947379,N/A,0.628759074,1.719856394,110.9942082,0.702325405,1.914487656,0.206505974,0.088857123,0.477184199,0.41481521,0.292790488,0.902677436,4018.047558,N/A,0.627637078,1.710892743,113.0151968,0.708666565,1.849113169,0.201594925,0.085326032,0.50747704,0.406036678,0.296433483,0.917864397,3333.993845,N/A,0.653089616,1.704097061,115.9004798,0.711712745,1.854598521,0.207601048,0.086544279,0.493571846,0.403572755,0.292223688,0.903589385,3071.399881,N/A,0.65880312,1.716725326,125.2846916,0.696460549,1.914790074,0.197473175,0.093918359,0.490929022,0.420552612,0.299253272,0.926981969,9834.968268,N/A,0.62600138,1.72107556,103.4166655,0.712207472,1.901944947,0.204644108,0.083981434,0.500975184,0.420387549,0.292568994,0.923018142,4012.631187,N/A,0.652885204,1.743525256,840.0284906,4.0000032,4768.913286,3870.600524,46440.13942,2704.294592,9567.666031,8717.042422,0,0,36513.28635,69488.74136,10.0000112,342.0049201,57142.3756,40078.17406,852.0299403,2.0000016,4532.82708,3782.575017,45310.02425,2722.298483,9511.621521,8502.89828,0,0,35490.34475,67670.72042,18.0000336,348.0052609,56668.21638,39765.18581,850.0294362,2.0000016,4802.926226,3966.633259,45829.91477,2716.296202,9857.89575,8572.945797,0,0,36404.9638,68388.73344,12.0000128,378.0059121,56722.47694,40906.862,874.0320732,0,4526.821393,3690.548519,44402.80658,2556.262107,9163.363912,8384.823049,0,0,35977.77212,67302.93524,8.0000096,376.0059393,55342.33968,38894.48125,904.0331724,2.0000016,4680.879366,3706.551546,46106.91886,2744.30388,9681.759697,8516.909565,0,0,36784.06147,68656.08056,8.000016,344.0048513,58502.63317,39919.65887,836.0284746,2.0000016,4474.804204,3890.607947,45410.4038,2746.304753,9377.51966,8464.875407,0,0,35907.53843,68744.53908,10.000008,362.0054449,57210.67107,40180.50772,806.0265561,4.0000032,4760.909384,3810.584239,46536.52202,2782.311016,9381.526661,8610.969313,0,0,36870.36649,68177.48024,12.000016,354.0053073,56455.2943,40007.97948,762.0240664,8.0000096,4282.740819,3504.496071,41796.68831,2538.260329,8677.036288,7840.477885,0,0,34116.85402,63273.06702,12.0000128,318.0041873,51786.11479,36856.83789,850.0296603,2.0000016,4428.791378,3794.578644,45683.39883,2700.293517,9021.271364,8362.81079,2.0000016,0,35359.98497,67706.94824,4.0000032,314.0040817,56485.47447,39339.90454,786.0249976,0,4688.881785,3934.621082,45735.54142,2738.302154,9359.509081,8638.996685,0,0,36784.0795,69961.29414,10.000008,388.0065537,56340.80734,40126.34397,836.0286868,2.6000024,4594.849492,3795.179685,45325.23583,2694.892703,9359.916997,8461.274919,0.20000016,0,36020.92519,67937.05397,10.40001312,352.4052458,56265.64037,39607.59356
61,CTJ3ap50,-68.73699105,1501.091574,540.0121219,643.4697906,44157.12948,539.7388666,963.7445583,751.1431546,899.4333992,0.60000048,36105.52031,5642.87842,8.8000096,127.8007394,56057.54439,1417.681292,126.569938,68.82197166,31.76436948,40.22418533,538.4210488,36.67032036,47.61925839,49.37663452,51.1683582,0.966092556,534.5563662,133.3992341,2.859684645,18.46215398,741.7224249,39.71235638,184.1365705,4.584795017,5.882158602,6.251138113,1.219329823,6.794085554,4.941066383,6.573531852,5.688954652,161.0152972,1.480539158,2.364028147,32.49638097,14.4460463,1.323144695,2.801218906,11.27257376,0.025297276,0.156303526,0.021825625,-0.069846653,0.560960528,0.668537626,0.561463347,0.780690858,180.1788804,2837.977691,0.644100798,3.983872291,1.41123221,0.000905504,0.003665047,0.001052964,0.134008401,0.03373972,0.043699269,0.050035265,0.058894214,69.02839821,92.13595091,0.006964732,0.168356196,12.5191659,3.579454126,2.344826548,4.824441062,191.8608773,6.014633568,6.536545951,8.911581702,7.543858525,38.31103738,3.246535419,1.081310823,4.225943599,11.35541067,0.024705,0.15536807,0.022017388,-0.223697271,0.580014129,0.598162803,0.566813309,0.832526588,100.577017,2810.631922,0.634789999,3.992151235,13.90071538,0.024810679,0.155384115,0.020657014,0.207408424,0.60606657,0.69615213,0.665310183,0.858696318,139.0076964,N/A,0.641787237,4.019379785,10.37735305,0.025277634,0.158599582,0.021619686,-0.141690323,0.589773538,0.727242478,0.51153522,0.685068257,238.6801551,N/A,0.638298571,4.004879858,12.11928676,0.025439886,0.15319578,0.023511905,-0.019816347,0.544524675,0.672927756,0.546099431,0.735658661,178.7601887,N/A,0.636942694,3.835588383,12.38949753,0.023689662,0.159272752,0.02030872,-0.186625934,0.555460052,0.723597523,0.597652927,0.87178908,334.5178706,2940.69096,0.653758656,4.395416835,9.568050904,0.025140498,0.149608517,0.021803195,-0.199599774,0.58448686,0.620355614,0.579837128,0.735143394,141.6079225,N/A,0.650200276,3.869274984,11.39122685,0.026688633,0.156469359,0.021272519,0.005887195,0.590150304,0.657071918,0.55490827,0.781269467,145.8083897,2762.61019,0.64634438,3.789369476,9.22549249,0.026746647,0.163106354,0.02130965,0.053357533,0.516196323,0.680533554,0.585491463,0.772211722,147.6086858,N/A,0.639375884,3.899040871,11.9488831,0.024993801,0.154578135,0.023426366,-0.079913598,0.511765745,0.623101769,0.502680923,0.751982185,231.0126044,N/A,0.654104856,4.045415531,10.44982085,0.025480318,0.157452589,0.022329804,-0.113776433,0.531167079,0.686230712,0.504304618,0.782562906,144.2082734,N/A,0.645405422,3.988205953,1978.157483,1588.10256,572.0134979,1122.05091,44792.15027,1080.047615,998.0404641,950.0369247,926.0355454,2.0000016,36180.33191,5621.268342,14.0000176,124.0008,56995.74968,1408.080008,2096.177116,1376.076593,558.0128371,1102.049431,44571.4047,1064.046757,932.0352269,914.0339677,886.0330749,0,35957.67625,5587.25172,10.000008,100.0004704,56027.40939,1390.078076,2046.169427,1576.100157,566.0133139,1226.061368,44390.69942,1008.041871,970.0391904,770.0247,808.0267945,0,36162.26247,5735.319721,6.000008,138.0007824,56654.14922,1432.08284,1998.1602,1458.086535,566.0130771,1188.056787,44210.05821,1046.044861,1050.044509,880.0316716,828.0282154,0,35805.23299,5485.210608,8.0000096,118.0006096,56214.21413,1430.083226,1942.153326,1524.095084,500.0105762,1162.055067,44324.49612,1038.043635,912.0336557,914.0342845,928.0350253,2.0000016,36926.5084,5881.386625,4.0000032,108.0005504,56483.39498,1338.072553,1970.157819,1562.098565,564.0131299,1122.05115,44258.25955,1072.047266,976.0389296,830.0279706,866.0307067,0,36623.62391,5479.206057,10.0000112,148.0009696,56326.68158,1416.080811,2024.165137,1458.086247,542.0123763,1092.048668,43174.53385,988.0397872,930.0353374,844.0286442,908.0337485,2.0000016,35311.86447,5525.2248,10.0000112,128.0007456,54633.20418,1458.08553,2032.167102,1432.083611,478.009349,1110.04978,43455.54227,1012.041583,938.0356254,846.0296923,940.0363022,0,35285.74624,5755.329433,10.0000112,160.0010528,55187.79658,1476.088511,2042.168448,1534.09498,524.0112482,1152.053612,43708.35532,1018.042128,1036.043435,902.0344062,948.0370255,0,36274.59558,5607.259344,6.000008,116.0005888,55456.85104,1386.077475,1966.155457,1502.091402,530.0118131,1188.056774,44685.79515,996.0405585,1010.042775,914.0341469,956.0375535,0,36527.36085,5751.327547,10.000008,138.000824,56595.99314,1442.083888,2009.563151,1501.091574,540.0121219,1146.453355,44157.12948,1032.243606,975.2389149,876.4316409,899.4333992,0.60000048,36105.52031,5642.87842,8.8000096,127.8007394,56057.54439,1417.681292
62,CTJ4ap51,-376.2961395,6713.40869,1332.472264,1387.213504,44855.23028,1209.014862,2584.160442,2230.326799,2137.384419,1.20000096,36313.10384,8316.974847,7.80000944,145.2009936,56099.70272,2910.54145,214.4778363,100.3950176,43.5863302,97.17279085,489.3472447,81.70439436,72.12302674,68.37673011,65.7463834,1.032796385,258.0276051,205.0013832,5.202571597,16.17149501,718.467828,39.64563758,56.99708654,1.495440279,3.271087239,7.004890781,1.090948016,6.757931349,2.790965514,3.065771802,3.076020523,86.06629658,0.710563344,2.464855154,66.69955513,11.13731705,1.280698102,1.362139597,20.28534677,0.051888022,0.229021184,0.057613663,-0.14592049,0.516014958,0.537058829,0.467873271,0.863411015,506.3645527,4136.703253,0.647367275,2.858222895,2.428007498,0.000895095,0.004707561,0.001583602,0.08300067,0.02260278,0.03899807,0.028560369,0.027788491,410.2767294,113.0973076,0.007456966,0.088345326,11.96926789,1.725052132,2.055513412,2.748656652,56.88075041,4.380256814,7.261414905,6.10429584,3.218454556,81.02398306,2.733996149,1.151891022,3.09091799,18.39713177,0.052968711,0.226618332,0.05930125,-0.147025455,0.474762423,0.529719119,0.434294399,0.853815208,372.5443762,4079.329731,0.639845582,2.737479071,18.81784331,0.051447147,0.230421935,0.058934027,-0.146306845,0.497057586,0.550950232,0.492484867,0.821040074,N/A,N/A,0.655913993,2.937713392,23.05016671,0.05040104,0.234262181,0.057636564,-0.017986197,0.524443513,0.510932362,0.448422119,0.843658309,363.0422002,N/A,0.635067595,2.951770861,20.45937859,0.051983083,0.221457136,0.055590408,-0.206754557,0.548413424,0.545716766,0.462927454,0.881690052,238.6939487,4019.294474,0.658763139,2.806447582,22.47222061,0.053398462,0.226721786,0.059418793,-0.093854024,0.520709389,0.540112943,0.459971111,0.880180534,741.5878825,N/A,0.646673961,2.745679731,18.30578335,0.050962125,0.235861148,0.056257504,-0.096376089,0.519967123,0.582876532,0.497234396,0.878189881,241.0276486,4289.470019,0.640879375,2.966095808,19.58322362,0.051395357,0.232212125,0.05558698,-0.230675642,0.512160557,0.582881718,0.468877011,0.847069366,1449.167823,4242.439231,0.647941724,2.927500297,25.00279183,0.051887399,0.223447297,0.059169447,-0.27799621,0.49700204,0.505529227,0.519409709,0.846744883,725.0840235,4028.299345,0.64504528,2.777815546,19.08005471,0.052337929,0.227052765,0.056179179,-0.194969655,0.518026384,0.455636108,0.467531342,0.920749863,244.862092,4161.386716,0.65291237,2.83246893,17.68487321,0.052098967,0.232157134,0.058062481,-0.04726023,0.547607138,0.566233279,0.4275803,0.860971984,181.2709797,N/A,0.650629733,2.899257733,8885.173813,6703.802244,1280.067053,3674.542985,45466.60549,3370.458397,2722.298979,2586.268654,2040.167143,2.0000016,36001.79167,8158.665989,8.0000064,162.0011984,56266.37537,2980.357393,8825.118539,6651.774963,1306.069285,3676.544689,44585.47428,3476.486276,2654.287515,2448.243138,2088.176361,0,36467.15266,8402.831892,0,152.0009856,55597.46099,2860.33073,9273.454325,6731.816025,1368.076071,3588.517598,45259.88465,3378.458384,2636.281621,2502.252779,2164.188586,0,36595.51837,8572.94596,8.0000064,126.0008208,57624.60351,2904.339925,8881.174613,6783.853882,1356.074359,3622.530086,44481.10499,3370.458324,2500.252317,2480.247151,2154.187228,2.0000016,36298.65143,8038.595379,12.000016,140.0008896,55101.21815,2864.331203,8813.113482,6541.716112,1354.073881,3596.520319,43764.61651,3342.449807,2628.277012,2592.273207,2178.192374,0,35923.57806,8144.657786,4.0000032,132.0009248,55551.29818,2966.353903,9073.299793,6729.816248,1318.071516,3732.558369,45059.11226,3468.483469,2562.263776,2524.256557,2140.183795,2.0000016,36372.87015,8578.946902,12.0000192,158.0012368,56754.62746,2892.336411,8777.088006,6755.833561,1280.066893,3720.558411,44962.81113,3388.45996,2528.256877,2432.239096,2262.206885,2.0000016,36539.37219,8484.88525,2.0000016,148.0010656,56392.99162,2898.337964,8586.953049,6737.820135,1326.071996,3606.522635,45093.23766,3596.522336,2694.29108,2544.260997,2046.168934,2.0000016,36055.95248,8056.605135,4.0000032,116.0005824,55896.77743,2900.338414,9061.294064,6901.908295,1314.069868,3468.48669,45153.47609,3450.480293,2564.265881,2636.281861,2158.18741,2.0000016,36655.70911,8322.780091,12.0000128,154.0010384,56141.85113,2938.348238,9009.250139,6595.745431,1422.081718,3680.544679,44725.97974,3274.432971,2624.277527,2534.25959,2142.185477,0,36220.4423,8408.834089,16.0000256,164.0011936,55669.82334,2900.340316,8918.591982,6713.40869,1332.472264,3636.732646,44855.23028,3411.669022,2611.475258,2528.058303,2137.384419,1.20000096,36313.10384,8316.974847,7.80000944,145.2009936,56099.70272,2910.54145
63,Dur254,-4073.531019,61270.29154,6875.700609,7069.555704,47920.3074,6565.044558,14059.49735,12301.19725,11534.74194,0.40000032,35227.06776,132946.9555,19.20003264,176.4013658,54953.40828,8680.223901,789.1941654,1858.916025,238.6051997,298.1735496,1388.918651,411.4377841,565.1018078,358.3349269,407.2917947,0.843274717,1172.908876,4513.627795,5.513633404,19.88440209,1748.147857,294.700166,19.37371194,3.033959817,3.470267443,4.217712712,2.898392615,6.26709812,4.019359965,2.913008545,3.531000491,210.8185107,3.329567151,3.395059163,28.71679183,11.27224951,3.181145468,3.395075626,49.69837117,0.157958909,3.774013282,0.293328725,-0.289640956,0.489235449,0.502983307,0.466934712,0.875412522,493.1108159,66922.48525,0.641024926,15.31748662,5.091016523,0.002049638,0.026991249,0.005054571,0.055014895,0.010664508,0.014917876,0.022146342,0.017941633,162.8066584,648.9028326,0.00532934,0.230230383,10.24382973,1.297576486,0.7151869,1.723176174,18.9941698,2.179831365,2.965878846,4.742920363,2.049506137,33.01624162,0.969633495,0.831377948,1.503055876,57.64623997,0.159057284,3.7468233,0.288873877,-0.247937605,0.501116619,0.495079497,0.479785914,0.884365129,393.0441986,N/A,0.643161549,15.1505962,52.23231083,0.159178498,3.734058717,0.288740738,-0.403918358,0.508398918,0.520692485,0.450573307,0.901113859,337.5028997,66463.64166,0.645752673,15.14826702,48.96678214,0.158868122,3.775654901,0.290404709,-0.242833623,0.485263325,0.492002553,0.450124368,0.887881859,334.6079421,N/A,0.637395878,15.1483308,58.40815506,0.156091389,3.76928184,0.287275209,-0.287950076,0.496290076,0.529662517,0.488709929,0.888750972,382.3097561,N/A,0.641634417,15.49413438,50.32427101,0.158786208,3.831741475,0.301065759,-0.335446345,0.472541903,0.489790236,0.438818178,0.856294692,340.6585896,N/A,0.631722035,15.24436882,48.33206637,0.157407899,3.78285866,0.290714369,-0.328527833,0.491015125,0.518151351,0.45047072,0.874120182,741.096539,N/A,0.632754141,15.20647624,44.19862011,0.156234473,3.75493971,0.29845593,-0.303679599,0.490760159,0.485093797,0.501624049,0.845753865,618.7855005,67381.32884,0.647254538,15.55611712,47.19726215,0.159067782,3.789660332,0.292602091,-0.220098613,0.480026775,0.499288174,0.457317489,0.85727519,739.4286026,N/A,0.643889063,15.34013246,45.64297103,0.153906889,3.786259595,0.294909455,-0.27263622,0.480805217,0.495605717,0.494725044,0.889707426,476.7188238,N/A,0.642234463,15.79959429,44.03503303,0.160990546,3.76885429,0.300245115,-0.253381289,0.486136369,0.504466743,0.457198124,0.868862045,566.9553073,N/A,0.644450501,15.08684884,81194.93876,61091.00292,6845.876675,27233.68579,47291.38087,26598.29216,13805.64221,13655.46277,11299.11677,0,34964.85148,131007.1202,22.000056,150.0010128,54364.02649,8646.994379,80134.174,61868.84623,6953.943227,27853.01844,47371.64441,26462.02545,13823.64679,13911.74991,11387.19266,2.0000016,35598.63402,132927.3897,26.00004,168.0011616,55127.3506,8775.088892,75466.54509,56783.31695,6297.612403,25411.94283,44688.39986,24472.06626,13112.96174,12996.79969,10582.52992,0,32219.65614,121650.3026,24.0000512,164.0011328,50548.89319,8030.607742,78440.29277,59463.47164,6701.806781,27077.39478,47006.52671,26109.27604,13649.48668,13589.40245,11399.21876,0,34573.84022,130318.5481,22.0000432,144.0009728,53884.01759,8410.831149,81951.90908,62731.10089,6903.911771,28175.75796,48528.12834,26993.13471,14758.72532,14129.98667,11625.40938,0,35237.62758,135021.4791,26.0000432,176.0013184,55780.27297,8857.138045,82408.97951,62908.07946,7007.970798,28474.41727,49094.28219,27069.30243,14422.3368,14109.9708,11731.51497,0,35749.08802,135233.7472,12.0000128,184.0014016,56497.59633,8893.167954,81404.32322,61983.37609,7132.039518,27818.99112,48692.74184,27626.52557,14684.63335,13947.78838,11893.66972,2.0000016,35889.46186,134762.7655,14.0000176,196.0017728,55448.76052,8663.007898,82825.66492,62120.03537,6937.929283,28031.40878,49395.45406,26991.1498,14604.54363,14039.88346,11841.61149,0,35917.56571,136115.374,12.000016,188.0014784,55782.22673,8873.155062,81062.19468,61362.30849,6869.892404,27642.55886,48449.80884,27201.61736,14436.3628,14326.22402,11585.3895,0,35807.24709,135575.5328,18.000024,188.0015712,55754.16631,8580.950269,82678.71522,62391.37733,7106.023227,28279.97588,48684.70686,27153.49225,14770.72261,14372.26816,12001.76627,0,36312.70551,136857.2959,16.0000224,206.0018352,56346.77208,9071.297617,80756.77373,61270.29154,6875.700609,27599.91517,47920.3074,26667.6882,14206.90619,13907.95363,11534.74194,0.40000032,35227.06776,132946.9555,19.20003264,176.4013658,54953.40828,8680.223901
64,CTJ1ap51,-151.0144128,3019.567354,545.0123486,728.7307248,44391.90153,598.3894884,1008.261935,786.4248337,608.8154759,0.60000048,35044.14402,6204.546715,9.20001184,112.4006013,54135.82602,1035.843836,169.0234085,122.3837867,57.85481943,66.46827952,1434.447363,91.82289546,63.63934032,34.71631567,35.76891564,0.966092556,855.9813867,238.0385865,4.63801579,15.60074064,1669.723967,48.28513381,111.925349,4.053023905,10.61532268,9.121102934,3.231326691,15.34500476,6.311786461,4.414448042,5.87516531,161.0152972,2.442580382,3.836518564,50.41315023,13.87958825,3.084323432,4.661429856,9.375225478,0.019138694,0.177037364,0.022705387,-0.145937448,0.53988357,0.724777667,0.596351735,0.782257214,163.1909569,3096.103163,0.647482503,5.996281872,1.336554682,0.000785783,0.00476402,0.00107647,0.165777708,0.037090286,0.075870559,0.102722977,0.051455185,134.9371708,210.0540359,0.007152842,0.251432121,14.2562404,4.105729252,2.690968724,4.741035284,113.5950439,6.870052649,10.46811496,17.22523314,6.577783428,82.68667171,6.784465014,1.104715803,4.193133787,10.11802112,0.018640913,0.180717609,0.021315658,0.084259291,0.50112682,0.723260806,0.798423248,0.815191707,103.2042026,N/A,0.643023665,6.233905971,9.29124724,0.01858842,0.178317726,0.022399433,-0.264868477,0.578743399,0.760250033,0.63218006,0.792761499,63.87751386,N/A,0.642526896,6.163726375,8.387405334,0.019056473,0.181055133,0.021481084,0.195675375,0.510732874,0.879277989,0.648213874,0.852745273,65.00267232,N/A,0.633670581,6.020490311,12.09800738,0.018786733,0.176092584,0.023751476,-0.162791837,0.56589213,0.688702171,0.544495766,0.810568383,124.0048902,N/A,0.653373717,6.124229706,8.288420618,0.018169114,0.178264257,0.022080267,-0.218680543,0.526668787,0.802867438,0.634317646,0.828661201,81.50314386,N/A,0.64939631,6.371480299,10.22487142,0.020071193,0.173772809,0.02188155,-0.211757517,0.509854331,0.682528271,0.60564559,0.805824278,501.0205321,2865.659835,0.660633324,5.719645507,9.373249324,0.019970394,0.173872094,0.02352307,-0.127750488,0.593315147,0.603150968,0.645785426,0.72389276,110.6047601,N/A,0.647319028,5.635878535,7.420553362,0.018675309,0.177647516,0.024428221,-0.355822066,0.493487478,0.680828941,0.522842131,0.717038139,128.0052994,3145.791612,0.645878275,6.143869874,8.442925332,0.018848925,0.166844327,0.023728479,-0.241378588,0.537273163,0.697474993,0.421008893,0.702113602,171.6737022,N/A,0.650765089,5.760353221,10.10755365,0.020579462,0.18378959,0.022464636,-0.156259629,0.581741574,0.729435056,0.510604716,0.773775292,283.0128526,3276.858043,0.648238146,5.789238922,4224.7181,2992.360492,486.0098898,1704.118776,45498.67172,1756.124799,978.0388128,880.0318508,642.0169589,0,35600.63824,6433.662214,10.0000144,102.0005296,55364.42932,1032.043512,4032.653495,3104.386451,580.0138435,1802.132178,44741.98935,1652.109959,1010.042019,880.0323308,614.0154004,0,35327.8892,6299.58887,16.000032,110.0005456,54982.73987,1022.042266,4222.715349,2914.340249,490.0098418,1820.134064,44663.71103,1578.100962,968.0385744,912.0339917,674.019183,0,34583.80196,6261.574855,16.0000192,124.0006848,54576.94111,1040.044005,3832.590194,2890.336646,588.0140515,1684.114763,43748.52858,1514.094155,1046.044352,918.0345789,544.0123875,0,34501.62511,6075.480318,8.0000064,82.0002736,52805.34587,992.0399152,3914.616253,2980.356065,510.0107218,1776.126796,43856.84723,1592.102807,976.0388144,886.0317595,600.0150724,0,34956.84723,6231.556414,12.000016,118.0006512,53829.75957,978.0390304,3688.552439,2800.320066,454.0087058,1546.096379,40694.89934,1458.086368,898.0331805,800.0263529,592.0153156,2.0000016,32981.70929,5731.324256,2.0000016,98.0004368,49924.38025,1002.041866,4166.698603,3108.387837,636.0166628,1688.114417,45571.05176,1712.11828,1080.047938,864.0301387,632.0163076,0,35851.40536,6233.558913,10.0000144,118.000616,55384.44537,1106.049194,3944.628748,3132.394187,544.0120643,1800.132106,45127.42529,1604.103552,1110.050631,874.0307739,600.0147268,2.0000016,35416.13406,6291.588257,8.0000064,138.0009232,54834.06929,1024.043215,4046.659937,3108.389713,572.0131587,1784.128281,44868.44085,1468.086872,1072.046597,828.0278378,578.0139732,0,35562.56209,5933.411726,6.0000048,122.000728,54647.31079,1030.043037,4222.714452,3164.401834,590.014546,1800.131511,45147.45014,1556.09911,1022.042327,870.0311739,612.015434,2.0000016,35658.82765,6553.72133,4.0000032,112.000624,55008.83879,1132.052316,4029.654757,3019.567354,545.0123486,1740.522927,44391.90153,1589.102687,1016.042325,871.2310789,608.8154759,0.60000048,35044.14402,6204.546715,9.20001184,112.4006013,54135.82602,1035.843836
65,CTJ1ap52,-504.2005845,7242.506181,1165.655334,1307.353407,44358.05064,1186.261121,2280.9374,1985.708435,1680.514549,1.20000128,35888.48322,10525.43976,10.20001392,167.601297,55455.6539,6686.993646,342.4728995,218.2076602,24.65669898,146.6668344,722.9035771,110.9496323,64.93150437,113.3498703,55.35120302,1.686550025,282.184633,224.461984,4.565577198,11.46215996,737.7649892,143.7212848,67.92393941,3.012875029,2.115264972,11.2186065,1.62970096,9.35288448,2.846702604,5.708283669,3.293705672,140.5456855,0.786281859,2.132566326,44.76049968,6.838944667,1.33036929,2.14926606,40.04386125,0.120578647,0.293279702,0.051429344,-0.22139606,0.511378542,0.573123713,0.51977821,0.871082385,635.1536465,3903.750192,0.647223596,1.57438091,2.475253478,0.00175788,0.005712654,0.001543875,0.150199729,0.01693526,0.062316546,0.042279212,0.053799456,204.5788287,1514.572764,0.00695695,0.03558131,6.181355645,1.457870144,1.947851976,3.00193408,67.84209653,3.311687564,10.87314043,8.13408697,6.176161624,32.20934491,38.79789149,1.074891258,2.260019136,40.28443953,0.122601969,0.288736736,0.050700475,-0.135981323,0.520703054,0.585020098,0.577458743,0.968220573,N/A,N/A,0.650006786,1.530814225,40.09295672,0.122801634,0.295075674,0.053920335,-0.092875491,0.489080967,0.549498286,0.564936295,0.874171233,567.9878694,N/A,0.648356349,1.557912381,44.90192129,0.120544791,0.285503479,0.051421838,-0.431051661,0.509793268,0.515630683,0.511560879,0.856874927,1092.619565,5094.078434,0.656163717,1.55408643,42.94514851,0.118501953,0.289004467,0.051338936,-0.046630152,0.528190184,0.656720857,0.529724647,0.809258845,815.9625114,2578.562417,0.647885446,1.580073441,37.79130868,0.119578996,0.304262338,0.053034429,-0.451949604,0.478762861,0.537874029,0.449739198,0.87270641,657.5721257,N/A,0.646482104,1.644939013,39.87942397,0.120544394,0.287801462,0.053408654,-0.173529876,0.511316808,0.588688561,0.548850862,0.810673736,558.3162214,N/A,0.646309128,1.54307227,38.14352301,0.120149777,0.295771547,0.049504252,-0.324197293,0.519048498,0.528142457,0.539851369,0.897638835,429.11759,5331.27085,0.63085688,1.552974302,36.77054691,0.121076445,0.295888445,0.050645108,-0.094021853,0.510005498,0.699907841,0.51577016,0.801246551,563.81821,N/A,0.654312577,1.599018953,41.1434786,0.122477647,0.298431075,0.049581559,-0.126338287,0.511268532,0.561790166,0.504561852,0.922550749,569.1551313,N/A,0.64251454,1.565561634,38.48586529,0.117508865,0.292321797,0.050737856,-0.337385064,0.535615752,0.507964147,0.455328098,0.897481987,461.8335943,2611.089068,0.649348437,1.615356448,9443.573842,7039.986727,1162.054955,3664.539974,44017.41335,3598.520512,2252.203478,2384.228582,1604.104208,0,35881.4614,10360.29605,0,168.0011872,55201.67201,6767.833667,9531.640952,7045.987076,1178.056488,3684.543591,44671.73023,3672.542701,2430.236889,2340.221493,1684.115454,0,35985.74572,10618.51817,12.000016,170.0015184,55503.03588,6815.863521,9501.625621,7566.297852,1152.053394,3700.549035,43947.17061,3638.533079,2282.210066,2180.191105,1750.123809,2.0000016,35684.90671,10188.16502,6.000008,146.001016,54384.15109,6555.726128,9503.627471,6939.929893,1188.057267,3802.582623,43812.71711,3468.483985,2270.207,2048.169669,1636.108052,4.0000032,35688.92216,10314.25792,8.0000096,152.001056,55085.23515,6527.707925,9309.471599,7486.248713,1118.050282,3764.573266,44033.47767,3506.49282,2356.224636,2266.206721,1638.109027,0,35550.51546,10816.68294,10.0000208,174.0012496,54990.71859,6575.734935,9585.680476,7218.090861,1202.059963,3802.58132,44017.40451,3658.538392,2372.228057,2138.184565,1668.11275,0,35921.5535,10338.27562,12.0000096,168.001424,55579.52367,6699.800016,9685.764763,7526.279562,1176.056723,3718.556479,45769.67515,3692.546984,2288.210448,2278.208773,1754.124622,2.0000016,36049.95251,10662.55023,16.0000192,180.001456,57144.42321,6865.88968,9673.747174,7142.044833,1164.054489,3990.640188,45067.23839,3520.500661,2304.213041,2066.172045,1704.117973,0,36563.43527,10818.69801,12.0000288,184.001472,55880.6854,6765.834758,9767.823583,7258.112783,1138.053121,3682.549041,44894.51584,3504.49479,2248.203631,2296.215333,1742.122375,0,35829.31384,10692.58066,12.0000128,166.0012496,55764.20707,6829.868861,9229.41163,7202.083511,1178.056657,3530.502096,43349.16353,3364.455749,2220.199,2200.19451,1624.10722,4.0000064,35729.02563,10444.37298,14.0000144,168.0013408,55022.88691,6465.676971,9523.236711,7242.506181,1165.655334,3734.161761,44358.05064,3562.510967,2302.413625,2219.79928,1680.514549,1.20000128,35888.48322,10525.43976,10.20001392,167.601297,55455.6539,6686.993646
66,SN3,965.4388476,2.60000272,5299.529506,4343.286996,47078.16562,3035.918704,10912.55953,9753.675672,1.00000112,0,36817.98811,68565.86885,13.20001856,346.6052079,57459.85156,40334.82894,43.87484612,3.657568436,140.9555839,76.68093227,724.9688386,80.4443352,161.8617053,190.5716913,1.414215448,0,484.4658996,869.1153939,6.196784049,46.85873562,694.3907423,587.1929396,4.544549479,140.6755619,2.659775434,1.765504613,1.539925843,2.649752613,1.483260685,1.953844865,141.4213864,N/A,1.315840231,1.267562722,46.9452677,13.51933974,1.208479875,1.455796281,118.1472897,0.701969543,1.862417089,0.231812514,0.088457593,0.485633856,0.398032546,0.278204509,0.893928009,4826.452361,N/A,0.640825634,1.700109721,15.0842938,0.006204712,0.021738056,0.002696858,0.003508649,0.010745284,0.006001448,0.006109604,0.019506619,5643.683707,N/A,0.010237808,0.024061099,12.76736338,0.883900411,1.16719591,1.163379092,3.966475733,2.21263076,1.507778257,2.196083676,2.182124186,116.9323405,N/A,1.597596467,1.415267425,111.0774176,0.703593267,1.866040085,0.233870766,0.087571578,0.489968362,0.399242161,0.283645569,0.901475693,5026.324592,N/A,0.629282094,1.668955156,118.8904359,0.694549579,1.862436088,0.232263237,0.094223977,0.487424909,0.400845828,0.274133584,0.90828622,3328.977924,N/A,0.636928116,1.70792402,115.5433274,0.69506196,1.872037683,0.230614384,0.081550866,0.472511281,0.399559904,0.274108556,0.89530783,2469.770848,N/A,0.639276204,1.721787714,143.527004,0.707688747,1.850840572,0.228153967,0.09024724,0.505725845,0.409203017,0.288501555,0.905883528,20668.12029,N/A,0.632707365,1.654739411,88.68371292,0.705339146,1.853766061,0.231748057,0.088827869,0.486055836,0.393833441,0.28263972,0.885127877,2901.276903,N/A,0.650467375,1.709552561,126.582212,0.710220526,1.876544581,0.230773128,0.088061419,0.484694116,0.403837015,0.266917671,0.876036928,2563.321705,N/A,0.639798735,1.690476136,116.6521696,0.710417975,1.835974483,0.238004862,0.092508425,0.487038281,0.393763144,0.274977477,0.875274627,3989.554537,N/A,0.654439858,1.691306981,134.8861505,0.697801704,1.896067932,0.229973925,0.085987521,0.496740286,0.397004458,0.280780615,0.886496653,2871.181761,N/A,0.635845784,1.727721204,118.6393487,0.697978866,1.885264292,0.232582126,0.088842631,0.4733833,0.387506692,0.276977373,0.870584858,2915.177622,N/A,0.630764093,1.70371494,106.9911184,0.697043658,1.825199109,0.230140688,0.086754408,0.472796339,0.395529797,0.27936297,0.934805878,1530.817425,N/A,0.658746712,1.72491909,988.0403057,12.0000128,5435.188058,4432.788989,47431.90836,3150.399541,11092.93676,10000.01285,0,0,35963.71643,67109.73645,8.0000064,362.0054353,57150.38897,40210.62891,1026.044378,4.0000032,5279.125245,4342.758429,46630.89725,2970.355414,10830.69426,9837.881102,4.0000064,0,36633.62609,68227.78726,12.000016,336.0050625,57516.10764,39947.78835,870.0309819,0,5041.01884,4262.732096,46261.50392,2924.345837,10668.56824,9551.652672,0,0,36344.80606,68038.84653,16.0000256,342.0050097,56853.05638,39516.3968,978.0394528,2.0000016,5465.202574,4422.784247,47365.60533,3118.391738,10806.67629,9789.845489,2.0000016,0,36956.59268,68400.76114,2.0000016,288.0034592,58410.24578,41336.27366,992.0400944,2.0000016,5413.176817,4386.771293,48056.25785,3148.399046,11136.96995,9857.898547,2.0000016,0,37458.06964,69438.4982,14.0000208,458.008981,57586.39264,40617.93698,974.0388,0,5361.154503,4466.80197,47929.76933,2952.350413,11060.90281,9689.759315,0,0,36946.54026,69331.82993,16.0000192,324.0044225,57747.12926,41013.1965,1008.041371,0,5307.135424,4290.739374,45783.73749,2996.361401,10896.75212,9537.650652,0,0,36751.99942,67475.73314,10.0000176,342.0049169,56157.94782,39895.61558,928.0349197,0,5361.153872,4284.738009,46929.97156,3030.372461,10792.66977,9567.665627,0,0,36627.6318,69448.47808,14.0000112,298.003736,57604.58393,40196.5768,988.0397104,4.0000064,5235.09763,4286.7373,47548.3571,3064.376907,11058.898,9627.709142,0,0,36882.34207,69532.96253,14.000024,344.0052321,58472.48201,40812.55667,938.0361726,2.0000016,5097.042092,4264.730298,46843.64797,3012.364832,10780.65492,10078.07429,2.0000016,0,37614.55665,68654.05527,26.0000432,372.0058241,57100.18123,39801.31918,969.0386187,2.60000272,5299.529506,4344.158201,47078.16562,3036.771759,10912.57231,9753.814969,1.00000112,0,36817.98811,68565.86885,13.20001856,346.6052079,57459.85156,40334.82894
67,CTJ1ap53,-262.681145,4548.233019,715.6211146,843.011847,42364.0534,757.9402122,1314.531943,1098.578523,981.2393101,0.60000048,34889.93586,9023.464688,8.00000832,131.0007902,54113.93246,1949.353882,158.4768503,149.1561628,52.53728267,73.44405068,1339.688486,96.28834472,37.00544967,58.67408594,35.70754653,0.966092556,792.8754682,153.6363754,2.494440824,11.28434522,1063.261916,71.44869891,60.33050081,3.279430984,7.341494207,8.712101846,3.162323666,12.70394989,2.815104636,5.34090961,3.639025277,161.0152972,2.272504803,1.702631758,31.18047787,8.61395202,1.964857972,3.665250294,15.00172925,0.036027951,0.258687466,0.031041185,-0.200440658,0.544727142,0.640963002,0.576989609,0.835778341,274.1163322,4543.982646,0.644754623,4.634399059,1.658947607,0.001268664,0.004383749,0.000759527,0.120991966,0.041960223,0.04867128,0.074796088,0.038772598,113.9139085,70.97591265,0.007996935,0.183120892,11.05837587,3.52133398,1.694612084,2.446836469,60.36298573,7.702980084,7.59346169,12.96316025,4.639100624,41.55677539,1.561975874,1.240306686,3.951340607,14.87406485,0.036298271,0.263473725,0.032110098,-0.33512122,0.589567874,0.695294482,0.547211984,0.81784869,234.2676117,N/A,0.6397603,4.64374819,12.86757218,0.036008412,0.265586377,0.031276585,-0.207803506,0.49496964,0.641208532,0.490595606,0.826634245,193.0148428,N/A,0.636357628,4.693567679,17.91207759,0.037166051,0.259021223,0.029387754,-0.118806643,0.529670686,0.562732844,0.694515212,0.868395954,250.7700177,4482.606019,0.641218239,4.468839882,16.20759114,0.037102676,0.25508974,0.030401038,-0.179488932,0.540555002,0.612729907,0.589969488,0.856872415,204.2165187,4527.636266,0.644944918,4.434149987,14.53049003,0.036328981,0.256908298,0.030864834,-0.065136346,0.534792741,0.675456183,0.547725041,0.778031494,494.0391256,N/A,0.650119705,4.597463039,17.2680224,0.038296321,0.256441957,0.031509664,-0.222780654,0.572037966,0.66131954,0.488201847,0.898126915,259.0215862,N/A,0.644229352,4.313924502,14.40402763,0.03513807,0.258354077,0.031288709,-0.000963635,0.553758639,0.684029322,0.672087995,0.790239188,241.2685489,N/A,0.642590321,4.724671192,13.22315525,0.034288477,0.262600433,0.03094014,-0.27867666,0.482232689,0.672606261,0.635494491,0.867796346,238.0181062,4621.705654,0.6338479,4.854363527,14.90579743,0.034924281,0.258819956,0.031750484,-0.404523758,0.527568888,0.557549112,0.499282333,0.803066505,156.5117356,N/A,0.658493312,4.880020541,13.824494,0.034727966,0.250578874,0.030882545,-0.191105221,0.622117293,0.646703842,0.604812089,0.850771659,470.0352291,N/A,0.655984549,4.733242053,5367.173069,4178.716886,736.0223463,2268.210814,38879.04192,2054.172365,1260.065251,1148.054156,912.034539,0,33031.94207,8703.048825,8.0000096,126.0007376,51631.74716,1874.143142,6155.520199,4644.865467,656.0173157,2406.232491,42375.75217,2174.189929,1338.072182,1234.062139,994.039936,0,34110.52033,9059.289524,10.000008,150.0010992,53602.75237,1930.149972,6035.460276,4466.800827,664.0178885,2202.195101,42658.68317,2336.221272,1266.065099,1224.060525,972.0381135,2.0000016,34611.90978,8965.219211,8.0000096,112.0005504,53978.36128,2006.162549,6151.522121,4612.855065,708.0205286,2348.224143,43084.15128,2286.211048,1322.071791,1256.064538,960.0380111,2.0000016,35498.40844,9055.279777,10.0000144,126.0007184,55040.99254,2042.168128,6255.571569,4580.84163,712.0207686,2434.241172,43136.33166,2232.202524,1344.073562,1174.056241,992.0408401,0,35364.0338,9085.313746,4.0000032,136.0007872,54396.18813,1976.158083,6127.504801,4642.867477,772.024084,2448.24398,42831.39534,2182.192902,1362.07622,1348.074129,976.039256,0,34858.5847,8939.203692,8.0000064,120.0006752,54108.96692,2072.174348,6321.601917,4566.83668,748.0229223,2454.242855,43172.45582,2406.2322,1364.07612,1212.059769,1038.043427,0,35297.8022,9119.331091,8.0000128,134.0008176,54930.49159,1930.151479,5969.430338,4582.845262,650.0175253,2442.241485,43565.84511,2360.225353,1360.074394,1302.068997,950.0365502,2.0000016,35199.55623,9243.418702,8.0000064,144.0009088,55533.1275,1904.146373,5995.440585,4716.893428,698.0199894,2318.216195,41671.4238,2208.196424,1336.07242,1204.059267,1016.04197,0,35412.15794,9165.373146,12.0000096,126.0007952,53777.55138,1878.142329,5965.427235,4488.80747,812.027777,2348.222761,42265.45368,2262.207451,1318.070386,1250.063618,1002.040458,0,35514.44313,8899.169171,4.0000032,136.0008128,54139.14574,1880.14242,6034.465211,4548.233019,715.6211146,2367.0271,42364.0534,2250.205147,1327.071743,1235.262338,981.2393101,0.60000048,34889.93586,9023.464688,8.00000832,131.0007902,54113.93246,1949.353882
68,CTJ1ap58,-138.2498852,2824.521586,553.6127977,693.4724126,43219.48152,604.7761262,1036.153669,820.0024199,601.8150521,1.0000008,32727.22342,4901.765829,6.60000752,121.6007123,51064.80575,839.6290526,206.9122992,95.68081912,25.85212554,36.17914806,906.2995032,62.07699144,32.9460669,56.71630733,34.4296687,1.943652187,419.4911731,101.7107524,4.005557197,18.61441553,653.4675555,36.08633857,149.6654401,3.387505325,4.669712415,5.217099831,2.096969865,10.264458,3.179650653,6.916602434,5.720971682,194.3650632,1.281780516,2.074981872,60.69019142,15.30781783,1.279682838,4.297890653,7.020775477,0.016448332,0.149804114,0.023983135,-0.131568134,0.534890438,0.669989771,0.583965796,0.792486956,187.1205834,1942.943143,0.6409503,5.846986557,0.909298964,0.000816336,0.003884708,0.000900911,0.202120634,0.032173415,0.043493507,0.061683858,0.064759273,130.3604992,948.3899067,0.00879036,0.262266201,12.95154598,4.963030484,2.593192082,3.756434055,153.6243069,6.014954158,6.491667292,10.56292316,8.171651645,69.66657371,48.81202572,1.371457319,4.485493483,4.895483319,0.016565191,0.151386296,0.022797412,0.067995377,0.586937172,0.73189013,0.728994108,0.793143898,60.14487909,N/A,0.63116951,5.768144512,7.644299219,0.01759894,0.152486203,0.023299797,-0.464081177,0.524811137,0.6183411,0.513179768,0.802789706,150.3387367,N/A,0.626812712,5.431025461,7.333531434,0.015281433,0.145866415,0.024155746,-0.119879338,0.523541612,0.656512495,0.583053908,0.83746671,99.0029809,N/A,0.638206308,6.091893798,8.14840182,0.017263045,0.151371991,0.023625524,0.026028884,0.550872461,0.661121269,0.563965829,0.79896038,110.0038401,2488.493897,0.64497139,5.655468251,6.234548149,0.015564878,0.142488265,0.024021448,-0.322161068,0.519260569,0.622930068,0.64248692,0.843376285,199.5064834,N/A,0.648401052,5.935770228,7.379528491,0.016748624,0.148252017,0.023049798,0.088596585,0.5730969,0.720382393,0.560844335,0.811717038,214.0073299,N/A,0.648122737,5.736919328,7.5265454,0.017291882,0.148119448,0.024785305,-0.229584826,0.505199738,0.672146416,0.529348092,0.769660483,429.015111,N/A,0.653481601,5.597617042,7.086401548,0.015857213,0.149317155,0.025660148,-0.284718703,0.47694163,0.622110492,0.556212499,0.683856976,137.00447,N/A,0.637810985,6.005854827,7.258830253,0.016671882,0.152461534,0.024864364,-0.208186527,0.542194764,0.667818346,0.58655254,0.691225188,70.16902991,2492.496287,0.647384087,5.920217759,6.700185132,0.015640228,0.156291815,0.02357181,0.130309455,0.546048397,0.726645007,0.575019965,0.892672902,402.0129732,847.839245,0.633142614,6.326954363,3856.600197,2736.301275,588.0150468,1650.110022,43945.18366,1628.107102,1010.04113,884.0315819,642.0170069,0,32083.13553,4856.947065,14.0000176,172.0012736,50831.2506,842.0293659,3704.553072,3010.364043,524.011277,1626.107062,42853.41657,1500.091247,1006.041591,884.0321196,592.0146564,0,32127.26709,4898.964961,6.0000048,118.0007632,51254.97051,902.033142,3782.573708,2824.321515,558.0131219,1646.10871,44123.78383,1548.097363,1074.04761,982.0390624,642.0168213,0,33077.76385,4824.934812,8.000016,108.0005504,51829.26498,792.0254312,3868.602863,2774.308932,582.0139187,1628.106589,44719.90305,1506.091937,1064.04572,926.0352638,588.0144964,2.0000016,32879.21189,4976.991775,8.0000096,108.0005376,50977.78355,880.0317772,3712.55488,2924.345126,542.0121235,1630.109209,43453.47127,1630.108675,1052.045548,970.0388352,644.0173925,0,33244.15777,4736.902368,4.0000032,128.0007072,51270.98062,798.0265721,3880.606745,2738.302013,578.0139315,1644.109323,43756.5548,1464.08692,1016.043196,900.0328556,584.0140867,0,33125.85672,4910.975077,4.0000032,116.0006368,51110.46851,856.0300043,3596.521055,2770.308414,526.0116307,1628.106621,42008.57559,1460.08669,1048.045368,876.0318732,536.0120611,0,32426.04873,4802.928435,2.0000016,114.0006288,49620.44636,858.0309084,3688.547365,2888.336955,520.0113315,1646.109225,42490.16437,1554.097473,1098.048529,830.0281082,606.0151124,0,33063.70061,4936.977695,6.0000048,116.0006912,51839.34017,822.0274777,3742.565259,2862.329473,574.0135699,1666.11456,42578.41517,1560.098297,1066.046394,812.0269289,576.0137187,2.0000016,32696.74933,4984.996561,12.0000128,116.0006816,50505.95151,842.029257,3890.608548,2716.298113,544.0120259,1634.108329,42265.3469,1464.086799,1004.040875,974.0386336,608.0151684,6.0000048,32548.34268,5087.03954,2.0000016,120.0006528,51407.6007,804.0265897,3772.373369,2824.521586,553.6127977,1639.908965,43219.48152,1531.49525,1043.844596,903.8335262,601.8150521,1.0000008,32727.22342,4901.765829,6.60000752,121.6007123,51064.80575,839.6290526
69,CTJ1ap57,-107.3921156,6142.918074,2935.54876,2602.915272,44493.5146,1991.769705,5956.978868,5224.423542,7268.925169,1.0000008,34328.00062,9543.258732,6.80000736,137.2008941,52880.9295,3706.153706,153.7264415,265.7802293,100.8855141,212.5145735,1904.714122,120.6261239,246.9117995,239.8448129,349.9360917,1.414214694,1455.51365,482.5299591,4.237404958,12.44378293,1955.783437,198.4579146,143.1449978,4.32661198,3.436683305,8.164482949,4.280880346,6.056228467,4.144916492,4.59083784,4.814138041,141.4213562,4.240018714,5.056238887,62.31471135,9.069753524,3.698466452,5.354821475,27.15625302,0.070056138,0.277931037,0.133911852,-0.017938271,0.493144991,0.436789236,0.334603378,0.876984028,744.4724071,4262.035559,0.649065298,2.575926993,2.227031826,0.001880693,0.004780172,0.002367056,0.025413972,0.015562287,0.029739528,0.019939049,0.015819746,453.6917289,1256.747424,0.007377728,0.057493072,8.200806735,2.684551339,1.719912918,1.767622838,141.6745933,3.155722422,6.808667761,5.95901018,1.803880705,60.94137601,29.48702343,1.136669664,2.231937155,29.79797465,0.070870203,0.280585911,0.136212736,-0.019763178,0.497991588,0.449966442,0.330512471,0.844349163,234.6602199,N/A,0.644314683,2.550939802,29.31055133,0.069524289,0.281942053,0.132316387,-0.041009521,0.489243236,0.448974366,0.344121204,0.88948807,605.7544008,N/A,0.639220767,2.59223384,29.20733411,0.070643061,0.281563545,0.133736549,-0.00544132,0.499388342,0.41384634,0.346628046,0.892357681,623.0930033,4779.827928,0.641551045,2.557043599,22.78373434,0.070575731,0.280320892,0.134545269,-0.003906379,0.482824786,0.438631807,0.296624991,0.875114731,467.0693928,N/A,0.649654708,2.580374073,25.30466855,0.066753111,0.268374886,0.135373364,-0.032328598,0.515060077,0.393138589,0.334773142,0.863369795,797.1018572,N/A,0.644585109,2.591496526,28.54837944,0.071816684,0.273240606,0.129583331,0.016023535,0.52250247,0.462697334,0.352038932,0.877812196,970.6502682,N/A,0.662588181,2.520946181,28.03317947,0.072448603,0.282170784,0.136765447,-0.066864206,0.475304424,0.434798852,0.31469728,0.866384826,967.1498947,N/A,0.655850537,2.554388265,26.54557409,0.070182442,0.278282918,0.136233173,-0.027231024,0.478833838,0.416518095,0.337732023,0.883565436,318.5486375,4894.914753,0.645892052,2.561049748,26.55447832,0.066908046,0.28012837,0.133105112,-0.013547019,0.484051762,0.412959961,0.322320024,0.879345873,1832.268437,4991.991838,0.650737777,2.724487165,25.47665587,0.070839209,0.272700402,0.131247156,0.014685002,0.486249382,0.496360574,0.366585668,0.898052504,628.4279599,2381.407717,0.656258126,2.526310729,8306.763247,6085.48924,2992.360978,4742.901485,44113.7787,3982.63788,6099.49133,6061.472618,7092.01993,0,34134.56138,9577.67701,16.0000192,126.0007792,52978.09018,3754.568024,8186.683831,6087.490349,2882.335398,4684.882077,44525.21775,4024.652916,5981.434956,6221.551489,7043.988177,0,33416.63577,9421.5549,6.000008,124.0007808,52277.14348,3634.531251,8356.802096,6059.470621,3000.361074,4516.817108,44924.68185,4070.664789,6101.492254,6379.630806,7310.141429,2.0000016,33952.06406,9559.663504,6.0000048,128.0007616,52921.84356,3738.561011,8534.920801,6181.538312,2914.343969,4718.894707,44862.43269,3818.585474,6125.510042,6257.570373,7001.96273,0,34395.30142,9641.721581,8.0000096,164.0011936,52943.97317,3736.559626,7452.265751,5507.223732,2750.314993,3944.631747,39444.94249,3594.527408,5423.190378,5519.231869,6525.723667,0,30788.10207,8262.753386,4.0000032,126.0008592,47764.21556,3188.40998,8787.106926,6277.582474,3118.39337,4864.948163,46056.76301,4160.695362,6063.476042,6277.580258,7456.229822,0,35821.30903,9787.836178,4.0000032,136.0008608,54062.70451,3882.604179,8560.938107,6483.683393,2956.351091,4876.953172,45478.67061,4084.670799,6317.602049,6453.671596,7644.345271,0,35021.03624,9881.91327,4.0000032,138.0008528,53397.89217,3868.602674,8632.988659,6355.621175,2928.34455,4676.880138,44890.50266,4150.690616,6211.553439,6449.669426,7510.264032,2.0000016,35179.44048,9789.837338,12.0000128,144.000944,54466.43962,3822.587728,8669.011969,6321.602558,2980.357637,4660.871258,46257.46629,4058.661761,6253.568961,6465.679715,7548.286732,2.0000016,35640.77304,9983.991662,2.0000016,138.0008208,54769.79253,3664.539805,8488.888414,6069.478883,2832.324537,4924.972692,44380.68994,4126.684874,5921.405355,6283.581021,7556.289898,4.0000032,34930.78266,9525.638487,6.000008,148.001088,53227.20024,3770.572787,8397.63698,6142.918074,2935.54876,4661.275255,44493.5146,4007.247188,6049.872481,6236.963917,7268.925169,1.0000008,34328.00062,9543.258732,6.80000736,137.2008941,52880.9295,3706.153706
70,CTJ1ap56,-840.3327384,12476.44536,2046.169194,2066.57792,44392.70377,1850.328103,4145.239372,3642.348231,3448.279154,0.20000016,35475.15669,32807.68743,10.00001184,278.2033388,54797.03054,23068.71188,274.1426821,353.7916057,79.55578089,127.5125872,1335.094974,165.0577826,153.166796,99.17583235,119.8646767,0.632456038,417.0638448,577.8064106,3.126948616,24.64831503,958.6453091,541.432641,32.62311102,2.835676312,3.888035317,6.170228859,3.007464878,8.920460234,3.695004853,2.722854216,3.476072306,316.227766,1.175650466,1.761192135,31.26944913,8.859819992,1.749447551,2.347043233,83.52113747,0.420978691,0.924773544,0.093380248,-0.202340931,0.493704079,0.498585302,0.446565999,0.87911105,2653.992707,16721.34258,0.647464066,1.42243451,7.852461512,0.00625168,0.008857923,0.002158382,0.064793989,0.011533467,0.025181826,0.038250184,0.018545852,1317.256139,,0.005759632,0.018086853,9.401765529,1.48503487,0.957847762,2.311390424,32.02218592,2.336109318,5.050655465,8.565404555,2.109614295,49.6329977,,0.889567849,1.271542054,92.41230321,0.417190106,0.9316265,0.094969661,-0.184749611,0.504368838,0.468210791,0.416490231,0.875254077,2310.33183,N/A,0.638225591,1.425220458,75.52788922,0.422063595,0.930316426,0.089062642,-0.250917714,0.506778001,0.518761721,0.414683964,0.871534379,1672.424047,16721.34258,0.647998359,1.428323893,100.2654009,0.425111584,0.917594768,0.092377628,-0.227127965,0.48492071,0.501654706,0.453301078,0.874689644,1921.76923,N/A,0.649571023,1.402085934,76.13526628,0.415727538,0.917118211,0.091485479,-0.131276817,0.496799802,0.537057159,0.513727654,0.863162234,1878.023815,N/A,0.65391432,1.44257158,81.74529784,0.422498857,0.920334618,0.092506208,-0.07104577,0.511170658,0.466391117,0.454871751,0.898329103,2861.117469,N/A,0.652401577,1.421134629,82.48539718,0.413714253,0.913979122,0.093001389,-0.168094272,0.488928532,0.508554244,0.466555824,0.908662423,1828.444396,N/A,0.655804585,1.448806019,81.48996934,0.430632797,0.930682206,0.094374791,-0.281296706,0.485637354,0.473601559,0.406236257,0.897498572,1969.36195,N/A,0.641594237,1.386611387,77.68112645,0.414547335,0.923853887,0.096089023,-0.21231571,0.474583237,0.508997546,0.501359644,0.849195403,2345.998198,N/A,0.641339828,1.429280188,87.88980455,0.430545693,0.942645976,0.095939755,-0.23275449,0.486408266,0.523724106,0.412243426,0.86501483,5932.623893,N/A,0.646489686,1.415438387,79.57891974,0.417755158,0.919583731,0.093995907,-0.263830257,0.49744539,0.478900073,0.426190156,0.887769832,3819.832245,N/A,0.647301455,1.42487262,16911.46402,12784.54965,2154.187532,6283.582644,44972.8461,5973.434817,4312.748329,4192.705959,3262.427828,0,35343.93686,32927.34821,10.000008,250.002824,55378.43889,23103.33678,16729.19744,12822.583,2068.172072,6413.650208,45821.92605,5899.39469,4124.682747,4032.65509,3416.468852,2.0000016,35947.67434,33442.7119,14.0000112,310.0041009,55474.94659,23413.95539,16338.69523,12476.22817,1996.161943,6245.563192,44561.33911,5959.422806,4160.694212,4082.669558,3460.481911,0,35237.63595,32333.87038,12.000016,230.0021872,54247.54911,23061.26151,16214.52109,12099.85899,2036.167627,6255.568146,44800.19971,6075.48386,4142.688849,4018.649262,3452.479011,0,35448.2643,32510.24874,12.000016,296.0036384,54209.34092,22536.31583,16855.3749,12386.14552,2112.179423,6077.479891,44667.74339,5943.416132,4176.701619,4198.707872,3494.493464,0,35343.98282,32528.29094,8.0000064,280.00336,54175.19524,22888.95806,15547.74715,11693.54565,1868.141531,5861.385325,41084.21158,5619.283697,3862.606703,3926.62367,3264.429436,0,34780.64767,31788.78582,12.0000192,266.0030576,53035.0785,21941.36786,16272.60356,12598.35423,2020.164577,6191.535887,44077.67352,5823.361646,4204.709387,4222.714539,3512.498404,0,35209.57926,32768.92889,12.0000192,290.00356,54878.26611,23632.38122,16725.21819,12744.50208,2056.169963,6475.68179,45089.23215,6353.623111,4378.772289,4182.700426,3614.526809,0,36294.6308,33530.93575,10.0000144,302.0040625,56591.88656,23460.01576,16601.03044,12722.48912,2118.181112,6543.714861,45390.35085,5969.432397,4400.777751,4268.734864,3602.521834,0,35632.76363,33589.08125,4.0000032,270.0030416,55117.29634,23730.51456,16140.43639,12436.19719,2032.166158,6123.507466,43461.51522,5821.362035,4128.686489,4100.67478,3402.463991,0,35512.45126,32656.67241,6.0000048,288.0035552,54862.30717,22919.01181,16433.62884,12476.44536,2046.169194,6247.166941,44392.70377,5943.821519,4189.306838,4122.683602,3448.279154,0.20000016,35475.15669,32807.68743,10.00001184,278.2033388,54797.03054,23068.71188
71,CTJ1ap55,-135.2781002,3146.199623,761.4238822,844.3221146,42466.4853,692.8594997,1478.189979,1221.903676,1197.258234,1.8000024,34727.41111,7055.596235,6.80000768,122.2006869,53531.66979,1524.294323,177.9638522,97.97981253,47.93849723,70.08373856,571.830085,77.15301656,50.62751815,56.03361743,39.09571384,1.988861696,415.6798565,133.5512932,3.011094248,23.00653278,613.4772167,71.44155507,131.5540741,3.114227458,6.295901449,8.300592552,1.346544412,11.13544905,3.424966944,4.585763881,3.265437041,110.4921691,1.19697911,1.892842062,44.28074775,18.82684407,1.146007997,4.686860929,12.90346828,0.02848292,0.203176929,0.034811633,-0.092664886,0.515778171,0.571494153,0.469298178,0.827166486,214.8221632,2870.623372,0.648754983,4.639605233,2.731339439,0.001494649,0.003397307,0.001200113,0.123527064,0.038867255,0.046563871,0.054438368,0.040510119,65.35011209,1099.320659,0.006805897,0.268345225,21.16748287,5.247529057,1.672092752,3.447447596,133.3051487,7.535653431,8.147742314,11.59995305,4.897456557,30.42056328,38.29553781,1.049070537,5.783794351,13.92529074,0.027626569,0.202912338,0.035868108,-0.004498471,0.455531409,0.635146385,0.509750191,0.856613362,369.0217197,1190.671017,0.658946736,4.839848952,19.02443591,0.030838296,0.202172981,0.033189756,-0.292803419,0.551357365,0.536436615,0.492146598,0.821177753,163.6106322,N/A,0.655031242,4.294323542,12.70389288,0.031133016,0.204532829,0.033830644,-0.212788269,0.540208919,0.608499226,0.435631516,0.8451019,203.2632465,N/A,0.647004302,4.250587868,14.31565304,0.028688834,0.201052305,0.037059657,-0.123787239,0.505623595,0.485189863,0.369229758,0.778219935,154.6095943,N/A,0.646599617,4.531391638,9.377106785,0.026878039,0.203175574,0.035463552,-0.122621398,0.511851821,0.553286256,0.444815693,0.79481707,240.6805395,3575.022851,0.655002069,4.951269788,11.60379588,0.027352168,0.198846826,0.034735323,-0.119908254,0.519047089,0.589566404,0.428096801,0.817895163,243.6808645,3463.960013,0.651783021,4.738380768,14.09692412,0.027343789,0.2093225,0.033532145,-0.101760911,0.583647543,0.603189383,0.54562003,0.891567031,183.2606902,3651.064653,0.650628358,4.980698053,12.04983426,0.027568105,0.204541056,0.035617931,-0.132907933,0.531862625,0.55324474,0.444310178,0.811822967,183.7605809,1753.991787,0.643237126,4.772486223,12.15941382,0.028118777,0.206931669,0.034128017,0.126865801,0.494355832,0.53400758,0.48904448,0.880299779,191.5116005,3589.02991,0.636636137,4.685131951,9.778335406,0.029281607,0.198281209,0.034691202,0.057561232,0.464295516,0.61637508,0.534336534,0.774149905,N/A,N/A,0.642681219,4.351933543,4224.717178,3056.374795,700.0198022,2000.161568,42843.36117,1786.127998,1552.097616,1484.08846,1204.058563,6.0000144,35207.53509,7144.043249,4.0000032,106.00052,53430.01666,1476.08806,4184.708986,3322.444622,782.0250104,1874.14184,42734.97052,1788.129177,1434.082861,1336.072366,1230.06157,0,34752.30826,7025.977764,10.0000112,86.0003504,53054.42861,1636.108154,4114.68208,3190.411399,768.0252009,1934.153192,42024.58692,1666.112278,1436.08372,1358.074425,1124.051391,0,33793.65499,6911.911846,8.0000064,128.0007072,52230.9587,1626.107273,4276.737046,3230.420037,800.0260457,1850.139059,42694.84075,1644.109543,1598.103592,1404.080334,1240.061853,0,34846.52451,7005.974076,10.0000112,108.0004992,53891.96589,1546.097675,4144.688281,3124.394009,756.0230887,1864.140568,41649.38347,1682.114963,1492.090098,1338.072514,1178.056116,2.0000016,35191.49115,7150.051423,6.0000048,154.0010608,53727.2977,1444.084392,4108.680907,3094.386831,760.023812,1900.14556,42154.99993,1642.109555,1480.089442,1370.075926,1238.062715,2.0000016,34840.51376,6927.925569,6.000008,126.0007632,53454.15981,1462.087136,4288.738083,3204.414486,848.0291114,1950.153553,43331.0054,1844.136961,1468.087708,1460.087561,1182.056798,2.0000016,34884.61659,7302.135147,8.0000064,104.0004672,53616.80933,1466.086695,4208.710613,3182.411598,790.0254808,1888.144155,41703.54212,1704.117637,1500.091033,1366.075984,1150.053383,4.0000032,34301.0488,7015.972759,8.000016,122.000648,53325.66705,1470.087588,4326.74968,2992.358802,716.021207,1776.127696,42439.97948,1690.114419,1464.086428,1446.084877,1228.061309,2.0000016,34688.09577,7178.065562,8.0000096,126.0006992,54486.53282,1532.094643,4328.754379,3064.379648,694.020063,1948.153529,43088.18323,1804.132048,1510.09154,1324.070605,1198.058641,0,34768.32213,6893.90496,0,162.0011536,54098.86129,1584.101616,4220.716723,3146.199623,761.4238822,1898.546072,42466.4853,1725.120458,1493.490404,1388.678305,1197.258234,1.8000024,34727.41111,7055.596235,6.80000768,122.2006869,53531.66979,1524.294323
72,SN4,883.3093793,2.4000032,4930.978585,3981.63398,43729.45065,2831.335813,10224.3737,9151.939222,1.6000016,0,36428.25666,68592.21681,12.20001936,345.4051122,56529.86328,39900.84077,43.19206355,2.458549238,173.2860129,113.6369631,1042.958593,68.47884431,283.2484848,293.8633204,2.065593528,0,580.4948747,1135.859792,7.083646062,34.61700773,896.7216312,575.357655,4.889800172,102.439415,3.514231708,2.854028362,2.3850256,2.418605522,2.770326017,3.210940471,129.0994664,N/A,1.593529112,1.655960172,58.0625805,10.02214689,1.586279498,1.44196875,116.5214444,0.705895083,1.88298778,0.23380643,0.086395908,0.482252191,0.389471462,0.277098817,0.895074138,4555.088524,N/A,0.644495447,1.719095502,11.29759505,0.008391331,0.016459671,0.00294303,0.003652169,0.009190317,0.006955908,0.009633776,0.012314644,2966.097386,N/A,0.01129661,0.01739629,9.695721769,1.188750495,0.874125199,1.258746226,4.227247361,1.905707679,1.785986684,3.476657384,1.375823866,65.11613045,N/A,1.75278354,1.011944339,107.5017823,0.715631465,1.883109301,0.236836992,0.084280129,0.47819603,0.380772794,0.253197392,0.888448781,2887.23461,N/A,0.655179044,1.724035083,119.7585408,0.691301811,1.900458268,0.231880568,0.088408982,0.500092903,0.395060245,0.279495776,0.917384136,9999.969795,N/A,0.627369575,1.724702115,101.3573996,0.705477004,1.905663306,0.232351992,0.089989356,0.491110798,0.391932309,0.282276259,0.905351174,3395.525459,N/A,0.636180226,1.718476019,106.0969565,0.707049309,1.883663721,0.236131405,0.08437891,0.472283573,0.403152863,0.27880525,0.897925664,4960.106909,N/A,0.640278496,1.705778308,139.9103791,0.696869458,1.84875698,0.232528507,0.087620965,0.48050815,0.380197297,0.278114183,0.903803513,3917.531447,N/A,0.651834495,1.729281658,113.0037968,0.697916198,1.879774142,0.234945054,0.090263409,0.470181311,0.388404367,0.285080431,0.897129261,4000.390776,N/A,0.633762545,1.70698208,111.7997874,0.707346799,1.865857163,0.235834751,0.083333622,0.486066345,0.387531207,0.272871936,0.886409589,3316.772025,N/A,0.663457032,1.75008363,116.8905127,0.707401069,1.886749182,0.236073308,0.080219089,0.475336842,0.386792036,0.279773277,0.876181134,9702.039453,N/A,0.645424447,1.721447847,122.1266612,0.712750379,1.881597279,0.227096628,0.091404771,0.480668082,0.394641208,0.288204858,0.89694538,1820.819872,N/A,0.637935933,1.684093832,126.7686275,0.71720734,1.894248461,0.234385093,0.084059849,0.488077875,0.386230297,0.27316881,0.881162744,1550.494894,N/A,0.653532677,1.726074453,912.0342733,2.0000016,5159.069184,4108.678304,45552.88097,2732.303429,10788.65842,9585.682193,4.0000032,0,37006.75705,69687.7684,14.0000112,376.0060161,56483.42599,40421.31688,906.0336413,0,5125.056136,4048.659603,44196.06248,2864.330874,10248.20809,9401.543526,0,0,36300.68208,68987.9314,4.0000032,334.0046641,57861.71908,39999.91118,938.0354461,4.0000032,5089.040873,4062.663234,44597.45298,2926.345652,10362.30703,9381.526834,0,0,36743.97363,70021.64226,12.000016,402.0067601,57757.17652,40746.35984,862.0305243,0,4824.936189,4118.684087,43264.82822,2848.325919,10216.18465,9173.374389,0,0,35933.60251,67686.8234,8.0000096,374.0060433,56121.83247,39680.90289,886.0319388,0,4858.946343,3844.592991,43487.57003,2812.318359,10112.09974,9139.351275,0,0,36643.66348,67745.22863,10.0000112,280.003232,56216.2079,39175.35835,938.0359518,6.0000144,4842.949111,4002.642867,43840.77625,2938.346513,10300.25023,9241.422872,6.000008,0,36326.74391,68286.07386,10.0000176,354.0056113,57319.17135,40003.97817,868.0305835,0,5063.027894,4036.653293,44167.92207,2842.324381,10416.35647,9233.4142,2.0000016,0,37331.69762,69655.6154,12.0000128,356.0052097,56268.44821,39801.30676,790.0257401,2.0000016,4664.876021,3796.582314,41571.12181,2746.304202,9813.857796,8598.973248,2.0000016,0,35408.1368,66806.27315,4.0000032,332.0046081,54860.23495,38808.18886,904.0333261,4.0000032,4724.895281,3880.604306,43284.87995,2834.323002,9829.875848,8817.117398,2.0000016,0,35853.38188,67461.62578,22.0000432,328.0046753,56202.16701,40058.11583,862.0310332,6.000008,4956.988813,3924.620697,43331.01176,2776.31015,10156.14324,8949.21504,0,0,36733.92763,69583.18586,26.0000656,318.0043025,56208.24929,40312.96897,886.6322458,2.4000032,4930.978585,3982.43817,43729.45065,2832.123248,10224.39415,9152.162098,1.6000016,0,36428.25666,68592.21681,12.20001936,345.4051122,56529.86328,39900.84077
73,CTJ1ap54,-101.1615886,1577.100897,369.005791,484.7895827,42166.15329,423.5930919,636.1177782,477.9511575,336.4049284,1.0000008,34114.96353,6085.486652,7.40000848,110.600597,52815.76324,1326.671577,139.4919699,81.16430886,34.41356994,70.14014887,1000.6607,50.80530437,33.37549029,23.81025682,43.9386466,1.414214694,760.9110181,142.4071498,2.98887215,18.66803501,1449.893581,29.51846334,137.8902524,5.146424621,9.326024355,14.46816338,2.373137273,11.99389351,5.246746976,4.981734315,13.06123748,141.4213562,2.230431867,2.34011112,40.3901179,16.87878323,2.745191003,2.225001564,12.2980472,0.025134107,0.178398326,0.015083322,-0.160545439,0.58172155,0.761830506,0.664923265,0.752964547,232.2656721,2662.148849,0.646048505,4.588985709,2.036686699,0.000823493,0.00281448,0.00063463,0.215446035,0.065378764,0.096747218,0.06076688,0.050522433,168.8792878,718.4094381,0.008010084,0.146873255,16.56105775,3.27639655,1.577637858,4.207492379,134.1962974,11.23884168,12.69931008,9.138931284,6.709802419,72.70953399,26.98607324,1.239857942,3.200560312,8.986526455,0.024088548,0.175367763,0.014874622,-0.220138212,0.653080363,0.739278503,0.678823299,0.81685254,215.6778283,3002.721698,0.637454483,4.640751627,15.38714155,0.025697457,0.181536912,0.015293165,-0.095030161,0.557544758,0.852819112,0.742442966,0.713843679,677.03637,3061.75097,0.640151936,4.522284334,11.08388358,0.024801432,0.179685131,0.015673289,-0.32260639,0.533264564,0.757658449,0.604053142,0.721714702,166.2590517,N/A,0.64397487,4.665565591,9.623650439,0.024805014,0.17473425,0.014172177,0.071804306,0.709488721,0.796129459,0.723813161,0.828185101,332.0177802,N/A,0.6506951,4.583699173,12.32133208,0.02464368,0.176168139,0.015006611,-0.289093237,0.573167605,0.626240676,0.674925301,0.70846055,163.2582821,N/A,0.649217524,4.641005067,14.37573342,0.025688616,0.17984519,0.016314945,0.245249899,0.494522383,0.902439222,0.720095605,0.67838592,172.5095025,N/A,0.639371607,4.476220477,14.00068457,0.025282659,0.180318693,0.01505563,-0.383688264,0.612688086,0.670220973,0.572649729,0.735692956,131.6068462,2998.720812,0.638953303,4.557085014,12.32788473,0.0252768,0.175019096,0.015349003,-0.292746012,0.552497792,0.628953405,0.710879582,0.760923352,226.0120529,N/A,0.643847162,4.458062291,13.12306414,0.024191962,0.182207206,0.014239234,-0.36108934,0.610773901,0.785229209,0.600208085,0.805619889,128.6065661,1585.401917,0.654699145,4.931013913,11.75057108,0.026864907,0.179100876,0.014854542,0.041883018,0.520187331,0.859336054,0.621341778,0.759966782,109.6724407,N/A,0.662119921,4.414169607,2102.179537,1620.107022,418.0073841,1016.042024,43030.00291,966.0377183,644.016762,566.0132627,310.0040305,2.0000016,34244.88109,6005.4482,6.0000048,144.000912,53721.29616,1294.068005,2068.173147,1538.096164,360.0056769,1066.04682,42221.3631,984.0399889,650.0178069,508.0107426,338.0050065,2.0000016,33731.46959,6123.506838,2.0000016,88.0003488,52692.91196,1354.073823,2058.17087,1642.108521,356.0055393,1056.04542,42594.53545,942.0358238,672.0182565,530.0116883,346.0050065,0,34535.66255,6205.545052,8.0000064,120.000672,53628.89785,1330.073478,2142.184786,1516.093283,426.0074929,986.0406274,42367.72859,932.0352686,606.0149268,558.0125587,436.008013,0,34838.52408,6087.483368,4.0000032,138.0008752,53540.47396,1328.072183,2014.16381,1588.102493,366.0055249,932.0352558,42552.33316,952.0373871,642.016834,490.0097042,270.003144,0,34407.31267,6061.47224,8.000016,106.0006224,52998.12679,1306.068869,2240.201695,1494.090113,346.0050161,1132.05181,42885.535,994.0405665,704.020247,522.0114675,340.0049089,0,34349.15038,6177.529484,8.0000064,96.0004672,53723.29642,1380.077124,1976.157405,1600.102922,382.0060401,954.0374687,41412.53923,882.0325885,628.0159044,508.010557,354.0057297,2.0000016,33260.25903,5997.446421,10.0000176,94.0004592,52054.28763,1316.070778,2066.173165,1630.106985,360.0053953,956.0374319,42452.0139,998.0407521,656.0178693,544.0121795,346.0050353,0,34541.73321,6045.462924,6.000008,110.000552,53648.96397,1356.074126,2146.186108,1708.117925,370.0059089,1048.044322,42544.31663,924.0347693,610.0158068,534.0120307,330.0047697,4.0000032,34804.40138,6341.612741,10.000008,98.000488,53160.90854,1286.06669,2010.163775,1434.083543,306.0039313,986.041213,39601.16489,836.0283178,592.0144132,488.0097762,294.00364,0,32436.24131,5809.359248,12.0000128,112.0005728,48988.46916,1316.070692,2082.37543,1577.100897,369.005791,1013.242239,42166.15329,941.0363181,640.4168827,524.8113967,336.4049284,1.0000008,34114.96353,6085.486652,7.40000848,110.600597,52815.76324,1326.671577
74,CTJ1ap59,21.29786383,760.223686,347.2051425,495.2885522,42100.22369,382.588842,582.4686084,466.9826006,449.6084878,0.60000048,34303.3263,6380.43631,8.80001312,122.2006978,52867.68536,1656.911458,67.21193373,52.432583,26.70409017,45.62170177,1780.572361,38.895665,57.38092353,54.36303022,27.40423421,0.966092556,1032.680987,240.2100669,3.675753995,4.939683834,1864.3292,77.18887925,315.5806342,6.89699413,7.691156294,9.211135925,4.229365559,10.16643998,9.851333224,11.64133956,6.095132754,161.0152972,3.010439796,3.764790606,41.76986949,4.042271382,3.526405946,4.658600125,13.57718803,0.031341723,0.185978333,0.013824426,0.039816384,0.600980786,0.853410369,0.658330589,0.803154839,226.478312,3222.497818,0.648986597,3.853971916,0.817103281,0.001007927,0.002951938,0.001088912,0.127880334,0.071623586,0.070259743,0.051675395,0.075778372,112.9340278,95.47221083,0.006689833,0.123698646,6.018207007,3.215927944,1.587248115,7.876727154,321.1751575,11.91778295,8.232820387,7.849459765,9.435088822,49.86527263,2.962677284,1.030812261,3.209640564,12.67768998,0.030479462,0.184237191,0.013500682,0.045548746,0.635598755,0.902143985,0.62527051,0.848726481,206.0135169,3197.818669,0.641989784,3.88059327,13.5841723,0.030179104,0.181701949,0.013695594,-0.091635309,0.655979266,0.789630031,0.713908479,0.749904574,407.5270275,N/A,0.640640022,3.857156979,13.84215927,0.032957787,0.183780131,0.014928508,-0.065819841,0.542966537,0.83716534,0.636279528,0.694013385,436.0298829,3141.788224,0.646085212,3.602718339,13.78774647,0.031606099,0.189301971,0.013081254,0.049611051,0.606779829,0.864345016,0.62149477,0.909717088,168.2112385,N/A,0.648117973,3.881846066,15.05271322,0.032901968,0.186922054,0.014236506,0.073271757,0.511388865,0.852244754,0.707250307,0.815681397,145.5100602,N/A,0.658233606,3.739544634,14.17035463,0.031864329,0.188434153,0.012137574,0.364584885,0.725532004,0.903666747,0.716686274,0.890746917,104.5068295,N/A,0.649218755,3.839245698,12.46227588,0.030241308,0.189071054,0.014382432,0.057321447,0.499816501,0.897297061,0.652936721,0.773517487,162.0103322,N/A,0.651764883,4.074885646,13.96809526,0.031056119,0.189302901,0.015952459,0.031108194,0.561509778,0.709404343,0.576474845,0.805338994,213.0145646,3327.886561,0.640750761,3.905703076,13.71751164,0.031392629,0.182632261,0.013001811,-0.009917036,0.614090668,0.959326858,0.71820613,0.852081348,274.3509425,N/A,0.656561451,3.819664228,12.50916166,0.030738428,0.184399669,0.013327443,-0.055910052,0.65614566,0.818879559,0.614798322,0.691820716,147.6087256,N/A,0.656503527,3.938361222,1106.050276,780.024868,364.0058305,778.025212,42419.89494,614.0152596,578.0139059,544.0121603,416.0072225,2.0000016,34714.17697,6395.642454,8.0000064,130.0007696,54072.78721,1648.109454,1026.042547,780.0249064,386.0062065,726.0216247,42965.84107,676.0186309,594.0146836,502.0105554,436.0081954,0,34603.85506,6287.587902,4.0000032,120.0006432,54014.50715,1630.109414,1044.044229,784.0250408,342.0048753,790.0253816,42193.23597,658.0178901,636.0163588,504.0105442,480.0096994,2.0000016,34190.75524,6283.581475,4.0000064,126.0007408,52919.88517,1744.122322,1124.05214,792.0256232,336.0048449,744.0225703,42331.63381,604.015066,560.0129603,572.0136323,490.0102802,0,34493.61152,6529.708656,10.0000112,122.0006672,53221.19269,1682.114269,1144.052863,794.0255544,312.0041313,786.025084,42855.41017,692.0193957,616.0155812,562.0129811,462.009061,0,34932.7884,6529.708566,12.0000224,116.0006144,53070.50277,1746.123982,1108.049724,666.0179765,370.0060049,684.0192902,42016.54221,584.0138563,516.010957,520.0116739,472.0093954,0,34068.40562,6419.651166,16.000032,118.00076,52476.00347,1672.112616,1130.051863,790.0256249,316.0041825,832.0280778,43959.21231,672.0185861,638.0168597,552.0124547,452.0082722,0,34916.74232,6601.745278,10.0000144,130.0007856,53572.60456,1620.105655,1126.051207,798.0260313,382.0059985,750.0229335,42646.68052,654.0175541,686.0191893,610.0153908,446.0080977,2.0000016,35159.41068,6655.778447,8.0000064,122.0007344,54872.21058,1704.11788,1044.044748,758.0235543,338.0047729,782.0254041,42333.7251,644.0173029,556.0126371,530.0116531,438.0077329,0,34427.57563,6287.585977,6.0000144,120.0005984,52436.18181,1646.109606,886.0327741,660.0176805,326.0045777,628.0163268,37280.06078,522.0115443,502.0109043,400.0066561,404.0069217,0,31525.94159,5813.373181,10.0000144,118.000664,48020.97823,1476.089382,1073.847237,760.223686,347.2051425,750.0231905,42100.22369,632.0165086,588.2144037,529.6117702,449.6084878,0.60000048,34303.3263,6380.43631,8.80001312,122.2006978,52867.68536,1656.911458
75,CTJ1ap60,-79.13395908,1310.669777,396.6066822,538.0615654,42843.38067,421.2019322,702.133605,571.1480847,382.4062411,1.20000128,34960.07274,4845.743705,6.40000576,109.4005877,54089.2834,419.2074341,123.7157271,63.18939105,39.68951694,47.65816361,483.8561731,48.40073485,37.74725686,40.83350439,33.30504648,1.932185995,373.6951017,162.8316513,3.238659234,19.97907919,685.7345779,27.52381175,156.3370878,4.821152677,10.00727389,8.857381139,1.129360395,11.49109991,5.376078938,7.149372551,8.70933654,161.0153278,1.068919692,3.360302592,50.60400499,18.26231432,1.267782701,6.565678352,3.913558097,0.007752972,0.138600005,0.016389201,-0.113102018,0.566284659,0.769826346,0.601711312,0.815698779,76.35841879,1988.129392,0.646388907,11.60859302,0.535293563,0.000541787,0.004119815,0.000875455,0.173987268,0.064692684,0.09834251,0.076263433,0.072977715,25.55390856,750.7311519,0.007120171,0.916047013,13.67792554,6.98811652,2.972449095,5.341655216,153.8321516,11.42405728,12.77463551,12.67442235,8.946650043,33.46573825,37.7606787,1.101530539,7.89111145,4.152224718,0.006937111,0.135861192,0.017097462,-0.253885557,0.590190639,0.661916417,0.585290008,0.79407059,95.50150403,N/A,0.635824569,12.45242945,4.10532239,0.008690676,0.13532067,0.01673722,0.187194302,0.570625317,0.765187538,0.650877931,0.685405598,78.00145603,2368.448007,0.650023853,10.12138374,4.458388093,0.008010312,0.138380423,0.014617063,-0.085078995,0.679980334,1.018592922,0.644983258,0.88991022,107.0018064,N/A,0.64957571,11.22160543,3.24197331,0.007455878,0.136794525,0.015113679,-0.325461284,0.614979902,0.76887074,0.626140134,0.876656676,67.00109815,2416.466585,0.655251008,12.02202477,3.151551026,0.007694328,0.133844654,0.01703517,-0.291549384,0.521527435,0.773902101,0.533521948,0.843116612,104.0017032,2303.424541,0.636609619,11.07397509,4.276649715,0.007505636,0.141018977,0.016803112,0.106823974,0.486627584,0.816544326,0.689310928,0.883863514,67.00111469,N/A,0.653108662,12.27087409,3.066702425,0.008448841,0.135679077,0.017159473,-0.253351043,0.585156485,0.685420424,0.43406024,0.718147012,46.0008141,N/A,0.652061719,10.47139325,4.140054358,0.007504271,0.146537179,0.016688009,-0.157959908,0.621030738,0.757838086,0.631271196,0.757804463,29.57192742,864.178434,0.641368786,12.52411767,4.260055556,0.008032977,0.138382138,0.016657263,-0.01332666,0.508581015,0.726129342,0.557357481,0.848385667,71.00124856,N/A,0.649555275,11.18973042,4.282659381,0.007249695,0.144181218,0.015983557,-0.044425625,0.484147144,0.723861561,0.664299999,0.859627438,98.50151523,N/A,0.640509869,12.73839631,1676.113816,1346.073554,436.0077761,940.0360878,43208.60825,874.0310779,744.0227911,644.0170117,412.0069729,0,35012.99165,4756.906772,4.0000032,92.0003968,55067.06305,382.0063217,1856.138654,1242.061982,416.0073153,974.0388,43557.86851,882.0322076,734.0217142,554.0132243,390.0063793,2.0000016,35004.99815,4736.899803,6.0000048,114.0005744,53851.86709,468.0091106,1702.11705,1268.065335,428.0076993,1066.045917,43062.09055,822.0284538,634.0164372,610.0153332,358.0052049,0,34708.17576,4802.93205,4.0000032,96.0005184,53432.07148,428.0075681,1700.118376,1380.07724,398.0069521,960.0373487,42821.26874,858.0299195,652.0176741,620.0158948,378.0060497,2.0000016,35329.90115,4832.937037,6.0000048,124.0006848,53918.11799,402.0069105,1758.124683,1424.081486,382.0064625,1044.04405,42997.88386,858.0300635,738.0226839,678.0189717,434.0080466,2.0000016,34419.40054,4606.852768,4.0000032,132.0007648,54066.73021,416.0071457,1778.127758,1230.060933,342.0048977,986.0394528,41825.95696,888.0322156,708.0203814,678.019039,408.0073825,0,34980.94738,4932.977401,6.0000048,94.0004528,53560.68512,402.0070097,1658.112048,1332.072913,430.0077169,950.0366494,42825.28573,756.0233287,740.0223815,584.0140419,404.0068481,0,35502.39025,4816.931538,10.0000112,150.0010736,54446.36488,460.0086562,1622.106812,1252.063757,438.0080594,954.0368862,42263.40509,856.0298507,710.0205846,586.0142164,370.0057169,6.000008,35384.04074,5185.077517,14.0000144,100.0004768,55169.5709,414.0074097,1818.133967,1320.07082,364.0053985,962.0381055,42967.89005,832.0282954,720.0214535,654.0174389,336.0049217,0,34447.45745,4766.912798,6.0000048,100.0005344,53032.37275,426.0078322,1786.129605,1312.069751,332.0045441,936.0354318,42903.54896,886.0317115,690.0197558,636.0165732,334.0048881,0,34810.42431,5019.009367,4.0000032,92.0004,54347.99052,394.0063761,1735.522277,1310.669777,396.6066822,977.2388729,42843.38067,851.2297124,707.0205857,624.4161745,382.4062411,1.20000128,34960.07274,4845.743705,6.40000576,109.4005877,54089.2834,419.2074341
76,CTJ1ap49,-319.0559702,5106.647601,812.2270344,975.9623425,44086.11311,824.7735202,1602.366955,1321.629471,996.8407227,1.20000096,35949.07297,8587.559304,4.200004,130.0007907,55694.51067,2376.628039,320.8032309,93.38577953,39.15419848,61.2370762,855.274522,101.4603889,53.38078907,64.33245262,63.61647892,1.032796385,434.769577,194.528904,2.740643039,17.96313456,941.5623338,92.18547099,100.5476345,1.828710082,4.820597791,6.274532688,1.940008909,12.301606,3.331371063,4.867661781,6.381809799,86.06629658,1.20940414,2.265240881,65.25334354,13.81771177,1.690583726,3.878834613,18.58448276,0.042661876,0.238884626,0.036344071,-0.201761226,0.506967937,0.608927982,0.515847255,0.825314638,635.2410525,4270.960855,0.645545234,3.616137619,2.53153731,0.001091494,0.004762292,0.000884491,0.203584136,0.019900946,0.02912393,0.070893295,0.042206291,322.7351369,115.0958612,0.007225539,0.097798976,13.62177975,2.558477352,1.993553276,2.433659137,100.9034991,3.925484205,4.782820129,13.74307883,5.113963668,50.80514486,2.694847016,1.119292411,2.704514766,17.82115937,0.044979611,0.240339757,0.036842761,-0.176042253,0.473615799,0.587499638,0.517062919,0.781302022,N/A,N/A,0.636146108,3.399122343,18.00161325,0.043044694,0.235837825,0.03609714,-0.516257226,0.531707781,0.592743582,0.53181646,0.888032346,1188.112638,4251.446815,0.653108451,3.578319664,18.43243403,0.043296723,0.233591469,0.037764436,-0.090191476,0.504368397,0.604593371,0.387909739,0.770805448,599.0572616,N/A,0.656629528,3.54260198,20.74329275,0.042644729,0.247670609,0.036103268,-0.138943913,0.4802636,0.608071964,0.547684293,0.788598848,601.5580121,4451.583807,0.637085803,3.700045314,15.66374748,0.042402333,0.240978437,0.035969321,-0.068666307,0.512972092,0.641891516,0.479130713,0.811884033,603.0580873,N/A,0.639363536,3.633593139,16.29877149,0.042784552,0.238745795,0.037165322,0.111781981,0.525006676,0.6596715,0.544451556,0.872039184,402.0386091,N/A,0.642387745,3.584643687,16.20140315,0.041721037,0.239541058,0.036117495,-0.251781108,0.508069224,0.593762038,0.499351014,0.803912294,226.8208314,4184.402162,0.642622025,3.689610109,19.01760009,0.043066965,0.242285922,0.034740162,-0.077049097,0.491672547,0.639319721,0.650465674,0.871524023,399.371529,4347.510828,0.644998048,3.628626907,24.21487546,0.04162982,0.239387839,0.037100131,-0.263498352,0.529052343,0.59671849,0.443069631,0.812756284,569.0512103,4260.456505,0.65099386,3.743470728,19.44993056,0.041048295,0.230467549,0.035540673,-0.546964507,0.512950911,0.565008,0.557530553,0.852291892,1128.101294,4130.365014,0.65211723,3.661342324,6833.874747,5149.064323,794.025676,2710.294971,45504.69409,2556.261902,1690.116589,1458.085872,1064.04589,0,36294.65591,8723.048793,0,144.0010144,57053.96205,2566.265028,6485.689219,5279.118569,848.0294442,2714.295752,44184.00981,2580.269603,1608.105428,1560.098064,1032.043836,2.0000016,36054.0148,8502.900433,2.0000016,132.0007904,55203.71811,2376.227177,6883.897886,5081.037294,844.0289034,2714.295644,44312.52012,2316.219445,1686.115152,1428.082885,992.0396816,0,36340.7644,8488.892556,4.0000032,130.0007888,55344.39563,2396.230963,6809.858329,5079.033592,768.0239112,2674.286548,44294.3723,2542.260566,1612.105057,1402.079533,1012.042779,2.0000016,35947.64345,8903.174737,4.0000032,116.0005792,56425.12085,2406.233973,7023.982084,5153.066516,826.0281466,2760.306351,44768.12139,2462.24352,1624.107012,1458.08594,1082.048138,0,36372.87231,8765.077926,4.0000032,154.001096,56889.18784,2412.234279,7148.04746,5029.01718,870.0311451,2778.310853,44589.44522,2552.26396,1670.114547,1586.101343,1012.041567,0,36218.44938,8647.002503,6.000008,148.001024,56380.97806,2412.234871,6497.692893,4972.992471,782.025068,2580.267305,42616.73365,2400.233463,1550.098235,1356.074817,852.0292938,2.0000016,34936.85417,8368.81102,10.000008,140.0008448,54366.1014,2268.210129,6833.870462,5021.010229,752.0232839,2660.285423,44027.44521,2642.282704,1542.096171,1470.087789,984.0393584,2.0000016,35887.46943,8695.028612,6.0000048,126.0007088,55639.65584,2396.231091,6623.758944,5087.039328,842.0291066,2654.28287,42899.57823,2374.226807,1604.104416,1430.083207,980.0388496,2.0000016,35594.62284,8520.919827,4.0000064,94.0004208,54677.3557,2276.208483,6371.62627,5215.096503,796.0256584,2624.277626,43664.21104,2576.26815,1564.098729,1456.08572,958.0378335,2.0000016,35843.38306,8260.736636,2.0000016,116.00064,54964.63125,2256.204393,6751.229829,5106.647601,812.2270344,2687.090334,44086.11311,2500.253012,1615.106134,1460.486517,996.8407227,1.20000096,35949.07297,8587.559304,4.200004,130.0007907,55694.51067,2376.628039
77,CTJ1ap50,-360.5074548,6373.432215,1260.464808,1397.302763,42929.31855,1163.91904,2530.309285,2177.522453,1858.739933,0.80000064,34976.52004,8797.903542,6.00000608,143.6009392,54181.14297,4219.717629,190.2262211,181.2942089,82.29104433,92.53825005,677.2360652,74.81331331,91.74045169,52.89310507,32.41942842,1.398412916,381.0834284,158.7567027,3.126947706,21.80339057,765.2944133,116.7909455,52.76623785,2.844530275,6.528626884,6.622634155,1.577560716,6.427707662,3.625661583,2.429049813,1.744161614,174.8014747,1.08954072,1.804483329,52.11574229,15.18332031,1.412473734,2.767743146,30.13096888,0.077878634,0.251563551,0.058936731,-0.142276383,0.498484318,0.552722834,0.46017547,0.861587576,966.4385594,3707.152624,0.645605966,2.086271582,5.631585305,0.001706981,0.005238124,0.001762566,0.075030722,0.034097909,0.039279387,0.028316686,0.037195276,640.8973097,1327.63613,0.007026886,0.064392751,18.69035585,2.191847353,2.082226954,2.990606582,52.7358938,6.840317343,7.106525133,6.153453998,4.317062736,66.31537033,35.81282629,1.088417167,3.08649896,30.5267169,0.078233811,0.247092235,0.058234627,-0.13453323,0.520409198,0.606033314,0.496573432,0.903561824,702.118624,2174.256356,0.653648672,2.064471996,28.64475492,0.078087231,0.256188711,0.062346749,-0.131026644,0.484060201,0.505150154,0.437033926,0.78933367,537.092068,4490.614449,0.637113638,2.090243424,24.17829731,0.077049495,0.252862438,0.056181794,-0.159914626,0.566194654,0.558142271,0.4392915,0.922005186,1039.673651,N/A,0.646913029,2.123050979,28.21794015,0.078946864,0.25810106,0.06003091,-0.060107487,0.462696821,0.580125628,0.485952181,0.847576145,2116.357882,4456.587066,0.644107537,2.105781402,43.70119497,0.078581447,0.257423083,0.057840546,-0.187572589,0.521560683,0.536950684,0.454216948,0.877914269,356.8943722,N/A,0.648431926,2.124182632,34.39648456,0.07995304,0.246495634,0.060033715,-0.207686069,0.511105582,0.53745926,0.429506909,0.830612053,1100.693642,N/A,0.642344142,1.980350304,27.68411282,0.079076081,0.242421265,0.057921787,-0.000807593,0.511624111,0.615304533,0.474213119,0.869335354,539.8430847,N/A,0.650230497,1.993392906,31.59221125,0.074549461,0.254411624,0.060264655,-0.165242763,0.477702756,0.497268836,0.476687638,0.845424898,497.5795292,N/A,0.644192681,2.198407674,27.26751012,0.075442358,0.252098153,0.058937112,-0.266601564,0.477720244,0.530910824,0.417146596,0.860008494,690.7810676,N/A,0.633151303,2.115738128,25.1004658,0.078866551,0.248541304,0.057575417,-0.109271262,0.45176893,0.559882834,0.49113245,0.870103872,2083.351673,N/A,0.655926231,2.067096374,8701.035611,6531.713881,1324.071117,3730.560682,43690.30222,3406.466559,2568.264725,2560.263179,1876.142501,4.0000032,35197.51394,8697.03238,6.0000048,138.0009232,53847.75558,4212.715114,8598.968805,6467.675928,1314.070527,3538.502457,43541.71065,3308.438846,2738.302461,2400.231757,1848.137197,2.0000016,35057.11103,8981.236084,8.0000096,150.0009936,55024.89498,4296.7417,8336.787801,6295.587993,1344.073271,3434.474346,42253.392,3108.389646,2398.23107,2454.24257,1906.147501,0,34916.72305,8829.127715,4.0000032,172.0012736,53974.36979,4158.697931,8390.822027,6171.527129,1184.056464,3552.506927,42628.59046,3268.43175,2582.26801,2422.236268,1818.134354,2.0000016,34533.68719,8913.181263,2.0000016,150.0009968,53614.78511,4232.71915,8526.912203,6503.696324,1328.071197,3546.508414,44023.45573,3290.439114,2570.265872,2496.253152,1872.144271,0,35339.93734,9097.315628,12.0000128,98.000456,54500.61282,4282.737035,8500.895447,6529.710324,1328.071636,3584.515562,43282.83105,3258.42641,2622.277567,2418.234476,1866.139862,0,35371.99736,8719.042932,4.0000032,128.000816,55067.05059,4402.778092,8586.958773,6203.543606,1272.065927,3608.523875,42925.62898,3214.41847,2510.254245,2422.23767,1872.141041,0,35512.41821,8608.965334,8.0000096,156.0010208,54615.12246,4318.74986,8286.754973,6287.5877,1210.058798,3366.456893,42032.58011,3270.430683,2556.26276,2394.231487,1814.132703,0,34397.29523,8751.071744,8.0000096,126.0007088,53395.97331,3980.64101,8514.900665,6633.764154,1200.059065,3556.508646,42622.61848,3224.417757,2536.260353,2424.236682,1894.144454,0,34784.38054,8769.078072,6.0000048,152.0010336,54938.49631,4144.689722,8192.708062,6109.51511,1100.050079,3410.473063,42292.07586,3200.417665,2458.244436,2372.22857,1820.13545,0,34654.13653,8612.984271,2.0000016,166.0011696,52832.36875,4166.70668,8463.674437,6373.432215,1260.464808,3532.903087,42929.31855,3255.02769,2554.06315,2436.439581,1858.739933,0.80000064,34976.52004,8797.903542,6.00000608,143.6009392,54181.14297,4219.717629
78,SN5,798.3803977,2.20000208,4467.402974,3737.025499,47823.40946,2631.758156,9172.360913,8183.520443,1.20000128,0,36366.46629,68176.7466,12.20001712,324.4044842,56335.37492,39689.59018,44.32576662,1.988860122,80.12390848,117.557501,858.246443,91.45879258,273.3157265,207.3936705,1.398413628,0,396.3550045,723.4738364,5.116431555,25.86861065,784.7674592,553.1379132,5.551960788,90.40264737,1.793523193,3.145750573,1.79461576,3.47519746,2.979775099,2.53428426,116.5343447,N/A,1.089891444,1.061173894,41.93790472,7.974184053,1.393027845,1.393659926,123.0069883,0.704551602,1.874804599,0.191787246,0.087062907,0.487257256,0.407526069,0.287059734,0.892440364,3807.533462,N/A,0.645606282,1.717889339,9.272452742,0.006651399,0.018829544,0.004094369,0.004513692,0.009457109,0.010764169,0.010679313,0.017071307,1547.602341,N/A,0.008374109,0.017147216,7.538151184,0.944061324,1.004346995,2.134849333,5.184403484,1.940886184,2.641344926,3.720240847,1.912879307,40.64579751,N/A,1.297092316,0.998156008,124.6749959,0.708541955,1.857140598,0.19393561,0.089787857,0.481884251,0.399043494,0.283593053,0.889710239,2019.759809,N/A,0.649845412,1.703292641,115.0444463,0.698377364,1.891878214,0.194802459,0.083550564,0.47267913,0.405987206,0.29456031,0.881135359,4003.598398,N/A,0.631084254,1.70958369,122.9543421,0.705372427,1.901280104,0.192105953,0.077465017,0.490897672,0.403603045,0.278106209,0.899829938,4918.231768,N/A,0.639956365,1.724955864,124.885411,0.714801199,1.88884384,0.198168866,0.085256226,0.479601044,0.404800654,0.27601226,0.888498355,3371.950057,N/A,0.64044908,1.692370273,116.6243932,0.715540961,1.845853318,0.191328366,0.090325885,0.494651395,0.399885287,0.282594901,0.885988312,4956.601157,N/A,0.65762028,1.696437579,138.6976056,0.699941863,1.865909805,0.19464758,0.08444793,0.490179481,0.400620701,0.282987203,0.896472595,2793.798828,N/A,0.648138278,1.727811455,112.1481076,0.701806532,1.872550164,0.184902194,0.087164176,0.489408744,0.436100956,0.304872441,0.908230787,6616.827172,N/A,0.642832135,1.715195523,114.5313812,0.701978397,1.868413812,0.187884205,0.092042286,0.500573885,0.408123508,0.301800689,0.917561754,4982.180666,N/A,0.650604223,1.731674254,122.4331578,0.695531355,1.896857811,0.193152292,0.091881773,0.475284005,0.411759676,0.274304801,0.855144783,2479.300989,N/A,0.639077355,1.742896083,138.0760418,0.703623967,1.859318324,0.186944934,0.088707357,0.497412947,0.405336168,0.291765474,0.90183152,1933.085772,N/A,0.65645544,1.734676029,860.0299915,2.0000016,4600.850901,3810.588436,49230.91028,2708.296778,9547.652171,8494.899746,2.0000016,0,37048.86455,68804.95047,20.000032,324.0045089,57011.81211,40395.26082,792.0255464,0,4480.806949,3848.594486,48662.60705,2792.312589,9479.595493,8352.806774,0,0,36178.31386,68444.96379,10.0000144,348.0049921,57327.23265,40036.04163,722.0215543,6.000008,4522.825181,3720.557367,47959.87088,2564.265858,9213.402272,8290.750795,2.0000016,0,35696.97234,67869.94329,8.0000096,320.0041633,55780.32237,39345.90136,812.0271785,4.0000032,4536.82998,3830.589161,47735.00375,2612.275636,9459.591545,8404.831531,0,0,36254.51178,68479.11124,12.0000096,324.0044833,56607.95353,40463.43305,810.0273242,2.0000016,4420.786265,3574.515094,46711.18837,2526.25638,8937.200923,7918.511505,2.0000016,0,36443.08885,67268.59647,8.0000096,340.0048289,55416.61342,39652.85684,764.0241096,0,4434.791257,3624.52785,46480.31336,2560.2646,9047.280491,8110.639021,0,0,36218.41282,67580.29161,14.0000176,282.0036625,55880.68788,39113.23276,772.0241288,0,4334.75511,3862.601293,47901.68366,2700.293747,8857.151967,8044.593483,2.0000016,0,36364.84946,68095.00483,6.000008,354.0052241,56569.7442,39701.01597,834.0284314,2.0000016,4520.821404,3686.546605,48068.31398,2726.301811,9031.27698,8286.754349,0,0,36940.52907,69020.19474,8.0000096,348.0049985,56778.80309,39857.49315,864.0306283,4.0000032,4440.791159,3848.595238,48373.47484,2564.264908,9343.498635,7990.557588,4.0000064,0,36449.10102,69138.76199,16.000032,324.0045089,57033.94231,39668.89516,784.0246824,2.0000016,4380.771538,3570.511192,47110.72841,2570.267406,8807.112006,7942.531206,0,0,36070.01917,67065.64759,20.0000288,280.003472,54946.63761,38661.7711,801.4263575,2.20000208,4467.402974,3737.762672,47823.40946,2632.479971,9172.376248,8183.6876,1.20000128,0,36366.46629,68176.7466,12.20001712,324.4044842,56335.37492,39689.59018