{"Dur251": [3.237153217477776, 0.02514700769692438, 1.444255026982143e-13, 1.121933064019112e-15, NaN, "ap"], "CTJ4ap1": [0.02455823047472273, 0.0006081596534996257, 1.0956647842742362e-15, 2.71330263897397e-17, NaN, "ap"], "CTJ4ap2": [0.013021792573786677, 0.00042123355468308237, 5.809669212896705e-16, 1.8793323578258336e-17, NaN, "ap"], "CTJ4ap3": [0.06832096601599975, 0.0008678780795563618, 3.0481380394396246e-15, 3.872035689998937e-17, NaN, "ap"], "CTJ4ap4": [0.06809242929283535, 0.0010359927327787436, 3.037941879755302e-15, 4.622078757824322e-17, NaN, "ap"], "CTJ4ap5": [0.12777378339349058, 0.0015793831207703095, 5.700623868720021e-15, 7.046413495004504e-17, NaN, "ap"], "CTJ4ap6": [0.008216180443707356, 0.00040151388335800175, 3.6656466689155684e-16, 1.7913530978763348e-17, NaN, "ap"], "CTJ4ap7": [0.04834910387847955, 0.0007286246039074114, 2.157093953711053e-15, 3.250756687371336e-17, NaN, "ap"], "CTJ4ap8": [0.04847241370959526, 0.0008873905380519244, 2.162595418470387e-15, 3.9590904704734734e-17, NaN, "ap"], "CTJ4ap9": [0.02054413785150516, 0.0006743158649698892, 9.165761511334504e-16, 3.008458396403539e-17, NaN, "ap"], "CTJ4ap10": [0.0020930604371596465, 0.0004608587516637352, 9.338183444095861e-17, 2.056120066314514e-17, NaN, "ap"], "CTJ4ap11": [0.004355781911460165, 0.0005552339373664887, 1.9433309143660946e-16, 2.477174700484022e-17, NaN, "ap"], "CTJ4ap12": [0.06994491044828638, 0.0010564808748185388, 3.1205902760902283e-15, 4.713486547776116e-17, NaN, "ap"], "CTJ4ap13": [0.01372945100378166, 0.0006110420689755524, 6.125390828848781e-16, 2.7261625277752848e-17, NaN, "ap"], "CTJ4ap14": [0.33438234790038046, 0.0031305027740277103, 1.491845935131527e-14, 1.3966729606619568e-16, NaN, "ap"], "CTJ4ap15": [0.0033849029736470857, 0.000374576452066345, 1.5101735404867873e-16, 1.671171821479187e-17, NaN, "ap"], "CTJ4ap16": [0.01008683961396399, 0.0005367397478780902, 4.500240748623177e-16, 2.3946629244137155e-17, NaN, "ap"], "CTJ4ap17": [0.029906592375646204, 0.0007133235287390527, 1.3342818049275541e-15, 3.1824909821497845e-17, NaN, "ap"], "CTJ4ap18": [0.012750393778967622, 0.0005771750661637823, 5.688584714449728e-16, 2.5750649869000725e-17, NaN, "ap"], "CTJ4ap19": [0.010610358174901148, 0.00044132417525473655, 4.733808412109015e-16, 1.9689666068293768e-17, NaN, "ap"], "CTJ4ap20": [0.018754779284039767, 0.00035462339260200194, 8.36743967343614e-16, 1.582151300981538e-17, NaN, "ap"], "CTJ4ap21": [0.014191056209424, 0.0003695612586009284, 6.331335865719639e-16, 1.6487965494821465e-17, NaN, "ap"], "CTJ4ap22": [0.09703271755455654, 0.001497718033524267, 4.329112052938188e-15, 6.682064930508909e-17, NaN, "ap"], "CTJ4ap23": [0.014057563404837074, 0.0004399088479151328, 6.271778087283427e-16, 1.9626521277555668e-17, NaN, "ap"], "CTJ4ap24": [0.0033443551206296935, 0.0004841803056607751, 1.4920831268982303e-16, 2.160169116002387e-17, NaN, "ap"], "CTJ4ap25": [0.00023265893043727804, 0.00032852418555457123, 1.0380071849615331e-17, 1.465709759768766e-17, NaN, "ap"], "Dur252": [2.3410656592859764, 0.02297838072959299, 1.0444658067662962e-13, 1.0251798308910944e-15, NaN, "ap"], "CTJ4ap26": [-0.0007249818047952845, 0.0006459384377579182, -3.234504349046509e-17, 2.881852582126877e-17, "Laser crushed right after initiation. Re-do the extraction.", "ap"], "CTJ4ap27": [0.007805615819268922, 0.0005527235967284341, 3.4824733734580715e-16, 2.4659748225592666e-17, NaN, "ap"], "CTJ4ap28": [0.0059362347350929365, 0.0004062021791342398, 2.648449511507511e-16, 1.8122699167227618e-17, NaN, "ap"], "CTJ4ap29": [0.026838143894048906, 0.0007728000148103107, 1.1973830594293256e-15, 3.447845162890651e-17, NaN, "ap"], "CTJ4ap30": [0.02339213009894182, 0.0006916296285331442, 1.043639247744348e-15, 3.085703705421362e-17, NaN, "ap"], "CTJ4ap31": [0.04033438094186363, 0.0009397625749223504, 1.799517308015688e-15, 4.1927481704396825e-17, NaN, "ap"], "CTJ4ap32": [0.027926906715894293, 0.0006644588795689047, 1.2459581830951322e-15, 2.964481482862964e-17, NaN, "ap"], "CTJ4ap33": [0.028721978629644155, 0.0006089796889162185, 1.281430294889094e-15, 2.7169612247533614e-17, NaN, "ap"], "CTJ4ap34": [0.05091317438300143, 0.0010611900091414233, 2.271489889488776e-15, 4.7344963377416935e-17, NaN, "ap"], "CTJ4ap35": [0.011217131016089293, 0.0006753217273719197, 5.004519950071068e-16, 3.01294604877273e-17, NaN, "ap"], "CTJ4ap36": [0.004146098876358343, 0.0006487121961887074, 1.8497808853209342e-16, 2.894227697817022e-17, NaN, "ap"], "CTJ4ap37": [0.008563201809669378, 0.0004022549403391241, 3.8204701568971964e-16, 1.794659321580816e-17, NaN, "ap"], "CTJ4ap38": [0.019952072630102683, 0.00082058497682911, 8.901611773937129e-16, 3.661037640890113e-17, NaN, "ap"], "CTJ4ap39": [0.029503174787068005, 0.001090888083787716, 1.3162833401922014e-15, 4.866994216952422e-17, NaN, "ap"], "CTJ4ap40": [0.01521955369982093, 0.0007721395724490372, 6.790199741153266e-16, 3.4448986010932327e-17, NaN, "ap"], "CTJ4ap41": [0.03727709972387681, 0.0013674288807087693, 1.663116789679522e-15, 6.100780229806234e-17, NaN, "ap"], "CTJ4ap43": [0.06440143745764548, 0.0007774121931960713, 2.8732683794791417e-15, 3.4684223842066176e-17, NaN, "ap"], "CTJ4ap44": [0.01779854625120275, 0.00044447402624592957, 7.940816566076001e-16, 1.983019658454223e-17, NaN, "ap"], "CTJ4ap45": [0.01819395029031127, 0.0005180030871043926, 8.11722597051453e-16, 2.3110693633639355e-17, NaN, "ap"], "CTJ4ap46": [0.0015313315317329174, 0.0002643530256213374, 6.832031461287219e-17, 1.1794103043693112e-17, NaN, "ap"], "CTJ4ap47": [0.005017005327222822, 0.0002722036348653888, 2.2383355613557694e-16, 1.2144357761461087e-17, NaN, "ap"], "CTJ4ap48": [0.02005148946882574, 0.0005022966703556854, 8.945966569476997e-16, 2.240995227784801e-17, NaN, "ap"], "CTJ4ap49": [0.0662020226339904, 0.001021714264637236, 2.953601438118604e-15, 4.5583754110700266e-17, NaN, "ap"], "Dur253": [4.056716342054757, 0.03249753096898161, 1.8099028919669656e-13, 1.449876459756474e-15, NaN, "ap"], "CTJ3ap17": [0.027623939940374605, 0.0005453923759463314, 1.2324413286506025e-15, 2.4332666009919308e-17, NaN, "ap"], "CTJ3ap18": [0.03541043844859385, 0.0005212371265181449, 1.5798357476842085e-15, 2.3254980214069106e-17, NaN, "ap"], "CTJ3ap19": [0.00874975370479012, 0.0003451394462967301, 3.9037002341349685e-16, 1.539838700351254e-17, NaN, "ap"], "CTJ3ap20": [0.00279009430079187, 0.0002915453716977258, 1.2447998129704067e-16, 1.3007288823847854e-17, NaN, "ap"], "CTJ3ap21": [0.0034053774204812755, 0.000277662869032235, 1.5193082093697133e-16, 1.2387921345241142e-17, NaN, "ap"], "CTJ3ap22": [0.013287567575644959, 0.00042962596852964396, 5.928244657644757e-16, 1.916775089362202e-17, NaN, "ap"], "CTJ3ap23": [0.013434887533955239, 0.0004365853500999915, 5.993971416951564e-16, 1.9478243512982575e-17, NaN, "ap"], "CTJ3ap24": [0.028776980118768402, 0.0004977841511137061, 1.2838841848294995e-15, 2.220862635467592e-17, NaN, "ap"], "CTJ3ap25": [0.007776796354427084, 0.0002682329858013158, 3.469615577062141e-16, 1.1967207361529214e-17, NaN, "ap"], "CTJ3ap26": [0.008457966702012161, 0.0003198637469192856, 3.773519542255805e-16, 1.4270712363669382e-17, NaN, "ap"], "CTJ3ap27": [0.002285667769439743, 0.00026008121641334157, 1.0197500532880088e-16, 1.1603516392136232e-17, NaN, "ap"], "CTJ3ap29": [0.028310364903144383, 0.000418697313966133, 1.263066159683429e-15, 1.8680169267695768e-17, NaN, "ap"], "CTJ3ap30": [0.0021899917288077117, 0.0002350247024518127, 9.7706421379839e-17, 1.0485620703658993e-17, NaN, "ap"], "CTJ3ap31": [0.0038131187302440322, 0.0002936516153805034, 1.7012218837530257e-16, 1.3101258828433273e-17, NaN, "ap"], "CTJ3ap32": [-0.0011606714887680439, 0.00020121002680155905, -5.178332688355688e-17, 8.976979869793836e-18, NaN, "ap"], "CTJ3ap33": [0.0893568422580647, 0.000990055302576225, 3.986653085485174e-15, 4.4171290379951145e-17, NaN, "ap"], "CTJ3ap34": [0.04954166207223117, 0.0005757207795246282, 2.2102999050696513e-15, 2.5685766910173467e-17, NaN, "ap"],