{"RS23_G168_150_1": [2.6206859220768557, 0.023189103041059585, 1.1692183109114193e-13, 1.0345812010823408e-15, "did not finish lasing. a few seconds left", "zirc"], "RS23_G168_175_1": [2.486688415719994, 0.022385858881606293, 1.1094353599179057e-13, 9.98744484768729e-16, "t = 3600s", "zirc"], "RS23_G168_200_1": [3.419553211450341, 0.028666023086329852, 1.5256327346526013e-13, 1.278933839846964e-15, "t = 3600s", "zirc"], "RS23_G168_225_1": [4.902295727815905, 0.038659795621663585, 2.1871579047987438e-13, 1.7248057295290257e-15, "t = 3600s", "zirc"], "RS23_G168_250_1": [6.740780928342266, 0.031821369951115654, 3.00739757666738e-13, 1.4197095543461966e-15, NaN, "zirc"], "RS23_G168_275_1": [16.232394878419708, 0.07256256657342308, 7.242078557339033e-13, 3.2373769328733414e-15, "laser was at 283 +/- 7 *C", "zirc"], "RS23_G168_320_1": [33.91658508051248, 0.26171445409531957, 1.513187520322677e-12, 1.16763832468689e-14, "temp unstable", "zirc"], "RS23_G168_350_1": [46.59179339553059, 0.35927452948659266, 2.0786915943397243e-12, 1.6029023355340083e-14, "temp more stable", "zirc"], "RS23_G168_375_1": [67.21272118885734, 0.5112375224189623, 2.998693726637697e-12, 2.2808848149324628e-14, NaN, "zirc"], "RS23_G168_400_1": [154.72661377365807, 1.1767762445887735, 6.90312366260632e-12, 5.250184012620565e-14, "overshot to 465-495 w/in first 5 mins", "zirc"], "RS23_G168_385_2": [37.16755520362685, 0.28275529032024355, 1.6582294638898387e-12, 1.2615119582414718e-14, NaN, "zirc"], "RS23_G168_365_2": [16.573843117727368, 0.12653845560818788, 7.394415596380551e-13, 5.645509753198352e-15, NaN, "zirc"], "RS23_G168_335_2": [6.052433299301546, 0.048079421876999116, 2.700291469305588e-13, 2.145062098554435e-15, NaN, "zirc"], "RS23_G168_300_2": [1.823385852432877, 0.023791552759305147, 8.13503101826036e-14, 1.061459478866117e-15, NaN, "zirc"], "RS23_G168_270_2": [0.7407257726573917, 0.027755006189517446, 3.304746018815881e-14, 1.2382888457891248e-15, NaN, "zirc"], "RS23_G168_315_3": [4.505073455985632, 0.02119417868283402, 2.0099372963262387e-13, 9.455777051322396e-16, NaN, "zirc"], "RS23_G168_345_3": [12.267401225300311, 0.04969090699962795, 5.473097718078126e-13, 2.2169584634437383e-15, NaN, "zirc"], "RS23_G168_395_3": [41.04914930428636, 0.16239924525802998, 1.8314066790526614e-12, 7.245437907469883e-15, NaN, "zirc"], "RS23_G168_415_3": [69.84980910763717, 0.2763679688490315, 3.1163473323653594e-12, 1.2330149408808398e-14, NaN, "zirc"], "RS23_G168_425_3": [82.50154793398926, 0.5779011133006707, 3.680804315784298e-12, 2.578304244225353e-14, NaN, "zirc"], "RS23_G168_445_3": [62.6870570747473, 0.4391471682135245, 2.7967813453532302e-12, 1.959253895839763e-14, NaN, "zirc"], "RS23_G168_475_3": [186.77174373267707, 1.308226920762494, 8.332816263615466e-12, 5.836650846624849e-14, NaN, "zirc"], "RS23_G168_500_3": [191.78223970928482, 1.3432877388879423, 8.556359405250504e-12, 5.993074591273053e-14, NaN, "zirc"], "RS23_G168_485_4": [113.26063920265436, 0.7933420771397266, 5.053120335623019e-12, 3.539493518067844e-14, NaN, "zirc"], "RS23_G168_460_4": [54.868815562865144, 0.3844817755418873, 2.4479707130750934e-12, 1.7153643952078488e-14, NaN, "zirc"], "RS23_G168_435_4": [35.909149149458905, 0.2517119690062055, 1.6020857120308247e-12, 1.1230122646837045e-14, NaN, "zirc"], "RS23_G168_405_4": [17.645389680151542, 0.12419071731468477, 7.87248580358327e-13, 5.540765473127722e-15, NaN, "zirc"], "RS23_G168_375_4": [9.764299444327666, 0.06986148315963511, 4.356339539719668e-13, 3.116868169877537e-15, NaN, "zirc"], "RS23_G168_355_4": [8.326496850760584, 0.015273299211602767, 3.714864303899609e-13, 6.814178286607819e-16, NaN, "zirc"], "RS23_G168_325_4": [2.654093280034361, 0.01688686426490202, 1.1841229945723034e-13, 7.534069896003398e-16, NaN, "zirc"], "RS23_G168_285_4": [0.5519126565968103, 0.022868485058449604, 2.4623568153690118e-14, 1.0202768385138575e-15, NaN, "zirc"], "RS23_G168_250_4": [0.13296919385914518, 0.07012814429612318, 5.932416965251413e-15, 3.1287652492247334e-15, NaN, "zirc"]}