,aliquot_type,intercept,error,QST,QRT,notes,time_of_collection,file
std1145,std,1.008011296985373,0.016631326410073085,7583,1145,possible ingrowth of 3He and 4He,1678989259.2294624,10000-3693-15166-001.csv
cb01_03182023,hb,0.004294135396365405,0.00010652361293732967,7584,1145,,1678991605.6076605,10000-3694-15168-001.csv
RS23_diffcell_blank150,hb,0.004055091848162466,8.258633948218265e-05,7585,1145,blank Nb packet. laser did not turn on,1678993159.2968087,10000-3695-15170-001.csv
std1146,std,1.1756815404273826,0.001897389568328372,7586,1146,ran another std to check values,1678995254.0984492,10000-3696-15172-001.csv
std1147,std,0.9948911486350251,0.01601570587081348,7587,1147,possible ingrowth of 3He and 4He,1679337969.8062372,10000-3697-15174-001.csv
std1148,std,1.1789758848577923,0.0017765184820806104,7588,1148,,1679343176.6296246,10000-3698-15176-001.csv
