{"RS23_G3_150_1": [5.426797852430705, 0.01586888201512735, 2.421164384951684e-13, 7.079897392311657e-16, NaN, 150.0, 7200.0, 335.0], "RS23_G3_175_1": [6.377843810852797, 0.02238458981601897, 2.845473280473274e-13, 9.986878654420884e-16, NaN, 175.0, 7200.0, 294.0], "RS23_G3_200_1": [10.266701395072273, 0.03205485064474597, 4.580486033315014e-13, 1.4301262891383049e-15, NaN, 200.0, 7200.0, 322.0], "RS23_G3_225_1": [19.05360297457966, 0.05672080328646111, 8.500759781645249e-13, 2.5305970949612345e-15, NaN, 225.0, 7200.0, 288.0], "RS23_G3_250_1": [42.03176358737479, 0.33362327596078195, 1.875245988550673e-12, 1.4884593377388326e-14, NaN, 250.0, 7200.0, 293.0], "RS23_G3_275_1": [84.68943810841454, 0.6720360841253801, 3.778416976372559e-12, 2.998287160370215e-14, NaN, 275.0, 7200.0, 306.0], "RS23_G3_300_1": [119.14351535102928, 0.6468162452439448, 5.315584694879507e-12, 2.885768917836819e-14, NaN, 300.0, 5400.0, 277.0], "RS23_G3_325_1": [211.41575334329647, 1.1476806893944378, 9.432308081703241e-12, 5.1203742723049774e-14, NaN, 325.0, 5400.0, 295.0], "RS23_G3_350_1": [237.27317921674899, 1.288024665162946, 1.058593643333403e-11, 5.746518538248174e-14, NaN, 350.0, 3600.0, 302.0], "RS23_G3_330_2": [99.45766756807022, 0.5399961680942257, 4.437301131795762e-12, 2.4091914343456126e-14, NaN, 330.0, 3600.0, 299.0], "RS23_G3_310_2": [44.25356600083128, 0.2405730213100656, 1.974371642760385e-12, 1.0733158798521709e-14, NaN, 310.0, 3600.0, 295.0], "RS23_G3_290_2": [28.71505563423928, 0.1562565838822103, 1.2811214256375158e-12, 6.971383237361038e-15, NaN, 290.0, 5400.0, 288.0], "RS23_G3_275_2": [15.083001624058392, 0.13970139649138458, 6.729277069714639e-13, 6.23277400247098e-15, NaN, 275.0, 5400.0, 309.0], "RS23_G3_250_2": [4.748240578901738, 0.04512452278402176, 2.1184262420370026e-13, 2.0132293559392232e-15, NaN, 250.0, 5400.0, 295.0], "RS23_G3_225_2": [2.7407185387903588, 0.028636921119361804, 1.222770830191112e-13, 1.2776354563826983e-15, NaN, 225.0, 10800.0, 288.0], "RS23_G3_200_2": [0.9036746632215519, 0.03104037164299662, 4.031742050600303e-14, 1.384865336084439e-15, NaN, 200.0, 14400.0, 317.0], "RS23_G3_175_2": [0.23653915345965298, 0.05748299633163493, 1.05531878941578e-14, 2.564602316928479e-15, NaN, 175.0, 18000.0, 293.0], "RS23_G3_190_3": [0.7162633699248303, 0.0246125891469498, 3.195607075599314e-14, 1.0980899949562684e-15, NaN, 190.0, 19800.0, 299.0], "RS23_G3_215_3": [2.1831704984492832, 0.02550704116660484, 9.740209237303842e-14, 1.1379959474705468e-15, NaN, 215.0, 14400.0, 273.0], "RS23_G3_240_3": [6.029852543700212, 0.041188163497768125, 2.690217071339436e-13, 1.8376087935115604e-15, NaN, 240.0, 10800.0, 295.0], "RS23_G3_265_3": [16.114503941276574, 0.09373478550793604, 7.189481547816798e-13, 4.1819749044318745e-15, NaN, 265.0, 9000.0, 309.0], "RS23_G3_285_3": [37.36598562459962, 0.21612631307662528, 1.6670824317212284e-12, 9.642469576007194e-15, NaN, 285.0, 9000.0, 280.0], "RS23_G3_305_3": [63.690346028678114, 0.3682739984852972, 2.8415430547282106e-12, 1.6430534419795537e-14, NaN, 305.0, 7200.0, 296.0], "RS23_G3_325_3": [124.95619707955646, 0.7440880880546314, 5.574917332004839e-12, 3.31974697981008e-14, NaN, 325.0, 7200.0, 292.0], "RS23_G3_350_3": [196.27195617452443, 1.168711347359548, 8.756667983158937e-12, 5.2142024955811004e-14, NaN, 350.0, 5400.0, 301.0], "RS23_G3_380_3": [427.55340479573846, 2.545850783053201, 1.9075283519038924e-11, 1.1358306340024989e-13, NaN, 380.0, 5400.0, 310.0], "RS23_G3_400_3": [427.44077451875785, 2.545182665029395, 1.907025852229668e-11, 1.1355325533280071e-13, NaN, 400.0, 3600.0, 317.0], "RS23_G3_375_4": [176.6580770204577, 0.49082352720207656, 7.881595298494587e-12, 2.1898078308292874e-14, NaN, 375.0, 3600.0, 314.0], "RS23_G3_355_4": [91.81046145612392, 0.2551899234373481, 4.096121239231012e-12, 1.1385291489129476e-14, NaN, 355.0, 3600.0, 309.0], "RS23_G3_335_4": [68.1823267864477, 0.1895905796074792, 3.0419526539862447e-12, 8.458578549454767e-15, NaN, 335.0, 5400.0, 307.0], "RS23_G3_315_4": [34.03183170987284, 0.09474702099182657, 1.5183292455551367e-12, 4.2271357629975266e-15, NaN, 315.0, 5400.0, 296.0], "RS23_G3_295_4": [22.797273164035424, 0.06426251970101882, 1.01709972178261e-12, 2.8670705675479077e-15, NaN, 295.0, 7200.0, 296.0], "RS23_G3_320_5": [59.88613005115492, 0.43400642806828116, 2.6718180624232583e-12, 1.9363184976723526e-14, NaN, 320.0, 7200.0, 297.0], "RS23_G3_345_5": [92.50395735755228, 0.6703385272644126, 4.127061539999655e-12, 2.9907135150549327e-14, NaN, 345.0, 5400.0, 305.0], "RS23_G3_365_5": [182.3783574267097, 1.3214641996648855, 8.136805453141326e-12, 5.895708930422439e-14, NaN, 365.0, 5400.0, 309.0], "RS23_G3_390_5": [236.91735773053503, 1.716639585647178, 1.0570061467410325e-11, 7.658782839507351e-14, NaN, 390.0, 3600.0, 316.0], "RS23_G3_415_5": [421.17213301617784, 3.051686250672856, 1.8790583252260988e-11, 1.3615089902172104e-13, NaN, 415.0, 3600.0, 317.0], "RS23_G3_500_fulldegas_1": [1415.1069543894173, 1.8176364179777857, 6.313495825775931e-11, 8.109379932086132e-14, "", 500, 1800, 316], "RS23_G3_500_fulldegas_2": [2043.2324652188688, 2.624425440459861, 9.115876082889571e-11, 1.1708866960202821e-13, "", 500, 3600, 300], "RS23_G3_500_fulldegas_3": [1530.7949262580896, 7.694330376337538, 6.829637397421653e-11, 3.432823403380716e-13, "", 500, 3600, 330], "RS23_G3_600_fulldegas_4": [2984.5507711698724, 15.001430458038687, 1.3315565143079648e-10, 6.692884116194649e-13, "", 600, 1800, 312], "RS23_G3_600_fulldegas_5": [1471.2319296130763, 7.394945665584789, 6.563897249991417e-11, 3.299252996156326e-13, "", 600, 1800, 337], "RS23_G3_600_fulldegas_6": [883.8237850626128, 4.4424251580492164, 3.9431774117186254e-11, 1.981986775251725e-13, "", 600, 3600, 345], "RS23_G3_600_fulldegas_7": [138.04638084516841, 0.6279155730168843, 6.158935524456519e-12, 2.8014436201342207e-14, "", 600, 3600, 341], "RS23_G3_600_fulldegas_8": [18.98782079451362, 0.08665304523396147, 8.471411079911492e-13, 3.866023254839005e-15, "", 600, 3600, 345], "RS23_G3_700_fulldegas_9": [2.8977508373594443, 0.022359494583172518, 1.29283074746116e-13, 9.97568242311614e-16, "", 700, 3600, 340], "RS23_G3_800_fulldegas_10": [0.0001156048818746431, 31.906096443471508, 5.1577086586349195e-18, 1.4234896244968103e-12, "", 800, 3600, 345]}