,aliquot_type,intercept,error,QST,QRT,diff_temp,diff_time,notes,time_of_collection,file
lb02_06272023,lb,0.0039744716430228375,7.068860608753643e-05,8158,1267,,,,1687883051.5866675,10000-4264-16316-001.csv
cb01_06272023,hb,0.004273932658387798,9.367906286625344e-05,8159,1267,0,7200,,1687890977.3893025,10000-4265-16318-001.csv
std1268,std,1.1756955400722897,0.0017502604520468546,8160,1268,,,,1687891959.4561143,10000-4266-16320-001.csv
RS23_G3_150_1,zirc,0.9526005942251089,0.001982870279421121,8161,1268,150,7200,,1687900539.529469,10000-4267-16322-001.csv
std1269,std,1.1743356154552882,0.002263064572277117,8162,1269,,,,1687901367.3103788,10000-4268-16324-001.csv
