{"NFCT-2": [12.364423152787202, 0.0916365915396771, 5.516384024621754e-13, 4.08836403764063e-15, "", "zirc"], "URL11.5-10": [38.339837537654006, 0.2846364671473952, 1.7105308083186402e-12, 1.2699048235361611e-14, "Laser T maxed at 750 C, think it is a coupling issue.", "zirc"], "URL11.5-11": [20.738722615059434, 0.1535659488929757, 9.25257545063774e-13, 6.851340630542326e-15, "", "zirc"], "URL11.5-12": [14.969329972657984, 0.11072869535258588, 6.678562493378237e-13, 4.9401577296594036e-15, "", "zirc"], "URL114.9-8": [23.247388693929025, 0.17237223357641948, 1.0371816138988589e-12, 7.690382509878623e-15, "", "zirc"], "URL114.9-9": [21.110361282547817, 0.16041908503873537, 9.418381940995724e-13, 7.157093113176379e-15, "", "zirc"], "URL114.9-10": [6.585769207717426, 0.05303099483055306, 2.938239139697254e-13, 2.3659763911195263e-15, "", "zirc"], "URL114.9-11": [18.632758688235818, 0.1460725376736874, 8.313000217826277e-13, 6.5170222929279645e-15, "", "zirc"], "NFCT-8": [6.320453403184103, 0.050588501825981284, 2.819868565710762e-13, 2.2570046321933293e-15, "", "zirc"], "URL114.9-12": [11.807477167711511, 0.09357602406997363, 5.267902724953828e-13, 4.174891767197895e-15, "", "zirc"], "URL114.9-13": [17.954348658166317, 0.14042532315305886, 8.010327767540963e-13, 6.2650719707798185e-15, "", "zirc"], "URL271.0-1": [9.743110157316961, 0.07653664103576795, 4.3468859450865355e-13, 3.4146801568558912e-15, "", "zirc"], "URL271.0-2": [4.25714519830332, 0.033986257427982426, 1.8993241716352813e-13, 1.516295950208906e-15, "", "zirc"], "URL271.0-3": [13.454471950277355, 0.10639704248445016, 6.002708998963753e-13, 4.746901154834039e-15, "", "zirc"], "URL271.0-4": [2.739341668924944, 0.021976020091953378, 1.2221565400753742e-13, 9.804595383221814e-16, "", "zirc"], "URL271.0-5": [12.710144393406294, 0.10037175863186694, 5.670627462035465e-13, 4.478083279729943e-15, "", "zirc"], "NFCT-21": [4.272537278564625, 0.03517303984814036, 1.9061913440548876e-13, 1.5692442155858105e-15, "", "zirc"], "URL271.0-6": [7.461840224013761, 0.0582461166510044, 3.329097985193968e-13, 2.5986489092087263e-15, "", "zirc"], "URL271.0-7": [8.282411309497817, 0.06472617106606589, 3.6951955516631643e-13, 2.887756360581149e-15, "", "zirc"], "URL271.0-8": [4.442555061869714, 0.03499422860742932, 1.9820447318058864e-13, 1.5612665569478591e-15, "", "zirc"], "URL271.0-9": [3.0503777640014382, 0.025056210195840003, 1.360925209244864e-13, 1.1178821359792986e-15, "", "zirc"], "URL271.0-10": [9.207867750185695, 0.07132505533562629, 4.1080876908118566e-13, 3.182165402678071e-15, "Capped at 881 C", "zirc"], "JI38.45-27": [14.892911064768223, 0.11444243879312625, 6.644468218420729e-13, 5.105846292189089e-15, "", "zirc"], "JI38.45-28": [30.754773628181802, 0.24835052686985942, 1.3721233884260642e-12, 1.108015199740606e-14, "", "zirc"], "NFCT-22": [3.24741101812588, 0.02701596429481087, 1.4488315419496207e-13, 1.2053165117699146e-15, "", "zirc"], "JI38.45-29": [36.7310772606961, 0.2976440259318524, 1.6387560123447886e-12, 1.3279380116527724e-14, "", "zirc"], "JI38.45-30": [47.045070316062656, 0.3790394800130006, 2.098914531813271e-12, 1.691083608517001e-14, "Maxed at 814 C", "zirc"], "JI38.45-31": [10.251571984032767, 0.08406395422336237, 4.573736050697227e-13, 3.750511029863583e-15, "", "zirc"], "JI38.45-32": [18.270434972048353, 0.14709340066093798, 8.151349590456122e-13, 6.562568067321226e-15, "", "zirc"], "NFCT-23": [5.15949972760047, 0.04264957952687446, 2.3019093993042157e-13, 1.902809829877508e-15, "", "zirc"], "JIDur-4": [2.114877854936476, 0.01700903298005223, 9.435521794130793e-14, 7.588575435019287e-16, "", "ap"], "URLAp114.9-1": [1.4213989473885145, 0.011690388557508225, 6.34156753541766e-14, 5.215663673377453e-16, "", "ap"], "URLAp114.9-2": [3.11901700809902, 0.025116105576295247, 1.3915485893187383e-13, 1.1205543667482485e-15, "", "ap"], "URLAp114.9-3": [0.6174882063598426, 0.005794097482835004, 2.7549219521720466e-14, 2.585035015095478e-16, "", "ap"], "URLAp114.9-4": [1.0321391097914434, 0.009250927316438428, 4.604885829354168e-14, 4.127298704576794e-16, "", "ap"], "URLAp114.9-5": [0.30875820453536784, 0.0029020732509477797, 1.3775238892449711e-14, 1.2947591911072453e-16, "", "ap"], "URLAp114.9-6": [0.6086152430060555, 0.005512605692454608, 2.7153352503170137e-14, 2.4594475294256304e-16, "", "ap"], "URLAP114.9-7": [1.8091130832387758, 0.014771057463502974, 8.071353097344408e-14, 6.590103267378858e-16, "", "ap"], "JIDur-5": [1.587130575511873, 0.013577904916109895, 7.080978743249188e-14, 6.057778583077493e-16, "", "ap"], "URLAP114.9-8": [0.8278844456859513, 0.007111855078173056, 3.6936042013293087e-14, 3.172952207626062e-16, "", "ap"], "JI38.45Ap-8": [7.850633007171235, 0.06261467594636093, 3.5025577795892007e-13, 2.793552063280134e-15, "", "ap"], "JI38.45Ap-9": [7.400524442941226, 0.058951945798903276, 3.3017419661556285e-13, 2.6301394574330003e-15, "", "ap"], "JI38.45Ap-10": [6.411379687579289, 0.05118042814429567, 2.860435302747965e-13, 2.283413408775572e-15, "", "ap"], "JI38.45AP-11": [23.43274662824714, 0.1854200158293816, 1.0454513530939208e-12, 8.272508959997394e-15, "", "ap"], "JIDur-6": [1.2251687979710377, 0.010399790461306608, 5.466087257834557e-14, 4.639863683995095e-16, "", "ap"]}