,,Raw.Average,Raw.Average,Raw.Average,Raw.Average,Raw.Average,Raw.Average,Raw.Average,Raw.Average,Raw.Average,Raw.Average,Raw.Average,Raw.Average,Raw.Average,Raw.Average,Raw.Average,Raw.Average,Raw.STD,Raw.STD,Raw.STD,Raw.STD,Raw.STD,Raw.STD,Raw.STD,Raw.STD,Raw.STD,Raw.STD,Raw.STD,Raw.STD,Raw.STD,Raw.STD,Raw.STD,Raw.STD,Raw.RSD,Raw.RSD,Raw.RSD,Raw.RSD,Raw.RSD,Raw.RSD,Raw.RSD,Raw.RSD,Raw.RSD,Raw.RSD,Raw.RSD,Raw.RSD,Raw.RSD,Raw.RSD,Raw.RSD,Raw.RSD,Raw.Ratio.Average,Raw.Ratio.Average,Raw.Ratio.Average,Raw.Ratio.Average,Raw.Ratio.Average,Raw.Ratio.Average,Raw.Ratio.Average,Raw.Ratio.Average,Raw.Ratio.Average,Raw.Ratio.Average,Raw.Ratio.Average,Raw.Ratio.Average,Raw.Ratio.Average,Raw.Ratio.STD,Raw.Ratio.STD,Raw.Ratio.STD,Raw.Ratio.STD,Raw.Ratio.STD,Raw.Ratio.STD,Raw.Ratio.STD,Raw.Ratio.STD,Raw.Ratio.STD,Raw.Ratio.STD,Raw.Ratio.STD,Raw.Ratio.STD,Raw.Ratio.STD,Raw.Ratio.RSD,Raw.Ratio.RSD,Raw.Ratio.RSD,Raw.Ratio.RSD,Raw.Ratio.RSD,Raw.Ratio.RSD,Raw.Ratio.RSD,Raw.Ratio.RSD,Raw.Ratio.RSD,Raw.Ratio.RSD,Raw.Ratio.RSD,Raw.Ratio.RSD,Raw.Ratio.RSD,Raw.Ratio,Raw.Ratio,Raw.Ratio,Raw.Ratio,Raw.Ratio,Raw.Ratio,Raw.Ratio,Raw.Ratio,Raw.Ratio,Raw.Ratio,Raw.Ratio,Raw.Ratio,Raw.Ratio,Raw.Ratio,Raw.Ratio,Raw.Ratio,Raw.Ratio,Raw.Ratio,Raw.Ratio,Raw.Ratio,Raw.Ratio,Raw.Ratio,Raw.Ratio,Raw.Ratio,Raw.Ratio,Raw.Ratio,Raw.Ratio,Raw.Ratio,Raw.Ratio,Raw.Ratio,Raw.Ratio,Raw.Ratio,Raw.Ratio,Raw.Ratio,Raw.Ratio,Raw.Ratio,Raw.Ratio,Raw.Ratio,Raw.Ratio,Raw.Ratio,Raw.Ratio,Raw.Ratio,Raw.Ratio,Raw.Ratio,Raw.Ratio,Raw.Ratio,Raw.Ratio,Raw.Ratio,Raw.Ratio,Raw.Ratio,Raw.Ratio,Raw.Ratio,Raw.Ratio,Raw.Ratio,Raw.Ratio,Raw.Ratio,Raw.Ratio,Raw.Ratio,Raw.Ratio,Raw.Ratio,Raw.Ratio,Raw.Ratio,Raw.Ratio,Raw.Ratio,Raw.Ratio,Raw.Ratio,Raw.Ratio,Raw.Ratio,Raw.Ratio,Raw.Ratio,Raw.Ratio,Raw.Ratio,Raw.Ratio,Raw.Ratio,Raw.Ratio,Raw.Ratio,Raw.Ratio,Raw.Ratio,Raw.Ratio,Raw.Ratio,Raw.Ratio,Raw.Ratio,Raw.Ratio,Raw.Ratio,Raw.Ratio,Raw.Ratio,Raw.Ratio,Raw.Ratio,Raw.Ratio,Raw.Ratio,Raw.Ratio,Raw.Ratio,Raw.Ratio,Raw.Ratio,Raw.Ratio,Raw.Ratio,Raw.Ratio,Raw.Ratio,Raw.Ratio,Raw.Ratio,Raw.Ratio,Raw.Ratio,Raw.Ratio,Raw.Ratio,Raw.Ratio,Raw.Ratio,Raw.Ratio,Raw.Ratio,Raw.Ratio,Raw.Ratio,Raw.Ratio,Raw.Ratio,Raw.Ratio,Raw.Ratio,Raw.Ratio,Raw.Ratio,Raw.Ratio,Raw.Ratio,Raw.Ratio,Raw.Ratio,Raw.Ratio,Raw.Ratio,Raw.Ratio,Raw.Ratio,Raw.Ratio,Raw.Ratio,Raw.Ratio,Raw.Ratio,Raw.Ratio,Raw.Ratio,Raw.RawIntensityPerRun,Raw.RawIntensityPerRun,Raw.RawIntensityPerRun,Raw.RawIntensityPerRun,Raw.RawIntensityPerRun,Raw.RawIntensityPerRun,Raw.RawIntensityPerRun,Raw.RawIntensityPerRun,Raw.RawIntensityPerRun,Raw.RawIntensityPerRun,Raw.RawIntensityPerRun,Raw.RawIntensityPerRun,Raw.RawIntensityPerRun,Raw.RawIntensityPerRun,Raw.RawIntensityPerRun,Raw.RawIntensityPerRun,Raw.RawIntensityPerRun,Raw.RawIntensityPerRun,Raw.RawIntensityPerRun,Raw.RawIntensityPerRun,Raw.RawIntensityPerRun,Raw.RawIntensityPerRun,Raw.RawIntensityPerRun,Raw.RawIntensityPerRun,Raw.RawIntensityPerRun,Raw.RawIntensityPerRun,Raw.RawIntensityPerRun,Raw.RawIntensityPerRun,Raw.RawIntensityPerRun,Raw.RawIntensityPerRun,Raw.RawIntensityPerRun,Raw.RawIntensityPerRun,Raw.RawIntensityPerRun,Raw.RawIntensityPerRun,Raw.RawIntensityPerRun,Raw.RawIntensityPerRun,Raw.RawIntensityPerRun,Raw.RawIntensityPerRun,Raw.RawIntensityPerRun,Raw.RawIntensityPerRun,Raw.RawIntensityPerRun,Raw.RawIntensityPerRun,Raw.RawIntensityPerRun,Raw.RawIntensityPerRun,Raw.RawIntensityPerRun,Raw.RawIntensityPerRun,Raw.RawIntensityPerRun,Raw.RawIntensityPerRun,Raw.RawIntensityPerRun,Raw.RawIntensityPerRun,Raw.RawIntensityPerRun,Raw.RawIntensityPerRun,Raw.RawIntensityPerRun,Raw.RawIntensityPerRun,Raw.RawIntensityPerRun,Raw.RawIntensityPerRun,Raw.RawIntensityPerRun,Raw.RawIntensityPerRun,Raw.RawIntensityPerRun,Raw.RawIntensityPerRun,Raw.RawIntensityPerRun,Raw.RawIntensityPerRun,Raw.RawIntensityPerRun,Raw.RawIntensityPerRun,Raw.RawIntensityPerRun,Raw.RawIntensityPerRun,Raw.RawIntensityPerRun,Raw.RawIntensityPerRun,Raw.RawIntensityPerRun,Raw.RawIntensityPerRun,Raw.RawIntensityPerRun,Raw.RawIntensityPerRun,Raw.RawIntensityPerRun,Raw.RawIntensityPerRun,Raw.RawIntensityPerRun,Raw.RawIntensityPerRun,Raw.RawIntensityPerRun,Raw.RawIntensityPerRun,Raw.RawIntensityPerRun,Raw.RawIntensityPerRun,Raw.RawIntensityPerRun,Raw.RawIntensityPerRun,Raw.RawIntensityPerRun,Raw.RawIntensityPerRun,Raw.RawIntensityPerRun,Raw.RawIntensityPerRun,Raw.RawIntensityPerRun,Raw.RawIntensityPerRun,Raw.RawIntensityPerRun,Raw.RawIntensityPerRun,Raw.RawIntensityPerRun,Raw.RawIntensityPerRun,Raw.RawIntensityPerRun,Raw.RawIntensityPerRun,Raw.RawIntensityPerRun,Raw.RawIntensityPerRun,Raw.RawIntensityPerRun,Raw.RawIntensityPerRun,Raw.RawIntensityPerRun,Raw.RawIntensityPerRun,Raw.RawIntensityPerRun,Raw.RawIntensityPerRun,Raw.RawIntensityPerRun,Raw.RawIntensityPerRun,Raw.RawIntensityPerRun,Raw.RawIntensityPerRun,Raw.RawIntensityPerRun,Raw.RawIntensityPerRun,Raw.RawIntensityPerRun,Raw.RawIntensityPerRun,Raw.RawIntensityPerRun,Raw.RawIntensityPerRun,Raw.RawIntensityPerRun,Raw.RawIntensityPerRun,Raw.RawIntensityPerRun,Raw.RawIntensityPerRun,Raw.RawIntensityPerRun,Raw.RawIntensityPerRun,Raw.RawIntensityPerRun,Raw.RawIntensityPerRun,Raw.RawIntensityPerRun,Raw.RawIntensityPerRun,Raw.RawIntensityPerRun,Raw.RawIntensityPerRun,Raw.RawIntensityPerRun,Raw.RawIntensityPerRun,Raw.RawIntensityPerRun,Raw.RawIntensityPerRun,Raw.RawIntensityPerRun,Raw.RawIntensityPerRun,Raw.RawIntensityPerRun,Raw.RawIntensityPerRun,Raw.RawIntensityPerRun,Raw.RawIntensityPerRun,Raw.RawIntensityPerRun,Raw.RawIntensityPerRun,Raw.RawIntensityPerRun,Raw.RawIntensityPerRun,Raw.RawIntensityPerRun,Raw.RawIntensityPerRun,Raw.RawIntensityPerRun,Raw.RawIntensityPerRun,Raw.RawIntensityPerRun,Raw.RawIntensityPerRun,Raw.RawIntensityPerRun,Raw.RawIntensityPerRun,Raw.RawIntensityPerRun,Raw.RawIntensityPerRun,Raw.RawIntensityPerRun,Raw.RawIntensityPerRun,Raw.RawIntensityPerRun,Raw.RawIntensityPerRun,Raw.RawIntensityPerRun,Raw.RawIntensityPerRun,Raw.RawIntensityPerRun,Raw.RawIntensityPerRun,Raw.RawIntensityPerRun,Raw.RawIntensityPerRun,Raw.RawIntensityPerRun,Raw.RawIntensityPerRun,Raw.RawIntensityAverage,Raw.RawIntensityAverage,Raw.RawIntensityAverage,Raw.RawIntensityAverage,Raw.RawIntensityAverage,Raw.RawIntensityAverage,Raw.RawIntensityAverage,Raw.RawIntensityAverage,Raw.RawIntensityAverage,Raw.RawIntensityAverage,Raw.RawIntensityAverage,Raw.RawIntensityAverage,Raw.RawIntensityAverage,Raw.RawIntensityAverage,Raw.RawIntensityAverage,Raw.RawIntensityAverage
,,0,0,0,0,0,0,0,0,0,0,0,0,0,0,0,0,0,0,0,0,0,0,0,0,0,0,0,0,0,0,0,0,0,0,0,0,0,0,0,0,0,0,0,0,0,0,0,0,0,0,0,0,0,0,0,0,0,0,0,0,0,0,0,0,0,0,0,0,0,0,0,0,0,0,0,0,0,0,0,0,0,0,0,0,0,0,0,0,0,0,0,0,0,0,0,0,0,0,0,0,1,1,1,1,1,1,1,1,1,1,1,1,1,2,2,2,2,2,2,2,2,2,2,2,2,2,3,3,3,3,3,3,3,3,3,3,3,3,3,4,4,4,4,4,4,4,4,4,4,4,4,4,5,5,5,5,5,5,5,5,5,5,5,5,5,6,6,6,6,6,6,6,6,6,6,6,6,6,7,7,7,7,7,7,7,7,7,7,7,7,7,8,8,8,8,8,8,8,8,8,8,8,8,8,9,9,9,9,9,9,9,9,9,9,9,9,9,0,0,0,0,0,0,0,0,0,0,0,0,0,0,0,0,1,1,1,1,1,1,1,1,1,1,1,1,1,1,1,1,2,2,2,2,2,2,2,2,2,2,2,2,2,2,2,2,3,3,3,3,3,3,3,3,3,3,3,3,3,3,3,3,4,4,4,4,4,4,4,4,4,4,4,4,4,4,4,4,5,5,5,5,5,5,5,5,5,5,5,5,5,5,5,5,6,6,6,6,6,6,6,6,6,6,6,6,6,6,6,6,7,7,7,7,7,7,7,7,7,7,7,7,7,7,7,7,8,8,8,8,8,8,8,8,8,8,8,8,8,8,8,8,9,9,9,9,9,9,9,9,9,9,9,9,9,9,9,9,0,0,0,0,0,0,0,0,0,0,0,0,0,0,0,0
,,144Sm (KED),146Nd (KED),147Sm (KED),148Sm (KED),149Sm (KED),150Sm (KED),152Sm (KED),154Sm (KED),157Gd (KED),229Th (KED),230Th (KED),232Th (KED),233U (KED),235U (KED),236U (KED),238U (KED),144Sm (KED),146Nd (KED),147Sm (KED),148Sm (KED),149Sm (KED),150Sm (KED),152Sm (KED),154Sm (KED),157Gd (KED),229Th (KED),230Th (KED),232Th (KED),233U (KED),235U (KED),236U (KED),238U (KED),144Sm (KED),146Nd (KED),147Sm (KED),148Sm (KED),149Sm (KED),150Sm (KED),152Sm (KED),154Sm (KED),157Gd (KED),229Th (KED),230Th (KED),232Th (KED),233U (KED),235U (KED),236U (KED),238U (KED),238U (KED) / 235U (KED),238U (KED) / 236U (KED),232Th (KED) / 230Th (KED),152Sm (KED) / 149Sm (KED),144Sm (KED) / 152Sm (KED),147Sm (KED) / 152Sm (KED),148Sm (KED) / 152Sm (KED),150Sm (KED) / 152Sm (KED),154Sm (KED) / 152Sm (KED),238U (KED) / 233U (KED),232Th (KED) / 229Th (KED),230Th (KED) / 236U (KED),232Th (KED) / 238U (KED),238U (KED) / 235U (KED),238U (KED) / 236U (KED),232Th (KED) / 230Th (KED),152Sm (KED) / 149Sm (KED),144Sm (KED) / 152Sm (KED),147Sm (KED) / 152Sm (KED),148Sm (KED) / 152Sm (KED),150Sm (KED) / 152Sm (KED),154Sm (KED) / 152Sm (KED),238U (KED) / 233U (KED),232Th (KED) / 229Th (KED),230Th (KED) / 236U (KED),232Th (KED) / 238U (KED),238U (KED) / 235U (KED),238U (KED) / 236U (KED),232Th (KED) / 230Th (KED),152Sm (KED) / 149Sm (KED),144Sm (KED) / 152Sm (KED),147Sm (KED) / 152Sm (KED),148Sm (KED) / 152Sm (KED),150Sm (KED) / 152Sm (KED),154Sm (KED) / 152Sm (KED),238U (KED) / 233U (KED),232Th (KED) / 229Th (KED),230Th (KED) / 236U (KED),232Th (KED) / 238U (KED),238U (KED) / 235U (KED),238U (KED) / 236U (KED),232Th (KED) / 230Th (KED),152Sm (KED) / 149Sm (KED),144Sm (KED) / 152Sm (KED),147Sm (KED) / 152Sm (KED),148Sm (KED) / 152Sm (KED),150Sm (KED) / 152Sm (KED),154Sm (KED) / 152Sm (KED),238U (KED) / 233U (KED),232Th (KED) / 229Th (KED),230Th (KED) / 236U (KED),232Th (KED) / 238U (KED),238U (KED) / 235U (KED),238U (KED) / 236U (KED),232Th (KED) / 230Th (KED),152Sm (KED) / 149Sm (KED),144Sm (KED) / 152Sm (KED),147Sm (KED) / 152Sm (KED),148Sm (KED) / 152Sm (KED),150Sm (KED) / 152Sm (KED),154Sm (KED) / 152Sm (KED),238U (KED) / 233U (KED),232Th (KED) / 229Th (KED),230Th (KED) / 236U (KED),232Th (KED) / 238U (KED),238U (KED) / 235U (KED),238U (KED) / 236U (KED),232Th (KED) / 230Th (KED),152Sm (KED) / 149Sm (KED),144Sm (KED) / 152Sm (KED),147Sm (KED) / 152Sm (KED),148Sm (KED) / 152Sm (KED),150Sm (KED) / 152Sm (KED),154Sm (KED) / 152Sm (KED),238U (KED) / 233U (KED),232Th (KED) / 229Th (KED),230Th (KED) / 236U (KED),232Th (KED) / 238U (KED),238U (KED) / 235U (KED),238U (KED) / 236U (KED),232Th (KED) / 230Th (KED),152Sm (KED) / 149Sm (KED),144Sm (KED) / 152Sm (KED),147Sm (KED) / 152Sm (KED),148Sm (KED) / 152Sm (KED),150Sm (KED) / 152Sm (KED),154Sm (KED) / 152Sm (KED),238U (KED) / 233U (KED),232Th (KED) / 229Th (KED),230Th (KED) / 236U (KED),232Th (KED) / 238U (KED),238U (KED) / 235U (KED),238U (KED) / 236U (KED),232Th (KED) / 230Th (KED),152Sm (KED) / 149Sm (KED),144Sm (KED) / 152Sm (KED),147Sm (KED) / 152Sm (KED),148Sm (KED) / 152Sm (KED),150Sm (KED) / 152Sm (KED),154Sm (KED) / 152Sm (KED),238U (KED) / 233U (KED),232Th (KED) / 229Th (KED),230Th (KED) / 236U (KED),232Th (KED) / 238U (KED),238U (KED) / 235U (KED),238U (KED) / 236U (KED),232Th (KED) / 230Th (KED),152Sm (KED) / 149Sm (KED),144Sm (KED) / 152Sm (KED),147Sm (KED) / 152Sm (KED),148Sm (KED) / 152Sm (KED),150Sm (KED) / 152Sm (KED),154Sm (KED) / 152Sm (KED),238U (KED) / 233U (KED),232Th (KED) / 229Th (KED),230Th (KED) / 236U (KED),232Th (KED) / 238U (KED),238U (KED) / 235U (KED),238U (KED) / 236U (KED),232Th (KED) / 230Th (KED),152Sm (KED) / 149Sm (KED),144Sm (KED) / 152Sm (KED),147Sm (KED) / 152Sm (KED),148Sm (KED) / 152Sm (KED),150Sm (KED) / 152Sm (KED),154Sm (KED) / 152Sm (KED),238U (KED) / 233U (KED),232Th (KED) / 229Th (KED),230Th (KED) / 236U (KED),232Th (KED) / 238U (KED),238U (KED) / 235U (KED),238U (KED) / 236U (KED),232Th (KED) / 230Th (KED),152Sm (KED) / 149Sm (KED),144Sm (KED) / 152Sm (KED),147Sm (KED) / 152Sm (KED),148Sm (KED) / 152Sm (KED),150Sm (KED) / 152Sm (KED),154Sm (KED) / 152Sm (KED),238U (KED) / 233U (KED),232Th (KED) / 229Th (KED),230Th (KED) / 236U (KED),232Th (KED) / 238U (KED),238U (KED) / 235U (KED),238U (KED) / 236U (KED),232Th (KED) / 230Th (KED),152Sm (KED) / 149Sm (KED),144Sm (KED) / 152Sm (KED),147Sm (KED) / 152Sm (KED),148Sm (KED) / 152Sm (KED),150Sm (KED) / 152Sm (KED),154Sm (KED) / 152Sm (KED),238U (KED) / 233U (KED),232Th (KED) / 229Th (KED),230Th (KED) / 236U (KED),232Th (KED) / 238U (KED),238U (KED) / 235U (KED),238U (KED) / 236U (KED),232Th (KED) / 230Th (KED),152Sm (KED) / 149Sm (KED),144Sm (KED) / 152Sm (KED),147Sm (KED) / 152Sm (KED),148Sm (KED) / 152Sm (KED),150Sm (KED) / 152Sm (KED),154Sm (KED) / 152Sm (KED),238U (KED) / 233U (KED),232Th (KED) / 229Th (KED),230Th (KED) / 236U (KED),232Th (KED) / 238U (KED),144Sm (KED),146Nd (KED),147Sm (KED),148Sm (KED),149Sm (KED),150Sm (KED),152Sm (KED),154Sm (KED),157Gd (KED),229Th (KED),230Th (KED),232Th (KED),233U (KED),235U (KED),236U (KED),238U (KED),144Sm (KED),146Nd (KED),147Sm (KED),148Sm (KED),149Sm (KED),150Sm (KED),152Sm (KED),154Sm (KED),157Gd (KED),229Th (KED),230Th (KED),232Th (KED),233U (KED),235U (KED),236U (KED),238U (KED),144Sm (KED),146Nd (KED),147Sm (KED),148Sm (KED),149Sm (KED),150Sm (KED),152Sm (KED),154Sm (KED),157Gd (KED),229Th (KED),230Th (KED),232Th (KED),233U (KED),235U (KED),236U (KED),238U (KED),144Sm (KED),146Nd (KED),147Sm (KED),148Sm (KED),149Sm (KED),150Sm (KED),152Sm (KED),154Sm (KED),157Gd (KED),229Th (KED),230Th (KED),232Th (KED),233U (KED),235U (KED),236U (KED),238U (KED),144Sm (KED),146Nd (KED),147Sm (KED),148Sm (KED),149Sm (KED),150Sm (KED),152Sm (KED),154Sm (KED),157Gd (KED),229Th (KED),230Th (KED),232Th (KED),233U (KED),235U (KED),236U (KED),238U (KED),144Sm (KED),146Nd (KED),147Sm (KED),148Sm (KED),149Sm (KED),150Sm (KED),152Sm (KED),154Sm (KED),157Gd (KED),229Th (KED),230Th (KED),232Th (KED),233U (KED),235U (KED),236U (KED),238U (KED),144Sm (KED),146Nd (KED),147Sm (KED),148Sm (KED),149Sm (KED),150Sm (KED),152Sm (KED),154Sm (KED),157Gd (KED),229Th (KED),230Th (KED),232Th (KED),233U (KED),235U (KED),236U (KED),238U (KED),144Sm (KED),146Nd (KED),147Sm (KED),148Sm (KED),149Sm (KED),150Sm (KED),152Sm (KED),154Sm (KED),157Gd (KED),229Th (KED),230Th (KED),232Th (KED),233U (KED),235U (KED),236U (KED),238U (KED),144Sm (KED),146Nd (KED),147Sm (KED),148Sm (KED),149Sm (KED),150Sm (KED),152Sm (KED),154Sm (KED),157Gd (KED),229Th (KED),230Th (KED),232Th (KED),233U (KED),235U (KED),236U (KED),238U (KED),144Sm (KED),146Nd (KED),147Sm (KED),148Sm (KED),149Sm (KED),150Sm (KED),152Sm (KED),154Sm (KED),157Gd (KED),229Th (KED),230Th (KED),232Th (KED),233U (KED),235U (KED),236U (KED),238U (KED),144Sm (KED),146Nd (KED),147Sm (KED),148Sm (KED),149Sm (KED),150Sm (KED),152Sm (KED),154Sm (KED),157Gd (KED),229Th (KED),230Th (KED),232Th (KED),233U (KED),235U (KED),236U (KED),238U (KED)
,,Y (cps),Y (cps),Y (cps),Y (cps),Y (cps),Y (cps),Y (cps),Y (cps),Y (cps),Y (cps),Y (cps),Y (cps),Y (cps),Y (cps),Y (cps),Y (cps),Y (cps),Y (cps),Y (cps),Y (cps),Y (cps),Y (cps),Y (cps),Y (cps),Y (cps),Y (cps),Y (cps),Y (cps),Y (cps),Y (cps),Y (cps),Y (cps),Y (%),Y (%),Y (%),Y (%),Y (%),Y (%),Y (%),Y (%),Y (%),Y (%),Y (%),Y (%),Y (%),Y (%),Y (%),Y (%),Y,Y,Y,Y,Y,Y,Y,Y,Y,Y,Y,Y,Y,Y,Y,Y,Y,Y,Y,Y,Y,Y,Y,Y,Y,Y,Y (%),Y (%),Y (%),Y (%),Y (%),Y (%),Y (%),Y (%),Y (%),Y (%),Y (%),Y (%),Y (%),Y,Y,Y,Y,Y,Y,Y,Y,Y,Y,Y,Y,Y,Y,Y,Y,Y,Y,Y,Y,Y,Y,Y,Y,Y,Y,Y,Y,Y,Y,Y,Y,Y,Y,Y,Y,Y,Y,Y,Y,Y,Y,Y,Y,Y,Y,Y,Y,Y,Y,Y,Y,Y,Y,Y,Y,Y,Y,Y,Y,Y,Y,Y,Y,Y,Y,Y,Y,Y,Y,Y,Y,Y,Y,Y,Y,Y,Y,Y,Y,Y,Y,Y,Y,Y,Y,Y,Y,Y,Y,Y,Y,Y,Y,Y,Y,Y,Y,Y,Y,Y,Y,Y,Y,Y,Y,Y,Y,Y,Y,Y,Y,Y,Y,Y,Y,Y,Y,Y,Y,Y,Y,Y,Y,Y,Y,Y,Y,Y,Y,Y (cps),Y (cps),Y (cps),Y (cps),Y (cps),Y (cps),Y (cps),Y (cps),Y (cps),Y (cps),Y (cps),Y (cps),Y (cps),Y (cps),Y (cps),Y (cps),Y (cps),Y (cps),Y (cps),Y (cps),Y (cps),Y (cps),Y (cps),Y (cps),Y (cps),Y (cps),Y (cps),Y (cps),Y (cps),Y (cps),Y (cps),Y (cps),Y (cps),Y (cps),Y (cps),Y (cps),Y (cps),Y (cps),Y (cps),Y (cps),Y (cps),Y (cps),Y (cps),Y (cps),Y (cps),Y (cps),Y (cps),Y (cps),Y (cps),Y (cps),Y (cps),Y (cps),Y (cps),Y (cps),Y (cps),Y (cps),Y (cps),Y (cps),Y (cps),Y (cps),Y (cps),Y (cps),Y (cps),Y (cps),Y (cps),Y (cps),Y (cps),Y (cps),Y (cps),Y (cps),Y (cps),Y (cps),Y (cps),Y (cps),Y (cps),Y (cps),Y (cps),Y (cps),Y (cps),Y (cps),Y (cps),Y (cps),Y (cps),Y (cps),Y (cps),Y (cps),Y (cps),Y (cps),Y (cps),Y (cps),Y (cps),Y (cps),Y (cps),Y (cps),Y (cps),Y (cps),Y (cps),Y (cps),Y (cps),Y (cps),Y (cps),Y (cps),Y (cps),Y (cps),Y (cps),Y (cps),Y (cps),Y (cps),Y (cps),Y (cps),Y (cps),Y (cps),Y (cps),Y (cps),Y (cps),Y (cps),Y (cps),Y (cps),Y (cps),Y (cps),Y (cps),Y (cps),Y (cps),Y (cps),Y (cps),Y (cps),Y (cps),Y (cps),Y (cps),Y (cps),Y (cps),Y (cps),Y (cps),Y (cps),Y (cps),Y (cps),Y (cps),Y (cps),Y (cps),Y (cps),Y (cps),Y (cps),Y (cps),Y (cps),Y (cps),Y (cps),Y (cps),Y (cps),Y (cps),Y (cps),Y (cps),Y (cps),Y (cps),Y (cps),Y (cps),Y (cps),Y (cps),Y (cps),Y (cps),Y (cps),Y (cps),Y (cps),Y (cps),Y (cps),Y (cps),Y (cps),Y (cps),Y (cps),Y (cps),Y (cps),Y (cps),Y (cps),Y (cps),Y (cps),Y (cps),Y (cps)
1,AB1,-0.738104262,4.00000352,0.80000096,0.259685964,0.80000096,0.68760952,1.733547688,0.475655065,5.20000608,0,4.20000432,78.20032912,0,0,0,22.00003648,5.104257612,2.494441109,1.686550109,1.865664603,1.932186069,1.46831529,2.375120032,1.341575609,5.827147818,0,2.898278576,28.85155441,0,0,0,7.944269079,691.536125,62.36097284,210.8185107,718.4310507,241.5229688,213.5391159,137.0092123,282.0480023,112.0604039,N/A,69.00656178,36.89441557,N/A,N/A,N/A,36.11025412,N/A,N/A,22.34821714,-0.019169326,-12.47182254,0.459132769,-0.615529903,-16.59060525,-11.07407957,N/A,N/A,N/A,3.915007841,N/A,N/A,17.1960616,0.009036513,17.55152492,0.911088858,27.91139408,35.37069785,23.92586962,N/A,N/A,N/A,1.805840533,N/A,N/A,76.94601093,47.1404856,140.7294312,198.4369054,4534.530966,213.1971518,216.052896,N/A,N/A,N/A,46.12610259,N/A,N/A,11.80005222,N/A,-2.052916677,0,0.112515979,-0.222007884,-0.087929437,N/A,N/A,N/A,3.277789254,N/A,N/A,59.0002672,-0.012779546,-6.023899554,0,17.47993019,-35.05090169,-15.18333333,N/A,N/A,N/A,3.933347371,N/A,N/A,16.66672284,N/A,-34.11013246,0,-21.713345,4.278940104,10.9,N/A,N/A,N/A,4.166678489,N/A,N/A,N/A,N/A,-18.07169866,0,52.43979058,-105.1527051,-67.35,N/A,N/A,N/A,5.8750223,N/A,N/A,34.0000864,-0.025559105,-48.16091193,0,-52.03010471,-13.45135253,-28.225,N/A,N/A,N/A,2.615389008,N/A,N/A,35.0000752,N/A,0.538491371,0,0.221640489,0.223967423,0,N/A,N/A,N/A,3.181820853,N/A,N/A,19.000048,N/A,N/A,N/A,N/A,N/A,N/A,N/A,N/A,N/A,7.6000192,N/A,N/A,9.333352,N/A,-3.236294453,2.052460658,-1.031602438,0.016118788,-0.285901639,N/A,N/A,N/A,4.666674756,N/A,N/A,8.3333472,N/A,0.6400113,2.079734263,-0.348437154,0.698689085,-0.434551736,N/A,N/A,N/A,2.50000296,N/A,N/A,8.0000032,N/A,-1.769051774,0,-0.670157068,-0.656195462,1,N/A,N/A,N/A,1.333334222,2.0000016,10.0000112,0,4.0000032,0,2.0000016,6.0000048,2.0000016,18.0000272,0,10.0000112,118.0006544,0,0,0,36.0000736,6.0000048,4.0000032,0,0,6.000008,4.0000032,0,2.0000016,6.0000048,0,2.0000016,118.0006288,0,0,0,30.0000528,8.0000064,2.0000016,0,4.0000032,0,0,0,0,12.0000128,0,6.000008,100.0004704,0,0,0,24.0000448,6.0000048,4.0000032,0,0,0,4.0000032,0,2.0000016,2.0000016,0,0,94.0005072,0,0,0,16.0000256,8.0000096,4.0000032,0,4.0000032,2.0000016,2.0000016,0,2.0000016,4.0000032,0,2.0000016,68.0002272,0,0,0,26.0000432,6.0000048,2.0000016,0,2.0000016,0,2.0000016,6.0000048,0,0,0,2.0000016,70.0002064,0,0,0,22.0000464,4.0000032,2.0000016,0,2.0000016,0,2.0000016,0,2.0000016,0,0,4.0000032,76.0002528,0,0,0,10.000008,2.0000016,6.0000048,4.0000064,0,0,2.0000016,2.0000016,0,4.0000032,0,6.0000048,56.0001568,0,0,0,12.0000128,4.0000032,2.0000016,4.0000032,0,0,2.0000016,2.0000016,0,6.000008,0,6.0000048,50.0001232,0,0,0,20.0000256,2.0000016,4.0000032,0,0,0,0,2.0000016,2.0000016,0,0,4.0000064,32.000064,0,0,0,24.000032,4.80000416,4.00000352,0.80000096,1.60000128,0.80000096,2.0000016,1.80000144,1.20000096,5.20000608,0,4.20000432,78.20032912,0,0,0,22.00003648
2,AB2,-1.215242392,1.60000128,0.20000016,0.063874397,0.20000016,0.07504369,0.387220757,0.860703564,1.0000008,0,2.00000192,23.60004064,0,0,0,10.00001312,1.754684217,1.577622538,0.632456038,1.2766241,0.632456038,1.268684169,0.836620638,1.39987605,1.054093397,0,1.632994904,5.56179455,0,0,0,5.4160344,144.3896485,98.60132972,316.227766,1998.647606,316.227766,1690.594063,216.0577972,162.6432269,105.4092553,N/A,81.6496668,23.56688548,N/A,N/A,N/A,54.16027294,N/A,N/A,9.071437314,-0.012779553,27.40517056,-15.65,-5.027336112,10.40557899,-8.761262136,N/A,N/A,N/A,3.218097268,N/A,N/A,4.658592745,,80.38120992,34.99446385,28.58926995,13.94054513,33.13368435,N/A,N/A,N/A,2.030865022,N/A,N/A,51.3545162,,293.3067311,223.6067977,568.676319,133.9718351,378.1839173,N/A,N/A,N/A,63.10763326,N/A,N/A,14.0000224,N/A,N/A,N/A,N/A,N/A,N/A,N/A,N/A,N/A,1.400001344,N/A,N/A,17.0000288,N/A,-1.402448552,0,-0.33941612,0.680600033,0.87184466,N/A,N/A,N/A,3.400002496,N/A,N/A,N/A,N/A,N/A,N/A,N/A,N/A,N/A,N/A,N/A,N/A,6.5000056,N/A,N/A,6.0000032,N/A,108.3391507,0,26.21989529,25.67364747,10.9,N/A,N/A,N/A,1.714285061,N/A,N/A,N/A,N/A,N/A,N/A,N/A,N/A,N/A,N/A,N/A,N/A,1.999999733,N/A,N/A,N/A,N/A,N/A,N/A,N/A,N/A,N/A,N/A,N/A,N/A,6.5000072,N/A,N/A,5.000004,-0.012779553,108.3391507,-78.25,-52.03010471,25.67364747,10.9,N/A,N/A,N/A,3.333336,N/A,N/A,5.499998,N/A,-78.25,0,0,0,-67.35,N/A,N/A,N/A,1.833333644,N/A,N/A,9.0000032,N/A,0,0,1.012944984,0,0.87184466,N/A,N/A,N/A,4.5000016,N/A,N/A,7.0000016,N/A,N/A,N/A,N/A,N/A,N/A,N/A,N/A,N/A,1,2.0000016,2.0000016,0,0,0,0,0,4.0000032,0,0,2.0000016,28.0000672,0,0,0,20.0000288,0,2.0000016,0,0,0,2.0000016,2.0000016,2.0000016,2.0000016,0,2.0000016,34.0000848,0,0,0,10.0000176,0,0,0,0,0,2.0000016,0,0,0,0,0,26.0000432,0,0,0,4.0000032,0,2.0000016,0,0,0,0,0,0,2.0000016,0,4.0000032,24.000032,0,0,0,14.000024,0,0,0,2.0000016,0,2.0000016,0,0,0,0,0,24.0000352,0,0,0,12.0000192,4.0000032,4.0000032,0,0,0,0,0,0,0,0,0,26.0000496,0,0,0,4.0000032,0,2.0000016,2.0000016,2.0000016,2.0000016,0,0,0,2.0000016,0,4.0000032,20.000032,0,0,0,6.0000048,2.0000016,0,0,0,0,0,0,2.0000016,2.0000016,0,4.0000064,22.0000272,0,0,0,12.0000128,0,0,0,2.0000016,0,0,2.0000016,2.0000016,2.0000016,0,2.0000016,18.0000208,0,0,0,4.0000032,2.0000016,4.0000032,0,0,0,0,0,0,0,0,2.0000016,14.0000144,0,0,0,14.0000144,1.0000008,1.60000128,0.20000016,0.60000048,0.20000016,0.60000048,0.40000032,1.0000008,1.0000008,0,2.00000192,23.60004064,0,0,0,10.00001312
3,AB3,-0.43071632,0.6000008,0,0.198952932,0.40000032,0.603141739,0.594888655,0.544281586,0.40000032,0,1.0000008,20.40004288,0,0,0,5.80000688,2.889710883,1.897369126,0,1.47746811,0.843274717,1.641055945,0.96967352,1.336598441,0.843274717,0,1.414214694,9.323857758,0,0,0,4.157996637,670.9081476,316.227766,N/A,742.6219353,210.8185107,272.0846261,163.0008426,245.5711302,210.8185107,N/A,141.4213562,45.70508902,N/A,N/A,N/A,71.68951216,N/A,N/A,10.8750218,0.5,-0.830715975,0,0.198952772,0.403141256,-11.29,N/A,N/A,N/A,4.305557786,N/A,N/A,7.663533306,0.707106781,1.857537391,0,1.096880653,1.135365554,31.69192326,N/A,N/A,N/A,3.723987031,N/A,N/A,70.46913052,141.4213562,223.6067977,,551.3271515,281.6297107,280.707912,N/A,N/A,N/A,86.49255719,N/A,N/A,4.5000024,0,N/A,N/A,N/A,N/A,N/A,N/A,N/A,N/A,3.0000016,N/A,N/A,22.00008,N/A,0,0,2,2,0,N/A,N/A,N/A,N/A,N/A,N/A,N/A,N/A,0,0,0,0,10.9,N/A,N/A,N/A,4.0000016,N/A,N/A,9.0000032,N/A,N/A,N/A,N/A,N/A,N/A,N/A,N/A,N/A,9.0000032,N/A,N/A,N/A,1,0,0,0,1,0,N/A,N/A,N/A,2.166669022,N/A,N/A,N/A,N/A,N/A,N/A,N/A,N/A,N/A,N/A,N/A,N/A,12.0000112,N/A,N/A,N/A,N/A,0,0,0,0,-67.35,N/A,N/A,N/A,1.7500005,N/A,N/A,8.0000016,N/A,-4.153579877,0,-1.005236138,-0.984293719,0,N/A,N/A,N/A,4.0000008,N/A,N/A,N/A,N/A,N/A,N/A,N/A,N/A,N/A,N/A,N/A,N/A,1.499999,N/A,N/A,N/A,N/A,N/A,N/A,N/A,N/A,N/A,N/A,N/A,N/A,1.333333156,0,0,0,0,2.0000016,2.0000016,0,0,0,0,4.0000032,18.000024,0,0,0,6.0000048,0,0,0,4.0000032,0,4.0000032,2.0000016,0,0,0,2.0000016,44.0001952,0,0,0,0,0,0,0,0,0,0,0,0,2.0000016,0,0,16.0000192,0,0,0,4.0000032,2.0000016,0,0,0,0,0,0,0,0,0,2.0000016,18.0000208,0,0,0,2.0000016,0,0,0,0,2.0000016,2.0000016,2.0000016,0,0,0,0,26.000056,0,0,0,12.0000128,0,0,0,0,0,0,0,0,0,0,0,24.0000416,0,0,0,2.0000016,0,0,0,0,0,0,0,2.0000016,2.0000016,0,0,14.0000208,0,0,0,8.0000096,0,6.000008,0,0,0,0,2.0000016,0,0,0,2.0000016,16.000016,0,0,0,4.0000032,2.0000016,0,0,0,0,0,0,4.0000032,0,0,0,12.000016,0,0,0,8.000016,0,0,0,0,0,0,0,0,0,0,0,16.0000192,0,0,0,12.000016,0.40000032,0.6000008,0,0.40000032,0.40000032,0.80000064,0.60000048,0.60000048,0.40000032,0,1.0000008,20.40004288,0,0,0,5.80000688
4,SBU1,0.36928496,0.6000008,0.40000032,0.598953252,0,0.803142219,0.787221077,0.060702924,1.0000008,0,31168.87574,4066.865248,4.8000048,93.80042096,45371.73566,64.00021632,3.479700703,1.349899091,0.843274717,1.586685832,0,2.100336036,1.402636842,0.719698384,1.699674531,0,769.7244298,170.7984581,3.425398884,11.01322218,1152.312511,11.11561532,942.2806448,224.9828818,210.8185107,264.9097952,N/A,261.5148335,178.1757225,1185.607441,169.9673171,N/A,2.469529014,4.199757004,71.36240538,11.74112234,2.539714414,17.36809023,0.690210839,0.001412828,0.130438192,N/A,-31.56100491,0.3,-0.135766557,-7.757938087,4.331779935,16.05003793,N/A,0.686991819,65.6235533,0.146428129,0.000254494,0.00283752,N/A,69.85864566,0.447213595,0.30358325,17.54479568,5.996213853,8.499577965,N/A,0.004787665,14.20126304,21.21498538,18.0130969,2.175375132,N/A,221.3448078,149.0711985,223.6067977,226.152819,138.4237875,52.95674689,N/A,0.696902765,21.64049694,0.595744056,0.001211665,0.12766531,N/A,N/A,N/A,N/A,N/A,N/A,28.0000688,N/A,0.681422302,71.79706351,0.666665778,0.001467354,0.128469224,N/A,-2.804899349,0,-0.678832784,-0.664690434,-0.141100324,N/A,N/A,0.687912679,60.22788067,0.527271593,0.001323639,0.126705042,N/A,0,0,0,-39.125,10.9,29.0000608,N/A,0.683815516,65.45808007,0.913043011,0.001862066,0.127891649,N/A,N/A,N/A,N/A,N/A,N/A,8.40002784,N/A,0.695508995,47.76939788,0.767441668,0.001485993,0.131292883,N/A,1,1,0,1,0,16.5000456,N/A,0.686056584,60.61559056,0.589284516,0.001417755,0.133312176,N/A,0.5,0.5,0,0,0,16.5000268,N/A,0.683322772,64.25315252,0.512194579,0.000904314,0.132315254,N/A,N/A,N/A,N/A,N/A,N/A,5.2500075,N/A,0.689753672,100.9216889,0.849999356,0.001490476,0.134094479,N/A,N/A,N/A,N/A,N/A,N/A,6.800016064,N/A,0.692848819,62.3339033,0.619998905,0.001324408,0.133872032,N/A,-156.5001252,0,0,0,10.9,15.5000376,N/A,0.681141915,68.85027639,0.860464931,0.001640611,0.128763875,N/A,N/A,N/A,N/A,N/A,N/A,18.5000504,N/A,0.688134932,54.00849919,0,0,0,2.0000016,0,0,0,0,0,0,31493.66618,4020.648652,2.0000016,94.0004048,46217.54538,56.0001824,0,4.0000064,0,0,0,0,2.0000016,0,2.0000016,0,30004.05045,3854.597083,0,96.0004448,43616.07421,64.0002112,0,0,0,0,0,2.0000016,0,0,4.0000032,0,29963.91931,3796.579641,2.0000016,110.0005552,43818.71807,58.000168,0,0,0,0,0,0,0,0,0,0,31375.35544,4012.645931,10.000008,92.0004256,45111.35823,84.0003456,2.0000016,0,2.0000016,0,0,2.0000016,2.0000016,0,0,0,30471.13563,4000.643234,4.0000032,86.000328,44414.90151,66.0002352,2.0000016,0,2.0000016,0,0,0,4.0000032,0,0,0,31810.46074,4240.721739,4.0000064,112.0005888,46552.61328,66.0002128,0,0,0,2.0000016,0,6.000008,0,0,0,0,32035.02191,4238.722077,8.0000096,82.0003024,46444.14843,42.0001104,0,0,0,4.0000032,0,0,0,0,0,0,31609.95294,4238.720185,10.0000112,80.0003392,45623.16059,68.0002368,8.0000128,0,0,0,0,0,0,0,4.0000032,0,31886.65219,4268.730906,4.0000032,100.0004992,46813.52223,62.0002,0,2.0000016,0,0,0,0,0,2.0000016,0,0,31038.54264,3996.643026,4.0000032,86.0003216,45105.3147,74.0002608,1.2000016,0.6000008,0.40000032,0.80000064,0,1.00000112,0.80000064,0.20000016,1.0000008,0,31168.87574,4066.865248,4.8000048,93.80042096,45371.73566,64.00021632
5,SBU2,-0.707621276,0.80000064,0.40000032,0.731937758,0.20000016,0.137521925,0.60000048,0.80000128,0,0,32192.65742,4220.316187,7.60000992,97.00044752,47073.54223,64.80022144,1.13092511,1.032796385,0.843274717,1.455941685,0.632456038,0.876132705,0.966092556,1.686550784,0,0,467.5054357,100.0107158,3.238660508,15.20976988,468.1346106,12.3720915,159.8206766,129.0994449,210.8185107,198.9160511,316.227766,637.0858353,161.0152972,210.8185107,N/A,N/A,1.452211383,2.36974462,42.61389843,15.68010279,0.994475003,19.09266855,0.682130467,0.001376593,0.131094052,1,0,0,1,0.333333333,0.6666672,8.038906874,N/A,0.683898382,67.6112051,0.163934674,0.000260968,0.002374761,,0,0,1,0.577350269,1.154701462,2.564241039,N/A,0.009006865,14.9920987,24.03274473,18.95753904,1.811494358,,,,100,173.2050808,173.2050808,31.89788213,N/A,1.316988736,22.17398533,0.499998678,0.000970102,0.132969092,N/A,N/A,N/A,N/A,N/A,N/A,4.600002816,N/A,0.677662726,92.88529344,0.774999816,0.001338411,0.130398323,N/A,N/A,N/A,N/A,N/A,N/A,6.200012416,N/A,0.691113943,67.333641,0.868419924,0.001406534,0.127549036,N/A,N/A,N/A,N/A,N/A,N/A,N/A,N/A,0.687486326,62.3434855,0.85365794,0.001499606,0.131913584,N/A,N/A,N/A,N/A,N/A,N/A,8.7500177,N/A,0.690321191,60.72443337,0.499998981,0.00133183,0.129378537,1,0,0,1,0,0,10.33336213,N/A,0.66755902,64.84895835,0.448978778,0.000929379,0.129600777,N/A,N/A,N/A,N/A,N/A,N/A,7.333346133,N/A,0.691474657,96.4252667,0.607141879,0.001426515,0.128524532,N/A,N/A,N/A,N/A,N/A,N/A,6.800013248,N/A,0.681078241,61.36301353,0.854166781,0.001736963,0.135139299,N/A,0,0,0,0,0,8.200017664,N/A,0.678196789,52.76510015,0.629628893,0.001448972,0.132754112,N/A,0,0,2,1,2.0000016,6.800016064,N/A,0.697055324,63.86386753,0.784312999,0.001677619,0.132713225,N/A,N/A,N/A,N/A,N/A,N/A,13.33337369,N/A,0.677035601,53.5589914,0,0,0,0,0,0,0,0,0,0,32133.274,4272.732267,10.0000144,92.000432,47417.79764,46.0000944,0,2.0000016,0,2.0000016,0,0,0,0,0,0,32014.97295,4174.698778,10.0000112,80.0002688,46323.72602,62.0001936,2.0000016,2.0000016,2.0000016,0,0,0,0,0,0,0,32259.61433,4114.682711,0,76.0003328,46924.0087,66.0002032,0,0,0,0,0,0,0,0,0,0,32223.55059,4250.724036,8.0000096,82.0003216,46679.06914,70.0002256,0,0,0,2.0000016,2.0000016,0,2.0000016,0,0,0,31076.63707,4020.64984,6.0000048,124.0006976,46552.64348,62.0002224,0,2.0000016,0,2.0000016,0,2.0000016,0,0,0,0,32736.86021,4242.722535,6.0000048,98.0004272,47343.54308,44.000112,2.0000016,2.0000016,2.0000016,0,0,0,0,4.0000064,0,0,32466.16817,4172.699058,10.0000144,112.00056,47668.77906,68.0002304,0,0,0,0,0,0,2.0000016,0,0,0,32017.01183,4326.756532,10.0000208,96.0003936,47209.02896,82.0003472,0,0,0,4.0000032,0,2.0000016,2.0000016,4.0000064,0,0,32712.79552,4342.758115,10.0000112,108.0005024,46929.98442,68.0002368,0,0,0,0,0,0,0,0,0,0,32285.68956,4284.737993,6.000008,102.0005392,47686.84178,80.0003488,0.40000032,0.80000064,0.40000032,1.0000008,0.20000016,0.40000032,0.60000048,0.80000128,0,0,32192.65742,4220.316187,7.60000992,97.00044752,47073.54223,64.80022144
6,SBU3,-0.230715717,0.60000048,0.20000016,-0.001047121,0.20000016,1.603149364,-0.005111825,0.544281586,0.40000032,0,30352.45966,3923.819381,6.20000848,88.40037088,43865.93284,55.4001672,2.35244605,1.349898195,0.632456038,0.833036714,0.632456038,5.125694028,0.010776674,0.947420224,0.843274717,0,478.7923574,106.9172346,3.583921894,13.02314828,747.4896394,7.426711789,1019.629734,224.9828526,316.227766,79554.94258,316.227766,319.7265423,210.8185107,174.0680283,210.8185107,N/A,1.577441706,2.72482559,57.80511278,14.73200638,1.704032243,13.40557649,0.640622297,0.001263742,0.129273151,0,-39.125,0,0,0,-28.225,12.79169268,N/A,0.691981117,72.24098434,0.140656566,0.000175397,0.002771225,,55.33110563,0,0,0,55.33110563,8.86050137,N/A,0.00695427,11.92313825,21.95623951,13.87920117,2.143697622,,141.4213562,,,,196.0358038,69.2676223,N/A,1.00497979,16.50467302,0.604165845,0.001328446,0.13284179,N/A,N/A,N/A,N/A,N/A,N/A,7.2500102,N/A,0.695987189,69.59724778,0.969697134,0.001440444,0.130686406,N/A,N/A,N/A,N/A,N/A,N/A,16.0000384,N/A,0.687614303,62.38483179,0.681817367,0.001379896,0.128317308,0,N/A,N/A,N/A,N/A,N/A,6.00000928,N/A,0.684043918,63.60962125,0.55101972,0.001199497,0.125067687,N/A,N/A,N/A,N/A,N/A,N/A,13.5000312,N/A,0.685312258,71.45528362,0.682926562,0.001258229,0.127775369,N/A,0,0,0,0,-67.35,4.6666744,N/A,0.696797943,70.76105931,0.418180789,0.001035131,0.132952251,N/A,N/A,N/A,N/A,N/A,N/A,23.0000384,N/A,0.688302265,88.40553588,0.6249995,0.001155249,0.128937567,N/A,N/A,N/A,N/A,N/A,N/A,12.500032,N/A,0.703987039,78.57212234,0.567566592,0.000964727,0.131777245,N/A,N/A,N/A,N/A,N/A,N/A,7.000010667,N/A,0.699082143,95.49137103,0.624999242,0.001368216,0.125618426,N/A,-78.25,0,0,0,10.9,6.00000544,N/A,0.684472014,62.84264055,0.680850218,0.001507586,0.128757464,N/A,N/A,N/A,N/A,N/A,N/A,32.0000768,N/A,0.694212099,59.29012989,0,0,0,0,0,16.00008,0,0,0,0,30386.91741,4036.652509,8.0000128,96.0004192,43660.16772,58.0001744,2.0000016,0,0,0,0,2.0000016,0,2.0000016,0,0,30551.31841,3992.642011,4.0000032,66.0002,44430.89427,64.0002048,0,0,0,0,2.0000016,0,0,2.0000016,0,0,29743.36611,3816.588674,10.0000144,88.000368,43481.66151,60.0001792,2.0000016,0,2.0000016,0,0,0,0,0,0,0,30852.07233,3858.59732,4.0000032,98.0004272,45018.99967,54.000168,0,0,0,0,0,0,0,2.0000016,2.0000016,0,31012.48891,3962.632228,12.0000192,82.0002992,44507.14764,56.0001824,0,4.0000032,0,0,0,0,0,0,0,0,30587.4077,4066.664693,2.0000016,110.0005424,44438.91769,46.0001136,0,2.0000016,0,0,0,0,0,0,0,0,30469.15973,3928.619317,4.0000032,80.0003328,43280.85326,50.000168,0,0,0,2.0000016,0,0,0,0,0,0,30435.04906,4010.646903,6.0000048,74.0002992,43535.72658,42.0000976,2.0000016,0,0,0,0,0,0,0,2.0000016,0,30016.05595,3770.569694,10.0000208,96.0004032,43852.8608,60.0001792,0,0,0,0,0,0,0,0,0,0,29470.76095,3794.580456,2.0000016,94.0004176,42452.09927,64.0002048,0.60000048,0.60000048,0.20000016,0.20000016,0.20000016,1.80000816,0,0.60000048,0.40000032,0,30352.45966,3923.819381,6.20000848,88.40037088,43865.93284,55.4001672
7,SBU4,-0.538336673,1.40000112,0,0.130890157,0.80000064,0.140663289,1.387221877,1.260704204,1.0000008,0,34919.38223,4558.43442,7.00000784,106.2005317,50650.96532,68.80025344,2.278640183,1.349898195,0,1.210604314,1.032796385,1.621984688,1.89891255,1.671701833,1.054093397,0,534.8519231,84.97852278,4.346142913,13.21458211,1248.199837,15.440309,423.2741885,96.42122253,N/A,924.9009557,129.0994449,1153.097373,136.8860008,132.6006392,105.4092553,N/A,1.531676361,1.864204131,62.08768637,12.44304703,2.464315989,22.44222692,0.653681282,0.001359762,0.130559018,0.496805112,19.66426008,0,7.539594803,7.312256773,-17.64399739,12.4472568,N/A,0.689599171,69.13340532,0.147682899,0.00031128,0.002626013,1.002148033,40.69576303,0,12.76425694,12.54593745,56.65393925,6.005684065,N/A,0.010413574,14.460448,22.59249323,22.89226404,2.011360553,201.718543,206.9529332,,169.2963253,171.5740823,321.0946931,48.2490573,N/A,1.51009091,20.91673039,0.745762133,0.001718529,0.126760506,N/A,0,0,0,0,10.9,22.000076,N/A,0.686303511,50.62245866,0.547168781,0.001146786,0.129550863,N/A,N/A,N/A,N/A,N/A,N/A,14.5000296,N/A,0.692717607,78.2553833,0.51020324,0.00100416,0.12916366,N/A,-0.192262944,0,-0.167539267,-0.164048866,0,6.2500127,N/A,0.698257639,89.81589277,0.599998842,0.001275887,0.132607076,N/A,-0.389503569,0,0.673528864,-0.332344951,-0.141100324,11.00003093,N/A,0.688216009,71.52849808,0.785714076,0.001330856,0.131969127,0,N/A,N/A,N/A,N/A,N/A,16.500044,N/A,0.696879802,69.10336861,0.775509358,0.001459909,0.13195664,0,N/A,N/A,N/A,N/A,N/A,4.222232336,N/A,0.677620656,61.24804065,0.8596489,0.001965937,0.128973151,2,0.5,0,0,0.5,0,16.33339787,N/A,0.706280153,46.33475019,0.492306363,0.001235018,0.131391663,N/A,-0.696714234,0,-0.168616554,-0.165103709,0.433118622,10.66668391,N/A,0.676888179,72.01310908,0.765956828,0.001492077,0.13555355,N/A,108.3391507,0,26.21989529,25.67364747,10.9,18.0000504,N/A,0.696947545,63.31691252,0.454544296,0.00096846,0.127663941,-0.012779553,30.08915067,0,26.21989529,25.67364747,-145.6,5.00001024,N/A,0.675880605,89.0956393,0,0,0,0,0,0,0,0,2.0000016,0,35143.40113,4454.795315,4.0000032,118.0005936,51206.79199,88.0003744,0,0,0,2.0000016,0,0,0,2.0000016,0,0,35035.08225,4538.825128,4.0000032,106.0005008,50576.28373,58.0001648,2.0000016,2.0000016,0,0,0,0,4.0000032,0,0,0,34768.36407,4490.809153,8.0000096,98.0004784,49793.0307,50.0001616,2.0000016,2.0000016,0,2.0000016,0,0,2.0000016,0,2.0000016,0,35600.6488,4720.897925,6.0000048,110.0006096,51728.88796,66.0002384,2.0000016,4.0000032,0,0,2.0000016,0,0,4.0000064,0,0,34559.88707,4560.838139,4.0000032,84.0003136,49592.32136,66.0002288,4.0000032,0,0,2.0000016,2.0000016,4.0000032,0,2.0000016,0,0,35275.75502,4654.870101,18.0000304,98.0005072,52058.26405,76.0003104,2.0000016,0,0,0,2.0000016,2.0000016,4.0000032,0,0,0,35207.53788,4540.827092,6.0000048,114.0005712,49849.25275,98.0004656,0,2.0000016,0,0,0,0,4.0000064,2.0000016,2.0000016,0,35077.20715,4608.852577,6.000008,130.0007344,51821.27302,64.0001888,0,2.0000016,0,0,0,0,0,0,2.0000016,0,33631.24109,4558.834113,4.0000032,94.0004144,48255.05352,72.0002592,2.0000016,2.0000016,0,0,2.0000016,0,0,4.0000032,2.0000016,0,34894.69784,4454.794652,10.000008,110.0005936,51628.49414,50.0001424,1.40000112,1.40000112,0,0.60000048,0.80000064,0.60000048,1.40000144,1.40000144,1.0000008,0,34919.38223,4558.43442,7.00000784,106.2005317,50650.96532,68.80025344
8,SBU5,-1.661432837,1.20000128,0.20000016,0.59790645,0.40000032,-0.193717537,0.197444247,0.572141033,0.20000016,0,30512.65361,3980.237931,5.00000528,89.20038272,44339.80003,55.8001736,1.936139869,1.398413628,0.632456038,1.489822502,0.843274717,0.702748861,0.633405028,0.98906131,0.632456038,0,671.1395337,110.6973309,3.800590223,13.20616962,716.7472362,7.330340311,116.5343447,116.5343447,316.227766,249.1731777,210.8185107,362.7698711,320.8019661,172.8701933,316.227766,N/A,2.199544957,2.781173708,76.0117242,14.80505938,1.6164873,13.13676972,0.641185758,0.001258264,0.130498279,0,0,0.5,0.5,0,5.45,14.26722769,N/A,0.688152478,72.38823564,0.143179196,0.000162375,0.004532949,0,0,0.707106781,0.707106781,0,7.707463915,9.423149435,N/A,0.010098685,9.146582033,22.3303768,12.90465986,3.473569949,,,141.4213562,141.4213562,,141.4213562,66.04751561,N/A,1.467506947,12.63545375,0.562499052,0.001227742,0.129077881,0,N/A,N/A,N/A,N/A,N/A,27.0000688,N/A,0.705733308,74.19684816,0.764705686,0.001169198,0.139564809,N/A,N/A,N/A,N/A,N/A,N/A,8.6666832,N/A,0.674174596,80.47487295,0.539998864,0.001178893,0.129234848,N/A,N/A,N/A,N/A,N/A,N/A,9.000017067,N/A,0.687984952,75.4195754,0.480768311,0.001114921,0.12879484,0,N/A,N/A,N/A,N/A,N/A,3.571434122,N/A,0.69367394,80.13269063,0.727272314,0.001446781,0.133967623,N/A,N/A,N/A,N/A,N/A,N/A,16.0000392,N/A,0.675411893,62.5411289,0.772727208,0.001527367,0.131900404,N/A,N/A,N/A,N/A,N/A,N/A,11.33336907,N/A,0.681265435,58.83274312,0.888888351,0.001429273,0.125287161,N/A,N/A,N/A,N/A,N/A,N/A,32.0000688,N/A,0.698133306,61.19694214,0.499999141,0.001247148,0.134709835,N/A,N/A,N/A,N/A,N/A,N/A,13.5000212,N/A,0.68211594,73.67829365,0.4999994,0.001005799,0.125608419,N/A,0,0,0,0,10.9,7.333347733,N/A,0.694202378,86.69491851,0.674999253,0.00123552,0.126836968,N/A,0,1,1,0,0,N/A,N/A,0.688829036,70.71434295,0,0,0,0,2.0000016,0,0,0,0,0,31040.50958,4006.643215,2.0000016,96.0004832,43983.34216,54.0001808,0,0,0,4.0000064,0,0,0,0,0,0,29983.95342,4184.704724,6.0000048,68.0002016,44475.05679,52.0001408,0,4.0000064,0,2.0000016,0,0,0,2.0000016,0,0,31513.69856,4072.668053,6.0000048,100.00048,45805.7963,54.0001456,0,2.0000016,0,0,2.0000016,0,0,2.0000016,0,0,31108.75181,4006.646712,14.0000208,104.0005152,44846.36081,50.000152,0,2.0000016,0,0,0,0,0,2.0000016,0,0,29877.70593,4002.645258,4.0000032,88.000336,44236.27456,64.000208,0,2.0000016,0,2.0000016,0,0,0,0,0,0,30330.78168,4000.642347,6.0000048,88.0003552,44521.23963,68.0002688,0,2.0000016,0,0,0,2.0000016,0,0,0,0,31261.11096,3916.615851,2.0000016,72.000256,44778.14006,64.0001888,0,0,0,0,0,0,0,0,0,0,29534.89238,3978.640471,4.0000064,108.000528,43298.93299,54.0001712,0,0,0,0,0,0,0,0,2.0000016,0,30368.87974,3814.586957,6.0000048,88.0003488,43746.43577,44.0001216,0,0,2.0000016,2.0000016,0,0,2.0000016,0,0,0,30106.25199,3818.585721,0,80.0003232,43706.42119,54.0001584,0,1.20000128,0.20000016,1.00000112,0.40000032,0.20000016,0.20000016,0.60000048,0.20000016,0,30512.65361,3980.237931,5.00000528,89.20038272,44339.80003,55.8001736
9,SN1,-1.722863507,2.40000192,0,-0.604188965,0.20000016,0.012565455,0.197444247,0.372140873,0.20000016,0,35630.97642,62182.84002,12.80002016,295.0037631,51735.56757,33774.42325,3.858477712,2.270586665,0,1.155972651,0.632456038,1.361972631,0.633405028,0.86234431,0.632456038,0,625.5548819,1183.445372,5.750374896,36.42130055,914.7996259,565.0344437,223.9572488,94.60770203,N/A,191.3263428,316.227766,10839.02351,320.8019661,231.7252346,316.227766,N/A,1.755649002,1.903170346,44.92473312,12.34604609,1.768221881,1.672965485,116.0542013,0.652905522,1.745233873,0,15.04457533,0,13.10994764,-25.78817627,5.45,4022.491339,N/A,0.688732871,1.841274828,14.27030083,0.009879973,0.01806037,,21.27624248,0,18.54026576,37.88420219,7.707463915,4454.507258,N/A,0.005324431,0.030108601,12.29623803,1.51323172,1.034839507,,141.4213562,,141.4213562,146.9053174,141.4213562,110.7400087,N/A,0.773076323,1.635204096,135.9166187,0.650276259,1.721973724,N/A,N/A,N/A,N/A,N/A,N/A,2763.663491,N/A,0.69982373,1.853178641,120.9770436,0.656406446,1.737544541,0,N/A,N/A,N/A,N/A,N/A,2471.413983,N/A,0.685324872,1.814093231,100.6863697,0.635573523,1.757973922,N/A,0,0,0,1,0,16512.78164,N/A,0.684243227,1.892592606,128.4747668,0.652768033,1.738521424,N/A,30.08915067,0,26.21989529,-52.57635253,10.9,1423.942236,N/A,0.685177415,1.824837546,132.8902826,0.657204906,1.770665295,N/A,N/A,N/A,N/A,N/A,N/A,2126.264748,N/A,0.685758884,1.847596457,110.0844718,0.66394801,1.749513846,N/A,N/A,N/A,N/A,N/A,N/A,4265.824626,N/A,0.690246937,1.818811949,96.78911052,0.649006881,1.768429657,N/A,N/A,N/A,N/A,N/A,N/A,2153.588174,N/A,0.686671448,1.871058982,106.981123,0.662542106,1.739063271,N/A,N/A,N/A,N/A,N/A,N/A,3337.849954,N/A,0.689252862,1.80917458,124.8596329,0.662920336,1.752339433,N/A,N/A,N/A,N/A,N/A,N/A,2788.556974,N/A,0.684652176,1.809784586,102.8825929,0.638408716,1.716313616,N/A,N/A,N/A,N/A,N/A,N/A,2381.027566,N/A,0.696177155,1.871619702,0,6.0000048,0,0,0,0,0,0,0,0,35690.91127,61458.81139,12.0000128,244.0025184,50999.85858,33163.99727,4.0000032,2.0000016,0,0,2.0000016,0,0,2.0000016,0,0,36124.17489,62767.36288,14.000024,286.0034768,52711.0227,34599.85508,0,0,0,0,0,2.0000016,2.0000016,0,0,0,35554.55861,62503.98685,2.0000016,328.0045729,51961.87144,33025.58969,2.0000016,2.0000016,0,0,0,2.0000016,0,0,2.0000016,0,35871.43092,62363.25115,24.0000512,266.0031024,52353.49288,34174.68656,0,0,0,0,0,0,0,0,0,0,35498.39046,62855.768,16.0000256,256.0028448,51765.11934,34020.2904,0,6.0000048,0,0,0,2.0000016,0,2.0000016,0,0,35478.37717,62069.91207,8.0000064,310.0039793,51399.54304,34126.62431,0,0,0,2.0000016,0,2.0000016,0,0,0,0,36457.15403,64471.9124,16.000016,356.0053921,53092.57309,34457.44524,2.0000016,4.0000032,0,0,0,0,0,0,0,0,34724.21133,60387.60052,10.0000112,312.0039873,50379.49531,33378.53692,6.0000048,2.0000016,0,0,0,0,0,0,0,0,34559.73961,60560.39451,12.0000288,268.0030624,50477.80584,33462.764,2.0000016,2.0000016,0,0,0,0,0,0,0,0,36350.81597,62389.4004,14.000024,324.0046945,52214.89347,33334.44307,1.60000128,2.40000192,0,0.20000016,0.20000016,0.80000064,0.20000016,0.40000032,0.20000016,0,35630.97642,62182.84002,12.80002016,295.0037631,51735.56757,33774.42325
10,SN2,-0.615242035,1.6000016,0.20000016,-0.136125871,0.40000032,0.075043585,0.394888495,0.144281266,0.40000032,0,33226.14578,62640.15059,9.60001344,302.4038916,48426.32944,34250.32814,3.644117964,2.065593528,0.632456038,0.879304779,0.843274717,1.228532395,0.846033234,0.662240752,0.843274717,0,281.5033757,705.7973512,6.022192487,19.0861863,560.6048264,438.0363106,592.3064028,129.0994664,316.227766,645.9497926,210.8185107,1637.091824,214.2461089,458.992891,210.8185107,N/A,0.847234517,1.126749129,62.73108391,6.311488322,1.15764468,1.27892588,113.6735848,0.707303691,1.885318611,0.5,-12.32860635,0,6.303664921,6.422338569,5.45,5905.895426,N/A,0.686177733,1.829021765,7.419819012,0.008497094,0.020372793,0.707106781,108.9684706,0,13.28030536,12.84565411,6.293117934,4841.889349,N/A,0.007895676,0.02011781,6.527302738,1.201336011,1.080602101,141.4213562,883.8668985,,210.6759405,200.0152121,115.4700538,81.98400073,N/A,1.15067509,1.099921829,115.661434,0.709584436,1.92218925,N/A,-156.5,0,0,0,10.9,2154.216152,N/A,0.67952752,1.840768241,110.7925362,0.697637508,1.862833385,N/A,N/A,N/A,N/A,N/A,N/A,8420.333,N/A,0.694646707,1.854847341,118.1693164,0.715180545,1.874192437,0,N/A,N/A,N/A,N/A,N/A,3474.22135,N/A,0.685126948,1.79543439,116.3003178,0.695786222,1.879867531,N/A,108.3391507,0,26.21989529,25.67364747,10.9,8431.869057,N/A,0.675308477,1.824540986,118.1502874,0.715435803,1.917790738,N/A,N/A,N/A,N/A,N/A,N/A,8743.23006,N/A,0.679373384,1.821122143,128.7722535,0.717952722,1.876330703,N/A,N/A,N/A,N/A,N/A,N/A,4249.52789,N/A,0.697369299,1.822537037,102.3180711,0.697073034,1.894351167,1,-0.384525887,0,-0.335078534,0.671902269,0,1898.592252,N/A,0.679156766,1.845662291,111.0400152,0.701771589,1.880648107,N/A,N/A,N/A,N/A,N/A,N/A,17100.36648,N/A,0.690866701,1.851424557,108.8663588,0.709115872,1.863853583,N/A,N/A,N/A,N/A,N/A,N/A,2163.743977,N/A,0.68516681,1.800905414,106.6652575,0.713499176,1.881129214,N/A,-0.769050174,0,-0.670157068,-0.656195462,0,2422.85404,N/A,0.695234716,1.832975254,4.0000032,0,0,0,0,0,0,0,2.0000016,0,33007.54201,63446.74241,16.0000352,298.0036912,48574.25348,34467.53426,0,0,2.0000016,0,0,2.0000016,0,2.0000016,0,0,33536.96555,62473.77907,4.0000032,304.0038625,48279.1687,33681.35894,2.0000016,0,0,0,2.0000016,0,0,0,0,0,33282.28927,62377.41482,10.000008,294.0039121,48578.28077,34742.24129,0,2.0000016,0,0,0,0,0,0,2.0000016,0,32734.86612,61537.21196,4.0000032,290.0035344,48473.94524,33727.50321,0,2.0000016,0,0,0,2.0000016,0,0,0,0,33210.09385,63690.01039,4.0000032,296.0039201,48883.41912,34972.94822,0,0,0,2.0000016,0,0,0,0,0,0,33021.60435,61959.4501,8.0000096,264.0030208,47351.67496,33996.26392,2.0000016,2.0000016,0,0,2.0000016,2.0000016,2.0000016,0,0,0,33296.34308,63074.96636,18.000024,334.0045969,49026.00508,34174.70611,4.0000032,0,0,0,0,0,0,0,0,0,33669.31181,63320.12754,2.0000016,308.0039233,48734.88877,34200.76032,0,6.000008,0,2.0000016,0,0,0,0,0,0,33450.74134,62347.28411,16.0000288,318.0042609,48821.31016,34619.96595,4.0000064,4.0000032,0,0,0,0,2.0000016,0,0,0,33051.70039,62174.51917,14.0000176,318.0041937,47540.3481,33919.99921,1.6000016,1.6000016,0.20000016,0.40000032,0.40000032,0.60000048,0.40000032,0.20000016,0.40000032,0,33226.14578,62640.15059,9.60001344,302.4038916,48426.32944,34250.32814
11,SN3,-0.43071632,0.6000008,0.20000016,0.198952932,0.40000032,0.203141419,0.182108768,1.404985105,1.40000144,0,32818.48505,62247.75355,10.6000136,297.2037898,47796.12074,33625.41389,1.926625477,1.349899091,0.632456038,0.706201077,0.843274717,1.040316035,0.629992346,1.611999651,1.34989888,0,450.545936,1001.242943,4.623619554,23.70610848,627.48782,400.4776486,447.3072851,224.9828818,316.227766,354.9588695,210.8185107,512.1141916,345.9428965,114.7342876,96.42124941,N/A,1.372841968,1.608480445,43.61899643,7.976381625,1.31284257,1.190996934,113.7965698,0.703614945,1.896805995,0,36.11307911,0,-4.301694579,-4.314953167,-29.72753506,3848.459004,N/A,0.686773567,1.851411554,9.326131497,0.011711678,0.024300306,0,88.45861687,0,10.53695675,41.59068297,64.48721871,1983.54947,N/A,0.014799363,0.03469267,8.195441669,1.664501097,1.281117099,,244.9489743,,244.9489743,963.8733345,216.9275676,51.54139535,N/A,2.154911533,1.873849718,102.6612947,0.703438514,1.875994573,N/A,0,0,0,0,-145.6,3367.332721,N/A,0.696860551,1.858451856,114.8964121,0.688614524,1.883695995,N/A,N/A,N/A,N/A,N/A,N/A,5553.38809,N/A,0.683517826,1.869754046,113.2030615,0.704783476,1.872485583,N/A,216.6784747,0,-25.81016747,51.34733602,10.9,4131.958317,N/A,0.698840376,1.856695811,117.8846863,0.707642587,1.886293145,0,N/A,N/A,N/A,N/A,N/A,4214.424738,N/A,0.688366488,1.834910746,102.2699182,0.720361368,1.894594171,N/A,N/A,N/A,N/A,N/A,N/A,2425.288509,N/A,0.704492473,1.852858013,109.2179125,0.707026589,1.87266085,N/A,0,0,0,0,-67.35,2839.69849,N/A,0.664837765,1.760917726,113.5413715,0.721292474,1.899744697,N/A,0,0,0,1.012944984,1.884789644,3383.572954,N/A,0.706245001,1.860112567,129.1024976,0.69210407,1.944634906,0,N/A,N/A,N/A,N/A,N/A,2397.64419,N/A,0.669983787,1.882482585,107.0227965,0.687658373,1.927351669,N/A,0,0,0,0,10.9,1648.169947,N/A,0.671177471,1.881159408,128.1657468,0.703227474,1.91060436,N/A,0,0,0,-78.25,10.9,8523.112082,N/A,0.683413929,1.856772782,0,0,0,0,0,0,0,4.0000032,2.0000016,0,33358.48006,62580.32755,10.0000112,328.0044833,47869.66343,33673.36493,0,0,0,0,0,0,0,2.0000016,0,0,33073.75624,62300.90217,6.000008,290.0035984,48387.55475,33320.37297,0,4.0000064,0,2.0000016,0,0,0,0,2.0000016,0,32776.96331,61374.39125,8.0000096,292.0036416,46901.93133,33055.7062,0,0,0,0,2.0000016,0,0,2.0000016,0,0,32797.02074,61864.79542,8.0000064,286.003432,47644.70864,33715.42488,2.0000016,0,0,2.0000016,0,0,0,2.0000016,0,0,33206.10479,62912.09256,14.0000176,332.0045857,47134.79,33954.08181,0,0,0,0,0,0,0,2.0000016,2.0000016,0,32043.06049,60005.78489,12.000016,312.0040161,48196.81159,34076.42731,0,0,0,0,0,2.0000016,2.0000016,4.0000032,2.0000016,0,33129.89178,62938.33621,10.0000112,298.0038641,46909.91335,33835.76743,2.0000016,2.0000016,2.0000016,0,2.0000016,0,0,0,0,0,32494.22671,63189.40751,14.0000176,260.0031872,48500.01948,33567.06086,0,0,0,0,0,0,0,0,4.0000064,0,32173.43165,62009.51717,20.0000352,308.0040705,47935.80393,32963.45695,0,0,0,0,0,2.0000016,0,0,2.0000016,0,33131.91474,63301.98077,4.0000032,266.0030192,48480.01092,34092.4756,0.40000032,0.6000008,0.20000016,0.40000032,0.40000032,0.40000032,0.20000016,1.60000128,1.40000144,0,32818.48505,62247.75355,10.6000136,297.2037898,47796.12074,33625.41389
12,SN4,0.661664607,1.40000112,0.20000016,0.330890317,0.80000064,0.940664249,0.592332742,0.716422298,0.60000048,0,32801.2299,62240.90607,10.80001376,293.6036778,47725.63697,33965.53232,2.71063707,1.646546522,0.632456038,1.006801023,1.032796385,1.344331547,1.353736025,0.992835646,0.966092556,0,507.8869095,934.4038407,5.672555096,23.18673687,775.2609178,485.7488374,409.669346,117.6103718,316.227766,304.2703188,129.0994449,142.9130052,228.5431698,138.5824602,161.0152972,N/A,1.54837764,1.501269663,52.52359138,7.897291016,1.624411882,1.430122846,116.397632,0.711787824,1.89764304,0.75,-35.16817513,0,-20.8460733,10.53822006,-24.76,4901.283017,N/A,0.687369123,1.832655115,10.24110642,0.011756402,0.021838889,0.957427108,64.85576595,0,28.4675658,13.81941429,39.13300078,4683.615093,N/A,0.010680259,0.028338126,8.798380381,1.651672195,1.150842848,127.6569477,184.4160685,,136.5608064,131.1361332,158.0492762,95.55896031,N/A,1.553788003,1.54628797,126.4729011,0.743315833,1.853699948,N/A,-126.4109745,0,-52.03010471,25.67364747,10.9,3465.39495,N/A,0.712946659,1.777964529,137.9889329,0.709587634,1.902671708,2,-0.884525887,0,0.164921466,0.671903069,0,3449.755602,N/A,0.688467535,1.846040766,108.5349971,0.706462363,1.882870566,0,N/A,N/A,N/A,N/A,N/A,3408.040642,N/A,0.669965052,1.785597565,114.080682,0.707563185,1.89529512,1,-0.384525887,0,-0.335078534,0.671902269,0,1837.985801,N/A,0.688006642,1.84291051,116.7357829,0.701764522,1.9191878,0,N/A,N/A,N/A,N/A,N/A,4231.71984,N/A,0.680689198,1.86155094,109.4483234,0.711873169,1.897544571,N/A,N/A,N/A,N/A,N/A,N/A,1909.287335,N/A,0.685785752,1.828006851,120.6543246,0.707078383,1.888045837,N/A,N/A,N/A,N/A,N/A,N/A,1876.865789,N/A,0.687729972,1.836381569,102.1293248,0.716225955,1.930405054,N/A,30.08915067,0,-52.03010471,25.67364747,-67.35,8374.712076,N/A,0.687800773,1.853792199,117.6463,0.709319318,1.917803415,N/A,-78.25,0,0,0,-67.35,3364.721489,N/A,0.683194487,1.84716909,110.2847515,0.704687873,1.888906382,N/A,N/A,N/A,N/A,N/A,N/A,17094.34665,N/A,0.689105163,1.847137136,6.000008,2.0000016,0,2.0000016,0,0,0,0,2.0000016,0,33238.15274,61613.562,10.0000112,274.0032688,46620.81284,34653.98832,2.0000016,4.0000032,0,2.0000016,2.0000016,4.0000064,4.0000032,0,0,0,33470.8222,63683.98644,10.0000144,250.0026992,48616.41328,34497.6057,4.0000032,4.0000032,0,0,2.0000016,4.0000032,0,0,0,0,32319.77809,60853.95887,10.0000112,314.0041969,48240.99111,34080.44459,2.0000016,2.0000016,0,0,2.0000016,2.0000016,2.0000016,0,0,0,32169.38186,60970.47245,18.0000272,290.0034768,46757.3711,33083.79441,0,0,0,2.0000016,2.0000016,0,0,0,0,0,32837.10536,63020.572,8.0000096,290.0036176,48240.9673,33853.79934,6.0000048,0,0,0,0,2.0000016,0,0,0,0,33107.8031,62823.53204,18.0000304,314.0041713,48277.18134,34367.23007,2.0000016,0,0,0,0,2.0000016,0,2.0000016,0,0,32859.17208,62039.62305,18.0000208,280.0034176,47779.17701,33783.62323,2.0000016,2.0000016,0,2.0000016,0,0,0,2.0000016,2.0000016,0,32169.39015,62099.95333,4.0000032,328.0044705,46771.37829,33498.8751,2.0000016,0,0,0,0,0,0,2.0000016,2.0000016,0,32407.98538,62152.14503,10.000008,286.0034,47435.95859,33647.24181,0,0,2.0000016,0,0,0,0,2.0000016,0,0,33432.70802,63151.25553,2.0000016,310.0040593,48516.11889,34188.72065,2.6000024,1.40000112,0.20000016,0.80000064,0.80000064,1.40000144,0.60000048,0.80000064,0.60000048,0,32801.2299,62240.90607,10.80001376,293.6036778,47725.63697,33965.53232
13,SN5,-0.030715557,0.60000048,0,0.198953039,0.40000032,0.403141684,0.38977667,0.288562531,0.80000064,0,33389.37439,62967.54134,9.8000136,292.4036887,48621.86562,34224.05057,2.285062215,0.966092556,0,0.631599223,0.843274717,1.265657811,1.268625095,0.774902229,1.398412916,0,289.9728623,623.0095631,4.848834142,21.0359073,372.7504258,432.5436624,7439.429555,161.0152972,N/A,317.4614607,210.8185107,313.9486344,325.4748665,268.538755,174.8014747,N/A,0.868458507,0.989413831,49.47783074,7.194131988,0.76663127,1.263858764,117.5831919,0.703887755,1.885913582,1,13.54239383,0,3.277486911,-16.35329407,-1.60625,4661.050107,N/A,0.686740439,1.840038412,8.499472519,0.007714504,0.017927822,1.414213562,27.08478767,0,6.554973822,41.70581749,18.47476178,2827.547951,N/A,0.006794607,0.022572566,7.228475755,1.09598494,0.950617374,141.4213562,200,,200,255.0300711,1150.179722,60.66332449,N/A,0.989399577,1.226744259,126.8057195,0.71116697,1.884915601,2,0,0,0,0,0,8622.881343,N/A,0.687804742,1.822995081,117.7385716,0.693645683,1.893193495,N/A,0,0,0,0,10.9,2845.379122,N/A,0.685864134,1.871955018,132.4115124,0.709491136,1.890990078,N/A,0,0,0,-78.25,10.9,2459.095667,N/A,0.692505086,1.845717558,123.7828599,0.69412646,1.897931404,0,N/A,N/A,N/A,N/A,N/A,2404.948969,N/A,0.686559992,1.877242613,109.7549167,0.706638543,1.904415268,N/A,54.16957533,0,13.10994764,12.83682373,-28.225,3446.346132,N/A,0.673579308,1.815319487,108.8250161,0.708324753,1.89521074,N/A,N/A,N/A,N/A,N/A,N/A,8706.109418,N/A,0.676956507,1.811281107,109.7870473,0.706437896,1.869100511,N/A,N/A,N/A,N/A,N/A,N/A,8618.39537,N/A,0.693490645,1.834844542,122.0295041,0.705297741,1.875537282,N/A,N/A,N/A,N/A,N/A,N/A,4271.078869,N/A,0.686131809,1.824570977,108.2598849,0.691695769,1.84597689,N/A,N/A,N/A,N/A,N/A,N/A,3334.44085,N/A,0.69377508,1.851526095,116.4368866,0.712052603,1.901864552,N/A,N/A,N/A,N/A,N/A,N/A,1901.825328,N/A,0.690737087,1.844931647,0,0,0,0,2.0000016,0,4.0000032,0,0,0,33358.48638,62877.93141,4.0000032,272.0031328,48499.93659,34491.55297,0,0,0,0,0,0,0,0,2.0000016,0,33761.56752,63917.18003,12.0000224,290.0036304,49224.86228,34144.6132,0,0,0,0,0,2.0000016,0,0,2.0000016,0,33603.1507,63543.22457,14.0000176,260.0029408,48524.04898,34427.38262,2.0000016,0,0,0,2.0000016,0,0,2.0000016,0,0,33302.31608,63205.51152,14.0000208,272.0032128,48506.05408,33669.33558,0,2.0000016,0,0,0,0,0,2.0000016,4.0000032,0,32851.16648,62562.263,10.0000112,314.0041553,48771.04464,34463.49992,0,2.0000016,0,2.0000016,0,0,0,0,0,0,33282.25992,63076.89647,4.0000032,320.0042305,49164.5469,34824.46553,0,2.0000016,0,2.0000016,0,4.0000032,0,0,0,0,33841.79345,63253.71342,4.0000032,314.0043377,48799.2069,34473.60906,2.0000016,0,0,0,0,0,0,0,0,0,33240.16417,62343.16715,8.0000096,280.0033664,48445.74137,34168.67195,4.0000032,0,0,0,0,0,0,0,0,0,33444.70424,61738.15112,10.0000176,308.0039041,48206.83993,33344.46719,0,0,0,0,0,0,0,0,0,0,33208.13493,63157.37467,18.0000272,294.0039761,48076.37457,34232.90763,0.80000064,0.60000048,0,0.40000032,0.40000032,0.60000048,0.40000032,0.40000032,0.80000064,0,33389.37439,62967.54134,9.8000136,292.4036887,48621.86562,34224.05057
14,BB TD,3.092616452,3.40000336,1.0000008,1.260733778,1.40000144,1.284468851,1.966774732,1.237828422,2.6000024,0,52.600156,118.0006461,0,0,1.00000112,10.00001088,4.140940801,2.836275906,1.699674531,2.87289834,2.503334054,1.711759615,1.622797072,1.587119996,2.319006301,0,14.72872998,24.00024151,0,0,1.414215448,4.109614872,133.8976516,83.41979714,169.9673171,227.8750986,178.8093914,133.2659498,82.51057153,128.2180929,89.19246769,N/A,28.00130476,20.33907636,N/A,N/A,141.4213864,41.09610401,N/A,3.8750005,2.342063017,0.736421726,-28.5174104,-26.02632058,-17.09902695,-8.242564449,-5.763614652,N/A,N/A,22.3750415,13.65133038,N/A,1.030776293,0.622026812,0.95830492,84.19463507,55.36159716,43.31833309,18.98756781,23.35035573,N/A,N/A,9.068066738,5.671310591,N/A,26.6006751,26.55892722,130.1299089,295.239413,212.7138832,253.3380012,230.3599557,405.1338812,N/A,N/A,40.5275974,41.5440139,N/A,N/A,1.92500661,N/A,N/A,N/A,N/A,N/A,N/A,N/A,N/A,N/A,11.00006606,N/A,N/A,2.181824723,N/A,-0.538104164,0,-0.340314672,1.68761015,1,N/A,N/A,N/A,18.0000976,N/A,3.0000016,3.421065813,-0.025559105,-9.035911931,-78.25,-130.2801047,-52.57635253,10.9,N/A,N/A,19.0000208,21.66676231,N/A,3,1.705885348,N/A,0.623441415,0,0.673528864,0.680600033,1.884789644,N/A,N/A,34.000096,19.33342187,N/A,N/A,2.178576331,1.987220447,0.812932312,0,-0.16861669,-0.165103842,-0.070096463,N/A,N/A,N/A,12.20005562,N/A,4.4999988,2.000004608,-0.003194887,-252.8216505,-156.5,-25.81016747,-26.90266398,-67.35,N/A,N/A,12.5000108,5.555574637,N/A,N/A,1.863637907,0.987220447,4.051781556,0,1.012944984,1.012944984,-0.141100324,N/A,N/A,N/A,5.857159576,N/A,N/A,2.000002057,N/A,-2.604675114,0,-0.349240409,1.731874231,0.740327869,N/A,N/A,N/A,10.5000242,N/A,5.0000016,2.791675333,N/A,1.539345099,0.513114759,1.539344278,0.513114759,0.227213003,N/A,N/A,24.0000384,13.40005875,N/A,N/A,3.352951441,N/A,1.316147746,0,-0.16861669,-0.165103842,0.936334405,N/A,N/A,N/A,19.0000832,12.0000128,4.0000032,0,0,0,0,0,0,0,0,80.000288,154.0010832,0,0,0,14.0000144,10.0000112,8.0000096,0,2.0000016,0,6.000008,2.0000016,2.0000016,0,0,66.0002128,144.000896,0,0,0,8.0000064,6.000008,4.0000032,4.0000032,8.0000064,2.0000016,4.0000032,0,0,4.0000032,0,38.000072,130.0007472,0,0,2.0000016,6.000008,4.0000032,2.0000016,0,2.0000016,0,2.0000016,2.0000016,4.0000032,2.0000016,0,68.0002464,116.000624,0,0,2.0000016,6.0000048,6.000008,2.0000016,0,0,2.0000016,0,4.0000032,0,2.0000016,0,56.000192,122.0006928,0,0,0,10.0000112,12.0000128,4.0000064,4.0000032,2.0000016,8.0000096,2.0000016,0,2.0000016,2.0000016,0,50.0001232,100.0004768,0,0,4.0000064,18.000024,8.0000096,0,0,2.0000016,2.0000016,2.0000016,2.0000016,0,2.0000016,0,44.0001344,82.0003184,0,0,0,14.0000144,6.000008,8.0000064,0,2.0000016,0,6.0000048,2.0000016,2.0000016,4.0000032,0,42.000104,84.0002944,0,0,0,8.0000096,6.000008,0,2.0000016,6.0000048,0,2.0000016,4.0000032,2.0000016,8.0000096,0,48.0001152,134.0007376,0,0,2.0000016,10.0000112,8.0000096,2.0000016,0,0,0,0,4.0000032,4.0000032,2.0000016,0,34.000072,114.0005904,0,0,0,6.0000048,7.80000912,3.40000336,1.0000008,2.40000192,1.40000144,2.40000224,2.0000016,1.60000128,2.6000024,0,52.600156,118.0006461,0,0,1.00000112,10.00001088
15,Blank,-3.76789361,15.00002128,1.20000128,0.973820939,0.80000064,1.278533289,0.738658726,1.931375533,4.8000048,1.20000096,31066.05966,4195.110282,4.80000448,102.2005026,44800.95439,71.60025888,8.593124272,6.3421124,1.398413628,3.581607268,1.032796385,2.638006332,1.031312403,1.742305171,3.011093917,1.932185112,573.2048517,143.4372395,3.425399174,8.350717395,1009.030822,11.22703529,228.0617544,42.28068935,116.5343447,367.7891001,129.0994449,206.3306723,139.6196061,90.2105852,62.73106054,161.0152972,1.845116046,3.419153012,71.36241619,8.170916175,2.252252962,15.6801602,0.706825579,0.001598662,0.135022613,0.227635778,140.0216858,-1.441552909,-7.931359597,-17.02464463,-40.13998237,23.19173575,1782.139364,0.693490769,59.99424231,0.138278487,0.000249199,0.003247857,0.50671219,226.5142049,6.405406989,46.3123613,34.66816811,60.12788482,15.32845987,713.4955646,0.004713216,10.57198777,19.5633111,15.58797518,2.405417094,222.597781,161.7708026,444.3407489,583.9145323,203.635194,149.7954938,66.09449175,40.03590173,0.679636404,17.62167063,0.708332394,0.001516769,0.131079238,N/A,-0.232748222,1.012944984,-1.707688984,-0.616961105,0.87184466,5.666679556,N/A,0.692011896,59.8036796,0.711536967,0.001625063,0.137167068,N/A,2.219172312,1.068259386,0.346766536,3.588831233,0.324232082,9.2500227,N/A,0.686940573,57.98276182,0.754716631,0.001787715,0.131912572,0.987220447,2.104265334,2.025891588,1.34175435,1.377110196,-0.141100324,40.000136,2068.344588,0.700766969,51.70843889,1.000000034,0.002071027,0.136531674,-0.051118231,136.9148751,0,6.964740804,24.75192653,10.9,47.0001776,N/A,0.691750903,45.60340725,0.636362785,0.001511765,0.134707879,-0.012779553,349.0530975,0,1.229267351,-81.93709259,-145.6,17.5000504,714.4559919,0.687256333,61.23890866,0.655171628,0.001726436,0.1307565,-0.012779553,680.1245747,0,-51.21060713,-55.03446968,-145.6,38.0001232,N/A,0.698155099,52.8767489,0.576921921,0.001348587,0.136202994,N/A,1.360479756,1.039867132,1.720408997,-0.308513155,1.645184191,15.0000304,N/A,0.697499269,70.44521457,0.777776818,0.001644768,0.133063975,N/A,114.3478767,0,-51.82526178,-53.19088133,-67.35,35.00008,N/A,0.696901496,56.38029028,0.765956423,0.001607501,0.140091405,N/A,-75.24559486,-19.56249217,-78.14759939,-19.86977748,-28.22498435,18.0000464,2175.378428,0.693379304,60.42702279,0.481480185,0.001146988,0.138712825,N/A,189.5708592,0,91.97462327,10.99338112,-28.225,6.5000112,2170.378449,0.690245843,83.47595037,30.0000592,22.0000272,2.0000016,4.0000032,0,6.0000048,2.0000016,2.0000016,2.0000016,0,31024.46936,4066.6638,12.0000128,96.000448,44832.27749,68.0002272,18.0000176,10.000008,2.0000016,4.0000064,0,10.0000112,2.0000016,2.0000016,10.000008,0,31281.1239,4290.740053,8.0000096,104.0005984,45536.87046,74.0002704,18.0000208,10.000008,4.0000064,6.0000048,2.0000016,6.0000048,2.0000016,0,2.0000016,2.0000016,31359.34989,4136.692485,2.0000016,106.0004944,44750.03997,80.000336,22.0000336,26.0000464,0,8.0000064,2.0000016,6.0000048,0,0,8.0000096,0,31397.40229,4286.739909,2.0000016,94.0004272,45388.30693,94.0004304,16.000016,18.0000304,0,6.0000048,2.0000016,8.0000096,0,4.0000032,2.0000016,6.0000048,31822.48449,4286.739381,4.0000032,110.000552,46303.66132,70.0002576,2.0000016,14.0000208,0,6.0000048,2.0000016,6.000008,0,4.0000032,2.0000016,0,30733.83848,4018.64916,2.0000016,116.000608,44021.50543,76.0003072,22.0000304,14.0000176,2.0000016,8.0000096,0,4.0000032,2.0000016,4.0000064,6.000008,0,31032.53964,4226.724822,4.0000032,104.0005024,44491.14287,60.0001696,8.0000064,10.000008,0,6.0000048,0,6.0000048,0,4.0000032,4.0000032,0,29659.66188,3946.632498,2.0000016,90.0003888,42559.3316,70.000216,16.000016,6.000008,2.0000016,10.0000144,0,4.0000064,0,4.0000032,8.0000096,2.0000016,31056.5829,4350.760337,4.0000032,94.0004432,44790.17862,72.0002432,18.00004,20.0000384,0,2.0000016,0,6.0000048,0,2.0000016,4.0000032,2.0000016,31293.14375,4340.760371,8.0000064,108.0005632,45336.22919,52.0001312,17.00002416,15.00002128,1.20000128,6.00000608,0.80000064,6.20000624,0.80000064,2.6000024,4.8000048,1.20000096,31066.05966,4195.110282,4.80000448,102.2005026,44800.95439,71.60025888
16,FCT_Zr_25-1,-23.87075071,532.8119116,123.200704,97.26942225,126.0007715,79.38841825,267.215149,241.0742782,734.6222437,1.20000096,32689.3468,50939.70876,11.4000136,760.4237812,46452.08641,96365.05601,87.48805431,40.94840733,13.34014312,25.69243875,18.47541338,25.17806527,19.71350215,36.09154004,47.96645337,1.398412916,558.052207,974.7180491,4.718763718,48.64491982,948.1576228,1425.068681,366.5073435,7.685340068,10.82797637,26.41368496,14.66293671,31.7150358,7.377389429,14.97112853,6.529403891,116.5343165,1.707137835,1.913473934,41.39261481,6.397080288,2.041151854,1.478823071,127.1786993,2.074734141,1.558306125,2.170952519,-0.097768065,0.465026659,0.368690747,0.297547902,0.909384237,10451.91398,22833.70173,0.703790689,0.52860029,8.091413039,0.01461482,0.01482924,0.409677329,0.331424806,0.073108095,0.111138898,0.095040301,0.162636717,5858.411534,5534.528867,0.006804814,0.005310332,6.362239183,0.704418936,0.951625603,18.87085623,338.9908601,15.72126964,30.14420602,31.94117655,17.88426837,56.05108829,24.23842149,0.966880356,1.004602492,137.9498034,2.077319638,1.579804866,2.711259712,0.016694614,0.382244287,0.329819812,0.289138693,0.635653499,6018.224582,N/A,0.702604594,0.534331903,133.0347405,2.087145758,1.571592519,2.210487757,-0.314786068,0.475788189,0.302877594,0.34190442,0.93413538,12039.98858,N/A,0.696726788,0.524625845,123.1882521,2.098268638,1.538078983,2.307731719,0.291408837,0.509348676,0.384685015,0.153510762,0.808763459,23837.66071,N/A,0.706545295,0.517913888,116.7329126,2.070231538,1.578167195,2.008314915,-0.047533746,0.459627118,0.486817217,0.424008433,0.899226411,12053.06223,N/A,0.700404487,0.533928387,122.3647247,2.066265413,1.554619588,2.894728653,0.346233255,0.45810486,0.502534241,0.312292803,1.06045394,5329.828306,25345.31749,0.702269527,0.528374504,137.9571499,2.095708546,1.553469468,1.933980842,-0.575926166,0.42305525,0.429530854,0.155515645,1.069394324,7886.763664,24859.34176,0.708708423,0.525338745,121.7902174,2.062029061,1.564669813,1.749107496,-0.586957475,0.519745244,0.221574404,0.325239974,1.135410352,16361.0069,25893.54607,0.695236118,0.527545895,123.4834977,2.070490054,1.53954203,2.362504867,0.19761457,0.335935429,0.216435695,0.362959915,0.696889375,7882.607847,25113.47359,0.714113261,0.530988969,119.5366711,2.065360333,1.548712478,1.921846328,-0.06237366,0.491018012,0.301810564,0.213379286,0.867785849,6916.264388,12956.82972,0.71381153,0.535252278,135.7490236,2.054522435,1.554404312,1.609562906,-0.242054816,0.595399524,0.510822075,0.397529087,0.986129778,6193.732615,N/A,0.697486863,0.527702482,772.024052,554.0127891,114.0005776,284.0032896,110.000568,268.0030944,308.0039937,296.0037184,764.0240264,0,32568.40968,51451.73208,16.0000192,698.0199062,46353.82399,96291.70886,714.0210422,574.0144532,122.0006768,270.0032016,116.0006624,276.0033024,266.0030032,344.0052225,750.0230583,0,32153.3434,50531.95393,8.0000064,724.0212998,46149.14188,96319.98571,708.0204774,456.0086754,134.0008912,254.0027408,114.0006128,190.0014576,272.0032128,310.0039505,698.0199414,0,32107.2339,49383.46168,4.0000032,774.0244504,45442.56983,95350.71912,702.020463,516.0110818,120.0006816,300.0037825,130.0008688,280.0033248,270.0030672,332.0046241,698.0200022,0,32622.55008,51483.83835,8.0000096,826.0276505,46576.72911,96424.61355,754.0238424,478.0093618,122.0007216,294.0036592,92.000384,240.0024032,276.0033504,388.0065185,758.0236184,2.0000016,32606.48195,50690.67553,18.0000208,784.02514,46430.15354,95937.02038,656.0177669,580.0138787,108.0005056,304.0038432,132.0007904,230.00236,264.002896,368.0057377,682.0188821,2.0000016,32004.95685,49718.7233,12.0000128,686.0192822,45159.5548,94641.26492,620.0159236,562.0128819,140.0008768,248.0027136,154.0010672,272.0032288,278.0036369,400.0066049,676.0186405,2.0000016,33097.80322,51787.13358,6.0000048,806.0263129,47606.56471,98166.11991,776.0254793,518.0112851,100.0004768,238.002536,126.000872,278.0033904,308.0038977,320.0042529,808.0270537,2.0000016,32624.62886,50226.98735,12.0000128,766.0245848,45685.51047,94591.39506,750.0229975,554.0127699,134.0008016,268.0031104,142.0009712,240.0024032,282.003352,336.0047137,712.0207654,4.0000032,33464.80451,51827.36033,14.0000304,810.0268377,46881.84921,96827.91169,686.019295,536.0119395,138.0008304,298.003688,144.0009184,268.0030112,242.0025168,340.0051009,800.0264489,0,33643.25551,52295.22144,16.000016,730.0223479,48234.96654,99099.82094,713.8211339,532.8119116,123.200704,275.8032565,126.0007715,254.2027976,276.6032927,343.4050444,734.6222437,1.20000096,32689.3468,50939.70876,11.4000136,760.4237812,46452.08641,96365.05601
17,Dupont6002-1,-6.872715768,209.8019195,72.6002632,62.30069461,67.400244,55.36516523,155.0675265,122.9250535,307.8040306,0.80000064,32784.17467,13813.04443,7.80000912,189.8015922,47327.11805,12204.1658,31.21406481,19.76449209,16.38573128,21.47542064,16.57453053,12.91323699,16.75720237,24.4012017,26.94014311,1.032796385,498.8800747,204.4257224,3.457685258,15.59088831,664.2819959,194.9639961,454.1736609,9.42054874,22.56979597,34.47059583,24.59120257,23.32375771,10.80639045,19.85047067,8.752368531,129.0994449,1.521710031,1.479946897,44.32924635,8.214308496,1.403596972,1.597520055,64.71993639,0.257890056,0.42139942,2.414575348,-0.050176827,0.47682377,0.402563372,0.361891949,0.802777143,2089.845153,6902.063024,0.692735525,1.131898866,5.783483904,0.004021632,0.007785871,0.634908162,0.216129373,0.132266786,0.141196597,0.098764993,0.1823523,1573.865437,127.9538072,0.007030292,0.011351598,8.936170563,1.559436502,1.847622636,26.29481672,430.7354344,27.73913425,35.07437748,27.29129324,22.71518332,75.31014608,1.853848722,1.014859421,1.002880961,68.30817067,0.259231037,0.427197137,2.640116162,0.060957948,0.334209821,0.30982853,0.25138512,0.875889039,3108.043679,N/A,0.677765342,1.116916468,58.42211716,0.258726966,0.419959603,2.316610411,0.116909167,0.682310572,0.489186408,0.361214167,1.074714701,1215.189429,N/A,0.699306867,1.135098667,66.64268527,0.256597624,0.415138096,1.976309927,-0.408545884,0.548159561,0.245562061,0.523605245,1.023261652,856.8402089,N/A,0.697946209,1.129176707,58.22791413,0.254674906,0.420304065,3.91612464,0.04708307,0.455197625,0.460546281,0.313326275,0.465923384,1222.796389,6993.909485,0.6931355,1.143919801,59.19608888,0.25243404,0.413306068,2.646289786,0.147528581,0.607319984,0.474832909,0.266998591,0.867048725,1992.952325,6714.605597,0.685927918,1.123058408,62.32863569,0.263299716,0.437889058,2.157024904,0.084022552,0.354518381,0.729671633,0.45170306,0.857547097,2015.307513,6927.848714,0.689004589,1.145871233,65.18970302,0.262591276,0.427797574,1.451265332,-0.183886875,0.416031752,0.339930762,0.479652667,0.796891943,6193.066847,N/A,0.69726527,1.13594174,73.42516419,0.254155595,0.412011193,2.199846802,-0.012998197,0.272745724,0.353962767,0.271535301,0.603795921,1505.224941,N/A,0.700554532,1.135667732,61.71654917,0.254412461,0.419967706,2.305757806,0.082442381,0.520436685,0.305630061,0.287817679,0.752906687,1221.996703,6971.888299,0.691246151,1.141064628,73.74233569,0.262776937,0.420423699,2.536407711,-0.435281011,0.577307595,0.316482307,0.411681387,0.709792286,1567.03349,N/A,0.695202872,1.112273272,310.0041585,216.0020768,60.0002016,128.0007232,68.0002432,116.0005952,184.0014528,206.0018192,350.0053425,0,32504.22479,13885.71178,4.0000032,182.0014288,47957.93289,12432.18466,338.0047761,232.0022208,98.0004528,148.0009408,62.000184,128.0006912,148.0009408,202.0018576,342.0048561,0,32845.10887,13793.61887,10.0000144,208.0019072,46968.09143,12151.91179,252.0028448,224.0021792,78.0002768,110.000536,72.0002656,148.0009312,146.0009552,186.001512,290.0035408,0,32628.54008,13545.35001,14.0000144,180.0013792,46749.36214,11995.77526,302.0040785,212.0021248,82.0003088,154.0011888,46.0001232,126.0007056,184.0016896,126.0007344,302.0038193,2.0000016,33280.2638,13987.83016,10.0000144,210.0020528,48014.08068,12227.9815,260.0028928,172.0012928,90.0003536,128.0006848,56.0001568,96.0004608,152.0009984,170.0013168,298.0038161,2.0000016,32492.19641,13429.22194,6.0000048,202.0019184,47369.69521,11957.72352,256.0026688,176.0013216,52.000144,166.00124,68.0002688,124.0006592,150.0009936,162.0011792,260.0028672,2.0000016,31642.05242,13855.70851,6.0000048,194.0015952,45924.29851,12091.85475,268.0030144,214.001944,64.0001984,124.0006688,106.0005264,144.0008672,158.00108,168.001264,326.0044337,0,32889.24097,14069.93751,2.0000016,190.0015344,47168.90743,12386.1436,294.0037425,214.001976,48.000112,134.0008464,80.0003456,118.0006544,180.0013376,150.0010224,314.0041937,0,33192.0451,13675.4941,8.0000064,164.00112,47379.67365,12041.80916,316.0041345,220.0020768,72.000272,116.0006336,60.0001792,112.0005728,142.0008784,144.0010048,286.0035024,2.0000016,33202.04761,13943.78775,10.0000112,198.0016848,48032.16271,12219.98072,240.0024192,218.0019824,82.000312,118.00068,56.0001472,130.0008528,146.0009168,144.0009888,310.0039345,0,33166.02667,13943.78363,8.000016,170.0013008,47706.97589,12536.29299,283.603473,209.8019195,72.6002632,132.6008142,67.400244,124.200699,159.0011243,165.8012699,307.8040306,0.80000064,32784.17467,13813.04443,7.80000912,189.8015922,47327.11805,12204.1658
18,Dupont6002-45,7.969006345,457.8087395,298.2038674,243.8047882,304.0040481,190.598951,658.0105364,575.234612,1643.909576,1.80000144,33591.5518,63013.24935,13.20001824,415.2071908,48255.69548,43841.25116,62.85050569,33.72498253,25.91414648,26.56916371,37.50055099,17.31547234,26.86534,54.22038188,73.72058907,1.475730755,619.5186952,1194.517015,4.825868634,33.19010088,819.6503412,674.886615,788.6868571,7.366609595,8.690077262,10.89772022,12.3355433,9.084767914,4.082813042,9.425785715,4.484467402,81.98497637,1.844269354,1.895660083,36.55956034,7.993623812,1.698556685,1.539387214,106.1662418,0.908580243,1.875924299,2.196795158,0.0118335,0.453781966,0.370999772,0.290125871,0.875239276,3690.109424,26747.0912,0.696141775,1.437329757,8.226040019,0.008960573,0.017212448,0.307725887,0.09526606,0.043170833,0.042056918,0.029684917,0.087092749,1204.180412,7507.595925,0.008039015,0.017881376,7.748263364,0.98621699,0.91754493,14.00794634,805.0539784,9.513562866,11.33610331,10.23173741,9.950735917,32.63264781,28.06883137,1.154795699,1.244069161,108.4012672,0.897750663,1.872573762,2.431737206,0.074483687,0.414186983,0.304583839,0.285418305,0.861131196,5393.045612,31079.13565,0.69070321,1.440703707,103.8249593,0.909553196,1.837934687,2.05189698,-0.000837597,0.457995113,0.343312134,0.300989839,0.965182224,3159.295731,15662.16639,0.70095678,1.416423784,100.2403818,0.904952307,1.902225594,1.896425849,0.154303728,0.473629021,0.417737355,0.280296831,1.034817423,4290.359552,31098.37989,0.689664293,1.44968642,101.3606934,0.910361765,1.863427247,2.043880749,-0.104275876,0.508327566,0.358640306,0.278558172,0.79241159,2724.111649,30966.56668,0.694191375,1.420946235,113.2997522,0.89947029,1.880942944,2.073861857,-0.108718696,0.399865874,0.371158341,0.255677677,0.744412736,3123.885294,15855.13491,0.69345442,1.450129273,123.7438121,0.90690022,1.881922012,2.769242373,0.161355825,0.477597662,0.330936669,0.265251814,0.827774366,2706.931758,31287.14075,0.696235708,1.444768978,101.1884526,0.926328563,1.880116908,1.860114249,0.040189219,0.408833029,0.3625025,0.3031739,0.924002999,4351.178584,N/A,0.70791253,1.436810188,94.72933055,0.901457171,1.892257052,1.939178117,-0.025847789,0.451221722,0.387468157,0.304557623,0.885657599,1870.936945,N/A,0.69760053,1.4643397,104.1463515,0.920262513,1.876215387,2.524584096,-0.029243262,0.42029489,0.450407892,0.267473,0.807331607,5571.923787,N/A,0.708271196,1.444011135,110.7274176,0.908765746,1.871627401,2.377030102,-0.043074241,0.525867799,0.383250531,0.359861545,0.909671023,3709.42533,31281.11415,0.682427709,1.405478149,654.0174485,436.0078433,280.0033568,352.0050721,278.0034288,336.0048865,696.0197734,800.0261897,1564.099507,2.0000016,33194.05744,62158.32102,8.0000096,398.0065713,48058.35123,43144.41667,628.0160292,454.008581,312.0041857,386.0061841,332.0045409,354.0052369,702.0200342,884.0319052,1626.10694,4.0000032,34086.47551,62648.71568,14.0000208,426.0074481,48628.49818,44230.20595,682.0188565,422.0075793,300.0041633,406.0071729,334.0051089,316.0042049,654.0179093,880.0314923,1612.105495,2.0000016,32696.86294,62196.80954,10.000008,428.0074465,47409.82425,42903.62985,646.0174197,514.0110098,320.0042241,398.0066097,308.0040993,344.0048033,652.0172773,744.0223815,1760.126393,2.0000016,33236.169,61933.18291,16.000032,430.0076497,47877.5309,43585.87355,610.0154004,494.010085,272.003088,418.0073713,328.0044001,336.0047009,700.0198054,722.0217079,1548.097312,4.0000032,33717.44507,63420.59039,14.0000144,386.0064849,48622.43876,43734.4391,684.019351,414.0070097,328.0044481,366.0054961,248.0027936,318.0043601,708.0208838,800.0260777,1662.111315,2.0000016,33250.22566,62574.33155,16.0000192,350.0050577,47757.13926,43310.9601,648.0176581,450.0086354,254.0027856,376.0064481,334.0049361,336.0049185,642.0171317,800.0260873,1622.10614,0,33252.30837,62518.2272,10.000008,430.0077681,46972.34045,43511.82064,658.0183445,488.0097026,308.0043137,428.0076545,352.0052161,368.0061569,704.020791,838.0283674,1676.113358,0,34748.25226,65752.6254,24.000048,474.0092242,49811.10355,44902.57648,576.0137795,430.0076305,278.0034896,442.0080209,262.0030192,318.0041841,684.0189445,780.0245576,1766.125124,0,34307.04805,64367.41143,8.0000064,428.0075617,48437.72873,44575.42596,632.0162884,476.0093186,330.0046193,400.0066657,264.0029376,382.0061457,648.0171045,794.0261241,1602.104178,2.0000016,33426.67367,62562.27835,12.000016,402.0066961,48981.99948,44513.16331,641.8170576,457.8087395,298.2038674,397.2066696,304.0040481,340.8049598,679.0189655,804.2264891,1643.909576,1.80000144,33591.5518,63013.24935,13.20001824,415.2071908,48255.69548,43841.25116
19,SN1,-0.015241875,1.6000016,0.40000032,0.463874609,0.20000016,-0.324956735,0.38977667,0.688562851,0.80000064,0,38155.20887,67067.01191,13.20001952,324.0044925,55723.64798,36322.56225,2.779020448,1.837875102,0.843274717,1.442707537,0.632456038,0.998462418,0.848748579,1.43197343,1.032796385,0,587.0202035,1154.361369,6.545580076,26.17958764,593.4431117,528.0714592,18232.79949,114.867079,210.8185107,311.012396,316.227766,307.2601089,217.752535,207.9655369,129.0994449,N/A,1.538506067,1.721205905,49.58765452,8.080007604,1.064975344,1.453838679,112.7141724,0.65184421,1.757745512,-0.012779553,-1.137216774,0.166666667,-17.38678019,21.28534023,-5.608333333,3626.815017,N/A,0.684723038,1.846531959,8.526756309,0.007523904,0.013945954,,125.5305333,0.40824829,60.9518705,25.35453376,30.6748499,2329.836674,N/A,0.007695184,0.026575147,7.564937157,1.154248833,0.793400088,,11038.39973,244.9489743,350.5644508,119.1173526,546.9512613,64.23919232,N/A,1.123838993,1.439192359,107.7503236,0.649464014,1.756007867,N/A,-234.75,0,0,0,10.9,1831.780551,N/A,0.686840029,1.857064393,94.20205411,0.641024964,1.743153082,N/A,30.08915067,0,-130.2801047,25.67364747,10.9,3598.572668,N/A,0.685405179,1.863837161,107.7291958,0.654372603,1.768603455,N/A,N/A,N/A,N/A,N/A,N/A,2275.808904,N/A,0.678309258,1.83329817,114.7876947,0.642781702,1.751653091,N/A,138.4283013,0,52.43979058,51.34729494,-67.35,3558.460814,N/A,0.685500512,1.868066695,109.835937,0.658303058,1.777981347,N/A,-0.76905399,0,-0.670157604,-0.656195987,1,6187.505798,N/A,0.673385178,1.818715972,117.0718457,0.661912187,1.731003925,-0.012779553,60.17830134,0,-25.81020942,51.34729494,10.9,9073.17261,N/A,0.690704184,1.806299502,113.6854086,0.64239513,1.753132254,N/A,N/A,N/A,N/A,N/A,N/A,1364.240015,N/A,0.683372592,1.864962039,121.031646,0.65348303,1.75887567,N/A,N/A,N/A,N/A,N/A,N/A,3066.167696,N/A,0.68626109,1.847099128,116.1372232,0.656234625,1.768508758,N/A,0,1,0,0,0,2293.737747,N/A,0.700678042,1.888280819,124.9103953,0.658470786,1.768535668,N/A,N/A,N/A,N/A,N/A,N/A,3018.703362,N/A,0.67677432,1.817695712,6.0000048,0,0,0,0,0,0,0,2.0000016,0,38744.00399,68034.77583,20.0000256,340.0050849,56409.06521,36635.65792,2.0000016,2.0000016,0,4.0000032,0,0,0,0,2.0000016,0,38477.16473,67071.58829,10.000008,382.0060593,56137.83778,35985.75547,0,2.0000016,2.0000016,2.0000016,0,0,0,0,0,0,37744.95674,66755.86091,16.0000192,338.0048081,55645.64588,36412.98616,2.0000016,4.0000032,0,0,0,0,0,2.0000016,2.0000016,0,37949.5781,66474.49576,10.0000112,310.0040305,55360.39355,35584.648,4.0000032,4.0000064,0,0,0,0,2.0000016,2.0000016,0,0,37975.64235,67519.98376,6.000008,338.0048945,56395.12658,37125.08429,4.0000032,4.0000032,0,2.0000016,2.0000016,0,0,0,2.0000016,0,37871.41819,65555.57355,4.0000064,310.0040689,54830.15605,36292.74851,2.0000016,0,0,2.0000016,0,2.0000016,0,0,0,0,37732.91729,66150.79434,26.000056,312.0041281,55215.73114,35470.3168,0,0,0,0,0,0,0,0,0,0,38639.65624,67962.35126,12.0000288,304.0039681,56304.6001,36794.10066,0,0,2.0000016,0,0,0,2.0000016,0,0,0,39185.34898,69299.63288,16.0000224,316.0042433,55924.89933,36699.85534,2.0000016,0,0,0,0,0,0,4.0000032,0,0,37231.40207,65845.06254,12.0000096,290.00364,55013.02422,36224.46932,2.20000176,1.6000016,0.40000032,1.0000008,0.20000016,0.20000016,0.40000032,0.80000064,0.80000064,0,38155.20887,67067.01191,13.20001952,324.0044925,55723.64798,36322.56225
20,Dupont6002-72,-2.175977265,94.60042864,88.40038752,69.30191233,79.000332,47.36211895,163.677219,146.0494652,479.209589,0.40000032,33480.81755,27067.51192,7.20000768,273.8032453,48304.23608,25395.40125,30.57931122,13.59911946,13.15895284,9.953425649,13.76804712,19.1067858,14.04652446,21.88612343,39.52315603,0.843274717,351.0804204,164.7220216,2.347579398,27.44689941,639.1729584,212.6247493,1405.313912,14.37532541,14.88562801,14.36241124,17.4278345,40.34191506,8.581844524,14.98541839,8.247572031,210.8185107,1.048601695,0.608559893,32.60523464,10.02431486,1.323223407,0.8372569,93.4721726,0.525814452,0.808492314,2.13430604,-0.02123267,0.543651047,0.425347913,0.28354002,0.895077189,3917.353304,13606.29479,0.693234842,1.065902841,8.131811495,0.00773361,0.005599535,0.455370866,0.19750055,0.088501519,0.063675151,0.100969043,0.138414167,1427.469872,64.48016768,0.011800329,0.010178367,8.699713795,1.470786947,0.692589806,21.33578116,930.1729463,16.27910393,14.97013369,35.61015573,15.46393634,36.43965099,0.473899535,1.702212375,0.954905737,75.47440436,0.53259473,0.806017329,2.023485346,-0.026475156,0.540168407,0.470308924,0.278538426,0.717209538,6453.157155,N/A,0.688992027,1.042705611,96.71143065,0.535614738,0.815185135,3.026894781,-0.13928338,0.512646498,0.435705928,0.34854377,0.932985478,3191.508005,13560.70043,0.697946744,1.062248237,93.58543482,0.520152237,0.805716295,1.835083591,0.094780558,0.337858566,0.304306754,0.394920152,0.911332071,3135.143717,N/A,0.692520094,1.072714264,105.2383856,0.51460981,0.814718261,1.976346986,-0.051477532,0.533334816,0.422644315,0.181643942,0.733786471,2122.326406,N/A,0.669468326,1.059886655,96.13483353,0.535395383,0.803126779,2.703089012,0.180570697,0.612726235,0.388408934,0.380076219,0.842005701,3196.516545,N/A,0.71042321,1.065679538,90.87490222,0.531008913,0.809848786,1.801347795,-0.406156683,0.555140086,0.416149967,0.122792175,1.111009774,4210.583228,N/A,0.700059818,1.06767058,93.96087171,0.526465765,0.812392064,2.256356125,0.17588986,0.513170544,0.42285888,0.32147426,0.915301666,3171.212542,13651.88915,0.697447786,1.076235313,102.5332611,0.521409435,0.814451769,1.658150956,0.237918256,0.667238998,0.542417162,0.404405617,0.764354239,3152.927597,N/A,0.680993247,1.063724816,88.79975646,0.525052545,0.804191603,1.680791435,-0.144197814,0.620824905,0.473000316,0.206354044,1.109049856,6304.852044,N/A,0.704522587,1.079075138,91.40844548,0.51584096,0.799275113,2.381514371,-0.133895504,0.543401418,0.377677954,0.196651593,0.913737101,4235.305799,N/A,0.689974585,1.069088261,120.0006176,90.0003664,94.0003696,112.0005792,86.0003696,78.0003088,180.00144,190.0015344,468.0095234,0,33392.57515,26914.99422,4.0000032,342.0053393,48465.8368,25812.64927,114.0005712,100.0004544,90.0004272,110.0007152,58.000168,94.000408,182.001432,234.0024944,504.0102978,2.0000016,33270.2614,27121.42255,8.0000096,264.002864,47668.76797,25532.09468,142.0009648,90.0003728,62.0002064,86.000328,100.0005408,102.0004592,190.0015024,238.0024016,508.0108034,0,33392.57196,26904.93937,8.0000096,268.0030272,48218.92137,25081.17984,142.0008944,108.0005024,78.0002992,98.0004464,74.0002416,62.0001744,152.0010592,170.0012464,450.0082962,0,33131.87209,26993.14122,12.000016,242.0024848,49489.82771,25467.95083,142.0009488,80.0003424,106.0005296,94.00044,64.0001824,92.0004288,180.0015456,222.00204,548.0125891,0,33932.04113,27251.7309,8.0000096,266.0030928,47763.13705,25572.16305,98.0004656,112.0006336,78.0003216,96.000432,78.0002928,54.0001488,146.0009616,216.0019936,430.0077073,0,33306.36169,26973.11659,6.0000048,278.0032656,47576.45112,25263.51958,152.0010848,88.0004064,88.000384,102.0004528,76.0002816,84.0003296,178.0014096,228.0023424,510.010709,2.0000016,33609.14187,27303.80015,8.0000096,270.003144,48188.75696,25369.73078,134.0007632,70.0002576,104.000512,108.000496,94.0004624,86.0003984,162.0012624,186.0015024,480.0094306,0,32943.38734,26830.80009,8.0000064,246.0025232,48375.49781,25223.44096,130.0007248,110.0005168,96.0004384,110.0005904,92.0005152,68.0002048,160.001184,230.0022736,420.0073441,0,33839.76908,27213.65814,4.0000032,284.0033504,48032.199,25219.42835,114.000616,98.0004336,88.0003872,94.0003728,68.0002656,64.0001888,168.0012352,214.0020016,474.009189,0,33990.19382,27167.51599,6.0000048,278.0033616,49262.96497,25411.85513,128.8007651,94.60042864,88.40038752,101.0004853,79.000332,78.40030496,169.8013032,212.8019831,479.209589,0.40000032,33480.81755,27067.51192,7.20000768,273.8032453,48304.23608,25395.40125
21,Dupont6002-101,13.60408609,44.20010928,23.00004016,22.78959106,24.00004128,21.49813146,48.43463534,45.17617592,153.8010779,1.80000176,34040.14621,7282.926379,3.60000352,145.400987,49109.61955,5513.420846,17.08179059,7.208054197,6.200374612,11.26748267,5.077198178,6.838126935,9.964673599,12.98487968,16.77188962,2.573370791,582.2264764,76.82553634,2.458548139,15.23318251,890.8151531,127.3822419,125.5636761,16.30777461,26.95810342,49.44135523,21.15495602,31.80800595,20.57344611,28.74275969,10.90492333,142.9649041,1.710411209,1.054871797,68.29293708,10.47667063,1.8139321,2.310403024,38.2876899,0.112294837,0.213986358,2.119519445,0.31061703,0.485634872,0.48074689,0.459074579,0.966671694,1808.712925,2724.591114,0.693225015,1.321535561,4.065577579,0.003052556,0.002881004,0.742443921,0.374020035,0.131361103,0.243136086,0.174931349,0.332289668,900.3892355,1271.890482,0.010301188,0.031650693,10.61849798,2.718340588,1.346349311,35.0288799,120.411954,27.04935547,50.57465615,38.10521358,34.37461443,49.78066022,46.68188469,1.485980493,2.394993697,38.78620049,0.11533659,0.214753126,1.470025238,-0.295400904,0.480183366,0.19819082,0.325778819,0.43998742,2792.622136,922.7718676,0.709855495,1.321728743,45.55972687,0.10988713,0.209431438,2.09776591,0.616132594,0.572037287,0.713300921,0.291259521,0.99421087,2733.597098,3604.037218,0.691766804,1.318422975,37.35037804,0.113640944,0.218329644,1.497071411,0.471092462,0.50097795,0.295224395,0.802810186,1.542843087,681.6482799,N/A,0.681127954,1.308598978,32.20240213,0.113709128,0.213842056,1.855248904,0.570998604,0.539011565,0.247037673,0.502759554,1.135593761,1400.813973,N/A,0.697712627,1.312122483,36.30485964,0.109589141,0.213508784,1.927258417,0.006223862,0.279392417,0.410835177,0.337416262,1.105278576,N/A,N/A,0.690471329,1.345221736,38.03643278,0.108627479,0.212853679,1.914476212,-0.015356168,0.683054913,0.962421064,0.48783578,0.597918645,2662.565814,N/A,0.704984479,1.381404972,34.41487747,0.116770808,0.218837941,1.424386858,0.769686488,0.468037455,0.7192099,0.436079032,1.293533305,929.2075284,N/A,0.700021148,1.311896263,42.25950602,0.11395825,0.21120376,3.7809815,0.431814717,0.293868658,0.400646149,0.257609437,0.952529886,1436.830338,3633.055156,0.682151175,1.264260316,35.66545049,0.107847873,0.214361404,2.981233517,0.648353353,0.62893458,0.473951226,0.688572375,0.941860333,2710.590786,1830.035847,0.679345377,1.350285596,42.29706508,0.113581031,0.212741747,2.246746483,-0.09737471,0.410850533,0.38665157,0.460624822,0.662961055,930.5403721,3633.055483,0.694813758,1.301413549,60.0001792,54.0001488,24.000032,28.0000608,34.0000784,34.0000688,52.0001568,44.0000992,158.0011056,8.0000096,34375.21005,7382.183799,2.0000016,144.0009248,48425.6448,5585.24874,84.0003072,42.0001008,24.0000448,44.0001472,20.000032,26.0000432,44.000128,64.0001952,160.0011136,2.0000016,34417.37433,7208.080203,2.0000016,120.000688,49752.85624,5467.198569,64.0002176,34.0000688,18.0000208,22.0000368,24.0000352,40.000128,38.0000688,78.0002864,162.0011504,0,32684.71649,7136.042505,8.0000096,146.0010064,47986.16221,5453.192783,94.0004112,48.0001216,26.000056,28.0000544,26.00004,40.0001152,50.000136,74.0002544,138.0009392,0,34381.28143,7352.163916,4.0000032,174.0013168,49277.13804,5603.260376,64.0002272,46.00012,14.0000176,36.0001088,26.00004,32.0000576,52.0001824,76.0002912,148.000992,0,33853.8431,7228.092881,0,148.0011488,49030.04899,5373.160934,74.0002544,54.000168,34.0000752,66.0002384,26.000056,42.0000848,52.0001472,54.000168,174.0012752,0,34559.74648,7356.16919,2.0000016,140.000928,49021.99626,5325.135887,90.0003568,46.0001168,16.0000256,40.000096,24.000048,30.0000496,36.0000608,64.000208,142.000888,0,33422.67392,7314.149153,6.0000048,162.0011472,47745.23455,5575.24963,82.000424,38.0000752,20.0000384,40.0000832,18.0000208,30.000056,70.0002512,86.0003472,152.0010592,2.0000016,34403.34651,7266.116125,4.0000032,136.000784,50433.61028,5747.32595,78.0002832,34.0000592,30.0000496,34.0000656,16.0000192,44.0001024,50.0001328,70.0002416,180.0015488,4.0000032,34148.63455,7320.149246,2.0000016,152.0010496,50266.97124,5421.185909,58.0001552,46.0001136,24.0000416,38.0000976,26.0000432,42.0001648,60.0001792,56.0001472,124.0007072,2.0000016,34154.63529,7266.116778,6.000008,132.0008768,49156.53283,5583.249677,74.8002816,44.20010928,23.00004016,37.60009888,24.00004128,36.00008704,50.40014432,66.60022384,153.8010779,1.80000176,34040.14621,7282.926379,3.60000352,145.400987,49109.61955,5513.420846
22,Dupont6002-103,23.49074229,145.4009986,150.401023,119.2805051,132.6008178,79.89502034,283.6365778,249.3242752,748.6230953,0.80000064,33873.56387,35215.48743,9.40001072,348.8051354,48488.48736,35104.74841,35.8011331,17.79035013,15.57225013,10.96573569,20.5493514,11.65785917,21.31704337,36.24106625,34.96306402,1.398412916,756.7061333,946.2736647,4.005557925,31.65457501,973.258776,911.2674657,152.4052865,12.23536998,10.35381929,9.193233783,15.49715284,14.59147155,7.51561859,14.53571508,4.670315976,174.8014747,2.233913551,2.687095178,42.61226976,9.075145918,2.007195582,2.595852433,101.3275307,0.723974019,1.039633554,2.18070441,0.080778599,0.533440703,0.421829318,0.282165549,0.877452807,4376.539781,15003.93461,0.698613301,1.003237335,8.907681081,0.01137953,0.016928743,0.33371571,0.128273311,0.071018508,0.041265528,0.039060326,0.095730629,1931.03994,5237.135134,0.009202154,0.015507014,8.790978151,1.571814684,1.628337489,15.30311528,158.7961579,13.31329005,9.782517676,13.84305281,10.91006014,44.12252685,34.90507836,1.317202825,1.545697507,114.6182575,0.743554945,1.050662709,1.90296125,0.085617583,0.627867115,0.444995315,0.236956129,0.950306951,6074.842045,17884.5409,0.69449811,0.981344109,92.31649479,0.732463279,1.015978553,2.096114944,0.139980942,0.457990164,0.421223712,0.315972992,0.86359114,3563.470701,N/A,0.714613615,0.991219802,114.0580268,0.728561668,1.029057948,2.079882605,0.190013613,0.495365864,0.462909451,0.328057183,0.811963043,1926.334703,N/A,0.703320541,0.993406084,103.7362701,0.721741243,1.073713867,1.910696476,-0.099981986,0.61852844,0.477368824,0.29131419,0.774339804,4434.78638,N/A,0.686898699,1.021879608,108.0589481,0.72302056,1.045371061,2.578546518,0.08119306,0.612749558,0.417907558,0.305298261,0.95169282,8806.916306,N/A,0.69223027,1.000853271,87.51917345,0.720333124,1.042111556,1.833369039,-0.079441864,0.516736138,0.360159562,0.285521898,1.00589324,4485.426632,8958.833431,0.690298149,0.998659724,99.01160059,0.70469825,1.041960566,2.409112032,0.118291044,0.421576575,0.357975942,0.244852626,1.001964736,4257.554748,N/A,0.696149778,1.029320871,95.6705433,0.724154968,1.033083308,2.607293185,0.044299079,0.508928225,0.414665428,0.218865495,0.743500588,4185.64705,N/A,0.694672288,0.99102316,100.8041947,0.708869553,1.017590231,2.595457254,-0.005977873,0.502834395,0.399581175,0.266226776,0.796228559,2462.535132,N/A,0.700952051,1.006224568,97.48179717,0.732342603,1.046805738,1.793610798,0.333792388,0.571830557,0.461506211,0.32858994,0.875047188,3567.884118,18168.42951,0.71249951,1.018442151,230.0022448,148.0010848,184.0014368,180.001392,154.0009968,118.0006928,302.0038737,376.0057793,700.020135,2.0000016,34044.33232,35769.11042,6.000008,318.0043185,49020.05037,36449.10087,224.0021216,130.0007472,144.0009856,176.00136,150.0010224,142.000984,324.0043489,376.0059041,750.0234456,0,34766.33971,35321.8555,10.000008,386.0061585,48650.54202,35634.73552,246.0026064,140.0010592,136.000816,174.0013808,132.000816,136.0008832,284.0033568,326.0043665,740.0224359,0,33472.78853,34445.4391,18.0000272,304.0038304,47592.50806,34674.07704,188.0015616,154.0009904,156.0011584,172.0012384,132.0007648,124.0007168,262.00284,302.0038096,766.02398,0,33765.5797,36254.57115,8.0000064,342.0049649,49156.56376,35478.31942,212.0019264,138.0009008,158.0010672,154.0010544,100.0004704,124.0007296,268.003168,356.0051809,794.0264825,0,33727.49973,35257.75218,4.0000032,326.0044081,48722.94839,35227.69341,216.002032,172.0014208,144.0009632,158.0011152,152.0010784,136.0008256,288.0034208,382.0062769,730.0216214,4.0000032,34387.2613,35835.36239,8.0000096,410.0067985,49815.08546,35883.45611,258.0028272,160.0010848,130.0007632,164.0012864,128.0007264,128.0007296,318.0041681,414.0072017,754.0230999,0,33647.2885,35059.14776,8.0000064,344.0047937,48333.40402,34060.46523,192.0016032,130.0008016,138.0008592,156.0010592,104.0004896,102.0004848,280.0034752,298.0038577,692.0201062,0,32121.9256,33184.62515,8.0000096,350.0055025,46240.40165,33485.21658,228.0021824,166.0012304,154.0009968,178.001512,118.0007248,136.0007936,316.0041569,350.0052913,762.0235191,0,34090.46346,34690.12257,14.0000144,342.0048881,48634.51558,34475.52732,254.0027824,116.0006656,160.001184,168.0011872,156.001088,130.0007408,290.0036528,356.0055297,798.0261273,2.0000016,34712.15981,36336.88808,10.0000144,366.0056913,48718.85429,35678.89256,224.8021888,145.4009986,150.401023,168.0012586,132.6008178,127.6007581,293.2036461,353.6053198,748.6230953,0.80000064,33873.56387,35215.48743,9.40001072,348.8051354,48488.48736,35104.74841
23,Dupont6002-109,-8.889844199,27.8000584,7.60000768,5.284815905,6.0000064,6.078887271,16.19619489,16.1982322,31.60006624,0.60000048,34316.69757,5094.24226,6.40000608,111.6006038,49291.08938,505.210534,17.24023394,11.25269292,2.458548023,5.835131495,4.0000048,9.393039746,5.763649046,8.473397773,11.14752988,0.966092556,287.8914782,97.16321936,1.837875566,11.91836346,442.4072624,27.21546401,193.9317895,40.47722763,32.3492834,110.4131459,66.66667556,154.5190646,35.5864392,52.31063286,35.27691935,161.0152972,0.838925359,1.907314462,28.71677844,10.67947937,0.897540038,5.386954977,4.584683881,0.01025113,0.148453265,2.953263759,-0.470338348,0.525546799,0.355236354,0.415673345,1.097526983,85.67005444,2579.199049,0.696247094,10.1126638,0.638256332,0.000575835,0.002879595,2.849661616,1.005933722,0.23478766,0.486973147,0.599420937,0.704990369,28.02492922,48.97253828,0.007763082,0.641076415,13.92149052,5.617281103,1.939731928,96.4919441,213.8744855,44.67492904,137.0842655,144.2048049,64.23444522,32.7126315,1.898749858,1.11498945,6.339342706,3.918086626,0.009641138,0.15004921,1.426518073,-1.024393294,0.525755484,1.165287209,-0.049242156,0.840536747,79.66815843,N/A,0.687825045,10.70491951,4.41386053,0.010363433,0.149521379,1.974441948,1.078060668,0.84412064,0.165287947,0.85472713,2.897735708,85.33505124,N/A,0.691880476,9.982302312,4.962345318,0.010848738,0.151630834,N/A,-1.923749307,0.204174659,0.132017595,-0.566203343,0.384996487,87.66849231,N/A,0.699004932,9.769864586,4.190544736,0.010632845,0.147892571,2.548884399,-0.005979912,0.235397026,0.338922545,0.814099757,0.801453272,132.0027593,N/A,0.692395299,9.630547497,5.13470072,0.010912969,0.147088491,1.146325742,0.81876388,0.872352389,1.219466783,1.57571557,1.059866269,133.5028185,N/A,0.708716471,9.552307956,4.711609478,0.010074913,0.146941746,1.764216735,-0.993969902,0.340094232,0.337126204,0.575727504,0.459109408,61.25120403,N/A,0.704798226,10.27942199,5.478351672,0.010168852,0.143388173,1.944623484,-0.382212947,0.685651153,0.225259644,0.067009451,1.060897538,63.00122283,N/A,0.686227161,9.676299256,3.800052396,0.009192919,0.153116687,9.859431177,-1.833278943,0.405702918,-0.105143937,0.011150673,0.960272241,76.00132963,2631.553853,0.692947754,11.54169479,3.857194356,0.009844766,0.145584497,N/A,-0.488675415,0.635748093,-0.289582916,0.586188993,1.469735277,48.60093327,2534.513801,0.705293958,10.42989432,5.380092978,0.010830726,0.149319061,2.961668516,0.052051692,0.5064714,0.363722471,0.287559875,1.040666884,89.66857498,2571.529494,0.693381613,9.559385752,16.0000192,20.0000288,6.0000048,20.0000224,8.0000096,6.0000048,12.0000192,16.0000224,46.0001168,0,34102.48845,5117.051436,6.0000048,122.0007056,49580.17846,478.009333,46.0001072,24.000048,10.0000112,10.0000112,6.0000048,18.000024,12.000016,36.0000608,12.000016,0,34182.70891,5111.045765,6.0000048,116.000656,49405.51161,512.010717,26.0000464,46.0001392,4.0000032,18.0000272,0,4.0000032,20.000032,12.000016,32.000064,0,33891.91861,5139.059901,6.0000048,106.0005584,48485.95059,526.0113747,22.000024,16.0000224,6.0000048,14.0000176,10.0000112,26.000056,26.000056,26.00004,40.0001056,0,34383.33238,5085.039439,4.0000032,126.0006736,49658.52951,528.0114595,26.00004,12.0000128,10.0000112,18.000024,10.0000112,22.0000304,12.0000128,18.0000272,42.000104,0,34680.10437,5101.044221,4.0000032,104.0005504,48933.67911,534.0117011,24.0000544,30.0000624,6.000008,16.0000224,10.0000144,20.000048,18.0000208,12.0000224,28.0000448,0,34279.02532,5037.01982,8.0000064,104.00056,48636.65094,490.0100242,26.0000464,22.0000304,8.0000064,10.0000112,6.0000048,8.0000096,12.0000192,16.0000192,26.0000464,0,34012.25669,4876.955337,8.0000096,92.0003712,49564.1365,504.0103874,22.0000272,42.000104,8.0000064,12.0000128,2.0000016,14.0000176,20.0000288,22.0000336,22.00004,2.0000016,34373.20926,5263.111917,6.000008,120.0006048,49604.33031,456.0085858,48.0001184,38.0000816,6.000008,10.0000112,0,18.000024,10.0000144,20.0000256,44.0000896,2.0000016,34818.48521,5069.031657,10.0000112,126.0008784,49367.33797,486.009877,40.00008,28.0000544,12.0000128,18.0000272,8.0000064,16.000016,24.0000768,28.0000384,24.0000352,2.0000016,34443.4465,5143.063102,6.0000048,100.00048,49674.58878,538.0118803,29.60005632,27.8000584,7.60000768,14.60001872,6.0000064,15.20002336,16.6000296,20.60003056,31.60006624,0.60000048,34316.69757,5094.24226,6.40000608,111.6006038,49291.08938,505.210534
24,Dupont6002-140,14.89168055,155.8011202,117.4006472,99.1954337,131.0008216,71.48268675,249.7648828,225.329708,895.0327502,0.60000048,35155.85098,39689.6112,10.40001472,349.205177,50323.51368,34536.74867,34.9534613,22.89036405,23.42009742,14.29852194,18.81506499,14.08262174,26.61013083,34.16334581,39.91662284,1.349898195,543.478216,519.3456626,4.195246038,27.21518746,1151.276727,510.7172988,234.718044,14.69204074,19.94886569,14.41449612,14.36255495,19.70074487,10.65407215,15.16149207,4.459794665,224.9828526,1.545911138,1.308517889,40.33884711,7.793466205,2.287751079,1.478764848,99.47404504,0.686440796,1.129118533,1.929036096,0.058243283,0.481353689,0.399875384,0.291029453,0.909921955,3836.845331,15006.27468,0.698814584,1.149258836,8.298643581,0.008972376,0.017459828,0.237760967,0.144043099,0.139303111,0.063869842,0.072494095,0.163977046,1499.222235,7120.418255,0.014112215,0.009461093,8.342521487,1.307086721,1.546323761,12.3253768,247.312808,28.93986569,15.97243647,24.9095391,18.02100117,39.07434638,47.4496063,2.019450613,0.823234313,104.0679325,0.671085067,1.118669318,1.711387364,-0.015700628,0.333897049,0.373231057,0.355020993,1.018100365,4396.926625,N/A,0.684707091,1.141376633,109.9622677,0.693836182,1.1570681,1.785086915,0.096710782,0.469353524,0.385249292,0.184181784,0.754327215,5681.455793,N/A,0.698202898,1.164350205,107.2344647,0.696102593,1.131367203,1.747308231,-0.036827242,0.440831955,0.334055944,0.253301462,0.934821216,5826.482609,20041.17071,0.705448062,1.146556282,90.90123894,0.692215263,1.127094411,1.740822166,0.126478291,0.494657078,0.51232798,0.276763244,0.696433809,3381.575278,N/A,0.705268391,1.14834807,94.42228279,0.689025466,1.119651326,1.872954653,0.269081228,0.498320706,0.500045995,0.371535229,0.896164615,1877.97838,N/A,0.717273294,1.165553429,100.6494595,0.671001035,1.14102185,1.679182331,-0.081974705,0.533308377,0.35712119,0.318201111,1.26307713,3462.386332,N/A,0.670962125,1.140955683,110.773944,0.693225361,1.138794223,2.118446188,-0.062175596,0.564767184,0.406065441,0.242891186,0.830248007,2187.80972,N/A,0.699261785,1.148710543,97.51458797,0.688319717,1.128273815,2.255192525,-0.066691758,0.7924995,0.435716179,0.394207114,1.023925606,2909.224665,N/A,0.7030297,1.152385995,88.6472505,0.682884723,1.138055159,2.30875528,0.0288215,0.288755199,0.355688104,0.195148867,0.785606037,5791.707486,9971.378644,0.688717602,1.14777589,90.56702175,0.686712553,1.091189921,2.071225304,0.324710958,0.39714632,0.339252661,0.31904354,0.89651555,2852.906421,N/A,0.715274891,1.136575629,234.0023408,172.0013536,88.0003808,156.0010336,154.0010384,150.0009648,276.0032064,404.0066305,974.0384095,0,35889.46438,40148.44264,8.0000096,338.0047473,52415.7919,35175.45521,200.0017216,126.000712,124.000704,144.0009472,148.0010176,90.0003952,276.0034304,328.0046177,924.0347277,0,34303.30251,39691.25706,6.0000048,310.0041745,49130.85095,34088.76203,212.0021024,160.0011616,114.000616,140.0009376,148.0009856,118.0006224,270.0031184,366.0054705,892.032638,2.0000016,35428.26182,40082.37348,6.0000048,326.0045521,50220.93577,34958.92362,220.002256,136.0008352,124.00064,174.0013424,144.000928,114.0005776,262.0031056,298.0038033,886.032438,0,34453.44518,38832.2855,10.000008,372.0057089,48851.5374,33815.77983,282.0033392,160.001136,112.000576,166.0012912,120.0007776,136.0007872,236.0024288,324.0043009,880.031902,0,35189.53461,39400.00907,18.0000432,358.0054513,49060.14887,33803.69196,228.0023328,178.0014384,120.0006176,140.0009024,134.0007472,130.0008368,236.0024896,404.0068641,860.0303019,0,34621.91645,39504.36317,10.0000176,344.0050689,51600.40364,34623.92426,240.002528,184.0014496,134.0008432,158.0010288,112.0006752,118.0006192,248.0025952,314.0043793,840.0287562,0,35309.82595,40210.62581,16.0000256,316.0040193,50495.86109,35005.01153,224.0023776,172.0013376,168.0012704,150.0010448,94.0004528,140.0008672,224.0023552,348.0053665,940.035771,0,35656.81505,40230.65075,12.000016,358.0053329,50718.78908,34910.74253,222.002088,154.0011024,88.0003808,160.0011648,132.0008832,110.0005392,316.0041441,362.0053649,880.0314283,4.0000032,35047.11188,39885.54648,6.000008,392.0064193,50887.49258,34750.29125,244.00256,116.0006752,102.0004432,126.0007536,124.0007104,120.0005984,268.003136,352.0051681,874.0311291,0,35658.832,38910.55806,12.0000096,378.0062961,49853.32555,34234.90444,230.6023647,155.8011202,117.4006472,151.4010446,131.0008216,122.6006808,261.203001,350.0051966,895.0327502,0.60000048,35155.85098,39689.6112,10.40001472,349.205177,50323.51368,34536.74867
25,SN2,-0.507621116,0.80000064,0.60000048,0.331937438,0.40000032,0.137521925,0.776997743,-0.250735069,1.80000176,0,36946.05231,70028.56964,12.00001472,332.804681,53932.289,37864.40051,1.795600871,1.032796385,0.966092556,1.4147642,0.843274717,0.876132705,1.692163665,0.306594686,2.201012309,0,1017.538297,1800.061758,5.416032824,22.55330985,1222.586216,938.9028203,353.7285616,129.0994449,161.0152972,426.2141104,210.8185107,637.0858353,217.7823142,122.278342,122.278342,N/A,2.754119137,2.570467692,45.13355151,6.776740575,2.266891019,2.479645281,114.2712022,0.702049917,1.895609141,-0.019169329,-4.129523243,-19.47863076,-10.88477817,-4.408880018,7.254983923,4985.994636,N/A,0.685021847,1.849522438,8.628273978,0.003815729,0.020348393,0.009036508,42.32156195,32.79505759,33.41883087,10.7188258,5.646878132,5096.584616,N/A,0.008782851,0.020225395,7.550698526,0.543512552,1.073448791,47.14045208,1024.853463,168.364286,307.0235363,243.1190179,77.83446789,102.2180124,N/A,1.282127146,1.093546861,115.9238053,0.696298878,1.913223491,-0.025559105,54.16957533,0,13.10994764,-26.28817627,10.9,2405.448845,N/A,0.688458839,1.89168138,127.2800707,0.704777026,1.865726587,N/A,0,0,0,0,0,3843.90232,N/A,0.699701137,1.852289398,109.762183,0.697716674,1.908516326,N/A,-0.696714795,0.503215434,-0.16861669,-0.165103842,-0.070096463,3731.963011,N/A,0.679191416,1.857842808,116.1593447,0.707639509,1.913553847,N/A,N/A,N/A,N/A,N/A,N/A,2410.337563,N/A,0.683897257,1.849351556,117.631044,0.702894692,1.906212665,-0.012779553,-78.25,-78.25,0,0,10.9,2411.467774,N/A,0.681954276,1.849423383,101.2857484,0.701185226,1.891815871,N/A,0,0,0,0,10.9,9521.004664,N/A,0.672930398,1.815583614,120.6932815,0.701699245,1.914619214,N/A,N/A,N/A,N/A,N/A,N/A,2689.76756,N/A,0.674187191,1.839551289,121.4558459,0.70755576,1.859966556,N/A,0,-39.125,-78.25,0,10.9,2159.240877,N/A,0.695175338,1.827421882,100.2169385,0.701577849,1.880326772,N/A,N/A,N/A,N/A,N/A,N/A,2605.676433,N/A,0.692086282,1.854888045,112.3037598,0.699154309,1.902130079,N/A,N/A,N/A,N/A,N/A,N/A,18081.13731,N/A,0.682636338,1.857191029,0,2.0000016,0,0,2.0000016,2.0000016,0,0,4.0000032,0,38053.89255,72805.60115,16.0000256,332.0046561,55274.02716,38487.24309,0,0,0,0,0,0,4.0000064,0,0,0,38162.22343,71200.27487,10.0000112,302.0038096,54540.74809,38439.06625,0,2.0000016,2.0000016,0,0,0,4.0000032,0,2.0000016,0,36328.79913,69334.10624,10.0000144,340.0049345,53488.30725,37319.68385,0,0,0,0,0,2.0000016,0,0,0,0,37271.5175,71321.05567,16.000016,332.0046241,54498.70882,38565.43957,2.0000016,0,2.0000016,0,2.0000016,0,0,0,2.0000016,0,37434.05489,71357.26955,16.000016,328.0045953,54892.32373,38583.52296,0,0,0,0,0,0,0,0,6.000008,0,36549.42143,69144.77553,4.0000032,376.0060001,54313.82137,38084.04912,2.0000016,0,0,0,0,0,0,0,0,0,36180.35478,69271.60243,14.0000176,312.0040545,53665.14706,37656.79317,0,0,2.0000016,4.0000032,0,0,0,0,4.0000032,0,38186.32488,71025.2872,18.000024,320.0042561,54930.49423,38866.38761,0,2.0000016,0,2.0000016,0,0,0,0,0,0,35985.98871,67665.41798,14.0000176,364.0054913,51996.39067,36479.51592,2.0000016,2.0000016,0,0,0,0,0,0,0,0,35307.94581,67160.30574,2.0000016,322.0043889,51722.92166,36162.30356,0.60000048,0.80000064,0.60000048,0.60000048,0.40000032,0.40000032,0.80000096,0,1.80000176,0,36946.05231,70028.56964,12.00001472,332.804681,53932.289,37864.40051
26,BB M,-1.261200266,3.80000368,0.60000048,-0.073298702,0.20000016,-0.046771626,0.38466484,1.232844392,1.20000128,0,54.80018048,93.0004392,0,0.80000096,0.60000048,7.60000896,4.85927963,3.190266452,1.349898195,1.874909531,0.632456038,2.088619597,0.844809773,2.044540312,1.398413628,0,20.00456746,17.64480049,0,1.39841373,0.966092556,4.195242444,385.2900891,83.95429902,224.9828526,2557.902758,316.227766,4465.569771,219.6223009,165.8392839,116.5343447,N/A,36.50456492,18.97281415,N/A,174.8015065,161.0152972,55.2004934,3.000000267,3.6666672,1.851745635,0,36.51647375,-6.520828117,-12.96326275,-0.629836936,-25.02766774,N/A,N/A,28.33340853,17.69007001,2.0000012,1.52752593,0.599476501,,58.63264975,15.97270159,39.55414095,23.51286717,49.71169505,N/A,N/A,15.27532983,14.2743265,66.66670074,41.65979203,32.37358792,,160.5649279,244.9489743,305.124888,3733.167397,198.6269579,N/A,N/A,53.91278571,80.69118152,N/A,N/A,1.195121596,N/A,69.2140953,-39.1249687,-52.03006309,25.67362693,-106.4749061,N/A,N/A,N/A,16.33338542,0.9999992,2,1.444447562,N/A,N/A,N/A,N/A,N/A,N/A,N/A,N/A,45.0001632,32.500188,N/A,N/A,2.000004308,N/A,1.230948226,0,0.329842932,-0.656195462,2,N/A,N/A,N/A,52.0002048,5.0000016,5.0000016,1.880002534,N/A,-1.791954365,0,-0.678832784,-0.664690434,-0.141100324,N/A,N/A,25.000048,9.400027712,N/A,N/A,1.913047038,0,N/A,N/A,N/A,N/A,N/A,N/A,N/A,N/A,5.5000154,N/A,N/A,1.382354203,N/A,138.4283013,0,52.43979058,-26.90270506,-67.35,N/A,N/A,N/A,11.7500381,N/A,4,3.133342059,N/A,30.08915067,0,-52.03010471,25.67364747,10.9,N/A,N/A,15.0000144,11.750044,N/A,N/A,1.206897353,N/A,-18.07169866,0,-25.81020942,-26.90270506,10.9,N/A,N/A,N/A,5.833347289,3,N/A,2.421060592,N/A,N/A,N/A,N/A,N/A,N/A,N/A,N/A,N/A,15.33340053,N/A,N/A,1.941179106,N/A,N/A,N/A,N/A,N/A,N/A,N/A,N/A,N/A,16.5000488,2.0000016,4.0000032,2.0000016,4.0000032,0,0,0,6.0000048,4.0000064,0,82.0003952,98.0004432,0,0,0,6.000008,4.0000032,12.0000128,4.0000032,0,0,2.0000016,0,0,0,0,90.0003984,130.000856,0,4.0000064,2.0000016,4.0000032,8.0000064,4.0000032,0,2.0000016,0,0,2.0000016,4.0000032,0,0,52.0001344,104.0004928,0,0,0,2.0000016,2.0000016,4.0000064,0,0,0,0,2.0000016,0,2.0000016,0,50.000136,94.0003824,0,2.0000016,2.0000016,10.0000112,6.0000048,2.0000016,0,2.0000016,2.0000016,6.0000048,0,0,0,0,46.0001168,88.0003872,0,0,0,16.0000256,2.0000016,4.0000032,0,0,0,2.0000016,0,2.0000016,2.0000016,0,68.00024,94.0004176,0,0,0,8.0000096,2.0000016,2.0000016,0,2.0000016,0,0,0,0,2.0000016,0,30.0000528,94.0004272,0,0,2.0000016,8.0000064,6.0000048,4.0000032,0,2.0000016,0,2.0000016,0,0,2.0000016,0,58.0001776,70.0002608,0,0,0,12.000016,6.0000048,2.0000016,0,0,0,0,0,0,0,0,38.000072,92.0004768,0,2.0000016,0,6.0000048,2.0000016,0,0,0,0,0,0,2.0000016,0,0,34.0000816,66.000248,0,0,0,4.0000032,4.0000032,3.80000368,0.60000048,1.20000096,0.20000016,1.20000096,0.40000032,1.40000112,1.20000128,0,54.80018048,93.0004392,0,0.80000096,0.60000048,7.60000896
27,FCT_Zr_25-2,-188.1531879,3160.402346,558.012969,529.7194916,536.8120102,440.767595,1141.667395,989.1546519,2158.788042,1.20000096,35376.64051,139308.9584,23.0000408,2305.214511,50681.45597,312388.2018,87.73867698,85.02634044,44.5341564,60.3186131,38.47479684,45.55272521,56.10007965,52.69562728,39.61669512,1.398412916,385.3272286,1637.701096,7.731628617,51.69391539,658.4501888,2973.497676,46.6315123,2.690364426,7.980846124,11.38689704,7.167275714,10.33486257,4.913872454,5.32733958,1.835135935,116.5343165,1.089213738,1.175589219,33.61571696,2.242477442,1.299193514,0.951859788,135.562012,6.164126385,3.93805953,2.135088612,-0.163857813,0.490049168,0.465321705,0.387082837,0.868367963,15676.36045,62596.64898,0.698092595,0.445951007,2.634303095,0.045676913,0.043564517,0.164349155,0.076414978,0.048230556,0.06200869,0.046386887,0.064699408,7202.83575,15326.36054,0.009416416,0.003508218,1.943245793,0.741011944,1.106243227,7.697533235,46.63493113,9.841982966,13.32598274,11.98371064,7.450690312,45.94711747,24.48431472,1.348877818,0.786682421,136.0287921,6.21781814,3.945916195,2.313881482,-0.219198374,0.514080326,0.383075895,0.411401457,0.851330002,10411.67582,69870.5667,0.704972394,0.44738555,132.145265,6.201467626,3.924572177,2.195824427,-0.188474998,0.444940338,0.434840419,0.347689928,0.861011658,21938.13263,N/A,0.705381713,0.446397791,139.2562583,6.159553508,3.903808445,1.833693577,-0.023761812,0.537902123,0.48014338,0.44051033,0.966485675,14053.46591,68964.42896,0.70389772,0.446117054,136.9757364,6.181668049,3.882363198,2.286087701,-0.176515541,0.433970593,0.435505787,0.373295582,0.910099463,10438.49,N/A,0.710475225,0.446210124,133.7782515,6.175815067,3.920478605,2.072794186,-0.128246757,0.425495483,0.471086478,0.38771087,0.789982344,12216.13993,N/A,0.698187057,0.443217193,134.3774849,6.221387935,4.031146855,2.057733054,-0.168318731,0.457279222,0.510319521,0.438485729,0.947390052,31420.36853,35212.85239,0.691844205,0.448280291,134.2858156,6.078880576,3.983814522,2.323509402,-0.166314945,0.531652418,0.419319261,0.330615341,0.797697958,22523.74788,70425.78299,0.681580708,0.446676175,132.6694654,6.144876559,3.901313439,1.975512145,-0.166797401,0.538395092,0.479922113,0.354130232,0.788866684,10384.55544,68509.61388,0.692746067,0.439816734,140.0442742,6.110205848,3.937163505,2.03930893,-0.08841851,0.546511712,0.607664116,0.453405161,0.914363829,12990.27257,N/A,0.68695348,0.442644362,136.0587763,6.149590542,3.950018358,2.252541214,-0.312531062,0.470264372,0.431340079,0.333583744,0.856451967,10386.75579,N/A,0.704887386,0.452764797,4212.7178,3224.420462,590.014274,1520.093478,496.0099906,1530.093918,1176.055916,1286.067202,2218.198442,2.0000016,35414.14421,139741.2452,30.0000528,2296.211114,50234.79574,312350.8242,4170.69996,3168.404871,510.0108306,1560.098304,522.0114227,1438.084442,1174.056196,1290.068002,2176.192235,0,34934.78336,137104.0788,14.0000208,2324.217316,49526.06893,307134.3131,4222.717212,3068.379583,578.013986,1544.096252,586.01445,1480.087976,1102.049351,1338.072172,2150.186226,2.0000016,35331.89966,137928.9683,22.0000272,2220.199192,50194.64996,309176.6323,4168.698165,3158.401448,502.010357,1562.098773,506.010453,1468.086808,1184.058185,1350.074387,2134.183608,0,35991.77247,139733.1329,30.000072,2286.211119,50658.72981,313155.4515,4318.749159,3236.421233,538.0118163,1680.113995,610.0152308,1552.098054,1292.067834,1300.068868,2162.18917,0,35907.52946,140774.701,26.00004,2374.228421,51429.66933,317620.1267,4154.692015,3136.395407,510.0109522,1620.106436,542.0121235,1518.094481,1142.053342,1348.0737,2092.176489,4.0000032,34940.8065,140851.5222,10.0000144,2338.220112,50503.86523,314204.1378,4344.758517,3280.432925,630.0163572,1596.10248,510.0110643,1468.086904,1212.059341,1240.062278,2116.180303,2.0000016,35355.98304,140851.6787,14.0000176,2348.221704,51873.50908,315332.8667,4050.663968,3060.376933,602.0148852,1562.099026,566.0130355,1400.07898,1146.05306,1186.056644,2182.191743,2.0000016,35121.33529,137019.3374,30.0000656,2348.221903,50698.71484,311537.3444,4106.677208,3034.369503,584.0141604,1666.115018,524.0115779,1480.088249,1096.048783,1276.06633,2146.185672,0,35051.09815,138001.9045,24.0000352,2226.203112,51023.97641,311766.9991,4124.682734,3236.421095,536.0120707,1576.101005,506.0107538,1442.084531,1168.055401,1284.066605,2210.196531,0,35717.05295,141083.0149,30.0000624,2290.211116,50670.58038,311603.3219,4187.505674,3160.402346,558.012969,1588.702477,536.8120102,1477.688434,1169.255741,1289.867619,2158.788042,1.20000096,35376.64051,139308.9584,23.0000408,2305.214511,50681.45597,312388.2018
28,Dupont6002-148,-10.62466781,231.0023723,69.8002456,59.596933,66.4002336,47.20935885,139.3664006,139.864745,347.0051135,0.40000032,34864.24794,11755.74189,5.00000464,159.4011502,50252.40055,7440.625035,36.59707366,18.21511099,8.080205828,20.33270661,12.57164222,25.13780909,10.19457812,19.09684671,20.61889471,0.843274717,730.7124643,266.2383662,3.299834932,19.77796377,999.1121489,208.9988934,344.4538156,7.885248453,11.57618538,34.1170352,18.93312951,53.24751215,7.314946845,13.65379582,5.941957021,210.8185107,2.095879038,2.264751716,65.99663739,12.4076669,1.988187903,2.808888936,47.25586825,0.148049611,0.33720618,2.165058868,-0.080362374,0.502949826,0.428493556,0.338813913,1.01035921,1687.919838,5926.811095,0.693791892,1.580321245,5.243697122,0.001889003,0.004846837,0.446820467,0.267251528,0.067205931,0.144178131,0.175301398,0.172766069,891.5547231,18.39900658,0.006147885,0.025520343,11.09639356,1.275926009,1.437351271,20.63779759,332.5580315,13.36235306,33.64767773,51.73972815,17.09946992,52.81973129,0.310436865,0.886128045,1.614883259,48.81681215,0.149321833,0.347942275,1.837802352,0.372544558,0.474367899,0.620828755,0.700036684,1.0275388,3710.099047,5939.821157,0.687074735,1.60098722,47.83450086,0.148975761,0.338573038,1.865737091,-0.019921422,0.549724571,0.601675062,0.146494446,0.833148735,1865.556555,N/A,0.705205738,1.602701321,43.78921791,0.148354663,0.328880829,3.268383936,-0.07046121,0.500665202,0.40986643,0.462461702,0.79488018,930.5269761,N/A,0.696689081,1.544458924,50.15309504,0.143709277,0.332621469,2.05591365,-0.238350425,0.501601336,0.523645264,0.445600682,1.001709092,1203.680995,N/A,0.692718021,1.60332645,43.35763596,0.148529604,0.338134096,1.778089425,-0.107391326,0.638401786,0.442550116,0.364613397,1.290514311,1886.070311,N/A,0.691221019,1.573594674,52.00180007,0.148839851,0.336399487,2.533670976,0.081473265,0.422875975,0.189811197,0.08836006,1.051176716,1265.384207,5913.801033,0.689266142,1.557840693,56.64477792,0.146075588,0.337102719,2.110428806,0.199485527,0.459029789,0.426623393,0.334134639,0.830926925,1755.996046,N/A,0.689661017,1.59155001,43.70682552,0.148783373,0.336871106,2.160268069,-0.597144116,0.567432835,0.220934943,0.203266132,1.147588587,N/A,N/A,0.697813782,1.579970236,48.21237519,0.150328689,0.336847387,1.878229769,-0.179873929,0.42098013,0.352327849,0.325641336,0.899203919,1952.612554,N/A,0.687255057,1.539959353,38.04164186,0.147577474,0.338689394,2.162064607,-0.243984658,0.494418736,0.496672549,0.317530053,1.22690484,621.3518555,N/A,0.701014332,1.608823574,322.0042545,194.001656,68.0002272,154.0010544,78.0002992,164.0011552,148.00096,198.0017072,364.0054369,2.0000016,34142.594,11879.65182,2.0000016,152.0009952,49692.69318,7420.20403,346.0052081,252.002752,80.0003456,172.001312,78.0002992,104.0005824,150.0009616,170.0012336,350.0052273,0,35323.92736,11959.72938,4.0000032,156.0010464,50090.24383,7462.232189,300.003792,224.0021408,72.0002656,134.0008752,44.000096,140.0008448,148.0009568,160.0011616,328.0044257,0,34958.84744,11497.29473,8.0000064,170.0012496,50178.54936,7444.221764,312.0042465,248.0027104,66.0002352,152.0011392,64.000288,140.000848,136.0008544,180.0014432,346.0049649,0,34812.45744,11579.37072,6.0000048,144.0009184,50254.87483,7222.091747,332.0047265,250.0026768,84.0003168,142.0008656,74.0002576,130.0008048,136.000864,218.0021744,346.0049489,0,35109.29666,11871.65028,4.0000032,174.001352,50793.1554,7544.287278,330.0044433,230.0025808,60.0001824,104.00048,56.0001696,88.0003808,146.0010768,194.0015536,322.0044177,2.0000016,35159.42198,11827.61153,6.0000048,146.0009328,51009.9363,7592.311318,326.0045169,216.0020416,62.0002064,130.0007888,64.0002336,116.000656,140.000928,166.001192,386.0065809,0,33162.09097,11179.03104,4.0000032,124.0006592,48084.62442,7023.989802,244.0025568,234.0023152,76.0002656,108.0005216,62.0001872,104.0004896,138.0009776,198.001688,318.0043185,0,34848.71553,11739.52533,0,170.0013488,49939.84988,7430.21929,306.0041297,242.0026064,68.0002368,138.000824,86.000328,132.0008224,166.0012848,194.0016528,350.0050993,0,35706.95681,12027.7951,4.0000064,162.0012016,51955.90262,7810.462713,274.0030928,220.0022432,62.0001744,136.000832,58.0001776,112.0005472,130.0008432,204.0017888,360.0057153,0,35418.17124,11995.75895,12.0000128,196.0017984,50524.17567,7456.23022,309.2040967,231.0023723,69.8002456,137.0008693,66.4002336,123.0007131,143.8009707,188.2015595,347.0051135,0.40000032,34864.24794,11755.74189,5.00000464,159.4011502,50252.40055,7440.625035
29,Dupont6002-174,7.489020909,129.8007691,96.000472,78.10726889,90.20040976,59.4131527,193.8681237,174.0857,433.0078307,1.0000008,35022.65572,12199.36259,6.40000672,175.0013711,50007.73899,9135.946836,23.91043702,13.70982601,18.80916123,10.54215742,12.38108533,12.24984428,14.1353592,20.85652289,26.90402595,1.414214694,244.7647617,273.1099432,3.627064057,25.32054883,586.1809701,179.3242798,319.2732042,10.56220707,19.59277995,13.49702476,13.72619632,20.6180681,7.291224017,11.98060661,6.213288546,141.4213562,0.698875504,2.238723058,56.67281638,14.46877169,1.17218051,1.962842856,53.29538399,0.182701542,0.348316644,2.19750822,0.041812813,0.495466659,0.404794973,0.309971578,0.899684548,2019.925282,5331.973673,0.700431497,1.335617845,8.425904659,0.00357905,0.006840811,0.417447903,0.124282472,0.093768418,0.062643107,0.076014972,0.106274071,1405.634211,1623.480775,0.009584613,0.033242616,15.80982072,1.958959846,1.963963382,18.99642055,297.2353725,18.92527297,15.47526796,24.52320727,11.81237041,69.58842605,30.44802685,1.368386968,2.488931669,65.4665128,0.181760191,0.355063598,1.815471799,0.190725655,0.42841596,0.413783413,0.295508187,1.006609192,654.6681357,6245.117429,0.697611594,1.362765304,45.06489633,0.181599886,0.351297555,2.571196835,-0.145147642,0.550186108,0.400397087,0.167948841,0.823971629,1547.24087,6138.013095,0.683579567,1.322356722,61.06177494,0.183346886,0.355015198,2.093654075,-0.083206588,0.689917111,0.391333195,0.407503228,1.057521267,4640.721763,N/A,0.691095849,1.338171237,60.5614134,0.185945194,0.35044231,2.535612727,0.112011727,0.394381827,0.393399186,0.28465111,0.77653909,2301.347566,N/A,0.714056301,1.345748896,42.02398464,0.175265129,0.3487899,1.927358566,-0.090131082,0.435829715,0.496788355,0.252956768,0.947464482,1456.843234,N/A,0.699263573,1.39158356,45.55672622,0.179899151,0.341819203,3.009213124,-0.047185191,0.543785356,0.310907533,0.356249727,0.771454674,4464.594595,N/A,0.701619,1.333118286,48.18570177,0.183085204,0.351770203,2.347584734,0.102932657,0.455688642,0.332405158,0.307112045,0.958019854,915.535365,N/A,0.699694798,1.344356487,49.21123587,0.182532495,0.353288814,1.93552308,0.198780708,0.52839746,0.515426603,0.391180024,0.775875073,1144.168788,N/A,0.697334764,1.349680622,62.24952081,0.188445629,0.340902223,2.114470423,0.050671102,0.544900213,0.399888366,0.249976057,0.896418454,1556.247449,6044.918729,0.715725999,1.294763831,53.57207313,0.185135654,0.334777438,1.624996839,0.128676788,0.383164195,0.393620836,0.386629789,0.982971766,1517.885053,2899.845436,0.704333522,1.273633505,198.0017744,116.0005824,84.000384,120.000656,108.0005888,96.000416,202.001848,262.0029904,464.0087842,2.0000016,35177.48632,12490.24485,14.0000208,140.0008512,50425.60451,9165.367517,166.0011888,142.0009296,116.0006528,132.0007584,82.0003088,82.0003376,216.0019648,230.0023312,404.0071265,2.0000016,34944.83762,12276.03601,6.0000048,206.001864,51120.36597,9283.452646,192.001632,150.000968,130.0008656,124.000896,90.000392,126.0006832,194.001672,260.0030336,436.0077921,0,34984.8986,12420.1707,2.0000016,152.0010016,50622.35383,9281.450951,190.0016048,120.0006176,84.00032,124.000656,84.0003552,100.0004448,218.0020368,220.002272,392.0064481,0,35350.05148,12388.15369,4.0000032,152.0010368,49505.97231,9205.397627,182.0014352,144.0009216,84.0003872,144.0009728,100.0004448,96.000432,198.0019792,240.0025824,412.0070081,0,34874.64601,12163.9243,6.0000048,208.0018464,49873.3916,8741.0664,190.0015536,144.00088,108.0005376,110.0005648,66.000232,118.00068,204.0018304,212.00208,422.0074225,0,34824.47685,11903.67491,2.0000016,196.001712,49634.45524,8929.196333,198.0016816,128.000704,92.0003936,110.0005968,86.0003472,104.000544,208.0018496,260.0029472,478.0094866,0,34988.94681,12308.06892,10.000008,190.0016112,50006.01247,9155.360975,200.0017696,120.0006688,90.0003952,128.0007552,88.0005408,106.0004976,176.0013024,194.0015824,444.008077,0,34968.88061,12354.11436,8.0000096,186.0014512,50146.47543,9153.361288,176.001376,120.0008064,106.000552,118.0007952,92.0003616,88.0003456,200.0017888,234.0023376,428.0075713,2.0000016,35464.26606,12089.84713,6.0000048,150.0010288,49550.05979,9337.492164,180.0014432,114.0006128,66.000232,106.000552,106.0005264,104.0005248,178.0014288,232.0023008,450.0085906,4.0000032,34648.0668,11599.39102,6.000008,170.0013072,49192.69876,9107.322462,187.2015459,129.8007691,96.000472,121.6007203,90.20040976,102.0004906,199.4017701,234.4024458,433.0078307,1.0000008,35022.65572,12199.36259,6.40000672,175.0013711,50007.73899,9135.946836
30,Dupont6002-209,8.148006501,102.6004936,70.00025728,49.62113765,65.00021168,36.53726635,141.2079093,124.4170896,422.0074542,0.60000048,35026.53467,24854.75921,12.20001616,266.0030599,50174.70936,25504.26131,28.61769898,15.4935123,9.888314487,9.412916213,9.580126151,17.40162248,29.01477159,15.48977413,22.60850084,0.966092556,520.4693911,480.8666761,4.467174093,31.34114283,951.4398119,482.9797623,351.2233204,15.10081653,14.12611163,18.96956954,14.73860762,47.62705102,20.54755411,12.4498766,5.35737002,161.0152972,1.485928871,1.934706637,36.61613259,11.78224899,1.896253758,1.893721823,96.99004781,0.508328623,0.709616933,2.204916061,0.043061593,0.51687033,0.363476737,0.264108463,0.914327455,2326.469423,12284.10343,0.698192867,0.974620262,10.7124548,0.004657653,0.010436654,0.524939119,0.203809921,0.134755962,0.093297999,0.127241921,0.214612761,737.8207325,301.353559,0.009396349,0.014350252,11.04490104,0.916268096,1.470744748,23.80766905,473.2986098,26.07152198,25.66821746,48.1779036,23.47219912,31.71418138,2.45319946,1.345809906,1.472394151,81.38016549,0.512108346,0.717189704,2.683906099,0.045556634,0.306839977,0.328068937,0.363698634,0.62519766,3214.556381,N/A,0.701750434,0.98277677,104.0431805,0.508679413,0.695611391,2.366709006,0.370218556,0.481211904,0.386334541,0.308108395,0.698272173,1445.056838,12519.54322,0.703943912,0.962632636,104.9965249,0.512718958,0.713348907,2.018496414,-0.08768279,0.450380236,0.30363329,0.12997792,0.809955551,2519.938337,N/A,0.706231964,0.982584692,102.0244346,0.506881432,0.710923719,2.477443881,0.121349475,0.416255896,0.318383465,0.171683993,0.786214428,2571.040233,N/A,0.699930045,0.981682971,81.00061537,0.499893067,0.724588879,1.541348308,-0.312558282,0.629701164,0.557969272,0.297882471,1.235031085,1839.893917,N/A,0.680505796,0.986384817,91.11183658,0.511417438,0.702315378,3.274302258,-0.103486426,0.40721197,0.19874948,0.191780984,0.91309292,1560.307053,N/A,0.710068186,0.975116939,114.1603009,0.506562092,0.712683824,2.046389097,-0.087606953,0.63345581,0.402246146,0.500574025,1.141146616,3196.516417,N/A,0.683487175,0.961600288,95.18593356,0.514967826,0.710384345,2.178069286,0.301438423,0.474426357,0.381400384,0.248470888,0.872732821,1313.579273,N/A,0.696104819,0.960257985,103.4587655,0.507241132,0.690912474,1.562525832,0.151193813,0.625106011,0.336085817,0.073273927,0.83875188,2503.724657,11944.48255,0.70048997,0.95413646,92.53872067,0.502816531,0.718210705,1.899970431,0.032193479,0.744113972,0.421896039,0.355633388,1.222879418,3100.081123,12388.28452,0.699416372,0.99902906,108.0005728,72.0002464,56.0001952,84.0003488,68.0002144,90.0003696,188.0014944,174.0012592,430.0075569,0,35239.70123,25273.55091,8.0000064,316.0041697,50216.85708,25716.47162,196.00176,96.0004608,82.0003216,98.0005552,72.000304,84.0003648,176.0013152,180.0014752,438.0080786,2.0000016,35995.8258,25039.10646,18.0000336,250.0026576,51134.50826,26011.07164,160.0010624,124.0007648,60.0001952,82.0003856,66.000216,58.000184,138.0008272,160.0011936,374.0058801,0,34710.31324,24760.564,10.0000144,240.002416,49148.60132,25199.41966,166.0012368,106.0005008,66.0002544,86.0003952,64.000208,62.0002096,164.0011136,184.0014112,426.007861,0,35502.39182,25239.49242,10.0000112,252.0026816,50722.7716,25710.43112,114.0006256,106.0005392,66.0002512,94.000392,68.0002176,66.0002,110.0006096,186.0017264,406.0071121,0,35065.17258,25407.83408,14.0000144,318.0042673,51528.10277,25758.54134,134.0008176,110.000504,72.0003008,72.0002656,54.0001552,70.0002544,182.001416,218.0021296,406.0068465,0,34662.11811,24343.7386,16.0000192,274.003288,48815.19665,24964.9428,162.001128,124.000688,70.0002384,86.0003088,54.000152,96.0004384,116.0006272,186.0015984,430.0076113,0,34503.64342,24590.18852,8.0000064,224.0021408,50481.77157,25572.1518,164.001168,90.00036,62.0001872,80.00032,60.0001728,62.000216,136.0009184,172.0012768,416.0071169,0,35512.52823,25227.54411,20.0000352,276.0032992,51016.0643,26271.6317,156.0011808,98.000408,84.0003168,78.0002768,86.0003152,42.0000944,140.0008192,174.0014064,440.0079777,2.0000016,34575.99204,23888.98421,10.0000144,242.0025264,49359.72466,25037.28262,142.0009072,100.000464,82.000312,80.0003584,58.0001616,72.000224,116.0006176,198.0016688,454.008501,2.0000016,34497.6602,24776.58885,8.0000064,268.003152,49323.49538,24800.66883,150.2010459,102.6004936,70.00025728,84.00036064,65.00021168,70.20025552,146.6009758,183.2015146,422.0074542,0.60000048,35026.53467,24854.75921,12.20001616,266.0030599,50174.70936,25504.26131
31,SN3,0.015474125,1.0000008,0.40000032,-0.135078642,0.60000048,-0.128097834,0.387220757,0.260703084,1.0000008,0,37048.24,69796.73214,11.80001456,321.4044498,53699.04946,37929.86819,2.407938571,1.054093397,0.843274717,0.613049528,0.966092556,0.815739727,0.843468365,0.791264699,1.414214694,0,1511.261809,2536.353391,4.366546938,36.23534361,2086.725127,1388.150754,15561.06426,105.4092553,210.8185107,453.8463806,161.0152972,636.8099314,217.826227,303.5118294,141.4213562,N/A,4.079173017,3.633914244,37.00458941,11.27406408,3.885962877,3.659782699,119.155403,0.706428282,1.884357894,-0.004259851,27.61134409,-15.65,10.62094241,2.378839442,-1.313220065,3597.031056,N/A,0.689964765,1.840267022,11.85156655,0.006749303,0.020162184,0.007378278,46.99398875,34.99446385,14.24241772,26.55584322,16.01302438,1183.612729,N/A,0.01218848,0.020553368,9.946310664,0.955412307,1.069976334,173.2050808,170.1981207,223.6067977,134.0974951,1116.33609,1219.370981,32.90526857,N/A,1.766536523,1.116868767,143.0635311,0.712959513,1.85741923,0,N/A,N/A,N/A,N/A,N/A,3218.963252,N/A,0.697926554,1.818255005,102.277373,0.69533701,1.886166881,N/A,N/A,N/A,N/A,N/A,N/A,2703.084837,N/A,0.683763251,1.854771974,125.0549297,0.70661231,1.862259619,N/A,N/A,N/A,N/A,N/A,N/A,4720.876584,N/A,0.704322347,1.856224478,121.37427,0.701285842,1.909569818,N/A,1.012944984,0,0,0,-0.141100324,1905.600235,N/A,0.673528804,1.833988651,115.12011,0.71244392,1.889845947,-0.012779553,108.3391507,0,26.21989529,25.67364747,10.9,4777.547284,N/A,0.705375587,1.871096319,116.2692629,0.698412085,1.899131344,N/A,30.08915067,-78.25,26.21989529,25.67364747,10.9,3906.698556,N/A,0.669971651,1.821795741,114.8092494,0.712609917,1.872716439,N/A,0,0,0,-39.125,-28.225,3195.563528,N/A,0.698073647,1.83451558,105.1132942,0.712722589,1.859239828,0,N/A,N/A,N/A,N/A,N/A,4861.560874,N/A,0.694010119,1.810425648,118.0864475,0.701528853,1.898654893,N/A,N/A,N/A,N/A,N/A,N/A,4782.561492,N/A,0.688912286,1.864508748,130.3855617,0.710370785,1.908574942,N/A,-1.384525887,0,0.664921466,-0.328097731,0,1897.853915,N/A,0.683763405,1.837088079,0,2.0000016,2.0000016,0,2.0000016,0,0,0,0,0,37813.13612,70234.84616,12.000016,270.0031952,54179.24838,38627.61052,2.0000016,0,0,0,0,0,0,2.0000016,0,0,37213.34148,70190.57223,14.0000176,370.0059377,54424.30754,37843.23529,4.0000032,0,0,0,0,0,0,0,0,0,37644.66393,70104.13749,8.0000096,302.003752,53448.06122,37767.05799,2.0000016,0,0,0,0,0,2.0000016,0,2.0000016,0,36603.57055,69897.07356,20.0000256,314.0043889,54345.96163,38112.05348,0,2.0000016,0,0,2.0000016,0,0,0,2.0000016,0,37841.21473,71514.06631,8.0000064,332.0046241,53646.9016,38220.40885,2.0000016,2.0000016,2.0000016,0,0,0,0,0,2.0000016,0,37476.15868,71172.14762,10.0000112,336.0047905,55936.93198,39067.02932,0,0,0,0,0,2.0000016,0,2.0000016,4.0000032,0,37564.60083,70347.8455,12.0000192,334.0046545,53811.80192,38346.82369,2.0000016,2.0000016,0,0,2.0000016,0,0,0,0,0,37871.39843,70412.0123,8.0000064,370.0057009,54568.94268,38892.51811,2.0000016,0,0,0,0,0,0,0,0,0,37572.43049,71337.07898,8.0000064,324.0043489,54538.77257,38260.52255,0,2.0000016,0,2.0000016,0,0,2.0000016,0,0,0,32881.88476,62757.54128,18.0000272,262.0031056,48089.56506,34161.42209,1.40000112,1.0000008,0.40000032,0.20000016,0.60000048,0.20000016,0.40000032,0.40000032,1.0000008,0,37048.24,69796.73214,11.80001456,321.4044498,53699.04946,37929.86819
32,Dupont6002-292,5.005738398,62.4002064,66.00022048,55.29132936,64.00020672,47.52686489,141.3625579,115.7424163,441.2081333,0.80000064,35779.00542,26299.88875,9.40000976,338.4048606,51513.31181,33337.48512,21.87598775,11.06755036,8.692304152,9.943924425,9.888317435,12.76017556,17.755657,24.05405477,19.55575004,1.032796385,786.2944244,525.4541787,3.777128485,14.81185032,1394.649314,882.8105104,437.0181982,17.73640024,13.17011381,17.98460001,15.45044609,26.8483427,12.56036765,20.78240245,4.432318574,129.0994449,2.197641928,1.997933086,40.1821762,4.376961459,2.707357118,2.648101701,98.63510094,0.647189696,0.735139666,2.271649727,0.029935647,0.46997117,0.399785516,0.334302924,0.834210908,4168.29367,13122.26972,0.694658089,0.789112229,3.877606664,0.005334006,0.008651938,0.567499734,0.160289737,0.058656572,0.101188272,0.075345149,0.213635135,1903.54851,125.1162338,0.005540945,0.013314022,3.931264455,0.824179637,1.176910717,24.98183268,535.4477058,12.48088724,25.31063974,22.5379869,25.60924744,45.66733201,0.953464885,0.797650698,1.687215258,100.4235358,0.653566531,0.737237246,2.566996815,0.162859539,0.480458133,0.315184109,0.279400175,0.719444293,4117.416304,N/A,0.703226501,0.793254771,91.59134673,0.657391761,0.742989626,2.038769295,0.021429838,0.457792391,0.473200921,0.297119842,0.867777892,8380.730594,13191.9236,0.696366321,0.787038997,100.6368603,0.641010441,0.721677251,2.39385307,-0.105127714,0.367101826,0.319979875,0.310149091,0.914783721,2400.938366,13025.56909,0.68839807,0.775028291,100.8086938,0.642980739,0.729587868,1.950485159,0.045273298,0.542851384,0.426560294,0.399138486,1.217613863,5510.944886,N/A,0.694068632,0.787557111,104.4966423,0.646384684,0.734862912,1.90891273,0.254583505,0.49830426,0.472282905,0.435824106,0.807386493,2838.863221,N/A,0.691480725,0.786131775,98.03994184,0.643513866,0.742693016,3.682962336,0.023904161,0.478393794,0.249317145,0.407089691,0.504588571,3117.708143,N/A,0.701001292,0.809040475,94.08521937,0.650411919,0.737129171,2.44539456,0.085559433,0.408931984,0.374140582,0.274761892,0.639608218,4186.853493,13263.06008,0.698780657,0.791946751,100.0168285,0.649276393,0.724921473,1.822734732,0.203380796,0.565251017,0.442522239,0.412521583,0.963199412,5667.696422,13008.52609,0.685233639,0.765067979,100.9488306,0.642707814,0.730663898,2.154488743,-0.129120162,0.43684448,0.331350067,0.321034609,0.655962562,2145.192143,N/A,0.692696014,0.787493101,95.30311019,0.644652805,0.749634203,1.751899833,-0.263386221,0.46378243,0.593317026,0.205989763,1.051744053,3316.593127,N/A,0.695329037,0.808563035,122.0007952,70.000232,74.0002672,72.0003008,60.00016,66.0001936,160.001168,176.0013056,468.009213,0,35442.20333,26129.31237,8.0000096,328.0044833,50399.41366,32939.36996,94.0004592,66.0002256,56.0001664,80.0002976,60.0001952,58.0001712,128.000784,168.0013696,444.0083682,2.0000016,35510.41278,26383.86831,4.0000032,366.0056369,50993.86876,33522.9492,72.0002848,64.0001888,58.000184,72.0002496,66.0002128,70.000264,164.0013184,210.0020016,470.009125,2.0000016,36098.07431,26051.15903,14.0000144,334.0045745,52437.79127,33613.1717,78.0002896,52.0001376,72.0002432,74.0002864,68.0002272,70.0002352,138.0009392,220.0021152,420.0072865,0,35692.92332,26041.12384,6.0000048,328.0044065,51425.63962,33065.69577,98.0005168,42.0000784,78.00028,88.0004448,82.0003088,82.0003024,162.0011792,186.0015952,428.0076161,0,36443.10987,26780.68983,12.0000192,326.0048593,52703.00177,34066.41316,84.0003392,58.0001648,74.000232,58.0001744,42.0000944,82.000296,160.0011552,136.0008096,416.0074721,0,33962.27028,25223.54096,10.000008,318.0041297,48448.22779,31177.10638,102.0005488,64.0002464,64.0002432,80.0002944,64.00024,64.000176,162.001144,160.001248,430.0076369,2.0000016,35985.74366,26526.14139,8.0000064,356.0054913,51497.91039,33494.85474,102.000568,56.0001632,68.0002048,72.0002752,66.0002224,68.0002432,126.0006832,178.001416,446.0082162,2.0000016,35889.50523,26017.07299,6.000008,340.0050209,52375.57413,34006.22387,78.0002896,70.0002288,64.0002048,72.0002464,68.0002144,70.0003152,152.0010016,156.0010784,430.0076305,0,36992.6738,27029.21125,16.000016,340.0050145,53403.90743,34323.10862,84.000304,82.0003984,52.0001792,94.0004208,64.000192,50.0001136,118.000632,182.0014672,460.0087682,0,35773.13759,26816.7675,10.000008,348.0049889,51447.78325,33165.9578,91.40043952,62.4002064,66.00022048,76.20029904,64.00020672,68.00023104,147.0010005,177.2014407,441.2081333,0.80000064,35779.00542,26299.88875,9.40000976,338.4048606,51513.31181,33337.48512
33,Dupont6002-296,-5.577679005,76.40030112,25.60004768,24.20003654,26.600052,15.53333294,56.06598357,45.05750904,104.40052,0.40000032,35452.06447,7332.356354,5.80000528,124.2007182,51146.54156,2572.666898,32.25724627,12.71228925,6.380547861,7.128156488,4.427210127,7.702201521,9.097672481,14.16181805,13.19271255,0.843274717,373.0949427,157.2354733,2.740643662,17.37065365,701.7822146,55.00020278,578.3274055,16.63905648,24.92396866,29.45514762,16.64361456,49.5849896,16.22672412,31.43053921,12.6366349,210.8185107,1.052392712,2.144405778,47.25243391,13.98595266,1.372101012,2.137867239,21.06551584,0.050306443,0.206836173,2.191951139,-0.092038798,0.473098594,0.432223376,0.287275107,0.824348825,544.5308257,3694.593391,0.693246791,2.851303095,2.831666224,0.001183298,0.004514366,0.648414496,0.602611711,0.172041046,0.11589629,0.166371299,0.270051685,288.3588796,26.18205515,0.010794682,0.088100471,13.44218792,2.352179991,2.182580292,29.58161266,654.7366131,36.36473423,26.81398011,57.91358011,32.75939468,52.95547396,0.708658637,1.557119647,3.08983185,23.6060352,0.048419465,0.213696272,1.962513933,0.493982779,0.543519927,0.213067646,0.153427638,0.742955989,312.7814488,N/A,0.687489035,3.034189741,23.44097368,0.051814367,0.205439779,2.920771418,0.279284324,0.582038629,0.442936848,0.280353137,0.936862772,445.3808003,N/A,0.688801929,2.731043987,17.84455011,0.04888725,0.200789975,1.496335791,-0.879840743,0.393116783,0.455891245,0.506180196,0.781159863,624.5626088,N/A,0.693318915,2.847603189,21.21872737,0.051046307,0.201967096,1.794054218,-0.758410637,0.514520314,0.582540534,0.081786215,0.969753533,636.5647579,N/A,0.709525602,2.807271163,24.45525286,0.051060126,0.210381131,1.379279697,0.593703237,0.880377142,0.308009438,0.577790779,0.956915522,216.0222687,N/A,0.689100729,2.839276032,15.96353826,0.049252314,0.213087575,2.164995256,-1.030236319,0.296932175,0.37103567,0.085618064,0.90656764,1261.127492,3713.106899,0.680529528,2.944275598,22.73909643,0.049851369,0.202567061,1.686476066,0.398457875,0.355771239,0.577636875,0.309479767,1.238824251,432.0446756,N/A,0.678032522,2.755131079,21.18241718,0.050510849,0.208425839,3.334832507,-0.274380611,0.329851735,0.477586266,0.216498758,0.95644815,430.7110585,N/A,0.699596479,2.886785409,22.03608908,0.05181204,0.206424438,2.495210716,0.147132889,0.462424258,0.388500946,0.273149894,0.365959906,650.0675191,3676.079882,0.70968571,2.827460051,18.16847817,0.050410346,0.205582559,2.685041788,0.109919224,0.372433732,0.505028293,0.388466619,0.388040628,436.0456273,N/A,0.696387462,2.839994696,126.0006736,70.000232,32.0000704,36.000064,30.0001008,32.000064,60.0002208,56.0001856,88.0003392,0,35528.51955,7592.31218,8.0000064,106.0005872,51678.67085,2502.253592,116.0007552,72.000256,34.0000848,50.0001232,20.0000288,40.0000928,60.0001856,72.000256,124.000672,0,35524.44029,7298.133178,6.0000048,114.00068,51574.24619,2672.28694,66.0002,80.000368,20.000032,50.0001232,34.000088,52.0001344,52.0001536,52.0001312,88.0003424,0,35430.213,7114.031597,4.0000032,140.000864,51102.33144,2498.252434,92.0004928,92.0003872,24.0000448,58.0002352,26.0000368,34.0000752,48.0001152,60.0001856,106.0005424,0,35392.12771,7148.045272,4.0000032,120.0006496,49881.39627,2546.261069,106.0005552,60.000176,34.0000752,32.000064,28.000048,42.0001424,40.000096,52.0001408,108.0005152,0,34984.93436,7360.170051,12.0000128,106.0005392,50768.97015,2592.26999,76.0002944,100.0004448,18.000024,56.0001792,28.0000544,38.0000848,62.000184,70.0002864,108.000576,2.0000016,34850.55262,7426.21974,2.0000016,158.0011248,51210.93382,2522.257001,106.0006096,62.0002,18.000024,50.0001136,30.000056,36.0000608,52.0001344,78.0003024,110.0005616,0,35257.67697,7142.043994,6.0000048,114.0005776,51999.9791,2592.270127,98.0004624,84.000416,22.0000304,60.000176,20.0000224,42.000104,68.0002464,78.000344,102.0005616,0,35793.203,7460.228364,6.0000048,122.0006384,51162.64027,2584.268418,112.0006304,74.0002736,30.000056,50.0001392,26.0000528,42.000088,66.000216,36.0000736,88.0003904,2.0000016,35616.74045,7352.165646,4.0000032,118.0006192,50186.6389,2600.272157,104.0004832,70.0002576,24.0000352,56.0001568,24.000032,48.0001376,66.0002032,42.0001072,122.0006992,0,36142.23674,7430.213519,6.000008,144.0009024,51899.60866,2616.277252,100.2005157,76.40030112,25.60004768,49.80013744,26.600052,40.6000984,57.40017552,59.60020128,104.40052,0.40000032,35452.06447,7332.356354,5.80000528,124.2007182,51146.54156,2572.666898
34,McClure4863-31,16.96789114,581.614033,374.8059332,300.7239481,346.6050348,199.1801519,734.0537966,641.9222673,1844.337599,0.60000048,35961.50098,71312.20821,12.000016,474.6093748,51512.01463,50927.63867,79.62696947,45.50965442,19.96055222,35.74381868,17.53901788,40.14941984,25.28431609,30.06466283,81.21107996,1.349898195,383.7489155,869.4080746,3.399352827,32.40246403,705.6335158,637.5983739,469.2802942,7.824717396,5.325569968,11.88592359,5.060231711,20.1573397,3.444477259,4.683536366,4.403265432,224.9828526,1.067110396,1.219157416,28.32790246,6.827185839,1.369842591,1.251969246,107.7591685,0.988730425,1.983050795,2.122329917,0.023210407,0.511036136,0.409733775,0.271504531,0.876148045,4554.462585,26811.49617,0.698167068,1.400332421,7.580793153,0.011586603,0.017042488,0.121715442,0.106885058,0.030746595,0.047702384,0.054117401,0.063367807,1245.869835,12761.86633,0.006267372,0.013810876,7.034940282,1.171866787,0.859407535,5.734991587,460.5048829,6.01652063,11.64228752,19.93241172,7.232545626,27.35492524,47.5984863,0.897689446,0.986256928,103.0632637,0.974279899,1.998552478,2.138510579,0.040386578,0.507053602,0.479388412,0.310238492,0.997386626,3651.453381,N/A,0.6885496,1.41243036,120.6664467,1.000270158,1.986370853,2.087603901,-0.07899427,0.505930001,0.422830408,0.264549223,0.83319471,3706.245214,N/A,0.702963369,1.395968814,107.7538527,0.981926316,1.997877897,1.94054392,0.078926788,0.489975376,0.392891846,0.285618422,0.893940564,5172.277237,N/A,0.690211923,1.404340757,91.96189327,0.97840303,1.970453155,2.214399091,0.062110684,0.491911021,0.443120937,0.311244133,0.87721851,4215.016614,35835.49839,0.703581589,1.416976971,112.4565941,1.003916676,1.960796434,2.229145656,-0.048178456,0.539425058,0.299321434,0.187296992,0.92738044,5150.602018,N/A,0.700468044,1.368116772,114.7406704,0.990282834,1.9795598,2.069687781,0.152426395,0.512367448,0.428751219,0.34111458,0.837801032,3184.106247,N/A,0.69757971,1.394450862,107.1561532,0.994103539,2.010793548,1.941939083,-0.056083934,0.576045758,0.406726457,0.270361211,0.934290395,6349.121611,17787.49395,0.692524412,1.400783283,106.4784394,0.993831017,1.986310658,2.172138616,0.009438011,0.468313586,0.398221942,0.173237426,0.816267949,6308.963938,N/A,0.697294491,1.393640825,108.0306373,0.999281987,1.983131951,2.324408281,0.207590743,0.489744714,0.438946248,0.30843348,0.856295887,5034.317629,N/A,0.708323286,1.405707857,105.2837345,0.971008793,1.956661179,2.104922257,-0.135518468,0.529594792,0.387138849,0.26295135,0.787704334,2772.521962,N/A,0.700174259,1.410907709,804.0264329,560.0127587,360.0055553,528.0116611,332.0044673,404.0067137,734.0224535,970.0381119,1880.143109,0,36128.16711,72204.03789,14.0000208,496.0101346,52469.95583,51120.42329,808.0266473,626.015762,376.0061473,524.0111426,356.0052577,402.0067953,766.0238904,868.0312044,1786.128696,0,36465.15917,72433.32933,14.0000176,430.0076753,51873.48416,51887.49822,812.0265961,546.0127763,348.0051425,462.0086994,366.0057681,382.0061137,734.0220183,894.0336029,1860.139457,0,36356.83905,72636.52514,10.0000176,480.0094114,52674.89279,51722.8634,816.0271337,556.0125635,366.0055377,516.0112355,336.0045889,414.0071153,768.0245128,914.0340989,1876.142072,2.0000016,36372.87896,71671.05412,12.0000128,550.0131795,51696.74639,50580.25332,876.0311595,658.0180341,392.0064449,438.0080754,326.0045361,352.0051201,750.0232183,928.0348077,1824.134484,0,35937.60564,70466.32898,10.0000112,458.008517,51305.13229,51506.07787,904.0330028,570.0134419,386.0061745,514.0108466,364.0054497,444.0082114,776.0246248,878.0327837,1772.127222,0,35887.46795,71041.38888,16.0000256,444.0080513,51445.68773,50945.78147,806.0264249,610.0151028,396.0065217,484.0097986,354.0052913,386.0062001,712.0209158,910.0340381,1922.149056,4.0000032,35384.05659,71150.0327,8.0000096,474.009493,51094.30942,50793.03384,788.0251784,564.0131779,354.0052081,490.0106003,348.0048993,316.0041921,778.025052,858.0299611,1730.120938,0,35412.13136,70339.49394,8.0000064,474.009125,50785.04396,50471.75188,854.0301371,506.010645,362.0056625,494.0101554,318.0044465,394.0063889,762.0236631,882.0313755,1788.129427,0,35684.90623,70767.87772,10.0000112,466.0088466,50379.40574,50343.23267,754.0230487,620.0160676,408.0069377,506.0110419,366.0056433,406.0071153,796.0257128,886.0319324,2004.161533,0,35985.79771,70412.01337,18.0000272,474.0093138,51395.48797,49905.47074,822.2275761,581.614033,374.8059332,495.6103257,346.6050348,390.0063966,757.6236062,898.8331917,1844.337599,0.60000048,35961.50098,71312.20821,12.000016,474.6093748,51512.01463,50927.63867
35,McClure4863-50,6.803081662,33.80007696,13.60001568,14.07436792,15.60002464,9.910306794,31.27163036,26.66011506,57.00018288,1.0000008,35124.56166,6312.399449,7.80000944,132.2007973,50490.73502,4209.914211,16.65558927,7.568966539,5.561782582,7.33823857,4.788889423,6.578100981,11.63356022,12.06988983,13.96032762,1.943652187,889.7018463,186.5748916,4.848832118,18.79618686,1307.432072,184.0984754,244.8241855,22.39334114,40.89541301,52.13902756,30.69796063,66.37636067,37.20164279,45.27320983,24.49172427,194.3650632,2.532990603,2.955688927,62.1644391,14.21790734,2.589449472,4.372974512,32.33551044,0.083346645,0.17972886,2.202404644,0.355751718,0.454355333,0.475961757,0.343918056,0.993439871,677.7397762,2434.721448,0.695770483,1.50073708,3.976054606,0.001725764,0.003644908,1.072132627,0.572312008,0.174354201,0.257892144,0.281746939,0.647097833,508.4772958,1192.846127,0.012091793,0.04369843,12.29624816,2.07058571,2.028003587,48.68009291,160.8739968,38.37397485,54.18337509,81.92269467,65.13709095,75.02544688,48.99312516,1.737899749,2.911797866,31.59956232,0.085535639,0.18408604,1.762938856,0.414620262,0.51051071,0.300544547,0.421911298,1.075498976,N/A,N/A,0.679339191,1.462043929,26.93937909,0.082335947,0.181361363,2.739441881,-0.520953324,0.365037665,0.53916945,0.140083101,0.455850483,296.3348941,N/A,0.709723518,1.563307757,30.94716758,0.08470387,0.180506162,1.328675161,1.237584665,0.188157314,1.001866173,0.538038379,1.783769945,355.8940282,N/A,0.712850677,1.519103439,32.62423738,0.082425588,0.180368712,1.971884344,-0.452432941,0.405702755,0.251970748,0.20763055,0.503855941,293.6195085,N/A,0.688312801,1.506208168,35.89139008,0.084494424,0.178485339,1.583599997,0.445412626,0.420981786,0.628718712,0.955474894,0.375452883,437.8768173,N/A,0.69079518,1.459230151,25.5824851,0.082965087,0.182295755,0.56203378,1.163576309,0.741354748,0.391248156,0.111266933,2.107532945,707.7861992,3173.807369,0.680261366,1.494710163,36.69163654,0.079462156,0.177575575,2.551439357,0.253355926,0.391935508,0.154721972,0.319704138,1.125119005,1871.2818,N/A,0.704649732,1.574694004,31.72590317,0.084656388,0.177562627,2.080786188,0.132159547,0.686553655,0.752692992,-0.061107404,1.597193401,539.3431838,1058.602171,0.701837952,1.472070723,33.36489977,0.083359285,0.183427448,4.502881976,0.509146465,0.266495907,0.324399347,0.329670363,0.564381122,533.8408253,N/A,0.68716828,1.512075395,37.98844335,0.083528061,0.171619579,2.940364904,0.375047649,0.566823283,0.414285474,0.47650831,0.345744014,1063.680729,3071.754806,0.702766136,1.443927074,70.0002288,40.0001152,18.0000208,24.0000352,20.0000416,28.0000544,36.0000672,46.00012,58.0002096,0,34633.96655,6375.629744,0,138.0007984,50981.84681,4360.764829,38.0001072,46.0001008,18.0000176,42.0001072,18.0000272,22.0000304,50.0001264,30.0000688,54.0001712,0,35761.118,6485.685095,14.0000176,154.0010896,50387.39328,4148.693733,54.000152,20.0000288,4.0000032,28.0000768,16.000016,18.0000272,22.00004,46.0001072,58.0001648,0,35941.63597,6487.686758,12.000016,138.0008048,50419.58595,4270.734033,32.0000928,36.0000832,16.0000192,22.000024,20.0000512,20.0000352,40.0000896,26.0000528,44.000112,0,34327.11323,6191.53721,14.0000176,126.0007472,49871.38575,4110.678287,50.0001328,30.0000592,8.0000096,22.000056,12.0000128,28.0000512,20.0000288,18.0000272,78.0002704,0,35799.23002,6389.637698,10.0000112,122.0006544,51823.21915,4378.773077,60.0002048,32.000064,10.0000112,16.000016,24.0000416,12.0000096,14.0000176,34.0000624,40.0001088,2.0000016,34820.44779,6347.619816,6.000008,166.0011856,51186.86658,4246.722858,48.0001152,30.0000784,10.000008,14.000024,10.0000112,18.000024,26.0000464,34.0000656,38.0000976,0,33188.10702,5893.397175,2.0000016,102.000536,47098.72932,3742.566594,62.0001776,42.000104,20.0000288,36.0000704,14.0000208,12.000016,30.0000624,56.0001568,68.0002272,6.0000048,35771.14293,6351.618105,8.0000096,136.0008768,50967.80937,4314.750648,70.0002832,34.0000816,12.0000096,26.0000336,10.0000112,26.0000336,46.00012,36.0000672,76.0002976,0,35205.57283,6457.668364,8.0000096,128.000736,51232.82584,4270.731727,52.0001376,28.0000544,20.0000288,24.0000384,12.0000128,26.000072,36.0000736,20.0000384,56.0001696,2.0000016,35797.28228,6143.514527,4.0000032,112.000544,50937.68814,4254.726321,53.6001632,33.80007696,13.60001568,25.40004816,15.60002464,21.00003536,32.0000672,34.60007664,57.00018288,1.0000008,35124.56166,6312.399449,7.80000944,132.2007973,50490.73502,4209.914211
36,McClure4863-60,10.95485497,172.8013005,75.80030384,60.69866316,76.20028112,54.90486296,158.6470492,125.9012011,622.4160203,0.60000048,35514.43675,11362.97499,8.40000832,212.0019875,51186.48992,12912.88072,27.38664637,17.51720962,15.27391397,24.32731558,8.816708877,13.98918601,10.38707639,24.65340996,39.12346284,1.349898195,504.5274974,198.6717522,2.79682685,20.13322318,702.7908119,149.8161148,249.9955175,10.13719779,20.15020151,40.07883257,11.5704414,25.47895624,6.547286221,19.58155263,6.28574162,224.9828526,1.420626493,1.748413178,33.29552475,9.496714352,1.373000596,1.160206758,61.39209349,0.252301312,0.319985083,2.096317541,0.069498627,0.482617001,0.390784513,0.345903299,0.79999205,1978.138099,4326.74587,0.693846167,0.880015618,5.710550355,0.003632006,0.005744402,0.171922219,0.171513536,0.118477224,0.18078122,0.08419503,0.183813636,1643.922679,2083.054335,0.006414804,0.014804445,9.301768404,1.439551157,1.795209307,8.201153498,246.7869408,24.54891219,46.26110145,24.34062652,22.97693284,83.10454563,48.14367189,0.92452825,1.682293401,64.71008434,0.256130451,0.321588416,2.36986304,-0.007531673,0.434375883,0.395194629,0.303705124,0.790169973,1320.097317,N/A,0.68871375,0.86472484,68.55615324,0.252083835,0.320961606,1.897702963,0.181193318,0.403623412,0.278826495,0.452873813,0.745460876,1611.081174,N/A,0.706105772,0.899037584,54.31545942,0.25333013,0.316972467,2.29765072,-0.151013826,0.423464482,0.158952239,0.248518791,0.547430327,1281.856304,N/A,0.699364654,0.875061091,64.04248148,0.254091295,0.321297921,2.227482767,0.451999999,0.359149706,0.271846434,0.420104956,0.730891743,1078.057236,2853.804024,0.69781906,0.88239077,53.93770314,0.25391859,0.322081353,2.023965924,-0.077900828,0.55908989,0.409667995,0.404925386,1.11070136,6580.465544,5799.687716,0.694827352,0.88134915,55.1484137,0.242600752,0.31548017,2.075861933,0.019190271,0.64689263,0.515956637,0.470798645,0.77955085,1279.453995,N/A,0.685606168,0.891568344,58.58912262,0.253911514,0.326964791,1.887291571,0.080654505,0.320379784,0.322895756,0.30461642,0.65395832,1596.566762,N/A,0.687229826,0.88495379,65.11390375,0.251925093,0.309942817,2.18104886,0.083483432,0.62522116,0.826793701,0.238181676,1.085400695,1611.581652,N/A,0.697329031,0.857922176,60.55886163,0.252184641,0.329275947,2.099551683,-0.057744274,0.438690067,0.3364489,0.319256019,0.652160472,2139.764467,N/A,0.689444561,0.900203557,68.94875156,0.252836816,0.315285344,1.902755951,0.172655347,0.615282995,0.391262339,0.296052157,0.90419588,1282.45654,N/A,0.692021498,0.86294488,248.0028128,180.0013664,70.0002288,124.0007136,68.0002496,108.0005088,168.0012704,202.001816,536.0118883,0,35496.36116,11415.21855,10.000008,204.0019552,51540.07914,13200.98373,240.0024,150.001,72.0002784,100.0005216,94.000376,130.0007888,186.0015888,216.001968,596.0143459,0,36102.10465,11587.38948,8.0000064,188.0015008,51128.4656,12888.6597,218.0020464,176.0013536,72.000272,86.0004016,74.0002416,100.0004768,178.0013552,180.0014272,624.0161156,0,35388.05253,11217.03831,10.0000112,236.0023744,50600.28742,12818.57739,292.0035488,160.0011552,56.0001856,96.000432,70.0002512,118.0006096,164.0012384,202.0018704,632.0162628,4.0000032,35528.47518,11415.22523,12.0000128,202.001864,50913.59239,12936.70064,240.0028064,182.0014128,86.0003248,124.0007168,76.0002912,122.0006832,162.0011344,260.0028736,640.0172997,2.0000016,36013.83506,11599.38471,2.0000016,244.0026336,51831.34334,13160.94162,288.0034144,206.0018256,94.0005008,144.0008736,70.0002352,136.0008704,154.0011632,208.0018784,680.019079,0,36158.27762,11407.21957,10.0000112,232.0022176,52739.13703,12794.55428,218.0020784,148.0010048,52.0001408,102.0004624,86.0003888,98.0004176,170.0012912,190.0014992,602.0149908,0,34569.81245,11303.11151,8.0000064,218.0019728,50303.13173,12772.54432,264.0029856,182.0013456,90.0003696,180.0014112,66.0001968,94.0003984,152.0009792,244.0024992,630.0161972,0,35686.92599,11060.90638,8.0000096,198.0017776,51176.59585,12892.66869,240.0024736,180.0013472,70.0002352,114.0005584,76.0002688,110.0005968,168.0012288,196.0015872,660.0181349,0,35099.28633,11557.35075,6.0000048,212.0019552,50909.51224,12838.59707,254.0027216,164.0011936,96.0005024,116.0006048,82.000312,100.0004256,164.0012256,228.0022112,624.0158884,0,35101.23654,11066.90545,10.0000112,186.001624,50722.7545,12824.57976,250.2027288,172.8013005,75.80030384,118.6006696,76.20028112,111.6005776,166.6012475,212.6019631,622.4160203,0.60000048,35514.43675,11362.97499,8.40000832,212.0019875,51186.48992,12912.88072
37,SN4,0.661664927,1.40000112,0.40000032,0.130890157,0.20000016,0.540663609,0.392332582,0.916422458,0.60000048,0,36635.72362,69067.86964,10.60001264,335.6047642,53148.9864,37481.04416,2.360036373,1.646546522,0.843274717,1.468471159,0.632456038,0.982596067,0.847396277,1.442228578,0.966092556,0,821.409419,1385.27955,3.657570516,22.00667129,1071.416817,987.6591577,356.6814978,117.6103718,210.8185107,1121.911068,316.227766,181.7388949,215.9892692,157.3759531,161.0152972,N/A,2.242099617,2.0056787,34.50534108,6.557317903,2.015874412,2.635089763,112.0471229,0.705150988,1.88546945,0,-41.43979058,0,5.17591623,-10.57774869,-8.91,4158.553976,N/A,0.68931702,1.84328291,6.768929772,0.007560983,0.023084989,,75.72666185,0,11.76956108,23.48072509,33.08210241,2163.317935,N/A,0.008301263,0.035182655,6.041145545,1.072250163,1.224362946,,182.7390071,,227.3908725,221.9822551,371.291834,52.02091756,N/A,1.204273588,1.908695334,104.7340836,0.7007078,1.874880217,N/A,-156.5,0,0,0,10.9,3142.066078,N/A,0.688740742,1.842860022,104.1388534,0.701618377,1.920015933,N/A,-1.769051774,0,-0.670157068,-0.656195462,0,9424.702951,N/A,0.674738809,1.846458567,115.9245253,0.71307569,1.875387722,N/A,30.08915067,0,26.21989529,-52.57635253,10.9,2376.483291,N/A,0.682341384,1.794556555,113.7376748,0.698251504,1.894220787,N/A,N/A,N/A,N/A,N/A,N/A,2648.495604,N/A,0.684765912,1.857636994,105.2529395,0.703832745,1.846305216,N/A,-78.25,0,0,0,-67.35,4789.078235,N/A,0.690012502,1.810051738,104.0046621,0.700119245,1.911540426,N/A,N/A,N/A,N/A,N/A,N/A,3068.176819,N/A,0.693940184,1.894669691,116.8641656,0.7069707,1.910449008,0,N/A,N/A,N/A,N/A,N/A,6115.965377,N/A,0.703571301,1.901262801,121.3993181,0.720773987,1.871929378,N/A,N/A,N/A,N/A,N/A,N/A,3884.826818,N/A,0.695911063,1.807357629,118.5646323,0.709745753,1.868997419,N/A,-0.769051774,0,0.329842932,0.343804538,1,3181.523797,N/A,0.695461204,1.831381434,115.850374,0.696414079,1.880968397,N/A,N/A,N/A,N/A,N/A,N/A,2954.22079,N/A,0.6836871,1.846593668,4.0000032,0,0,0,0,0,0,0,2.0000016,0,37060.89009,69484.72966,12.0000128,360.0053761,53809.63816,37704.83315,2.0000016,4.0000032,0,0,0,0,2.0000016,0,0,0,36254.56878,69609.34969,4.0000032,362.0055409,53731.2636,37698.84196,2.0000016,2.0000016,0,0,0,2.0000016,0,0,2.0000016,0,36384.92105,68235.83421,16.0000224,328.0046721,53323.63227,38023.78589,0,0,2.0000016,0,0,2.0000016,0,0,0,0,36362.8731,68879.31012,14.0000208,326.0044977,53102.63324,37078.99355,2.0000016,0,0,0,0,0,0,2.0000016,2.0000016,0,37560.37607,69347.91827,8.0000096,364.0057185,54434.34133,38312.67185,4.0000064,2.0000016,2.0000016,0,0,2.0000016,0,0,0,0,36493.23352,69758.29113,12.0000192,354.0050993,52588.44261,36818.18074,4.0000032,0,0,0,2.0000016,0,0,4.0000032,0,0,36519.37334,69768.40058,6.0000048,314.0040529,51905.71772,36695.82162,0,0,0,4.0000032,0,0,0,0,0,0,37508.23663,70212.77006,10.000008,320.0042625,53898.03181,38848.29926,4.0000032,4.0000032,0,2.0000016,0,2.0000016,2.0000016,2.0000016,0,0,37409.93821,69919.07795,12.0000128,322.0043409,53791.55302,38178.32628,4.0000064,2.0000016,0,0,0,2.0000016,0,2.0000016,0,0,34802.8254,65463.01471,12.0000128,306.0040817,50904.61028,35450.6873,2.60000272,1.40000112,0.40000032,0.60000048,0.20000016,1.0000008,0.40000032,1.0000008,0.60000048,0,36635.72362,69067.86964,10.60001264,335.6047642,53148.9864,37481.04416
38,BB W,-2.3073922,3.40000464,0,1.66073399,0.20000016,-0.115533009,0.397444407,0.372140873,0.20000016,0,46.6001352,79.20032832,0,0.20000016,0,11.6000144,4.305015811,2.988873911,0,1.699910345,0.632456038,1.762805562,0.844659399,0.86234431,0.632456038,0,14.5770643,19.34956337,0,0.632456038,0,5.719372025,186.5749485,87.90793623,N/A,102.3589784,316.227766,1525.802525,212.522653,231.7252346,316.227766,N/A,31.2811631,24.43116561,N/A,316.227766,N/A,49.30487004,8.0000048,N/A,1.777927869,0,116.6001625,0,-42.62687945,7.492083319,3.633333333,N/A,N/A,N/A,11.90717644,,N/A,0.386534434,,206.5541421,0,75.55490345,14.68151478,6.293117934,N/A,N/A,N/A,12.75988826,,N/A,21.74072644,,177.1473879,,177.2470902,195.9603779,173.2050808,N/A,N/A,N/A,107.1613268,N/A,N/A,1.758625556,N/A,N/A,N/A,N/A,N/A,N/A,N/A,N/A,N/A,5.666687941,8.0000048,N/A,1.80645286,N/A,N/A,N/A,N/A,N/A,N/A,N/A,N/A,N/A,7.0000252,N/A,N/A,1.529414383,0,N/A,N/A,N/A,N/A,N/A,N/A,N/A,N/A,6.5000187,N/A,N/A,1.142856449,N/A,355.1076427,0,-129.8701671,24.44483635,10.9,N/A,N/A,N/A,8.000018,N/A,N/A,1.652175707,N/A,N/A,N/A,N/A,N/A,N/A,N/A,N/A,N/A,6.333353867,N/A,N/A,1.947370274,N/A,N/A,N/A,N/A,N/A,N/A,N/A,N/A,N/A,37.0000944,N/A,N/A,1.360001728,N/A,N/A,N/A,N/A,N/A,N/A,N/A,N/A,N/A,4.85715569,N/A,N/A,2.187504094,N/A,N/A,N/A,N/A,N/A,N/A,N/A,N/A,N/A,35.000104,N/A,N/A,1.933335851,N/A,-2.153577661,0,0.994764398,-0.984293194,0,N/A,N/A,N/A,4.142865567,N/A,N/A,2.461541785,N/A,-3.153577661,0,0.994764398,-0.984293194,0,N/A,N/A,N/A,4.571441012,2.0000016,6.0000048,0,0,0,2.0000016,0,0,0,0,58.0001552,102.0005552,0,0,0,18.0000304,0,0,0,2.0000016,0,0,0,2.0000016,0,0,62.0002672,112.00056,0,2.0000016,0,16.0000224,4.0000032,0,0,0,2.0000016,0,0,2.0000016,0,0,68.0002016,104.0004864,0,0,0,16.0000288,2.0000016,8.0000256,0,6.0000048,0,2.0000016,0,0,2.0000016,0,56.0002048,64.0001952,0,0,0,8.0000064,6.000008,2.0000016,0,4.0000064,0,2.0000016,0,0,0,0,46.000136,76.0003072,0,0,0,12.0000096,0,0,0,2.0000016,0,4.0000032,0,0,0,0,38.0000912,74.000248,0,0,0,2.0000016,2.0000016,2.0000016,0,4.0000032,0,0,0,0,0,0,50.00012,68.0002496,0,0,0,14.0000144,2.0000016,4.0000032,0,2.0000016,0,0,0,0,0,0,32.0000608,70.000264,0,0,0,2.0000016,4.0000032,6.0000048,0,4.0000032,0,0,2.0000016,0,0,0,30.0000528,58.0001776,0,0,0,14.0000144,2.0000016,6.0000048,0,4.0000032,0,0,2.0000016,0,0,0,26.0000624,64.00024,0,0,0,14.0000144,2.40000224,3.40000464,0,2.80000256,0.20000016,1.0000008,0.40000032,0.40000032,0.20000016,0,46.6001352,79.20032832,0,0.20000016,0,11.6000144
39,FCT_Zr_25-3,-3.829097592,18.80003296,2.00000192,-0.099479964,1.20000128,1.231759359,2.300321276,2.913484819,7.8000104,1.60000128,35265.33509,4697.688448,7.200008,100.0004646,51199.35239,93.00042064,15.75064941,9.897281426,1.632995339,5.389243014,1.398413628,7.406064448,1.239716356,3.271898328,6.696610592,1.837874637,530.043855,177.8538981,3.675751557,12.8236888,461.9341392,6.271685736,411.3410282,52.64502167,81.64968858,5417.415525,116.5343447,601.2590363,53.89318304,112.3018835,85.85386748,114.8670729,1.503016641,3.785987515,51.05204824,12.82362922,0.902226528,6.743717601,0.946069724,0.001816904,0.133183038,1.260383289,-2.832199078,-1.076764838,-1.76278223,-7.552640933,-1.720472915,19.05673238,2090.782748,0.68878846,50.69555224,0.152054135,0.000129422,0.003698659,0.641172442,7.554595224,6.549573344,4.359238796,23.02635868,9.423324213,15.32010554,629.3556358,0.008589536,3.523110105,16.07219119,7.123243373,2.777124491,50.87122684,266.7395553,608.2640438,247.2930984,304.878239,547.7170916,80.3920905,30.10143624,1.247049925,6.949544782,0.854545714,0.001845476,0.133844672,N/A,0.546246323,3.038836572,-1.028856209,-0.965217251,3.910681232,9.400035392,2325.434149,0.682199986,49.4771202,1.186046782,0.00200222,0.132659384,0.974440895,-0.946826268,1.026229508,1.359351129,0.36894115,2.792786885,51.0001824,N/A,0.699139645,46.32229908,0.693547462,0.00168675,0.134919295,N/A,-0.239547354,0,-0.528100088,-0.495434086,0.605314958,43.0001424,2358.44512,0.685697278,54.84737929,0.959184174,0.00181986,0.138254468,N/A,-21.80521809,1.053872054,-3.900995465,-1.64611358,1.520538721,7.833358267,N/A,0.698902598,53.0955063,1.17948866,0.001800456,0.137757671,1.859424818,4.964414875,0.537800717,2.328593493,5.025106499,-0.286254911,11.5000438,808.4897766,0.689132872,52.72737221,1.000000784,0.002025215,0.131988529,1.987220447,0.851869595,0,2.00759327,1.022238683,1.942766078,12.7500509,2288.418626,0.688491124,44.87075637,0.956521382,0.001725905,0.132827687,0.480830286,-6.878013947,1.03986711,-1.061645555,0.065330899,0.605315615,14.6667168,2361.447351,0.697352564,53.66907453,0.839998605,0.001633241,0.125334691,N/A,3.211050311,1.098245663,-0.747496469,-2.882656437,-1.070877731,21.0000592,N/A,0.67121393,51.50886379,0.849056367,0.001734458,0.134038515,1,-4.99884047,1,-3.356025768,-3.265275231,1,11.25004,2402.461467,0.690838679,53.38784277,0.942307313,0.001895454,0.130205465,N/A,-3.027125749,-19.5625,-12.70024064,-72.75332998,-28.225,8.166694622,N/A,0.684915923,47.04930787,26.00004,18.0000304,6.000008,4.0000064,0,4.0000032,2.0000016,8.0000096,2.0000016,2.0000016,34748.27919,4650.872019,10.0000112,110.000504,50935.61991,94.0004592,12.000016,10.000008,2.0000016,6.0000048,2.0000016,4.0000032,2.0000016,6.0000048,4.0000032,0,35616.74303,4724.895184,2.0000016,86.0003568,50943.67526,102.0004464,24.0000448,18.000024,0,4.0000064,0,4.0000064,4.0000032,4.0000032,12.0000288,2.0000016,34960.85579,4716.894013,2.0000016,124.0006752,50985.84596,86.0003536,14.0000176,40.0001184,2.0000016,6.000008,0,10.0000112,2.0000016,4.0000032,8.0000064,0,36100.10976,4991.001464,12.0000192,98.0004176,51652.56197,94.0004496,24.0000352,4.0000032,2.0000016,10.0000112,2.0000016,20.0000224,4.0000032,2.0000016,22.0000336,6.0000048,35213.59276,4850.94254,8.0000096,78.0002928,51098.40814,92.0004608,20.000032,12.0000096,0,12.0000128,2.0000016,8.0000064,4.0000032,8.0000096,2.0000016,2.0000016,34676.0506,4576.840913,8.0000096,102.0004496,50365.28343,102.0005296,20.0000192,24.0000352,2.0000016,6.000008,4.0000064,8.0000096,2.0000016,2.0000016,6.0000048,2.0000016,35556.58156,4722.898481,6.0000048,92.0004224,50987.9556,88.0003712,28.0000448,16.0000192,2.0000016,4.0000064,0,0,2.0000016,0,14.0000176,0,34521.649,4326.760217,4.0000032,100.000528,51431.66351,84.000304,26.0000528,26.0000496,2.0000016,2.0000016,2.0000016,2.0000016,2.0000016,2.0000016,0,2.0000016,35847.35903,4804.926778,8.0000064,106.0004912,51889.62363,90.000392,28.0000448,20.000032,2.0000016,8.0000096,0,14.0000112,0,4.0000032,8.0000064,0,35412.13022,4610.852873,12.0000128,104.0005088,51702.88649,98.00044,22.20003472,18.80003296,2.00000192,6.20000752,1.20000128,7.40000752,2.40000192,4.00000384,7.8000104,1.60000128,35265.33509,4697.688448,7.200008,100.0004646,51199.35239,93.00042064
40,McClure4863-101,-4.891741988,172.4013495,87.4003912,85.63296809,98.20045904,50.03603687,189.7479341,171.2560313,505.0106142,1.40000112,35342.74542,12784.7467,8.40000928,260.0029716,50929.64382,21419.76527,39.67471478,20.43559303,14.20652186,15.07095634,9.211182735,13.19764593,27.19455738,29.2587656,42.11536297,1.897368114,248.2163062,222.1644928,4.880807977,20.13330686,668.9831718,285.2777432,811.0549346,11.85349946,16.25452891,17.59947913,9.379979304,26.37628148,14.33193859,17.08480885,8.339500554,135.5261854,0.702311898,1.737730892,58.10479268,7.743491059,1.313543786,1.331843462,82.8364552,0.42063017,0.361749327,1.95851026,-0.01694555,0.46291354,0.462569203,0.269749914,0.922296087,3529.94316,4019.9435,0.694038428,0.596884304,6.614190547,0.007191062,0.006595642,0.391351411,0.222576431,0.060153909,0.121924225,0.076797022,0.218624924,2650.520284,1703.196563,0.008607272,0.00828976,7.984637357,1.709592508,1.823263019,19.98209653,1313.480113,12.99463165,26.35805079,28.46971142,23.70441845,75.08676948,42.36866919,1.24017229,1.388838609,83.84226276,0.407104363,0.355968095,2.239888416,0.148646126,0.53756362,0.472641446,0.349662008,0.743646979,10648.0708,N/A,0.679786887,0.594399042,86.51480463,0.424139728,0.349397646,1.915809123,0.089586961,0.500224318,0.534955164,0.258290857,1.346777974,2638.727202,3099.535802,0.712953116,0.587316218,94.76511253,0.423727947,0.362820976,1.923613251,0.067625341,0.473645809,0.518223273,0.339916504,0.9187468,1080.333188,N/A,0.695999688,0.595956174,77.63445918,0.420014592,0.357616145,1.616616076,-0.278866389,0.570059363,0.430671753,0.365602982,0.973653991,1798.550198,N/A,0.694728967,0.591518246,75.2183177,0.418835269,0.369187387,2.498620967,-0.133549415,0.400220713,0.350511223,0.117905645,0.699416499,2670.282081,N/A,0.693829641,0.611584486,89.89960007,0.424635486,0.362869734,1.412639544,0.107117107,0.475997549,0.494721218,0.269298841,1.019963614,3566.050649,N/A,0.69177068,0.591148527,72.92283823,0.415467121,0.368022457,2.23177259,-0.124865332,0.392065116,0.300329218,0.212974469,0.734266072,2114.786088,3231.170774,0.689946667,0.611157549,81.10647775,0.417941646,0.359942555,1.433663415,0.368598072,0.421139563,0.735205359,0.308068243,1.199276604,3568.721097,N/A,0.686541045,0.591267562,83.63355773,0.434970844,0.371065587,1.872274702,-0.393841468,0.408436639,0.413536227,0.274447039,0.719406545,3679.915748,6573.456017,0.697981801,0.595435373,82.82712146,0.4194647,0.360602687,2.440204512,-0.019906505,0.449782711,0.37489715,0.20133255,0.867805793,3533.994554,3175.611408,0.696845786,0.599059857,232.0022944,144.0008992,118.0006288,152.001168,98.0004496,124.0007008,226.0022192,234.002408,508.0105314,0,35560.53611,12658.41629,2.0000016,254.0026704,52311.30046,21296.15864,238.0023536,160.0010944,92.0004896,152.0010656,96.0004128,100.0004544,190.001656,314.0041041,476.0095682,4.0000032,35484.3636,12398.15312,8.0000096,244.0026656,49770.9636,21109.84295,236.0024384,162.0011184,82.000344,144.0009536,90.0003536,112.0005408,180.001424,234.0023504,538.0118867,0,35490.33803,12876.6391,20.0000224,228.0025568,50991.88784,21606.68796,206.0020016,182.001576,94.0003856,132.0007776,102.000584,120.0006944,172.001376,238.002392,556.0125827,0,35698.95741,12766.52354,12.0000192,278.0033136,51385.44541,21582.6369,240.002544,196.0017376,94.000392,148.0010304,94.0004048,92.0003872,242.0025424,242.0025648,558.0132755,0,35388.08652,13064.83521,8.0000064,284.0036097,51003.99927,21362.27374,228.002352,152.0010528,78.0002928,132.0007744,116.0005792,94.0003952,170.0013136,234.002344,480.009629,0,34856.59586,12648.40366,6.0000048,238.0024048,50387.50107,21396.32101,228.0023104,184.001504,84.000384,126.0008208,96.0004192,106.0004912,220.0020096,220.0021856,450.0083474,4.0000032,35119.30643,12924.69344,10.0000144,290.0036785,50901.47997,21147.89133,272.0030944,156.0010944,64.0002272,164.0011616,106.0005872,98.0004784,158.0012272,248.0025536,472.0089602,0,35173.45777,12660.42426,6.0000048,264.00288,51232.85495,21412.34371,210.001864,206.001848,78.0003088,148.0009888,102.0004432,120.000672,198.0017616,214.0022608,550.0123795,2.0000016,35430.18542,13146.92255,6.0000048,264.003024,50760.90146,22079.51215,248.00264,182.0015696,90.0004592,136.0008544,82.0003568,100.0004704,206.0019088,238.0024144,462.008981,4.0000032,35225.62709,12702.45579,6.0000048,256.002912,50550.10417,21203.98429,233.8023893,172.4013495,87.4003912,143.4009595,98.20045904,106.6005285,196.2017439,241.6025578,505.0106142,1.40000112,35342.74542,12784.7467,8.40000928,260.0029716,50929.64382,21419.76527
41,McClure4863-166,13.49961606,78.80031424,39.00009552,39.59593822,42.60011408,26.5459464,79.05206187,76.34450355,136.8008733,1.20000096,35752.90532,6453.271311,5.40000528,147.2009853,51570.88111,5675.293287,31.74950492,14.45924215,9.249659271,8.54650649,8.745827444,9.896288146,14.46015861,16.7848572,21.29605545,1.398412916,470.5949098,195.2286748,2.319007589,18.48023687,543.6434738,133.9003087,235.1882066,18.34921889,23.71701696,21.584301,20.53005639,37.27984679,18.29194365,21.98567863,15.56719262,116.5343165,1.31624243,3.025266805,42.94454298,12.55442471,1.054167511,2.359354872,39.16420317,0.110053141,0.180506607,1.979006325,0.212476889,0.511689534,0.505303734,0.350661227,0.972018585,1266.386671,2879.336574,0.693361802,1.137795496,5.49640242,0.002567779,0.005310511,0.776394667,0.473050407,0.162177002,0.088273468,0.164278023,0.184851074,646.8630027,740.368763,0.012696442,0.047745669,14.0342506,2.333217358,2.942003759,39.23154048,222.6361696,31.69441454,17.46938756,46.84807163,19.01723661,51.07942286,25.71317191,1.831142421,4.196331376,48.6380479,0.113020912,0.173752283,2.146661891,0.34476005,0.443656308,0.560610233,0.344201507,1.130675251,1434.828833,3156.795693,0.715557721,1.100060028,37.07469851,0.10775838,0.192387668,2.371284232,0.409851973,0.266344479,0.479235655,0.41931091,0.903177931,1390.308935,N/A,0.692115464,1.235676328,37.62679161,0.110267723,0.177682149,3.862363642,-0.366688419,0.345212009,0.314485747,0.106559992,0.92551243,2859.655006,3162.798526,0.686376639,1.106007025,34.87532451,0.113102628,0.183176916,2.039730533,0.221429803,0.447629137,0.51726825,0.24581813,0.856034076,964.8899859,3322.882572,0.70879051,1.147931412,43.93553231,0.114060482,0.177035055,1.395334063,0.141517843,0.716674105,0.631679444,0.390013091,1.343296341,981.2318324,N/A,0.689171587,1.069673978,37.96641733,0.106403942,0.181985489,1.174787793,1.342407874,0.673880862,0.435636366,0.726556679,0.930106997,683.3996731,N/A,0.685686304,1.172747504,37.16221066,0.110180893,0.177990655,1.340078333,0.136149615,0.773862796,0.541906534,0.327362075,1.16314491,1449.335135,3193.815742,0.682056146,1.101820989,35.61536837,0.108653179,0.181102078,2.200801666,-0.345926114,0.499817899,0.459970753,0.263428787,0.778674472,937.8774076,N/A,0.702996872,1.171748449,31.75392116,0.108568562,0.176075571,1.669685491,0.174169495,0.465822806,0.541078848,0.251143787,0.755033005,552.5213661,1560.390335,0.696544282,1.129649591,46.99371933,0.108514711,0.18387821,1.589335604,0.06709677,0.48399494,0.571165508,0.432217307,0.934530437,1409.818535,N/A,0.674322493,1.142639661,128.0007424,70.0002352,40.0001024,74.0002576,42.0001456,54.0001648,92.0003808,122.0007376,144.0010368,2.0000016,36336.76817,6313.596436,4.0000032,118.0006224,50781.04407,5739.319925,156.0010592,86.0003472,24.0000352,72.0003168,38.0000848,66.0002064,92.0003872,102.0005616,148.0008992,0,35718.98834,6871.89286,4.0000032,150.0009552,51608.42402,5561.240191,110.0005168,104.0005088,32.0000832,64.000192,24.0000448,44.000112,94.0004208,100.0005056,102.0004688,2.0000016,35600.66189,6325.602112,2.0000016,152.0011232,51867.53143,5719.314587,126.000728,76.0003424,42.000088,74.0002608,46.0001296,48.0001312,96.0004096,104.0005472,170.0013136,2.0000016,36280.61114,6645.77046,6.0000048,166.0011664,51186.64916,5789.344547,106.0005488,70.0002448,46.0001072,64.0002592,46.0001168,48.0001184,66.0002384,106.0005104,142.0009424,0,35572.58188,6297.593983,6.0000048,134.0007824,51616.43707,5887.395704,156.0010304,58.0001712,38.0000976,44.0001184,48.0001024,60.000208,58.000168,70.0002192,126.0007824,0,35231.63996,6411.647216,8.0000064,144.000992,51381.57165,5467.201758,104.0004832,68.0002368,56.0001728,62.0002,54.0001808,46.0001072,74.000264,102.0004976,128.000704,2.0000016,35887.48288,6387.636595,4.0000032,156.0010848,52616.61098,5797.345176,108.0005536,100.0004576,44.0001152,74.0002864,40.0001024,56.0001632,90.0003568,90.0004048,154.0010704,0,36408.98947,6593.743659,6.0000048,158.001144,51791.11165,5627.268948,124.0007168,82.0003408,28.0000576,60.0001632,36.0000832,42.0000816,62.0002032,66.0002544,148.0010016,4.0000032,35448.22437,6241.566334,10.0000176,174.0012944,50891.55892,5525.223385,108.0005312,74.0002576,40.000096,72.0002656,52.0001504,60.0002144,84.0003296,92.00048,106.0005136,0,35043.10513,6443.663449,4.0000032,120.000688,51967.8722,5639.278651,122.600691,78.80031424,39.00009552,66.000232,42.60011408,52.40015072,80.80031584,95.40047184,136.8008733,1.20000096,35752.90532,6453.271311,5.40000528,147.2009853,51570.88111,5675.293287
42,McClure4863-178,-45.79852106,904.0334733,329.2046474,267.4912217,325.2045066,204.1990908,665.9891484,603.1363831,346.6050834,2.0000016,35276.35707,10734.61961,8.00001024,192.001672,50776.62532,10607.10761,95.76195362,37.28836402,29.10899739,39.67743996,32.79933877,25.115183,42.56688548,19.31739127,20.39772289,2.494440253,438.1827602,272.776123,4.000008356,20.46166916,350.1342829,129.282269,209.0939869,4.124666301,8.842219458,14.8331746,10.08575776,12.29936084,6.391528388,3.202823079,5.88500396,124.7219129,1.242142887,2.541087927,50.00004044,10.65702655,0.689558002,1.218826789,55.83636433,0.208906346,0.304269002,2.069566846,-0.065299645,0.496864185,0.405153459,0.309029842,0.908611409,1807.210024,3449.502452,0.694757495,1.012151126,6.235077294,0.002918539,0.004914675,0.275231517,0.1458451,0.059445443,0.078124773,0.051332239,0.058729375,1345.545263,1855.370004,0.009202802,0.028305014,11.16669641,1.397056066,1.615240085,13.29899143,223.3474616,11.96412314,19.28276084,16.61077086,6.463640489,74.45428285,53.78659764,1.324606353,2.796520495,48.05622118,0.206709621,0.305317473,1.71581871,0.238589947,0.569566467,0.50534922,0.36263577,0.950362851,5286.232695,N/A,0.684210239,1.010602895,64.05088777,0.212045275,0.295718789,2.209782147,-0.085800392,0.469503958,0.299369171,0.240747139,0.843970542,1793.437463,N/A,0.69477554,0.968935437,56.64070638,0.211131203,0.307602439,2.14194043,-0.097975763,0.469917595,0.420758058,0.366155946,0.897328802,887.3770076,N/A,0.698505718,1.017670811,52.87018535,0.208172699,0.300989296,2.169782216,0.052863511,0.518486235,0.317982535,0.318495596,0.979501399,1744.730892,5317.25862,0.702604296,1.015869867,54.86646729,0.207596264,0.303614645,2.40545529,-0.04026589,0.369225997,0.394456723,0.260709016,0.807088097,1316.80485,N/A,0.693103522,1.013680955,65.43005023,0.21316579,0.307362828,1.8330939,-0.161001129,0.564893986,0.48375379,0.37145353,0.977769117,2682.650171,1826.800467,0.708409695,1.021452864,50.9838395,0.210855896,0.310144865,2.509864243,-0.296931286,0.526595778,0.306930863,0.232678194,0.858599811,1080.866188,2771.228202,0.697238507,1.025557963,60.40429152,0.205714479,0.301820229,2.037286318,-0.15235075,0.535472421,0.504200004,0.29461323,0.957311015,1313.802552,1782.761641,0.69365063,1.017710533,57.68711954,0.209488891,0.299163123,1.993233852,0.023714343,0.465646606,0.403296579,0.310212312,0.906483825,663.4060802,N/A,0.675820289,0.965113266,47.37387458,0.204183337,0.31095633,1.679411356,-0.133839042,0.479332812,0.415437648,0.332597688,0.907698631,1302.792343,5549.46333,0.69925651,1.064916665,1296.067882,832.0285514,344.0049825,584.0141572,352.0050721,492.0103042,608.0152804,618.015666,316.0041409,0,34994.95977,10684.57268,2.0000016,220.0021888,51146.50111,10572.47385,1238.062059,938.0358622,332.0049505,526.0115475,320.0043201,478.0093298,712.0216999,650.0175317,382.0060401,0,35257.68195,10426.35902,6.0000048,168.0013152,50746.867,10760.63339,1168.05526,890.03231,308.0041281,574.0135827,306.0042385,532.0118787,660.0179973,638.0168501,358.0052561,0,35229.60483,10836.71238,12.0000224,188.0016096,50435.67137,10648.54397,1292.067027,908.0343694,342.0049457,514.0111123,304.0037984,508.0107298,664.0182661,694.0196214,344.0050561,2.0000016,35331.9068,10634.52575,6.0000048,198.0018352,50287.06344,10468.39373,1200.058112,888.031982,270.0031504,586.0140275,304.0039809,482.0094354,736.0220519,642.0170261,372.0058177,0,35171.45405,10678.56852,8.0000064,192.0015584,50744.87856,10534.44722,1174.056187,920.0345037,350.0051601,608.0149604,338.0047345,532.0117667,624.0162052,654.0177781,346.0049297,6.0000048,35660.82358,10960.81157,4.0000032,164.0012384,50339.26531,10730.60927,1116.051193,960.0378511,378.0060337,542.0121331,286.0033552,482.0095346,722.0213462,662.0184469,328.0045633,4.0000032,35741.1098,11084.92168,10.0000112,212.0019616,51260.9522,10808.67398,1192.058502,930.0349053,336.0047425,628.0162788,308.0039105,490.0098322,632.0161828,650.0170773,354.0053521,6.0000048,35440.23018,10696.5784,8.0000096,174.0014288,51092.33477,10510.43303,1212.060419,864.0305067,310.0040657,558.0126323,334.0047889,490.0101874,670.0180853,650.0172149,334.0049137,0,34242.89226,10244.21057,16.0000288,184.0014976,50668.63609,10614.51639,1170.055614,910.0338909,322.0043153,584.0138947,400.0068673,522.0112242,676.0189477,656.0175333,332.0047649,2.0000016,35692.90753,11098.93554,8.0000096,220.0020864,51044.0833,10422.35125,1205.859226,904.0334733,329.2046474,570.4134326,325.2045066,500.8104223,670.4186063,651.4174746,346.6050834,2.0000016,35276.35707,10734.61961,8.00001024,192.001672,50776.62532,10607.10761
43,SN5,-0.892147754,1.80000176,0,-0.603141951,0.40000032,0.409424626,0.394888495,-0.055718894,0.40000032,0,37296.60254,70382.76876,13.60001856,333.0047161,54718.21431,38626.45508,4.318346961,2.394440836,0,0.802325725,0.843274717,1.907338497,0.846033234,0.117465743,0.843274717,0,345.4604178,1048.485091,5.481291734,22.25673716,488.5163965,572.9884815,484.0394367,133.0243608,N/A,133.0243608,210.8185107,465.8582738,214.2461089,210.8185107,210.8185107,N/A,0.926251707,1.489690033,40.30356069,6.683610196,0.892785707,1.483409442,116.4473915,0.705951514,1.887155512,0.493610224,7.926156195,0,6.471204188,6.586387435,5.45,3327.98304,N/A,0.68166131,1.822424809,7.785497774,0.011233692,0.026050418,0.71614329,76.61705003,0,13.16674159,12.73737054,6.293117934,1454.393895,N/A,0.008761286,0.034175029,6.685849868,1.591283811,1.380406517,145.0827506,966.635632,,203.4666378,193.3893301,115.4700538,43.70196235,N/A,1.285284264,1.87525042,108.0345807,0.714114995,1.89289736,N/A,N/A,N/A,N/A,N/A,N/A,2793.506209,N/A,0.682905813,1.8101715,126.4497975,0.692275563,1.867267351,N/A,N/A,N/A,N/A,N/A,N/A,3818.830298,N/A,0.673873697,1.817632199,112.323164,0.69751947,1.901437119,-0.012779553,-78.25,0,0,0,10.9,1766.560015,N/A,0.664251372,1.81074833,108.2503039,0.721378213,1.861369639,N/A,0.615474113,0,-0.335078534,-0.328097731,0,3247.555333,N/A,0.684466248,1.766125827,115.1064458,0.701396362,1.841929759,N/A,N/A,N/A,N/A,N/A,N/A,4748.203185,N/A,0.690877073,1.814305162,113.2255553,0.70636303,1.899997261,N/A,108.3391507,0,26.21989529,25.67364747,10.9,6416.199824,N/A,0.679603737,1.828019283,125.1626283,0.698747358,1.909506962,N/A,N/A,N/A,N/A,N/A,N/A,1902.491688,N/A,0.684858281,1.871551485,112.8653257,0.707367742,1.910440689,N/A,N/A,N/A,N/A,N/A,N/A,3882.615217,N/A,0.687667715,1.857235363,129.8319578,0.725382878,1.866139472,1,1,0,0,1,0,1986.452042,N/A,0.693294573,1.783588237,113.2241566,0.694969535,1.920569507,N/A,N/A,N/A,N/A,N/A,N/A,2717.416586,N/A,0.674814591,1.864870705,0,2.0000016,0,0,0,0,0,0,0,0,37399.9207,70794.21117,14.0000112,362.0055537,54765.85494,39109.11821,4.0000032,0,0,0,0,2.0000016,0,0,0,0,37173.22248,69412.34465,10.000008,302.0039121,55163.48631,38188.33353,2.0000016,0,0,0,2.0000016,0,0,0,2.0000016,0,37010.75367,70373.62085,22.0000368,346.0050801,55717.9936,38864.38534,4.0000032,2.0000016,0,0,0,0,2.0000016,0,0,0,36976.62632,68827.1696,12.0000128,360.0055073,54022.5708,38970.70556,2.0000016,0,0,0,0,4.0000064,0,0,0,0,37415.96072,68917.57151,8.0000064,330.0045937,54157.18972,37985.65587,0,2.0000016,0,0,0,0,0,0,2.0000016,0,37038.83146,70373.67831,6.0000048,340.0047777,54500.62947,38497.22974,2.0000016,2.0000016,0,0,0,2.0000016,0,0,0,0,37293.58469,71212.35962,20.0000384,304.0037376,54454.45538,38049.90681,0,2.0000016,0,0,0,0,0,0,0,0,37744.93142,72109.45281,10.0000208,344.0049697,54888.32845,38826.23293,2.0000016,0,0,0,2.0000016,2.0000016,2.0000016,0,0,0,37971.61482,70860.32925,20.0000224,306.0038993,54769.81403,39729.08533,0,8.0000096,0,0,0,0,0,0,0,0,36940.57911,70946.9498,14.000024,336.0051297,54741.82037,38043.89742,1.60000128,1.80000176,0,0,0.40000032,1.00000112,0.40000032,0,0.40000032,0,37296.60254,70382.76876,13.60001856,333.0047161,54718.21431,38626.45508
44,McClure4863-186,0.19298968,250.2027224,96.40045504,72.56354289,88.4003824,70.31009859,198.1365779,176.0109371,412.0071704,0.60000048,35350.17077,23468.8384,9.40001232,315.6042321,50692.28277,32291.51125,31.95723385,22.36014504,14.59996881,24.20898663,17.22545304,24.45204794,22.35679233,15.88343728,27.64955211,1.349898195,521.5155141,328.0126609,5.891622865,28.26613833,831.2247262,501.6356419,16559.03772,8.936811248,15.14512437,33.36246505,19.48572232,34.77743373,11.28352602,9.024119489,6.710939541,224.9828526,1.475284285,1.397651879,62.67675684,8.956197497,1.639746093,1.553459787,103.1221348,0.637038297,0.663930155,2.322360202,0.001030844,0.493129612,0.366256333,0.35818852,0.897494648,6267.296046,8781.217098,0.697411551,0.726826473,10.08859124,0.00532186,0.006319758,0.579545285,0.173377032,0.103588774,0.110586062,0.126906622,0.12863054,5589.411769,4191.455462,0.008503172,0.006962455,9.783148167,0.835406538,0.951870893,24.95501279,16818.93318,21.00639908,30.19362465,35.43011995,14.3321791,89.18378402,47.73205599,1.219247317,0.957925289,120.0283267,0.636480185,0.65327005,2.270535051,0.067129158,0.555318846,0.543790467,0.53246132,0.786453889,2700.664541,11745.02368,0.706194008,0.72482287,94.70337316,0.634918927,0.659687691,2.720464943,-0.026890292,0.44277224,0.293314267,0.259008131,0.784683512,8144.591539,5817.410518,0.687448151,0.714266128,115.1837805,0.638718485,0.6618307,1.573207521,0.187952409,0.443941469,0.384459836,0.373506861,0.86285058,8120.548578,N/A,0.70350895,0.728965626,102.1225424,0.643715722,0.672089348,2.15404689,0.349574389,0.44213522,0.440110163,0.337677522,0.778370848,1770.14433,N/A,0.699299866,0.730123523,91.27523905,0.637503749,0.663736443,2.111562937,-0.000630116,0.483448935,0.185081383,0.283383304,0.869870132,2662.231368,N/A,0.702972873,0.731899562,102.8030474,0.627084263,0.656643509,1.943933276,0.001741827,0.440932239,0.35111786,0.339428196,0.892901468,2707.178187,N/A,0.682518425,0.714690704,104.3076431,0.636467936,0.665805324,2.035229498,-0.272723489,0.73102713,0.332790191,0.427721866,1.140172229,16167.88545,N/A,0.698520035,0.730717655,111.4106477,0.634441654,0.673005307,2.333920601,-0.047970172,0.579005653,0.414458232,0.516800887,1.113611435,2033.26697,N/A,0.687356952,0.729136989,100.179541,0.646525593,0.667919724,2.343614829,-0.110054796,0.447010188,0.234566718,0.102263901,0.894037314,2754.974031,N/A,0.705669703,0.729020968,89.20720696,0.634526453,0.665313459,3.737086476,-0.137820473,0.365704204,0.48287421,0.409633213,0.851995075,15611.47546,N/A,0.700626546,0.734620706,338.0048913,234.0023248,116.0005952,192.0015872,92.0003744,188.0015168,214.0019792,220.0021696,400.0065185,2.0000016,35957.66584,23490.06615,12.0000128,270.0030064,50917.54594,32408.00907,348.0050369,256.0028864,106.0005072,156.0010592,88.0003552,146.001,244.002592,238.002456,360.0056161,4.0000032,35273.75304,23269.66069,4.0000064,344.0048353,51311.14685,32578.41828,400.0067457,262.00292,88.0004256,164.001216,126.0007248,160.0010688,204.0017568,234.0023152,452.0086882,0,35777.15881,23678.42206,4.0000032,282.0034224,50855.30018,32482.2203,354.0052465,210.0018384,80.0002944,150.0009872,84.0003936,130.0007632,186.0015728,196.0016032,396.0065217,0,34613.96282,23263.67569,18.0000336,312.0041537,49498.02581,31862.65741,382.0060433,276.003344,98.0004144,130.0008272,96.0004512,148.0009824,208.0018208,234.0022448,414.0071473,0,35227.62212,23381.8566,12.0000128,350.0052241,50112.34924,31946.8105,352.0053057,254.0028176,84.0004096,152.001088,98.0004784,148.0009888,196.001696,230.0022608,430.0076177,0,35357.97438,23217.58437,12.0000224,316.0042401,51805.15731,32486.19888,320.0043425,264.0030208,122.0007184,144.0009184,82.000312,158.0010608,172.00136,246.0024976,400.0066561,0,35488.35788,23628.3376,2.0000016,310.0040977,50805.06802,32335.79677,324.0045825,240.0024064,100.0004736,152.0010272,74.000248,168.0012896,178.0015312,250.0026384,414.0072849,0,35245.65214,23720.51095,16.0000192,292.0036032,51277.07231,32532.31056,366.0058833,280.0032544,88.0003904,140.0009152,84.00032,112.0005536,202.001864,232.0025216,402.0069073,0,36084.01492,24101.22529,12.0000096,330.0046545,51134.4256,33059.71482,282.0032816,226.0024112,82.0003216,184.0014176,60.0001664,166.0012176,230.00228,254.0028048,452.0087458,0,34475.54577,22937.0446,2.0000016,350.0050833,49206.73639,31222.9759,346.6051359,250.2027224,96.40045504,156.4011043,88.4003824,152.4010442,203.4018453,233.4023512,412.0071704,0.60000048,35350.17077,23468.8384,9.40001232,315.6042321,50692.28277,32291.51125
45,McClure4863-218,0.808276589,248.6027007,120.0006925,101.5000618,117.6006736,76.63517266,244.3201122,234.283726,616.8156497,0.60000048,35019.27058,32426.27218,9.20000928,378.606015,50403.19005,38853.3997,38.53372495,28.42673207,18.95044834,21.93185224,9.789032669,10.94492344,18.09800671,29.0303691,27.28091443,0.966092556,817.7694179,747.8916062,3.675750513,30.72626521,1326.776737,1020.989483,4767.393425,11.43460308,15.79194916,21.60772305,8.323959692,14.28185396,7.407497706,12.39111636,4.422863532,161.0152972,2.335198319,2.306437206,39.95376962,8.115630496,2.632326913,2.627799602,103.2386315,0.770891872,0.926052695,2.086201393,0.007523813,0.492342663,0.41905928,0.316836603,0.963716388,5109.203383,16279.186,0.694903721,0.834728547,8.941053652,0.008017385,0.013673978,0.18128543,0.156584753,0.074677567,0.101533566,0.061284044,0.138101168,2587.16375,358.6390185,0.010457771,0.012558116,8.66056971,1.040014208,1.47658742,8.689737752,2081.18886,15.16780331,24.2289267,19.34247602,14.33006329,50.63732163,2.203052526,1.5049238,1.504455066,102.8117657,0.776806712,0.9016339,2.106652853,-0.226735491,0.568185962,0.278650194,0.242877975,0.94806774,3324.298243,N/A,0.705904064,0.819337712,117.9204498,0.763585852,0.934093601,1.929506234,-0.241086775,0.552818329,0.395302631,0.34297859,0.906040589,9846.48708,N/A,0.695565551,0.850884453,97.54455675,0.775402149,0.935007919,2.31003332,0.092740459,0.48799067,0.289281483,0.328512513,0.967777152,3332.824688,16691.26233,0.692208707,0.834690262,98.85941988,0.777220609,0.935330916,2.202854628,0.23425416,0.551868945,0.473204262,0.354677559,1.238696642,9194.062239,N/A,0.707748982,0.851726648,104.7077473,0.763719994,0.941193645,1.902350703,-0.024841887,0.578232604,0.523923447,0.443283589,0.989414955,4895.159601,N/A,0.681685693,0.840096171,113.9595556,0.783523693,0.911903145,1.970493592,0.110393114,0.507486699,0.409093424,0.254901943,0.925821619,6495.776357,N/A,0.708395647,0.824465454,91.18178982,0.772957786,0.915463026,1.800594638,0.125637955,0.469929443,0.604804004,0.338724532,0.989571224,3221.809865,16037.55611,0.700489909,0.829634714,93.40359069,0.76698933,0.941997608,2.072738142,-0.000570842,0.456137912,0.378201357,0.333223848,0.950874552,4833.715437,N/A,0.687816787,0.844759819,112.2323316,0.771900281,0.925564514,2.269486188,0.10177851,0.360513741,0.36680581,0.269534958,1.045094708,2821.88083,16108.73957,0.680110149,0.815501477,99.76510821,0.756812316,0.918338678,2.297303631,-0.096331076,0.390262324,0.471326191,0.259650519,0.6758047,3126.019487,N/A,0.689111725,0.836188759,344.0050593,294.0036496,158.0011504,176.0013568,132.000864,164.0014368,286.0035216,350.0050961,620.0158276,0,36250.53346,32684.70987,12.0000128,388.0063841,51353.34289,39891.62147,318.0044241,270.0030128,128.0007136,182.0014128,120.0006976,168.0013568,240.0023872,302.0037296,662.0179317,0,35877.47298,33512.91791,4.0000032,334.0046609,51580.29019,39385.97983,414.0071505,282.0036433,124.0008256,168.0012128,110.0005392,176.0013984,262.0028752,332.0047393,618.0157172,2.0000016,35702.96109,33382.55137,12.0000128,410.0068753,51578.31837,39993.93892,324.0044193,196.0016288,124.0006656,172.0012608,102.0004816,144.0009824,232.0023104,358.0053585,572.0135587,0,33489.04198,31323.33631,4.0000032,372.0058081,47317.68298,36776.27838,310.0041649,228.0023488,132.0008832,196.0016992,120.000672,176.0013216,236.0024096,310.0045841,604.015418,0,34954.8312,32899.26501,8.0000064,374.0058321,51277.04977,39161.30814,368.0057953,246.0026032,126.0007312,184.0014656,126.0008208,144.0009216,256.0028512,314.0040689,604.0149796,0,35237.62612,32133.30208,6.000008,342.0047569,49742.86092,38974.71011,370.0060657,246.0025232,110.0006032,224.0020672,130.0009296,160.0011616,242.0024976,318.0041969,620.0155076,2.0000016,35037.06536,32075.13788,12.0000128,424.0074657,50017.94446,38661.75962,346.0049937,250.0026544,104.0004992,170.0013072,110.0005392,158.001112,236.0025184,304.0038336,626.0160532,0,34678.06554,32666.65477,8.0000064,414.0071505,50417.59114,38669.75443,366.0056497,246.0027536,90.0003568,174.0013808,110.000552,148.000928,258.0027824,352.0051233,654.0173301,2.0000016,34808.49193,32217.50491,14.0000144,352.0052705,51180.6683,39506.37225,290.0037905,228.0021888,104.000496,202.0017392,116.00064,144.000928,274.0032496,262.0029936,588.0141731,0,34156.61613,31367.34172,12.0000128,376.0059457,49566.15145,37512.27386,345.0051513,248.6027007,120.0006925,184.8014903,117.6006736,158.2011547,252.2027404,320.2043724,616.8156497,0.60000048,35019.27058,32426.27218,9.20000928,378.606015,50403.19005,38853.3997
46,McClure4863-222,50.84402226,281.8034415,226.0022432,182.7769585,226.2022235,151.5435293,495.3378863,416.9191436,1179.456718,0.60000048,35072.00171,49579.22173,10.80001184,477.4094471,50396.8969,51895.00508,41.11263735,16.45097905,18.78568432,23.85290287,19.56113834,28.50336695,28.21806676,27.64978327,66.08412394,0.966092556,517.3321651,549.4774816,4.541176932,35.81632551,566.8769783,585.6840741,80.86031656,5.83774952,8.312167193,13.05027891,8.647633094,18.80869944,5.696730967,6.631929403,5.602929124,161.0152972,1.475057424,1.108281781,42.04788846,7.502223873,1.124825164,1.128594309,109.2249856,1.029774109,1.413765801,2.202837378,0.104412457,0.456836232,0.369395516,0.308300392,0.843187926,5645.349668,24877.12719,0.695975572,0.955439525,7.891694267,0.010546937,0.014205591,0.202685001,0.086314474,0.036417258,0.04595861,0.070448288,0.058555786,2324.485217,272.2640808,0.011690142,0.011386548,7.225173088,1.02419909,1.004805097,9.201087811,82.66683515,7.971622171,12.44157235,22.85053465,6.944571173,41.17522126,1.094435377,1.679677112,1.19176017,111.6259691,1.017834551,1.406411706,2.51453773,0.249778964,0.531603973,0.417086827,0.270507444,0.829453962,3223.25925,24642.52602,0.69161522,0.955652115,124.5584924,1.041450165,1.394628064,2.253960357,0.10088989,0.435597319,0.444003561,0.298795626,0.790405035,8636.20003,N/A,0.715560875,0.958222784,106.3662097,1.027027169,1.412744625,2.300539414,0.143600552,0.404702511,0.337605829,0.311211473,0.896602526,2895.579212,25175.67194,0.702297417,0.966057113,116.459527,1.026393199,1.401071607,2.197653281,0.044974317,0.473990409,0.303651067,0.193757443,0.836505698,3260.924428,N/A,0.69087414,0.943073417,94.16739885,1.038451122,1.422747279,2.35450314,0.071110072,0.437088637,0.348078056,0.269781533,0.805614744,8632.198595,24813.18361,0.699355682,0.958163915,109.0113552,1.01458482,1.439717806,2.155780068,0.09479185,0.480289495,0.358814995,0.293269949,0.851171213,8684.734557,N/A,0.678367316,0.962617896,103.6795864,1.047793943,1.431008695,1.970064404,-0.043046809,0.422320548,0.316996112,0.329511361,0.851086163,4406.469876,N/A,0.679649904,0.928221554,109.3097516,1.034307277,1.407371783,1.804967024,0.216644297,0.463201912,0.378869058,0.474005571,0.931079343,5225.101664,N/A,0.705149564,0.959490106,107.9736397,1.026601259,1.403048761,2.137715543,0.036033604,0.441166562,0.418727569,0.327204972,0.734403877,5161.235585,N/A,0.704647958,0.963037437,109.0979261,1.023297589,1.418907681,2.338652818,0.129347835,0.478400952,0.370122079,0.314958548,0.905556698,6327.793484,N/A,0.692237644,0.959858911,472.0089762,252.0028832,262.0029296,290.0034992,196.0016704,216.0021408,508.010877,574.0137363,1186.057281,2.0000016,35043.14651,49285.09147,16.0000192,462.0090674,50668.55888,51572.20988,446.0081842,286.00356,216.0021536,316.0042593,220.0019904,242.0026288,510.010581,546.0121971,1106.049361,0,35602.65482,49652.46156,6.0000048,416.0072961,49754.8931,51817.24163,456.0085794,274.00324,216.0020896,272.0031456,232.0023456,256.0029088,550.0125331,656.0178725,1274.065938,2.0000016,35640.82515,50351.38417,18.0000272,490.0099826,50748.90533,52120.50458,428.0081506,292.0037665,250.0027984,258.002744,240.0027072,198.0017296,542.0121043,600.0149572,1140.052982,0,35119.33812,49204.70751,16.000016,448.0083714,50833.19244,52174.84302,436.0081826,290.003624,212.0019584,266.0029712,206.001832,226.0021968,500.0103106,554.0129171,1172.055913,2.0000016,34880.69011,49626.40692,6.0000048,550.0123571,49875.46538,51793.233,456.0086338,296.0038657,234.0022608,274.0031056,226.00212,240.0025024,502.010293,576.0136227,1158.055198,0,34840.52592,50160.52555,6.0000048,478.0093682,51359.38171,52108.44903,408.0071297,310.0040241,208.0018304,260.0030048,250.0025968,264.0029536,508.0107938,588.0143812,1212.059395,0,34299.04333,49082.22923,12.000016,510.0108018,50465.75177,52877.70901,472.0091906,272.0031392,204.001936,258.0027376,244.0027232,298.0036624,456.0086978,580.0139811,1220.060589,0,35622.70486,50134.38966,10.0000112,478.0092754,50517.94215,52251.07516,390.0064753,268.0029312,232.0022304,310.0039633,246.0025776,260.0028608,542.0121587,562.0129171,1262.064895,0,35426.18905,49704.67065,10.000008,478.009237,50275.01837,51612.39714,446.0083186,278.0033808,226.0022448,268.0029952,202.001672,240.0024064,486.0098066,576.0141476,1064.045628,0,34244.89925,48590.35059,8.0000064,464.0087138,49469.85991,50622.38837,441.0081821,281.8034415,226.0022432,277.2032426,226.2022235,244.0025991,510.4108156,581.214073,1179.456718,0.60000048,35072.00171,49579.22173,10.80001184,477.4094471,50396.8969,51895.00508
47,McClure4863-293,-0.223579193,78.60030704,39.40009904,27.86289698,33.40007824,21.41154111,76.12938501,54.40704802,146.4009888,0.60000048,35347.56909,10844.51424,8.8000112,179.6014717,51202.34631,9042.878188,20.8510796,9.800312388,10.20024863,13.46682441,4.903529628,9.884066717,12.30753084,13.62956297,16.37904487,1.349898195,461.6637966,187.717994,2.859687131,34.09583727,785.0009616,165.2176364,9326.037614,12.46854212,25.88889084,48.33246312,14.68119204,46.16233212,16.16659696,25.0510981,11.18779662,224.9828526,1.306069437,1.730994952,32.49640331,18.98416363,1.533134745,1.827047019,52.06654989,0.176642405,0.306821628,2.330600956,0.012253991,0.525590347,0.365533425,0.289847556,0.733826412,1150.463682,4053.254589,0.690395022,1.199581092,10.18914414,0.003928837,0.005373,0.534432158,0.288128015,0.14819464,0.176797001,0.133199477,0.224390494,465.3221904,1838.535978,0.00598734,0.0298227,19.56946285,2.224175569,1.751180453,22.93108808,2351.299394,28.19584513,48.36684936,45.95501133,30.57814356,40.44649108,45.35949908,0.867233968,2.486092834,62.23296042,0.172388255,0.313373697,3.28137657,-0.003046496,0.426650671,0.425161985,0.167000659,0.721302879,883.7119532,N/A,0.688407366,1.251412174,48.16890389,0.172328757,0.308723427,2.589930537,-0.324870722,0.567809824,0.293477598,0.028062716,0.622624287,1107.891437,N/A,0.69320774,1.241867423,41.29641677,0.178101437,0.303363313,2.802774677,-0.005408729,0.499505127,0.34732486,0.282110601,0.65536774,1135.662364,N/A,0.68668297,1.169639192,45.43408611,0.182428432,0.305042006,1.580461678,-0.156122235,0.566123357,0.25263658,0.296631154,1.046111236,1169.937409,N/A,0.698826768,1.16852136,63.25066126,0.172058685,0.30474209,2.049523649,-0.324556575,0.487918059,0.217646119,0.249705719,0.341432715,1475.856859,5353.295846,0.682652851,1.20908199,51.93908411,0.178204079,0.304676077,1.795690096,0.488441419,0.306288717,0.759382339,0.404206339,0.923315557,761.7780351,N/A,0.687480098,1.175386896,44.28032816,0.17462029,0.295455469,1.777675432,0.48627017,0.628712541,0.2408128,0.248204401,0.876984142,1129.157667,N/A,0.691988687,1.170836692,40.08546295,0.182875178,0.312470946,2.440669501,-0.141731266,0.585320153,0.583481574,0.356707708,0.993454927,897.9217537,N/A,0.698755875,1.193934088,53.93706651,0.176381673,0.311842488,2.297316375,0.132052031,0.358474949,0.280049876,0.516933234,0.504219674,2292.3403,N/A,0.68192028,1.205633855,70.04052867,0.177037266,0.308526769,2.69059104,-0.028487687,0.829100078,0.255360518,0.348913025,0.653450966,650.379041,2753.213331,0.69402758,1.20949725,116.0007072,84.0003136,42.0001104,70.000264,30.0000464,44.0000992,100.0005632,88.0004416,122.0006576,0,35289.79938,11058.89489,10.0000144,142.0008336,51262.96016,8837.132257,96.0004128,90.0003632,50.0001168,56.0001984,34.0000848,32.0000576,90.0003632,76.0002688,152.00104,0,35652.8055,11006.85628,8.000016,184.001472,51431.63219,8863.149221,102.000488,74.0002576,42.000088,54.000152,30.000056,48.0001344,86.000344,76.0002656,150.0010832,0,35029.05497,10626.53017,8.0000064,220.002288,51011.9757,9085.306176,118.0006288,92.0004256,34.0000656,46.0001392,38.0000976,48.0001152,62.0002032,84.0003392,152.0010304,0,35853.38326,10936.78794,8.0000096,206.0019536,51305.10864,9359.5105,98.0004848,90.0004944,40.000096,48.0001184,40.000112,50.0001264,84.0003584,50.0001488,158.0010608,2.0000016,35133.31632,10706.60026,6.0000048,140.00088,51465.86039,8855.148238,132.0008096,70.0002512,22.0000304,78.0003088,40.0000832,52.0001568,74.0002928,90.0003632,170.0012208,0,35265.7205,10744.62137,12.000016,176.001344,51297.0784,9141.34861,118.0006352,64.0001888,38.0000944,36.0000864,34.0000912,36.0000704,62.0002416,70.0002608,122.0007312,0,35797.21268,10576.48228,8.0000064,204.0018432,51730.9218,9033.268562,90.0004592,72.0002528,40.0001184,64.0002112,28.0000512,48.0001216,70.0002224,86.0003184,130.0007472,0,34309.12876,10720.60591,10.0000112,224.0020928,49100.30812,8979.227594,110.000664,72.000256,28.0001024,46.0001424,34.0000848,64.0002336,80.0003392,60.0001952,148.0010816,0,35450.27236,11054.90113,4.0000032,170.0012464,51985.94818,9169.368534,106.0005168,78.0002672,58.000168,44.0001056,26.0000752,50.00012,72.0003136,68.0002464,160.0012352,4.0000032,35694.99713,11012.86214,14.000024,130.0007632,51431.66953,9105.322183,108.6005806,78.60030704,39.40009904,54.20017264,33.40007824,47.20012352,78.00032416,74.8002848,146.4009888,0.60000048,35347.56909,10844.51424,8.8000112,179.6014717,51202.34631,9042.878188
48,McClure4863-301,5.760012578,67.20023168,42.40011968,38.6828516,41.00010576,27.55190397,85.92303571,73.45742919,240.8025661,1.80000176,35305.6876,11090.93676,8.60000976,297.2037143,50768.25437,26182.65085,16.53409829,9.342908354,11.14755034,7.965512851,12.65795407,9.927212513,15.34279505,13.03182541,27.42638778,1.988859836,804.3323807,335.0009415,4.325639997,25.99547162,855.8159517,613.5683442,287.0496908,13.9030895,26.29131811,20.59184502,30.87297907,36.03094917,17.85643968,17.74065,11.38957455,110.4921051,2.278194918,3.020492757,50.29808242,8.746684637,1.685730507,2.343415675,88.6460752,0.515709466,0.314115846,2.228716901,0.072709345,0.50676947,0.455137043,0.331142878,0.892610171,4202.026966,3359.409076,0.695400286,0.423578182,7.156316497,0.006972878,0.004815577,0.634609889,0.206831551,0.157000436,0.079054442,0.138724557,0.291297166,3272.477966,1319.760061,0.008559464,0.006979098,8.072908452,1.352094223,1.533057559,28.47422606,284.463506,30.98064215,17.36937101,41.89265914,32.6343095,77.87855701,39.2854824,1.23086867,1.647652956,79.09789131,0.502019189,0.310343845,2.144570296,-0.280125213,0.612011009,0.415789059,0.336089695,1.475029306,3163.95343,N/A,0.695624871,0.430029174,100.9329469,0.513475645,0.307671973,2.916140941,-0.052688179,0.471513857,0.520215391,0.182531037,0.886743646,4205.578283,2582.06502,0.683096754,0.409308072,97.37550507,0.515846481,0.31350003,1.269347497,0.422587547,0.39390252,0.480176308,0.222615846,0.761363795,4381.943326,N/A,0.695619457,0.42275508,81.89273991,0.523570152,0.309718731,1.738659889,0.146966309,0.437117968,0.489274036,0.288320438,0.719732469,1883.556098,N/A,0.70625036,0.41778349,85.74247447,0.516557542,0.32378197,2.349265353,-0.038627578,0.638498158,0.346954679,0.3715706,0.825256785,1639.842547,N/A,0.680719162,0.42667965,91.94553094,0.516504749,0.312105944,2.596104331,0.010980372,0.486559314,0.451532386,0.314572189,0.684265313,12964.46492,N/A,0.697779657,0.421644097,94.41047909,0.507791293,0.315572675,2.3296764,0.31580209,0.402416348,0.562260315,0.67406603,0.783232058,2155.72762,2794.24776,0.695241221,0.432065565,84.10732715,0.519180716,0.316942215,3.029960928,-0.036442382,0.495056384,0.466545465,0.243676169,0.648185663,4429.710475,5711.620734,0.704046314,0.429796392,84.10860738,0.516089388,0.31257869,2.676004787,0.006829603,0.285763816,0.306479632,0.267580037,0.759757291,2708.329935,2835.290539,0.691387324,0.418750994,86.84724987,0.526059507,0.318942383,1.237438591,0.231810876,0.844855324,0.512143162,0.410406743,1.382535386,4487.16303,2873.821329,0.70423774,0.426969306,86.0003792,76.000288,42.0001168,54.0001744,32.0000736,48.0001504,72.0002464,138.000808,264.0029088,0,35073.19852,10884.7513,8.0000096,320.0042049,50419.70177,25311.65781,92.000448,70.000232,44.0001024,72.0003424,32.0000544,40.0001056,96.0004,112.0006336,210.0019696,4.0000064,33569.11745,10328.2766,6.000008,250.0026416,49142.55154,25233.50334,130.0007696,66.0002672,36.0000704,66.0001936,72.0002592,42.0001456,94.0004016,98.0004624,204.0018816,0,35454.37506,11114.94763,6.000008,270.0031696,50968.06118,26291.69501,118.0006224,76.0002816,38.000104,68.0002656,50.0001712,50.0001648,90.0004176,96.0003808,240.0025696,0,35570.56341,11016.86978,14.0000112,322.0042033,50365.37386,26369.80647,104.0005632,78.0002864,66.0002288,62.0002064,44.0001056,64.0001984,106.000536,114.0005552,206.0019184,0,34575.7888,11195.01701,16.0000256,306.0037968,50793.03001,26237.52274,98.000424,70.0002704,48.0001312,68.0002368,38.0000784,54.0001584,102.0004496,104.0005248,262.0030256,0,35029.0956,10932.78895,2.0000016,282.0033808,50200.79797,25928.95058,90.000376,48.000112,30.0000528,58.0001936,32.0000608,66.0002064,78.0003056,96.0004416,270.0031248,4.0000032,35418.14884,11176.99998,12.0000128,274.003048,50943.68369,25868.75904,74.0002608,56.0001632,48.000144,64.000208,32.000064,42.0001104,100.0005088,96.0004576,238.0024752,2.0000016,36042.06085,11423.25061,6.0000048,316.0043841,51192.74133,26578.28411,92.0003904,66.0002128,26.0000464,50.0001168,34.0000848,46.0001264,94.0003952,102.0005136,236.002432,4.0000032,36282.61164,11341.17123,10.0000112,322.0042577,52477.98216,27083.32968,104.000496,66.0002032,46.0002,50.0001296,44.0001056,44.0001088,58.0001872,114.0005648,278.0033552,4.0000032,36041.91579,11495.29451,6.0000048,310.0040561,51178.62016,26922.99972,98.80047296,67.20023168,42.40011968,61.20020672,41.00010576,49.60014752,89.0003848,107.0005342,240.8025661,1.80000176,35305.6876,11090.93676,8.60000976,297.2037143,50768.25437,26182.65085
49,SN1,-1.569054802,2.00000288,0,0.129842607,0.20000016,0.143804553,0,0.80000064,0,0,40049.5355,70828.89509,12.00001728,335.2047767,58348.37961,38030.84307,3.725996303,2.494442534,0,1.32864082,0.632456038,1.870909855,0,1.032796385,0,0,343.9548872,891.25193,3.651493259,29.60870537,659.804811,638.1648126,237.4675696,124.7219471,N/A,1023.27029,316.227766,1301.00878,N/A,129.0994449,N/A,N/A,0.858823661,1.258316862,30.42906668,8.83302012,1.130802287,1.678019105,114.2374341,0.651806732,1.768525078,0,N/A,N/A,N/A,N/A,N/A,3504.461419,N/A,0.686411447,1.862616527,10.05255004,0.00949097,0.015410802,,N/A,N/A,N/A,N/A,N/A,1298.608516,N/A,0.003532516,0.021186956,8.799698726,1.456101918,0.871392929,,N/A,N/A,N/A,N/A,N/A,37.05586566,N/A,0.514635396,1.137483517,100.8341789,0.65511253,1.768826199,N/A,N/A,N/A,N/A,N/A,N/A,6419.880121,N/A,0.688347519,1.858561804,114.7897385,0.641447326,1.738412098,N/A,N/A,N/A,N/A,N/A,N/A,2078.993628,N/A,0.68752792,1.863296963,105.0987047,0.648779506,1.773168753,N/A,N/A,N/A,N/A,N/A,N/A,2732.602886,N/A,0.682463565,1.865230111,106.8352017,0.65379843,1.745278446,N/A,N/A,N/A,N/A,N/A,N/A,3133.873904,N/A,0.688572418,1.838105666,103.0827742,0.638418095,1.772132597,N/A,N/A,N/A,N/A,N/A,N/A,4716.105668,N/A,0.679970924,1.8874757,123.2308477,0.652775014,1.765518235,N/A,N/A,N/A,N/A,N/A,N/A,2372.221878,N/A,0.687900506,1.860519876,125.464521,0.669083164,1.783738876,N/A,N/A,N/A,N/A,N/A,N/A,3889.446924,N/A,0.686408531,1.829927351,113.7597291,0.641934382,1.775698523,0,N/A,N/A,N/A,N/A,N/A,2665.258192,N/A,0.683798939,1.891502932,129.2890525,0.655416421,1.785730006,N/A,N/A,N/A,N/A,N/A,N/A,3124.520251,N/A,0.69245014,1.886631083,119.989593,0.661302452,1.77674705,N/A,N/A,N/A,N/A,N/A,N/A,3911.710739,N/A,0.686674003,1.844913784,2.0000016,0,0,0,0,0,0,0,0,0,40473.4627,71590.52116,6.0000048,382.0064977,58798.00762,38519.31154,0,0,0,2.0000016,0,0,0,0,0,0,40110.30542,69728.24018,18.00004,326.0044753,58339.89315,37421.96847,2.0000016,6.000008,0,0,0,0,0,2.0000016,0,0,40242.74084,71357.17061,14.0000208,364.0054113,58966.87074,38256.49724,0,4.0000032,0,0,0,0,0,0,0,0,39606.73946,69124.78871,12.000016,352.0051105,57520.07843,37606.53699,2.0000016,6.0000144,0,2.0000016,0,0,0,0,0,0,40184.55748,71212.36422,8.0000096,366.0057745,59097.46438,37728.89062,2.0000016,0,0,0,0,2.0000016,0,2.0000016,0,0,39997.96695,70617.14,16.0000192,308.0040129,58144.98837,37955.59559,0,2.0000016,0,2.0000016,0,2.0000016,0,2.0000016,0,0,39901.64198,71174.11001,10.000008,310.0039761,58131.04029,38894.50035,0,0,0,0,2.0000016,0,0,0,0,0,39747.15522,70578.96483,14.0000304,328.0044353,58126.96239,37313.69571,0,2.0000016,0,0,0,0,0,0,0,0,39612.86394,70737.87977,12.0000128,290.0035408,57206.81049,37494.283,4.0000032,0,0,2.0000016,0,4.0000064,0,2.0000016,0,0,40617.92107,72167.77145,10.0000112,326.0045329,59151.68029,39117.1512,1.20000096,2.00000288,0,0.80000064,0.20000016,0.80000096,0,0.80000064,0,0,40049.5355,70828.89509,12.00001728,335.2047767,58348.37961,38030.84307
50,BB D,1.400235094,2.60000208,0.40000032,0.528796555,1.0000008,0.146946016,0.587220917,0.660703404,1.0000008,0,34.80008384,63.60020736,0,0,0.20000016,10.4000144,4.566207747,2.503333117,0.843274717,2.008868354,1.414214694,1.280580889,0.975038918,0.92619441,1.414214694,0,12.47935851,10.23290557,0,0,0.632456038,6.310497385,326.1029357,96.28196593,210.8185107,379.8943728,141.4213562,871.4634948,166.0429474,140.1830843,141.4213562,N/A,35.86013922,16.08942171,N/A,N/A,316.227766,60.67777545,N/A,2,2.037060107,0.496805112,-12.80287497,-5.446428571,1.929880558,1.662739965,-21.71785714,N/A,N/A,11.0000048,10.59208963,N/A,,0.81135839,0.581062831,99.1932493,14.85552947,26.59220051,41.2785997,33.3812532,N/A,N/A,,11.48312201,N/A,,39.8298699,116.9599139,774.7732407,272.7572625,1377.919499,2482.564957,153.7041753,N/A,N/A,,108.4122435,N/A,N/A,1.133333803,-0.012779553,-96.32169866,0,52.43979058,51.34729494,10.9,N/A,N/A,N/A,3.777783842,N/A,N/A,2.200003392,N/A,162.508726,-39.125,-38.92015707,38.5104712,-28.225,N/A,N/A,N/A,6.60001792,N/A,N/A,2.277782637,N/A,-156.5,0,0,-78.25,-67.35,N/A,N/A,N/A,41.0001312,N/A,N/A,1.50000116,1,1.615474113,0,1.664923066,-0.328097731,0,N/A,N/A,N/A,6.00001088,N/A,N/A,1.458335417,N/A,0,0,0,0,-67.35,N/A,N/A,N/A,7.00002176,N/A,N/A,2.062502225,0,N/A,N/A,N/A,N/A,N/A,N/A,N/A,N/A,3.000004218,N/A,2,2.36363926,N/A,-1.153576061,0,-1.005235602,0.015706806,0,N/A,N/A,11.0000048,13.0000216,N/A,N/A,1.374999675,N/A,N/A,N/A,N/A,N/A,N/A,N/A,N/A,N/A,3.142859004,N/A,N/A,4.0000042,N/A,N/A,N/A,N/A,N/A,N/A,N/A,N/A,N/A,16.0000328,N/A,N/A,1.9999993,1,0.230949826,1,-0.670157068,0.343804538,0,N/A,N/A,N/A,6.40001312,8.0000064,4.0000032,0,0,2.0000016,0,0,0,2.0000016,0,60.0001728,68.000224,0,0,0,18.0000304,0,6.0000048,2.0000016,4.0000032,0,0,0,2.0000016,4.0000032,0,30.0000592,66.000232,0,0,0,10.000008,4.0000032,0,0,0,0,2.0000016,0,2.0000016,2.0000016,0,36.0000672,82.000328,0,0,0,2.0000016,6.0000048,2.0000016,0,4.0000064,2.0000016,0,2.0000016,0,0,0,40.0000864,60.000176,0,0,0,10.0000112,0,0,0,0,0,0,0,2.0000016,2.0000016,0,48.0001344,70.000296,0,0,0,10.0000112,8.0000096,0,0,4.0000032,4.0000032,2.0000016,0,0,0,0,32.000064,66.0002032,0,0,0,22.0000368,6.000008,6.0000048,0,0,0,2.0000016,2.0000016,0,0,0,22.0000272,52.000128,0,0,2.0000016,4.0000032,6.000008,0,0,0,0,0,0,0,0,0,32.000096,44.0001216,0,0,0,14.0000304,6.0000048,4.0000032,0,2.0000016,0,2.0000016,0,2.0000016,0,0,16.0000288,64.0001824,0,0,0,4.0000032,6.000008,4.0000032,2.0000016,0,2.0000016,2.0000016,2.0000016,0,0,0,32.0001024,64.0001824,0,0,0,10.000008,5.00000528,2.60000208,0.40000032,1.40000144,1.0000008,1.0000008,0.60000048,0.80000064,1.0000008,0,34.80008384,63.60020736,0,0,0.20000016,10.4000144
51,FCT_Zr_25-4,-2.145535116,922.6346917,269.6031917,218.2564155,260.0029428,199.096073,540.1871984,455.2177599,1786.129031,0.20000016,35241.66922,136901.8718,15.00002352,2157.588062,50589.07828,292935.5776,78.04699293,42.04052393,35.99831893,25.27877026,21.68505008,32.52920746,22.12840637,34.77139082,61.06588678,0.632456038,449.4467887,1603.436084,6.342111447,62.76318007,819.191275,4303.782696,3637.64696,4.556573074,13.35233411,11.58214305,8.34030948,16.33844755,4.096432947,7.638408226,3.418895596,316.227766,1.275327754,1.171230213,42.28067668,2.908951027,1.619304607,1.469190848,135.8428893,5.790773675,3.884969956,2.08868145,-0.004582797,0.500596699,0.405243591,0.369851889,0.844058638,22810.37308,68547.86287,0.696719616,0.467374805,3.224494406,0.046258077,0.048110025,0.16690824,0.145608206,0.076858361,0.054040854,0.065821656,0.074023055,9142.065469,,0.009794996,0.00378583,2.373693922,0.798823782,1.238362857,7.991081637,3177.278122,15.35334951,13.33540002,17.79676078,8.76989482,40.07854426,,1.405873365,0.810020088,135.8948733,5.806261687,3.865554866,1.986613796,0.150127949,0.533647398,0.384372872,0.411217671,0.84235255,11144.31475,N/A,0.70402658,0.468710078,140.1690937,5.885503099,3.894196235,2.231960162,-0.088721694,0.602404197,0.463704044,0.465024675,0.898882539,12347.59482,N/A,0.70600988,0.467137808,135.5550766,5.835888264,3.88452725,1.819909594,0.085572966,0.37730681,0.410981413,0.331213874,0.699386875,24085.64147,N/A,0.702387138,0.467528139,141.9454005,5.761116306,3.85702493,2.085073954,-0.152984976,0.450532395,0.389407545,0.328685394,0.823209587,29015.98139,N/A,0.69267235,0.463739036,131.838466,5.758303456,3.905057472,2.143918806,0.075387609,0.436583786,0.50337895,0.402865549,0.832339205,15997.80599,68547.86287,0.702033555,0.476091856,132.7276589,5.814025479,3.952913477,1.844790442,-0.065026498,0.503347315,0.390406641,0.345246391,0.960713795,36835.20439,N/A,0.685577556,0.466119175,134.79512,5.751027425,3.812666542,2.143225218,-0.072142454,0.497692414,0.312805845,0.303480528,0.877257179,20991.33761,N/A,0.701943175,0.465356024,137.4161695,5.759826829,3.881398101,2.337048312,-0.057762479,0.477398612,0.353085363,0.265644786,0.776905496,36143.47831,N/A,0.697698918,0.470161228,134.9777212,5.736664762,3.965182506,2.22928967,-0.192795755,0.639120231,0.437303871,0.387088755,0.913381287,16648.71085,N/A,0.674738629,0.466379319,133.1093131,5.799119448,3.831178184,2.06498455,0.272517364,0.487933832,0.406989368,0.458051266,0.816157869,24893.6612,N/A,0.700108375,0.462525381,1306.069071,886.0323324,282.00332,500.0103522,266.002904,508.0111363,552.0122915,702.020079,1844.137511,0,35133.38077,135810.011,26.0000464,2132.18272,49903.4863,289752.7005,1282.066488,960.0373231,320.0044033,568.0131011,238.002504,562.0128051,554.0124755,726.0212982,1784.12879,0,35548.51267,138432.8842,24.0000352,2114.180113,50351.29629,296342.7103,1326.070834,924.0345357,206.0018448,534.0116307,300.003728,484.0096738,568.0131459,622.0159764,1724.120056,0,34786.42036,135128.7978,12.0000192,2132.182486,49525.9928,289028.1601,1220.060448,942.0361374,248.0025984,530.0115571,264.002928,490.0099314,572.0134211,688.0195174,1686.114733,0,34886.64751,134558.6692,10.0000176,2044.168558,50365.2954,290160.3246,1256.06368,878.0312539,234.0026608,564.0133379,250.002792,504.0102306,560.0130627,708.0202918,1880.14212,2.0000016,35107.25166,137095.8354,18.000024,2184.194799,50007.93966,287960.8917,1290.069007,956.0372367,260.00296,522.0112563,280.0035232,492.0099202,540.0128131,752.0230087,1836.135453,0,34748.26135,137356.8706,8.0000064,2220.199417,50684.65419,294681.8708,1268.064711,946.0364446,288.0035552,498.0103058,270.0032656,486.0098578,602.0149844,762.0244856,1826.134066,0,35869.50727,136758.4702,14.000024,2180.191911,51100.30063,293879.2303,1266.066015,938.035795,270.0031696,514.0107666,242.0025936,458.0086034,588.0142532,684.0190565,1756.125651,0,35025.07517,135946.2602,8.0000096,2104.178675,50200.84493,289148.1735,1232.061129,960.0372015,322.0044433,542.0122707,226.0022672,510.0108338,526.0113811,702.0206774,1736.121906,0,35247.65134,139763.3705,18.00004,2220.199442,52238.9705,299677.4613,1306.069417,836.028657,266.0029616,502.0103762,264.0029216,524.011229,568.0134563,694.0195894,1788.130022,0,36063.98407,138167.549,12.0000128,2244.202498,51512.00207,298724.253,1275.26608,922.6346917,269.6031917,527.4114955,260.0029428,501.8104221,563.0131285,704.020398,1786.129031,0.20000016,35241.66922,136901.8718,15.00002352,2157.588062,50589.07828,292935.5776
52,CPBD4700-8,2.31329699,61.60020608,39.0000984,32.35925789,39.00009648,22.38921534,72.93191004,63.51491154,208.8019024,1.20000128,34727.29394,11038.68674,6.00000608,238.2024987,49895.91811,20409.51953,15.97439858,7.167867638,9.533609712,11.32882713,6.271660223,5.885382181,13.4263974,13.05169204,19.89342432,1.686550025,988.0874782,315.1802262,2.981427309,19.7645977,1734.929335,689.5950704,690.5468104,11.63610983,24.44509143,35.00953936,16.08114028,26.28668353,18.40949646,20.54902026,9.527415261,140.5456855,2.845276341,2.855232995,49.6904048,8.297393103,3.477096727,3.3787913,86.15848598,0.409061626,0.317977197,1.907960211,0.043636719,0.552665579,0.449098087,0.314448557,0.91801511,4608.392932,4156.343046,0.696182437,0.541089285,7.121764423,0.002483432,0.008690266,0.42679106,0.261557536,0.195120751,0.143116003,0.083369117,0.345829997,2961.379511,1678.487122,0.00922655,0.01297915,8.265888545,0.607104568,2.73298401,22.36897067,599.3978101,35.30539241,31.86742652,26.51279987,37.67149293,64.26056881,40.38374849,1.32530634,2.398707657,84.28860149,0.40936271,0.326704196,2.531554456,0.134904202,0.370325895,0.591229757,0.250761352,0.683922746,5183.803274,5655.559156,0.683519028,0.545502873,92.61585479,0.406275219,0.311949457,1.625241088,0.376355272,0.615293625,0.511241966,0.363431524,0.852250096,2056.089255,2723.684309,0.690098754,0.529877092,97.24672507,0.408654957,0.309463238,2.186219683,-0.095411905,0.718788799,0.54276925,0.386478442,0.908829141,2649.995265,5563.477861,0.693088681,0.52485713,75.51706989,0.406847923,0.31565388,1.310969993,0.567297779,1.017059919,0.397847304,0.368369746,1.452245996,3423.478885,N/A,0.695559448,0.539651369,84.14203863,0.412974494,0.304176275,2.435397564,-0.101703423,0.501857271,0.530880483,0.422394905,0.532058605,2545.31985,N/A,0.712663945,0.524912475,76.85562774,0.413184567,0.329773888,1.832974257,-0.098981973,0.436449371,0.435306437,0.221651624,0.76781588,5187.809841,N/A,0.690685595,0.551255038,92.50774038,0.4060751,0.321817802,1.986742768,-0.150912598,0.553669913,0.174454119,0.181305823,0.835780071,10268.44977,N/A,0.687591549,0.544921865,83.72479556,0.408228311,0.311144482,1.273086381,-0.304892403,0.411447863,0.60904571,0.392190987,1.616230274,2009.415777,2682.650858,0.700640464,0.534015912,91.55275609,0.409140704,0.322096137,2.090702075,0.022555175,0.398590096,0.24666679,0.252045876,0.666846079,3448.516655,N/A,0.699437077,0.55063204,83.1336501,0.409872272,0.326992616,1.806713842,0.08715706,0.503173042,0.451539054,0.305855293,0.864172209,9311.050748,N/A,0.708539825,0.565267052,94.0004432,60.0002272,30.0000624,68.0002496,32.0000608,40.0000896,84.0003424,88.0003712,234.002392,2.0000016,34621.92253,11311.12736,4.0000032,246.0027728,50652.46337,20735.22968,102.0004688,56.0001792,40.0000992,52.0001824,40.00008,42.0001328,68.0002208,88.0004608,234.0024976,4.0000064,34924.74315,10894.75467,10.000008,222.0020432,50608.32665,20560.909,80.0003264,62.0002096,44.0001216,54.0001552,28.000048,44.0001184,64.000224,86.0003504,218.001992,2.0000016,35955.69115,11126.96462,8.0000096,218.002072,51877.47565,21199.98756,106.0005136,54.0001552,56.0001888,40.0001056,42.000088,38.0000816,58.0001808,112.0005568,230.0022384,0,35117.32303,11084.91928,6.0000048,272.0032672,50487.88157,20540.88974,88.0003616,70.0002512,44.0000928,70.0002704,36.0000832,60.000192,90.0004112,72.0002496,182.001384,0,35139.40717,10688.57397,8.0000096,242.0024944,49307.12073,20362.58323,74.0002544,60.0002144,40.0001344,60.0001696,50.0001392,40.0000768,94.000424,96.0004032,184.0014304,0,34688.11455,11439.23439,4.0000032,270.0030768,50222.72765,20751.25596,96.0004032,78.0002896,44.0001216,40.0000832,40.0001216,40.0000832,82.0003248,94.0004624,198.0016464,0,34774.38003,11191.01455,2.0000016,222.002136,50574.18185,20536.91596,64.0002016,58.000168,22.0000304,52.0001568,42.0001264,40.0000928,56.0001632,114.0005712,198.0017872,4.0000032,34487.55367,10730.61202,10.0000112,240.0027392,49222.89739,20094.18028,82.0003984,58.0001968,30.0000464,38.0000976,36.000064,38.0000688,78.0002576,80.0002976,214.0019408,0,35372.04096,11393.19775,6.000008,226.0022352,50572.15599,20691.12752,90.0003984,60.0001696,40.0000864,56.000176,44.0001536,44.000096,82.0005008,96.0004384,196.0017152,0,32191.76313,10526.46883,2.0000016,224.0021504,45433.95022,18622.11639,87.60037696,61.60020608,39.0000984,53.00016464,39.00009648,42.6001032,75.60030496,92.60041616,208.8019024,1.20000128,34727.29394,11038.68674,6.00000608,238.2024987,49895.91811,20409.51953
53,CPBD4700-111,-9.63629109,108.800568,73.4002856,52.94367045,72.80026912,38.1030552,143.6596646,133.7609126,558.8130237,1.60000128,35648.4267,14749.91605,6.80000736,325.8045484,51184.87377,30752.23751,26.26511313,12.96846528,7.604158746,16.81299003,12.93411157,10.22877804,18.36374861,13.23301204,31.96258446,2.06559277,420.1450376,211.6659579,2.859685341,25.35945483,506.4401674,440.7511787,272.5645467,11.91948306,10.35984899,31.75637406,17.76657109,26.84503378,12.78281462,9.893033607,5.719727906,129.0994449,1.178579467,1.435031611,42.05415067,7.783640517,0.989433264,1.433232878,94.93273494,0.600797039,0.413773748,2.009369513,-0.057173125,0.519967416,0.381387041,0.264548176,0.942749326,5794.457649,5632.812137,0.696472999,0.479670729,7.91193679,0.005050868,0.004874608,0.341060902,0.189151805,0.09407475,0.147617074,0.061760938,0.138461527,3846.815776,2372.897182,0.005774833,0.005981395,8.334255612,0.840694505,1.17808549,16.97352826,330.8404147,18.09243179,38.70531971,23.34581888,14.68699291,66.38784868,42.12633271,0.829153964,1.246979375,86.31954216,0.603530222,0.418553048,1.805308504,0.326740579,0.604278553,0.64778159,0.300322938,1.202989027,7596.224193,N/A,0.696493414,0.483023766,94.84835798,0.600160999,0.413991327,1.745230346,-0.129885314,0.528914101,0.341225231,0.318199255,1.044550988,3888.835907,7402.386562,0.689872254,0.475874191,110.7399141,0.607811073,0.410736225,2.15758847,-0.364831255,0.449848694,0.348288082,0.21834578,0.781101087,15614.49975,N/A,0.69641042,0.470608384,88.17610096,0.603523954,0.413611046,1.906404028,-0.187100828,0.379460325,0.155196063,0.259848494,0.881095041,3086.209753,N/A,0.693247094,0.475100704,92.66978534,0.597777811,0.408748025,1.907121077,-0.132747974,0.51156219,0.246071719,0.238014404,0.875911715,5096.903582,2416.400999,0.693340727,0.474091958,86.26254504,0.591316166,0.416173012,1.71442248,-0.142697631,0.424207657,0.316906383,0.335160276,0.757420478,7591.208722,N/A,0.698277539,0.491453276,99.64177789,0.603758487,0.413718615,1.925561477,-0.113099629,0.675127975,0.454164131,0.218576524,1.086395857,3108.862683,N/A,0.705484883,0.483425468,89.6161756,0.605099052,0.424045004,2.899372791,0.034759535,0.557150816,0.348097364,0.286678086,0.896465337,3898.356172,3758.76012,0.687935067,0.482095331,100.1026943,0.600413848,0.408323402,1.960457693,0.096568002,0.454940142,0.586956146,0.330023358,0.913331629,3083.198273,7392.372466,0.705112468,0.479525786,100.9504561,0.594578776,0.40983778,2.072228267,0.04056326,0.614183702,0.369183701,0.140312649,0.988232103,4980.277452,7194.14054,0.698556127,0.481508428,158.001064,86.000328,72.00024,106.0005232,66.0002128,64.0002144,126.0007408,218.0019888,536.0121379,0,35065.18253,14676.63902,4.0000032,352.0051233,50345.31818,30384.92108,154.001096,124.000704,72.0002656,88.0004416,78.0002864,84.0003264,144.0008736,228.0023584,616.0158308,2.0000016,35761.09931,14804.78497,8.0000064,328.0047521,51837.2773,31110.71214,132.0008256,134.000808,66.0002224,96.0004,68.0002208,76.000288,154.0010128,194.0016848,570.0137267,0,35781.21398,14696.64075,2.0000016,282.0033296,51379.49254,31229.02449,116.0006304,108.0005856,68.00032,64.0002336,94.0003856,82.0003024,186.0015824,232.0022912,532.0114755,0,35450.25246,14662.616,10.000008,350.0055217,51136.5324,30862.12222,126.0007696,106.0005424,80.0003968,74.0003088,82.0002992,72.0003008,164.0013024,220.0021728,596.014874,6.0000048,35470.30619,14498.41759,6.0000048,330.0044977,51158.54988,30581.44596,128.00072,108.000512,64.0001888,84.000304,88.0004512,86.0003376,158.0011056,192.001568,558.0127891,0,35857.46571,14922.90952,4.0000032,352.0051393,51351.30902,30364.85918,142.0009072,112.0006272,78.0002832,90.0004368,60.0001984,62.0001872,122.000664,196.0016032,506.0109299,0,36326.7454,15029.0508,10.0000112,312.0042849,51491.88348,31088.66165,152.0010848,106.0005232,84.000368,88.000352,52.0001216,78.0003376,158.0011344,214.0020752,566.0132947,4.0000032,35456.26616,15035.05251,8.0000096,348.0051073,51540.13493,31186.8868,158.00108,104.0006048,66.0001936,120.0007136,74.0002992,82.0003216,152.0011264,208.0017984,542.0119731,2.0000016,36208.44818,14784.75676,10.0000176,308.0040673,51351.30896,30832.03699,144.0009408,100.0004448,84.0003776,84.0003392,66.000216,52.0001312,144.0009088,214.0020592,566.0132051,2.0000016,35107.28708,14388.29259,6.000008,296.0036608,50256.93103,29881.70456,141.0009118,108.800568,73.4002856,89.40040528,72.80026912,73.80027472,150.8010451,211.60196,558.8130237,1.60000128,35648.4267,14749.91605,6.80000736,325.8045484,51184.87377,30752.23751
54,CPBD4700-124,1.328085154,54.80016704,33.80007472,35.0378082,36.2000776,18.42027656,67.36442137,64.80992426,315.8042978,0.80000064,34551.57808,10600.91156,7.00000656,177.8014088,50130.48486,10299.66003,29.18452371,9.484540138,4.939651356,16.56937643,8.508849145,13.96885617,8.22204979,17.70484119,16.74557024,1.398412916,742.9177618,364.5396914,3.559029631,15.03941703,941.6006298,261.5314467,2197.48889,17.30750224,14.61432082,47.28999124,23.50505775,75.83412837,12.20532979,27.31810196,5.302514991,174.8014747,2.150170276,3.438757972,50.84323279,8.458547728,1.878299467,2.539224071,58.25473654,0.205453322,0.306763465,1.977379201,0.004936905,0.510725478,0.524263297,0.279448415,0.991110334,1970.70076,4366.001674,0.689261347,1.029296834,4.464423893,0.003274128,0.005680048,0.629451273,0.458692598,0.110882782,0.249772367,0.225404972,0.336609807,1327.597656,1361.835301,0.009895524,0.025874304,7.663623867,1.593611719,1.851605178,31.83260311,9291.096103,21.71083813,47.64254307,80.66067288,33.96289955,67.36678055,31.19181812,1.435670751,2.513784507,64.14180776,0.203029507,0.301514103,1.627361574,-0.326501232,0.474834513,0.55702092,0.088619544,0.615628661,705.5640784,5000.005479,0.681690762,1.012362102,59.39238099,0.199032542,0.303671045,1.493319001,-0.245757213,0.426139931,0.322871676,0.360535073,0.870480995,1247.248625,N/A,0.698809876,1.066199141,55.35243025,0.208269568,0.299333571,3.500643673,0.450532851,0.485625365,0.341597748,0.232118962,0.921817724,1734.389196,N/A,0.692030577,0.99461475,54.46596725,0.207865706,0.3095299,1.92355123,-0.745419157,0.594139354,0.43102341,0.031365403,1.092983064,1761.079433,5295.244037,0.673078962,1.00227242,61.42085378,0.210419681,0.31610388,1.646487017,0.752255758,0.637721654,0.970497018,0.064550929,1.227881931,5282.233128,2802.755506,0.706405668,1.061200987,53.62149568,0.204824467,0.307910498,2.237928967,-0.262787788,0.446841875,0.244132116,0.064909072,0.754043982,1018.815916,N/A,0.698665249,1.050296225,54.81772078,0.203059656,0.303730571,1.450958415,-0.254390244,0.723659551,0.446355934,0.590690982,1.495870858,1019.616244,N/A,0.689026175,1.03062478,61.96786411,0.205043363,0.31444671,1.433949588,0.50151972,0.424488762,0.958990924,0.569477962,1.060948722,2664.637243,N/A,0.682937293,1.047326679,64.30439086,0.207612777,0.309654932,2.164289523,0.11041637,0.364772661,0.453005777,0.237876399,0.450450159,2540.036429,N/A,0.686446035,1.023835834,53.06245391,0.205375955,0.301739437,2.295303023,0.069499986,0.529031112,0.517137444,0.554339819,1.42099725,1733.387305,N/A,0.683522876,1.004235417,68.0002496,66.0002576,34.0000816,62.000232,44.000096,28.0000544,76.0002976,92.0004448,344.0051617,2.0000016,33166.0073,10000.01896,14.0000144,154.0010736,48652.56968,9877.907258,78.00028,68.0002176,28.0000512,44.000096,44.0001344,46.00012,70.0002256,104.0005088,336.0046273,0,35033.07936,10638.53181,8.0000064,168.001296,50132.49035,9977.996979,98.000552,48.0001152,34.0000816,40.0000864,20.000032,32.0000704,74.0002608,108.000512,312.0042945,0,34577.82134,10350.30275,6.0000048,188.0015648,49965.74207,10406.3435,54.000152,68.000224,32.0000608,46.0001296,28.0000448,24.0000448,58.0001552,104.0004608,324.0046561,2.0000016,34214.77714,10590.49655,6.0000048,194.0016048,50833.22918,10566.48505,116.0006752,48.0001184,42.0000976,80.0003616,40.0000768,20.0000288,70.0002384,126.0007024,324.0043969,4.0000032,35466.28714,11211.03099,2.0000016,172.0014304,50206.68541,10564.47471,52.000128,52.0001664,34.000072,36.0000832,34.0000592,22.0000496,80.0003104,100.0004576,306.0039057,0,34752.28598,10700.59367,10.000008,190.0015504,49740.96828,10188.16732,60.0001984,54.0001616,42.0001008,44.0001152,40.0000992,52.0001376,62.0001936,130.000744,310.0040465,0,34597.86552,10508.42944,10.0000112,186.0014192,50212.7013,10196.17386,94.000424,44.0000896,28.0000576,78.0002864,46.0001072,52.0001408,70.0002288,114.0006192,316.0043329,0,35500.42431,11162.99163,4.0000032,172.0013696,51981.96772,10658.5575,70.000328,44.0001408,30.0000656,52.0001408,38.0000848,34.0000592,86.0004208,78.0003216,294.0036688,0,33593.32217,10402.33791,4.0000064,158.0010608,48938.03802,10160.16197,82.0003632,56.0001792,34.0000784,52.0001472,28.0000416,54.0001648,68.0002592,132.0007776,292.0038881,0,34613.91054,10444.38189,6.0000048,196.0017184,50640.4566,10400.33215,77.20033504,54.80016704,33.80007472,53.40016784,36.2000776,36.40008704,71.40025904,108.8005549,315.8042978,0.80000064,34551.57808,10600.91156,7.00000656,177.8014088,50130.48486,10299.66003
55,SN2,0.015474445,1.0000008,0.20000016,-0.135078642,0.20000016,0.271902486,0.192332422,0.116421818,0.60000048,0,37427.00927,70604.60578,12.40001728,335.004774,54669.26457,38475.98867,2.675872587,1.414214694,0.632456038,0.689660943,0.632456038,1.001403998,0.635378727,0.68738962,1.349898195,0,479.0199329,878.7073761,4.501859085,26.31932524,1026.21068,492.9656346,17292.20367,141.4213562,316.227766,510.5625376,316.227766,368.2952706,330.3544558,590.4302382,224.9828526,N/A,1.279877667,1.24454682,36.30526461,7.856403038,1.877125452,1.281229285,115.5533895,0.703904447,1.886490245,0,-78.25002087,0,0,0,7.6,3443.643069,N/A,0.684707938,1.835102025,10.11958992,0.008644685,0.009585281,,78.25,0,0,0,5.715767665,1076.123335,N/A,0.007838745,0.016133564,8.757501587,1.228104884,0.508101264,,99.99997333,,,,75.20746928,31.2495608,N/A,1.144830435,0.879164435,111.1298644,0.717107353,1.904354121,N/A,N/A,N/A,N/A,N/A,N/A,2762.409427,N/A,0.696462331,1.84952909,111.0030461,0.698760724,1.876562737,N/A,N/A,N/A,N/A,N/A,N/A,1898.178206,N/A,0.685025279,1.839675397,104.5134032,0.691398146,1.887161837,N/A,N/A,N/A,N/A,N/A,N/A,3825.242619,N/A,0.678888527,1.853017003,111.7986397,0.709011598,1.888625178,0,N/A,N/A,N/A,N/A,N/A,4863.307593,N/A,0.679874671,1.811011872,141.3559139,0.707643669,1.898231995,N/A,N/A,N/A,N/A,N/A,N/A,3873.19106,N/A,0.676563816,1.814861264,118.586604,0.705030568,1.885519313,N/A,-78.2500626,0,0,0,10.9,3865.971084,N/A,0.684469428,1.83053102,120.5723178,0.716285613,1.883430737,N/A,N/A,N/A,N/A,N/A,N/A,1868.892445,N/A,0.698026282,1.835418903,110.720601,0.697046011,1.882275355,N/A,-156.5,0,0,0,10.9,4816.410251,N/A,0.685034218,1.849839187,114.9376818,0.69586064,1.871097145,N/A,0,0,0,0,1,2758.537938,N/A,0.688125159,1.850297237,110.9158231,0.700900143,1.887644028,N/A,N/A,N/A,N/A,N/A,N/A,3904.290063,N/A,0.674609667,1.816839278,0,0,2.0000016,0,0,2.0000016,0,0,0,0,37560.38076,71528.26588,14.0000144,348.0052097,53930.24017,38673.77176,2.0000016,2.0000016,0,2.0000016,0,2.0000016,0,0,0,0,37217.379,69840.74661,20.000032,342.0052529,54329.9352,37963.62486,0,0,0,0,0,0,0,0,0,0,37560.39476,70882.54356,10.0000208,366.0057425,55326.30655,38252.50575,0,4.0000032,0,0,2.0000016,0,0,0,0,0,37307.62434,70460.11867,8.0000064,348.0050561,54874.2672,38906.49187,2.0000016,2.0000016,0,0,0,2.0000016,0,0,0,0,37030.83877,70293.12295,10.0000112,274.0030672,54733.69676,38731.95398,4.0000064,0,0,0,0,0,0,0,4.0000032,0,37532.30141,70767.87919,10.0000112,326.0043953,54834.15311,38659.75414,2.0000016,2.0000016,0,0,0,0,0,0,0,0,36425.07096,68604.09823,20.0000256,310.0039665,52182.95055,37377.89675,4.0000032,0,0,0,0,0,0,0,2.0000016,0,37867.34004,71276.76093,8.0000096,348.0050497,55278.02703,38531.32824,0,0,0,0,0,0,2.0000016,2.0000016,0,0,38190.30301,71457.76694,14.0000304,336.0048193,55499.06512,38619.615,0,0,0,0,0,0,0,0,0,0,37578.45961,70934.75486,10.0000112,352.0051809,55704.004,39042.94436,1.40000144,1.0000008,0.20000016,0.20000016,0.20000016,0.60000048,0.20000016,0.20000016,0.60000048,0,37427.00927,70604.60578,12.40001728,335.004774,54669.26457,38475.98867
56,CPBD4700-130,-6.591241783,96.20045584,85.40037168,63.56575805,75.00029008,46.43716422,167.6317585,148.0938452,748.8229985,0.60000048,35335.56649,29703.31465,7.8000088,420.8075118,51007.22907,47543.8147,22.89986409,14.98012793,13.2347438,18.56224104,12.37388486,13.68010741,23.46514097,23.04331434,42.31565101,0.966092556,658.4183239,551.7232686,3.457686266,27.39439484,976.180567,1038.469685,347.4286764,15.57178476,15.49729063,29.20163561,16.49844933,29.45939452,13.99802829,15.5599406,5.650955045,161.0152972,1.863330319,1.857446804,44.32926108,6.509958607,1.913808268,2.184237195,113.3436918,0.932098864,0.840720941,2.287253091,-0.025876778,0.518366239,0.394229095,0.28994796,0.895929354,8138.254838,14878.36957,0.692811659,0.624886596,6.562407836,0.010062075,0.014623394,0.487140232,0.14187935,0.103734791,0.14313934,0.124543611,0.163359251,6083.733345,344.9884869,0.008568323,0.011101342,5.789830675,1.07950731,1.739387389,21.29804674,548.2883168,20.01187256,36.30866974,42.95378081,18.23349687,74.75476581,2.318725082,1.236746308,1.776537074,103.3125019,0.93587053,0.843932973,2.312039667,-0.185709596,0.552662942,0.407483649,0.219278387,0.877552843,7989.642837,15056.12702,0.696581979,0.628151525,114.4707336,0.920299983,0.837470662,1.64328598,0.080445703,0.648224149,0.360579063,0.444016534,1.057561065,7898.608521,N/A,0.691447261,0.629215262,112.1134206,0.933116292,0.826359518,1.772318596,0.214533948,0.564233091,0.618189873,0.524063985,0.967825119,4776.116186,14480.75346,0.684719777,0.606381765,105.8751964,0.918053966,0.832205202,2.295613224,-0.016711188,0.359380665,0.463837839,0.2057377,1.019164152,4764.470473,N/A,0.694289516,0.62936534,109.2903347,0.941712859,0.850884909,3.009816292,-0.028151038,0.446813881,0.377113799,0.254927694,0.843204915,4830.717002,15098.22823,0.691818109,0.62509244,113.6459672,0.940102048,0.83306965,2.162529907,-0.20563826,0.422210646,0.206683885,0.190859198,0.710604119,6023.338411,N/A,0.693223183,0.614298411,120.5359111,0.948795983,0.829448357,2.730466734,0.081750357,0.524941534,0.401903655,0.149371246,0.727089846,5966.622463,N/A,0.700383695,0.612283479,125.5841636,0.933206354,0.830811767,3.00591926,-0.103859745,0.413326199,0.126673288,0.211404207,0.651478129,23986.93452,N/A,0.702739569,0.625632585,116.3629647,0.921771443,0.847853088,2.013203131,0.085510253,0.588222337,0.526423724,0.398900625,1.149872276,3191.715777,N/A,0.699479433,0.643387037,112.2457242,0.928059178,0.875173288,1.92733812,-0.180938214,0.663646944,0.453402174,0.300920027,0.954941072,11954.38219,N/A,0.673434068,0.63505811,102.0005104,96.0004544,92.0003936,100.0004576,72.0002592,68.0002464,176.0012896,250.0027824,746.0225335,2.0000016,35680.88827,30112.27813,6.000008,464.0089058,51222.81277,47937.92094,134.0008016,88.0003648,98.0004368,84.0004384,92.0003872,96.000448,160.0010848,256.0029056,690.0193237,0,35606.70885,29819.57403,6.0000048,414.0070353,51495.91426,47391.68904,156.0011904,94.000392,68.0002752,106.0005552,68.0002208,94.000488,130.000776,220.0020512,742.0228503,2.0000016,35047.13078,28961.53008,10.0000112,426.0080114,51184.63344,47761.21535,116.000672,86.000328,66.000232,114.000648,80.0003776,66.0002256,194.0017008,300.0037792,810.0264793,0,36031.91825,29985.9498,10.000008,450.0085426,51897.54046,47644.74284,128.0007872,96.0004544,78.0003056,98.0004528,58.0002224,76.0002624,184.0016064,250.002648,738.0220823,2.0000016,35488.32548,30196.48061,10.0000112,442.0082002,51297.19069,48307.22412,128.0007584,122.0007728,84.0003232,82.0003408,92.0003872,78.0002992,208.0017824,240.0025504,708.0211527,0,35532.49286,29601.0414,8.0000064,424.0075297,51256.93101,48186.74584,138.0009008,90.0003856,86.000376,96.000464,60.000176,54.0001872,174.0013424,230.0021776,796.0261225,0,35235.64752,29226.14992,8.0000096,396.0067713,50309.06311,47733.03698,140.0009536,116.000592,82.0003184,64.0001856,66.0002064,80.0002848,208.0018112,234.0022512,752.0231591,0,36126.16106,30014.03972,2.0000016,382.0060273,51407.60908,47973.90743,110.0006032,70.0002704,90.0004112,104.00056,76.0003136,84.0003488,162.0011312,274.003112,704.0200934,0,33908.19648,28749.1691,14.000024,384.0061793,48476.33091,44684.09748,114.0006192,104.000544,110.0006448,110.0005552,86.0003504,84.0003648,176.0012896,270.0030992,802.0261881,0,34698.19538,30366.93374,4.0000032,426.0079154,51524.26498,47817.567,126.6007797,96.20045584,85.40037168,95.80046576,75.00029008,78.00031552,177.2013815,252.4027357,748.8229985,0.60000048,35335.56649,29703.31465,7.8000088,420.8075118,51007.22907,47543.8147
57,CPBD4700-163,4.289025365,129.8007634,121.400684,95.90747642,105.2005133,57.41317763,216.5513117,199.3487581,1021.242628,1.80000144,35393.10688,31269.11452,8.2000088,400.4066625,51077.71119,39663.92486,25.19408198,15.78904935,20.26622236,15.55808765,17.33862597,11.43354909,24.33947011,23.08466171,85.03342261,2.20101163,644.1988791,575.3390617,2.740645244,30.32957426,1126.379312,845.9537901,587.4080902,12.1640651,16.69366406,16.22197583,16.4815032,19.91450319,11.23958563,11.58003789,8.326466233,122.2783261,1.820125261,1.839959559,33.42246711,7.574692705,2.205226676,2.132804036,99.50144792,0.776580175,0.883529818,2.090715765,0.016751975,0.5649327,0.448476607,0.26758258,0.933877231,5374.3828,10307.8086,0.692992585,0.788493235,6.732118555,0.006916213,0.009960273,0.31981455,0.116649344,0.099161483,0.092314595,0.056574912,0.176537424,1958.069292,4886.936903,0.004981158,0.013104967,6.76584984,0.890598706,1.127327328,15.29689282,696.331902,17.55279579,20.58403795,21.14297275,18.90370789,36.4333797,47.410047,0.718789525,1.662026583,93.7773764,0.781791345,0.864282987,2.454486008,0.180254267,0.611127275,0.354042562,0.274326659,0.89505777,6720.827461,15497.18842,0.695254497,0.7686151,106.022087,0.778695947,0.888584586,1.836143379,-0.125619853,0.534146377,0.473609211,0.310785381,1.296862599,3753.23252,7487.988975,0.69934056,0.798030662,92.39044318,0.780608521,0.88221803,2.044107561,-0.025242874,0.489211278,0.402715136,0.206024641,0.772475002,5035.365632,N/A,0.691545684,0.781562146,106.3172709,0.774591337,0.872859236,2.069287092,0.018645281,0.626446902,0.398639264,0.241925646,0.938577065,5023.562063,15598.44053,0.688870628,0.77626364,111.006963,0.761604457,0.896976324,1.991008404,-0.098487357,0.72776317,0.606800875,0.325304531,0.848642028,4967.630473,N/A,0.686407788,0.808413775,92.658202,0.76820105,0.890574381,1.96078786,0.168473958,0.378102322,0.494393853,0.313543843,0.831862978,4910.96443,N/A,0.694107429,0.804677752,97.03656224,0.776461923,0.88996023,2.838353724,0.008861116,0.510860478,0.327830519,0.270171195,0.902943428,9800.851851,5189.786717,0.692989266,0.794286068,100.3999177,0.782202807,0.88744923,2.026984317,-0.141194759,0.511615294,0.385577262,0.143624415,0.782758498,6659.964341,N/A,0.698954709,0.792999991,93.0645444,0.777941979,0.887648556,1.779003023,0.117224032,0.619138801,0.463629788,0.287304582,0.862581555,4020.457291,N/A,0.685209714,0.781839044,102.3411124,0.783702383,0.874744622,1.906996286,0.064605936,0.640915107,0.577527598,0.302814909,1.207011391,2850.971935,7765.638384,0.697245573,0.778244175,194.0018288,112.0005824,132.000784,114.000616,88.0003264,96.00048,230.0025776,346.0048977,1096.048357,2.0000016,35861.40432,30994.40163,6.0000048,430.0077329,51580.25513,40324.99703,156.0010816,130.0007632,102.0004784,134.0007792,104.0004768,102.0004656,202.0017136,368.0056065,864.0307627,4.0000032,33707.51678,29951.97986,10.0000112,354.0051729,48199.00162,37532.36724,182.0015376,136.0008288,122.0007216,146.0010576,122.000664,96.0004992,264.0029632,352.0050017,1144.052834,0,35686.909,31483.63455,8.0000064,436.0078369,51604.55749,40282.95729,198.001704,140.0008352,140.0009088,136.0008032,108.0005184,100.0004864,238.0023248,368.0059137,1136.052761,2.0000016,35741.05046,31196.90601,8.0000096,378.0057969,51883.54532,40188.54473,194.0016336,154.0010576,142.0008848,170.0012144,98.000408,114.0006992,208.0019488,306.0039345,1008.040987,0,35817.27291,32127.24578,8.0000096,358.0053937,52180.74962,39741.09147,210.00204,124.0007232,86.0003312,154.0011152,116.0005824,112.0006976,240.0025536,326.0045585,982.0390528,0,35498.42569,31613.98848,8.0000096,424.0073921,51142.55256,39287.76259,182.0015344,130.0007824,116.0006368,118.0006576,80.000288,104.000496,240.0025632,346.0051473,1012.042296,6.0000048,34988.91765,31138.74521,4.0000032,404.0068801,50489.84067,39203.43877,174.0013904,148.000928,112.0005344,134.0007856,108.0006048,80.000384,232.0023328,314.0041201,1024.042149,0,35706.98384,31688.13532,6.0000048,398.0064817,51086.26264,39959.81802,170.001272,102.0004848,152.001008,148.0011072,138.0008496,104.0005312,258.0028304,348.0051905,978.0390688,0,35412.13444,31433.53001,10.000008,432.0077569,51680.72445,40204.60508,180.0014016,122.000648,110.000552,140.0011232,90.0004144,92.0003968,184.0015488,342.0048273,968.0380143,4.0000032,35510.4537,31062.57839,14.0000208,390.0061809,50929.62235,39913.66638,184.0015424,129.8007634,121.400684,139.4009259,105.2005133,100.0005136,229.6023357,341.6049198,1021.242628,1.80000144,35393.10688,31269.11452,8.2000088,400.4066625,51077.71119,39663.92486
58,CPBD4700-189,4.46691972,58.60018416,38.60008208,26.5644554,26.40004544,21.57350725,66.89542218,59.77780209,258.6028581,0.6000008,35001.38249,8355.799046,7.00000912,178.2013698,50717.38453,11187.01633,17.91845211,8.382576415,6.257465591,6.543529817,8.63071745,8.388702039,8.62549049,13.20877955,26.18029354,1.349899091,280.125475,82.64756583,2.867446902,16.34242568,533.169205,138.3509704,401.1366497,14.30469295,16.21101628,24.63265186,32.69205528,38.88427571,12.89399216,22.09646237,10.12374485,224.9828818,0.800326887,0.989104278,40.9634738,9.170763224,1.051255324,1.236710186,63.18520624,0.220577724,0.238743677,2.888795423,0.053166288,0.584425467,0.396422714,0.315785734,0.889342589,2055.010202,3095.52293,0.690193667,0.747054872,4.973705128,0.001768501,0.003231306,1.350405322,0.279218449,0.112619731,0.082846635,0.097510288,0.124689211,1386.791792,1432.359001,0.009017298,0.013894069,7.871629174,0.801758696,1.353462617,46.74631202,525.179507,19.27016141,20.89855898,30.87862356,14.02038008,67.48345046,46.27195576,1.306488056,1.859845838,67.63236361,0.222512899,0.236162641,2.027691632,-0.366631895,0.690440806,0.436711248,0.147463953,0.911615311,2806.760242,N/A,0.691749549,0.734183955,61.34566994,0.219943811,0.235799766,5.394981084,0.21037613,0.532903453,0.338569219,0.389922424,1.018105834,1395.623445,2082.692168,0.69597779,0.746151481,68.26435153,0.219819041,0.24058875,1.919567451,-0.072999588,0.520950892,0.39693057,0.402706339,0.799664935,1843.149033,N/A,0.695718344,0.761453631,67.68817291,0.220013443,0.242208156,5.218860185,-0.186596924,0.766452263,0.285412318,0.325373514,0.658276001,1387.614408,N/A,0.687257543,0.756587326,64.54557794,0.220297472,0.24194588,2.237063742,0.210984366,0.566218457,0.465269852,0.35251477,0.901759448,2743.204464,N/A,0.698594447,0.767244611,64.79586976,0.218744608,0.235514505,1.924603502,0.293814732,0.363711004,0.501361307,0.401070589,0.845964138,1114.496487,N/A,0.691931535,0.744977964,55.29906132,0.220616539,0.241034441,3.470717603,0.295598068,0.576249963,0.40394485,0.282146536,0.921261393,1410.136626,N/A,0.684684613,0.748051684,67.12586408,0.220372867,0.234799958,2.328830263,0.424410292,0.528492532,0.504800632,0.148148083,0.766143474,5571.482161,N/A,0.702363312,0.748344743,55.53453157,0.218814718,0.242850334,2.27732034,0.054122218,0.614757746,0.359566375,0.394767024,1.052148389,1132.912082,N/A,0.671953579,0.745764053,59.62059979,0.224641846,0.236532343,2.088318429,-0.331414518,0.684077558,0.271660769,0.313744108,1.01848696,1144.723079,4108.353693,0.681705959,0.717789276,58.0002,58.0001648,42.0001008,46.0001264,30.0000496,28.00008,64.0002112,90.000376,248.0025504,0,34902.72598,8242.719939,4.0000032,166.0011472,50455.72641,11227.04995,104.000512,62.0002032,46.00012,50.0001648,16.0000192,54.000152,90.0003568,128.000752,288.0034976,4.0000064,35329.89929,8330.782,8.0000096,182.0014512,50762.96944,11165.00095,70.0002384,54.000136,34.000072,44.0001216,34.0000592,44.0001152,68.000256,82.000312,214.0019376,0,35000.97937,8420.841872,6.0000048,162.001144,50309.12247,11058.90304,88.0004096,72.0003136,48.0001248,42.0000976,12.0000096,44.0001024,66.0002128,78.0002992,264.0030176,0,34676.07669,8398.828594,8.000016,164.0011392,50455.72371,11100.93747,100.0004608,62.0001904,38.0000784,52.000144,30.0000592,44.0001088,70.0002512,92.0003712,226.0021584,0,34796.38547,8418.842101,4.0000032,170.0012144,49809.13553,10972.82663,78.0003024,40.0001024,28.0000416,52.0001312,40.0000896,44.0000864,80.0003168,98.0004144,236.002336,0,35253.70927,8302.759882,10.000008,172.0012992,50949.7074,11144.97378,96.0005472,56.000144,36.000064,44.0000928,18.000024,36.0000608,66.0002,96.0004416,276.0033888,0,35010.9748,8438.850743,8.0000096,204.0017728,51134.45536,11281.10654,106.0006224,58.000152,32.0000576,50.0001264,26.0000432,28.0000384,64.0002048,84.0003872,270.002984,0,35514.42477,8338.785441,2.0000016,166.0011888,50564.17976,11142.97324,84.0003808,58.0001904,42.000088,44.0000992,30.000056,46.0001104,72.0002944,112.0005696,288.0035584,0,34790.42337,8448.865928,10.0000176,204.0017344,51775.03991,11329.14076,72.0002432,66.0002448,40.0000736,38.000088,28.0000448,40.0000928,62.0002064,98.0004432,276.003152,2.0000016,34738.22588,8216.713959,10.0000176,192.0016064,50957.78526,11447.25093,85.60039168,58.60018416,38.60008208,46.2001192,26.40004544,40.80009472,70.20025104,95.80043664,258.6028581,0.6000008,35001.38249,8355.799046,7.00000912,178.2013698,50717.38453,11187.01633
59,CPBD4700-302,-12.87909874,144.8009584,52.40014752,36.68068409,42.00010592,27.69142463,104.1640752,81.18318123,300.2038345,1.20000096,35617.53996,12878.24326,9.00001168,237.4024571,51366.51157,18231.31342,35.96257275,12.72632737,7.530704797,11.78408215,7.831582692,14.14549547,12.11981981,16.57136774,13.01143721,1.398412916,510.512874,266.5208178,3.559032927,16.70833549,890.0482266,315.0374869,279.2320602,8.788841948,14.37153358,32.12612426,18.64657843,51.08258481,11.63531648,20.41231631,4.334200872,116.5343165,1.433318737,2.069543279,39.54475898,7.037979172,1.732740261,1.728002145,77.08330395,0.354964063,0.361590814,2.546605069,-0.10592273,0.504557224,0.356564305,0.264348372,0.782943081,2443.945966,5832.824294,0.693476271,0.706509991,4.689763342,0.005403006,0.006840698,0.472150211,0.355622614,0.05727591,0.118944235,0.128459279,0.152504135,1251.189942,1544.901094,0.008375047,0.016526486,6.084019627,1.522127674,1.891834002,18.54037818,335.7377731,11.35171746,33.35842463,48.59469265,19.47831693,51.19548303,26.48633006,1.207690461,2.339172365,72.85842295,0.344619445,0.357777655,2.450485339,-0.444549328,0.453425118,0.367249685,0.084708186,0.598156454,2258.633144,N/A,0.688665808,0.714960348,79.99727725,0.352625625,0.357114627,3.178357813,-0.354356038,0.536718493,0.423056713,0.192922437,0.694924686,4599.886385,N/A,0.689317838,0.698093006,70.08166214,0.360581324,0.357232665,1.578153256,0.240120818,0.53616708,0.541398473,0.333625824,0.963838395,1341.57751,6539.419038,0.702873269,0.696345801,71.91009315,0.355040641,0.355708979,2.461800929,-0.288920346,0.440057486,0.279931314,0.170078529,0.695720327,1522.111098,N/A,0.686037666,0.687329082,81.59413782,0.350667293,0.364145435,2.71459781,-0.466763591,0.456088077,0.213991185,0.346214284,0.636235526,1495.905328,6537.414987,0.701408223,0.728367339,73.87226673,0.352101376,0.368560585,2.947488232,0.566117671,0.530112409,0.33005706,0.296233042,0.825728647,1802.498929,6532.41193,0.692447672,0.724816593,78.8696331,0.353950384,0.369861875,2.797214572,0.288154537,0.526839876,0.16697592,0.421038042,0.842980258,2970.781881,6485.367652,0.696378574,0.727683588,83.91000825,0.362382656,0.350609847,2.002059717,-0.264717499,0.588679637,0.461473812,0.470812786,0.621266602,1496.406477,3069.507864,0.706709581,0.683750544,80.98906176,0.360566576,0.364264236,2.474065006,-0.027999773,0.558171375,0.31188602,0.129355137,0.976078272,2308.207682,N/A,0.691429849,0.698520558,76.75047638,0.35710531,0.37063224,2.861828018,-0.306313747,0.419312688,0.469622869,0.198495449,0.974501639,4643.451223,N/A,0.679494227,0.705233051,174.0013872,154.00108,40.000096,84.0003584,36.0000704,58.0001616,92.0004384,94.0004048,296.0036064,0,36108.11146,12918.67544,8.0000064,248.0026176,52431.97937,18069.07961,186.001528,162.0011696,58.0001808,100.0004992,34.0000848,74.0002704,112.0005888,118.0007184,308.0040225,0,35967.73517,12844.60432,4.0000032,230.0023312,52178.73845,18399.56026,208.0019168,136.0007776,44.0001152,90.0003664,52.0001376,72.0002784,86.0003408,122.000696,308.0040769,2.0000016,36611.56952,13078.84854,14.000024,268.0033088,52088.43632,18782.11734,168.0013056,146.0009392,52.0001568,82.0003504,48.0001184,68.0002016,122.0006512,124.0006752,300.0038593,0,35293.77152,12554.31143,12.000016,254.002696,51445.82179,18265.35753,160.0010624,154.0009904,52.000144,76.0002848,42.0001008,90.0004368,118.0006544,116.0006368,312.0040929,2.0000016,35905.54531,13074.84043,12.000016,220.002176,51190.6535,17950.88787,214.0020112,116.000624,50.0001328,70.0002576,32.0000832,66.0002032,98.0004272,118.0007056,288.0037057,2.0000016,35448.26774,13064.83431,10.0000176,244.002544,51192.7026,18025.02102,230.0022992,144.0009696,56.0001568,66.000248,38.0001072,92.0004,110.000568,130.0007728,290.0034512,2.0000016,35069.16113,12970.74568,6.0000048,226.002136,50359.3339,17824.70555,178.0014512,150.001112,66.0001936,102.000584,56.0001472,102.0005008,116.000672,112.0005632,304.0038433,4.0000032,35019.09995,12278.04128,12.000016,214.0019056,49552.32089,17956.90167,202.00172,148.000992,58.000152,82.0003472,42.0001136,62.0002128,108.0005248,146.0009776,320.0044321,0,35410.173,12898.65961,8.0000096,228.002192,51212.96548,18465.68361,156.0010848,138.0009296,48.0001472,100.0004736,40.000096,68.00024,118.0005936,150.0009712,276.0032544,0,35341.96478,13098.87157,4.0000032,242.002664,52012.16343,18573.81975,187.6015767,144.8009584,52.40014752,85.20037696,42.00010592,75.20029056,108.0005459,123.0007122,300.2038345,1.20000096,35617.53996,12878.24326,9.00001168,237.4024571,51366.51157,18231.31342
60,Blank,1.015709687,3.60000416,0.40000032,-0.006283156,0.20000016,0.418848083,1.989778906,2.088564247,0.80000096,0.20000016,37721.51625,4935.382653,8.4000096,110.8005962,54612.65371,78.2003048,4.019642042,2.796827562,0.843274717,1.57365965,0.632456038,1.772567887,2.113645842,2.827049744,1.39841373,0.632456038,1434.865744,183.5885126,3.238660025,16.60537461,2004.042682,11.48726452,395.7471406,77.68956471,210.8185107,25045.68626,316.227766,423.2006688,106.2251608,135.3585244,174.8015065,316.227766,3.803838993,3.719843536,38.55543242,14.98671955,3.669557412,14.68953932,0.712361448,0.001430808,0.130863179,3.0000048,1.720971843,-4.848954487,9.948551424,0.114955819,-16.47125423,10.76669698,2247.415983,0.690754382,64.24777119,0.098163758,0.000195251,0.002410387,,70.84011844,13.85009236,19.44750909,27.78145577,52.30779641,4.842726076,,0.011231312,9.013317244,13.78004917,13.64623352,1.841913897,,4116.285732,285.630488,195.4808118,24167.07217,317.5702085,44.97875331,,1.625948688,14.02899599,0.78431343,0.001408582,0.129642338,N/A,138.4284506,-39.1249687,52.43981155,51.34731548,-145.5999374,8.00002304,N/A,0.672954623,61.93704567,0.723402519,0.001230192,0.132763921,N/A,-0.384525887,0,0.664921466,0.671902269,1,8.500017,N/A,0.684186203,73.83827201,0.740740065,0.001433842,0.13489124,N/A,0.929149024,0,-0.50585007,0.007903907,-0.070096463,6.666684089,N/A,0.678838313,63.86293212,0.795917683,0.001411003,0.12672416,N/A,N/A,N/A,N/A,N/A,N/A,6.5000156,N/A,0.68475487,61.4988071,0.55072326,0.001419066,0.131640348,N/A,1.615475713,0,-0.335078534,0.671902269,2,19.000056,N/A,0.703381943,65.24956449,0.727271429,0.001453677,0.130799179,N/A,N/A,N/A,N/A,N/A,N/A,20.0000568,N/A,0.700587104,63.03752779,0.561403101,0.001159601,0.131503722,N/A,-2.153576061,0,0.994764398,0.015706806,0,10.66670293,N/A,0.706134148,80.07866043,0.6666655,0.001686507,0.128494441,N/A,1,0,0,1,0,7.666686933,N/A,0.696336465,53.05365079,0.862067186,0.001810295,0.129201961,3.0000048,0.74365068,0.3333328,0.109947289,-0.218731646,0,10.00003712,N/A,0.696219945,49.68969518,0.711110311,0.001295312,0.13297048,N/A,-126.4108493,0,26.21989529,-52.57635253,10.9,10.66669031,2247.415983,0.68415021,70.23155634,4.0000032,8.000016,2.0000016,0,0,0,0,8.0000096,4.0000064,0,38220.41132,4954.983474,10.0000112,102.0004464,56794.93094,80.00032,2.0000016,2.0000016,0,2.0000016,0,2.0000016,2.0000016,2.0000016,0,0,37819.14943,5021.018564,8.0000096,94.0005264,55276.10651,68.0002176,12.0000128,6.0000048,0,0,0,2.0000016,4.0000032,0,2.0000016,0,37875.35335,5109.053371,12.0000128,108.000496,55794.36612,80.0002944,4.0000064,0,0,2.0000016,0,0,0,6.0000048,0,0,37853.26806,4796.923583,12.0000128,98.000424,55280.02752,78.0002704,6.000008,2.0000016,0,0,0,2.0000016,2.0000016,4.0000032,0,0,37670.71094,4958.985484,4.0000032,138.0008624,53556.55103,76.0002848,8.0000128,6.0000048,0,2.0000016,0,2.0000016,0,2.0000016,0,0,38555.44532,5043.02058,4.0000032,110.0005968,55033.05029,80.0002912,4.0000064,6.0000048,0,4.0000032,0,2.0000016,2.0000016,0,0,0,38972.70524,5125.055793,6.0000048,114.0005616,55191.64504,64.0002688,4.0000032,0,0,0,0,4.0000032,4.0000032,0,0,0,37985.74133,4880.956585,12.0000192,138.0008272,54550.84326,92.0003904,10.0000272,4.0000064,2.0000016,2.0000016,2.0000016,0,6.0000144,0,0,0,38459.11846,4968.993528,10.0000112,116.0008,55239.8976,100.0004832,6.0000048,2.0000016,0,0,0,2.0000016,0,0,2.0000016,2.0000016,33803.25902,4494.835563,6.000008,90.0004208,49409.1188,64.0002272,6.00000864,3.60000416,0.40000032,1.20000096,0.20000016,1.60000128,2.00000256,2.20000208,0.80000096,0.20000016,37721.51625,4935.382653,8.4000096,110.8005962,54612.65371,78.2003048
61,SN3,0.492379684,0.80000064,0,0.931937918,0.20000016,0.137521925,0.792332902,0.316421978,0.60000048,0,36985.95399,69497.46712,11.0000136,331.604649,53232.23938,37886.89117,3.514668855,1.932185112,0,1.756391364,0.632456038,1.160307514,1.028461524,1.300924524,0.966092556,0,839.1802911,1833.842337,5.270470829,23.84831865,1658.728144,1162.054385,713.8127277,241.5229458,N/A,188.466563,316.227766,843.7254741,129.8016933,411.1359555,161.0152972,N/A,2.268916171,2.638718235,47.91331193,7.191792612,3.116021724,3.067167426,114.7615971,0.711800098,1.878916967,1,-15.72690518,0,-31.36701571,-0.065619546,2.123559871,4365.370612,N/A,0.695023878,1.834705065,8.706611042,0.010378155,0.014396041,,34.95186915,0,69.95161525,0.146729766,4.906686407,2387.805299,N/A,0.010810776,0.02421335,7.586693862,1.458015459,0.766188224,,222.2425121,,223.0101069,223.6067977,231.0594806,54.69879906,N/A,1.555453872,1.319740746,107.0093343,0.700146482,1.89323084,N/A,0,0,0,0,0,6456.322466,N/A,0.684808886,1.85175722,128.9112158,0.70760122,1.880354037,N/A,N/A,N/A,N/A,N/A,N/A,2725.582532,N/A,0.693800401,1.843680237,102.1498113,0.700559072,1.884520813,N/A,N/A,N/A,N/A,N/A,N/A,3200.740379,N/A,0.679520272,1.827925932,119.9048826,0.714475409,1.850070209,N/A,0,0,0,0,-0.141100324,9412.654818,N/A,0.697079691,1.805025552,115.4344,0.71345171,1.895416571,N/A,N/A,N/A,N/A,N/A,N/A,6387.452079,N/A,0.687683259,1.826957909,113.4971078,0.713394338,1.889038924,N/A,N/A,N/A,N/A,N/A,N/A,1929.475057,N/A,0.696296667,1.843764993,111.8813823,0.72784841,1.873221299,N/A,N/A,N/A,N/A,N/A,N/A,2063.616985,N/A,0.717668925,1.847022947,125.2905161,0.720204785,1.871564722,1,-0.384525887,0,-0.335078534,-0.328097731,0,3257.591941,N/A,0.699690166,1.818254277,104.7935202,0.697053252,1.863325379,N/A,0,0,0,0,-0.141100324,3500.148532,N/A,0.704081029,1.882111653,118.7438004,0.723266298,1.88842688,N/A,-78.25,0,-156.5,0,10.9,4720.121331,N/A,0.689609482,1.800549931,0,0,0,0,0,0,2.0000016,0,0,0,37889.36156,71733.30782,6.0000048,362.0054833,55328.37311,38737.96579,4.0000032,0,0,0,0,2.0000016,0,0,0,0,37413.96994,70351.50943,14.0000144,296.0036832,53926.12899,38158.19469,4.0000032,0,0,4.0000032,0,0,0,0,0,0,37255.45997,70208.6897,12.000016,376.0059393,54826.12003,38408.93575,0,0,0,0,0,0,2.0000016,0,2.0000016,0,36733.94873,67960.3842,4.0000032,314.0043057,52696.91429,37650.64939,0,6.0000048,0,2.0000016,0,0,0,0,0,0,36940.52994,70017.69259,6.0000048,332.0045249,53717.36112,38324.74313,2.0000016,0,0,0,0,2.0000016,0,4.0000032,0,0,37664.69439,71150.07377,20.0000288,340.0047585,54092.88335,38589.55671,2.0000016,0,0,2.0000016,0,0,0,0,0,0,36625.65346,68607.95413,18.000024,332.0047937,51034.19167,37145.15526,2.0000016,2.0000016,0,0,2.0000016,0,2.0000016,0,0,0,37977.66631,71077.66051,12.000016,312.0041057,54277.83348,39091.15541,0,0,0,0,0,0,2.0000016,0,2.0000016,0,35354.41417,65876.77717,10.0000112,334.0046641,50213.55886,35001.52452,2.0000016,0,0,4.0000032,0,0,0,0,2.0000016,0,36003.84139,67990.62187,8.0000128,318.0042321,52209.02893,37761.03107,1.60000128,0.80000064,0,1.20000096,0.20000016,0.40000032,0.80000064,0.40000032,0.60000048,0,36985.95399,69497.46712,11.0000136,331.604649,53232.23938,37886.89117
62,BB T,0.892380004,0.80000064,0,0.331937438,0.20000016,0.337522085,0.789776986,1.088563127,0.80000096,0,31.40006736,53.40016336,0,0,0.60000048,8.20000912,3.136787288,1.032796385,0,1.054830522,0.632456038,1.512290137,1.030749189,1.42934665,1.39841373,0,4.99334692,14.9978559,0,0,1.349898195,3.047772672,351.5080205,129.0994449,N/A,317.7799187,316.227766,448.0566469,130.5114238,131.3058118,174.8015065,N/A,15.90234461,28.08578656,N/A,N/A,224.9828526,37.16791807,N/A,2.75,1.750235542,1,5.557721404,0,4.42495637,4.511651844,-21.99765031,N/A,N/A,12.2500172,7.644302762,N/A,1.767766953,0.606143834,,59.48818771,0,10.68855492,10.4060948,35.13900119,N/A,N/A,5.30330595,3.98486621,N/A,64.28243465,34.63212922,,1070.370092,,241.5516453,230.649331,159.7397935,N/A,N/A,43.29223268,52.12857646,N/A,N/A,2.058826264,N/A,-0.384525887,0,-0.335078534,-0.328097731,2,N/A,N/A,N/A,8.7500248,N/A,N/A,2.615390391,N/A,N/A,N/A,N/A,N/A,N/A,N/A,N/A,N/A,11.33336533,N/A,4,1.875002163,N/A,108.3391507,0,26.21989529,25.67364747,-67.35,N/A,N/A,16.0000208,7.5000184,N/A,1.5,1.529411765,N/A,-78.25,0,0,0,-67.35,N/A,N/A,8.5000136,8.666680533,N/A,N/A,2.615389084,N/A,1.02622953,0,0,2.052459059,-0.285901874,N/A,N/A,N/A,6.800010112,N/A,N/A,2.083333867,N/A,N/A,N/A,N/A,N/A,N/A,N/A,N/A,N/A,6.2500116,N/A,N/A,1.600002304,N/A,4,0,1,0,1,N/A,N/A,N/A,16.0000512,N/A,N/A,1.12500045,N/A,N/A,N/A,N/A,N/A,N/A,N/A,N/A,N/A,6.0000064,N/A,N/A,0.999999573,1,-1.384525887,0,-0.335078534,-0.328097731,0,N/A,N/A,N/A,2.14285871,N/A,N/A,0.999999556,N/A,N/A,N/A,N/A,N/A,N/A,N/A,N/A,N/A,3.000000533,2.0000016,2.0000016,0,0,0,0,2.0000016,4.0000032,0,0,34.0000784,70.0002544,0,0,0,8.0000064,2.0000016,0,0,0,0,0,0,2.0000016,0,0,26.0000368,68.0002464,0,0,0,6.0000048,0,2.0000016,0,0,0,0,0,2.0000016,2.0000016,0,32.0000672,60.0001952,0,0,2.0000016,8.0000064,2.0000016,0,0,0,0,0,0,2.0000016,2.0000016,0,34.0000816,52.0001248,0,0,4.0000032,6.0000048,2.0000016,0,0,0,0,4.0000032,2.0000016,0,4.0000064,0,26.00004,68.0002208,0,0,0,10.0000176,2.0000016,2.0000016,0,2.0000016,0,0,0,0,0,0,24.0000576,50.0001328,0,0,0,8.0000064,8.0000064,0,0,2.0000016,0,0,2.0000016,2.0000016,0,0,40.0001024,64.000256,0,0,0,4.0000032,0,0,0,2.0000016,0,2.0000016,0,0,0,0,32.000064,36.0000864,0,0,0,6.000008,0,2.0000016,0,0,2.0000016,0,2.0000016,0,0,0,30.0000656,30.0000528,0,0,0,14.0000144,2.0000016,0,0,0,0,0,0,0,0,0,36.00008,36.000064,0,0,0,12.0000192,2.0000016,0.80000064,0,0.60000048,0.20000016,0.60000048,0.80000064,1.20000096,0.80000096,0,31.40006736,53.40016336,0,0,0.60000048,8.20000912
63,FCT_Zr_25-5,-104.4322498,2017.964331,444.2082662,405.8712154,430.4077368,320.7499552,904.1159655,784.1249118,2341.22165,1.0000008,34849.36722,108673.784,16.40002528,1534.495842,50370.17643,203711.1626,96.41171352,53.95085273,26.4576647,64.69557824,18.9462116,69.03146267,27.51629995,56.91924855,55.42228846,1.414214694,452.302292,1446.433087,5.872735068,39.18316223,783.6105699,2823.24536,92.31986643,2.673528561,5.956139656,15.93992769,4.401921708,21.52189316,3.043448075,7.258951691,2.367237996,141.4213562,1.297878062,1.330986217,35.80930497,2.553487676,1.555703445,1.385906066,132.8232525,4.044452527,3.11852356,2.103525215,-0.115019675,0.492210247,0.449742905,0.355332203,0.868146747,20734.91014,47476.83077,0.691936632,0.533488725,3.487433661,0.027230647,0.032165031,0.098233616,0.107423321,0.039691496,0.077207619,0.078553967,0.069631626,28903.22707,13388.13484,0.008695348,0.004272331,2.625619833,0.673283894,1.031418582,4.669951921,93.39560519,8.063931304,17.16705663,22.10719044,8.020720705,139.394031,28.19930189,1.256668262,0.800828662,135.435436,4.041000826,3.150634939,2.060611842,-0.033528077,0.459177756,0.367516624,0.493976696,0.933682469,14685.95761,N/A,0.686305165,0.53508948,133.5617116,4.029486193,3.173302689,2.294036087,-0.104540115,0.431700678,0.406842537,0.306140684,0.825359291,8570.724131,27440.98719,0.677592448,0.533617895,127.8712783,4.032453943,3.105379013,2.027043912,0.031516208,0.541741083,0.544686813,0.366866804,0.906203054,102815.1153,N/A,0.688578549,0.530271989,128.9553944,4.036615563,3.102252514,1.981243556,-0.192406012,0.432323462,0.452691935,0.282414726,0.797470753,14388.6346,N/A,0.69952504,0.537604654,132.9929497,4.06403953,3.096630317,2.111936731,0.002547706,0.502811706,0.340316096,0.391946024,0.838845792,11364.21264,N/A,0.703236862,0.535837452,135.5103008,4.024942132,3.117565467,2.022644692,-0.314837969,0.534670943,0.48133671,0.309806372,0.860097934,11594.35884,55359.19692,0.684926996,0.530518124,136.1187919,4.09825327,3.129551605,2.096756838,-0.152978634,0.502028818,0.573432348,0.479470759,0.912406558,12693.8367,N/A,0.69950281,0.53416175,129.2319277,4.058636385,3.13327543,2.140507421,-0.034962554,0.529175353,0.510464095,0.298145142,0.986546869,11172.07709,53162.26903,0.684870308,0.528721252,137.9768554,4.060597295,3.055169701,2.062142314,-0.194605094,0.493997014,0.388643887,0.275924416,0.871681331,10100.48175,N/A,0.701295898,0.52765094,130.5778793,3.998500132,3.12147392,2.238328757,-0.156402209,0.49447566,0.431498004,0.348630412,0.749173423,9963.702698,53944.86995,0.69353224,0.541413713,2788.313319,2036.167998,422.0073969,1020.042405,446.0083922,1122.05147,948.0368559,1174.055863,2268.207821,0,34918.80546,110016.4085,14.000024,1518.094267,50879.41522,205603.759,2750.304768,2058.171382,410.0069617,1076.047036,414.0075442,966.0379391,980.0387631,1114.05017,2370.232925,4.0000032,34589.84135,109764.0366,24.0000512,1540.095702,51048.15059,205697.818,2752.308061,1968.15743,470.0091634,1132.052156,428.0075169,964.0379695,898.0338429,1118.050279,2382.228232,0,35113.27869,109040.0387,2.0000016,1608.104634,50993.86084,205630.3952,2616.275562,2020.164023,406.0069585,1102.049156,474.009237,928.0347373,968.0377327,1064.045765,2262.206453,0,34908.74524,108295.7427,14.000024,1562.100063,49903.49627,201441.2297,2738.301193,1976.157565,446.008309,964.0380527,420.0071329,996.040104,918.0347262,1082.048077,2426.237878,0,35396.14661,109608.7807,18.0000176,1538.096779,50333.17863,204556.0276,2626.276994,2100.17757,478.0095378,1134.051786,442.0082546,966.0383392,924.0348749,1096.050166,2348.221845,2.0000016,35514.40494,110718.4824,18.0000272,1540.09528,51851.3727,208698.7746,2574.26568,1956.153545,440.0078113,1158.05516,418.0071121,1062.046132,906.0339229,1122.050897,2314.216547,0,34666.02772,108489.1227,16.0000192,1492.091049,49558.09647,203101.6309,2790.312526,2038.166703,478.0095762,1144.053414,422.0075793,938.0354654,934.0353694,1226.060654,2404.232339,2.0000016,33934.01744,106324.6231,18.0000272,1556.099139,49548.0926,201097.6914,2708.295258,2080.175029,436.0080194,1040.044015,428.0076385,926.035091,912.0339213,1090.048705,2302.213526,0,34888.66049,106590.7784,20.0000384,1464.086293,49748.84434,202010.0228,2550.262698,1946.152065,456.0089282,1050.044272,412.0069601,960.0374927,952.0373007,1016.042981,2334.218937,2.0000016,34563.74423,107889.8262,20.0000224,1526.095217,49837.25661,199274.2772,2689.491606,2017.964331,444.2082662,1082.047745,430.4077368,982.8394739,934.035731,1110.250356,2341.22165,1.0000008,34849.36722,108673.784,16.40002528,1534.495842,50370.17643,203711.1626
64,Couisineau6687-7,21.47223238,113.2006131,99.20046752,75.46949635,94.80044992,51.25952318,200.2790525,155.9832708,573.0136034,0.60000048,35093.05944,25843.91903,8.80001056,316.8042129,50538.0613,30081.80179,30.65651244,16.63213235,9.716057539,15.11900499,15.44035259,17.71919013,23.62218354,26.31330408,36.79850572,0.966092556,563.8310297,360.1979881,3.552781656,19.93821652,830.0610779,496.6941596,142.7728235,14.69261684,9.794366682,20.03326604,16.28721446,34.56760623,11.79463515,16.86931166,6.421925326,161.0152972,1.606673909,1.39374368,40.37247037,6.293545259,1.642447408,1.651144978,95.2951701,0.595294317,0.736488791,2.162324652,0.116711412,0.501581982,0.382627885,0.25548467,0.78575079,4531.547494,12952.74932,0.694456353,0.859185089,6.270591228,0.009200524,0.00666836,0.432617965,0.150506795,0.077638915,0.093443566,0.082698337,0.138933938,3751.983835,147.3047554,0.009992723,0.008012062,6.580177381,1.545541983,0.905425841,20.00707731,128.9563654,15.47880868,24.42152531,32.36919756,17.68167977,82.79696593,1.137247018,1.438927505,0.932518703,85.31205847,0.596931199,0.731268636,2.502698637,-0.183703568,0.408070086,0.290741011,0.184791244,0.690536059,14929.8214,N/A,0.708453369,0.86788851,89.49157537,0.59482057,0.725714953,1.803547117,0.059328871,0.413497034,0.265299577,0.250374431,0.797463024,5041.421637,12829.16478,0.69525446,0.848250015,99.78068169,0.59914062,0.737849708,2.652180513,0.135397843,0.493063469,0.411620429,0.308782489,0.98744589,3816.655897,N/A,0.696647612,0.857930876,96.22972935,0.597305879,0.745511704,1.952972115,0.309315741,0.493075357,0.277267694,0.385080808,0.847851418,3680.829634,N/A,0.686458042,0.856784642,94.55698165,0.579604226,0.742094198,2.980554267,0.204950109,0.569348086,0.412585653,0.385562707,0.694401411,3711.406842,12913.32975,0.679379117,0.869840622,101.5396926,0.589731135,0.729255325,1.844967288,0.148633079,0.522304767,0.511470996,0.239456304,0.843118097,3757.010419,N/A,0.687816628,0.850546815,97.2578615,0.58360089,0.734082599,2.234868157,0.109167625,0.428413201,0.383055275,0.158289072,0.540918366,3015.027568,N/A,0.689138766,0.866833456,91.19909551,0.596797814,0.736884123,1.861064331,0.299965477,0.512334719,0.544524003,0.161683751,0.883194756,2097.606401,N/A,0.701767448,0.866493272,106.3722698,0.611094003,0.736577358,1.623985268,0.140223991,0.666036718,0.371737547,0.262935478,0.925768453,3063.555383,13115.75344,0.710373941,0.856243652,91.21175503,0.603916828,0.745649306,2.166408826,-0.056165046,0.509676383,0.357976668,0.217890413,0.646810423,2202.139758,N/A,0.689274147,0.851039026,170.0013392,154.0010736,96.0004192,120.0006528,94.000424,94.0004176,242.0024816,236.002336,528.0113282,0,35438.22386,25914.86163,2.0000016,350.0052305,50021.95689,29859.66669,176.0012704,118.0006192,88.0003552,96.0004768,118.0006864,92.0003712,220.0020704,248.0026912,562.0128339,2.0000016,35355.96173,25658.35009,6.000008,338.0046673,50853.26847,30248.57015,172.0013408,104.0005664,102.0004496,120.0006176,78.0002832,98.00044,214.0019856,282.003336,558.0128403,0,35502.40129,26195.43644,8.0000064,306.0038384,50961.77852,30533.2716,212.0020128,106.0005296,104.0005056,94.0003952,108.0005856,116.0005984,218.0021648,256.0029856,554.0125619,0,33841.79827,25229.45668,8.0000096,306.0038993,49299.15044,29446.6724,176.00136,98.0004336,112.000592,114.0005584,66.0002256,108.0005568,204.0017728,216.0019936,570.0135955,2.0000016,34802.42835,25826.68016,8.0000064,314.0040849,51226.81501,29691.27849,188.0015392,114.0006224,106.0004976,142.0009712,110.000648,86.0004272,210.0020752,248.0026016,552.0128995,0,35055.12511,25564.13665,8.0000096,296.003648,50965.80062,30056.11942,178.0014704,112.0005792,90.0003952,118.0006608,94.000392,70.000264,218.002008,200.0017344,620.0158468,0,35602.6879,26135.31368,10.0000176,310.0040273,51662.58183,30150.32875,192.0015648,104.0005248,82.0003184,122.0006288,86.0003792,60.0001824,168.0013216,228.0023072,622.0157812,0,34531.74119,25445.89183,14.0000144,322.0045073,49206.81532,29366.51981,158.0010928,98.0005264,106.0005936,92.0003776,98.0004432,74.0002672,166.0012688,222.002152,536.0119363,2.0000016,35612.72629,26231.52786,10.0000112,288.00352,50132.36586,30635.58814,160.0011264,124.000656,106.0005488,116.0005792,96.000432,86.0003504,216.001952,222.0020432,628.01641,0,35187.50036,26237.53523,14.0000208,338.0047057,51050.08001,30830.00241,178.2014117,113.2006131,99.20046752,113.4005918,94.80044992,88.40038752,207.6019101,235.8024181,573.0136034,0.60000048,35093.05944,25843.91903,8.80001056,316.8042129,50538.0613,30081.80179
65,Couisineau6687-253,-8.86293199,308.6041001,92.40042496,82.99493361,90.80039936,67.34897957,175.9873161,148.8878025,345.4050194,0.80000064,35009.89023,17406.55935,8.80000928,198.001752,50170.98131,13657.88816,50.47443727,32.16776101,18.2283238,13.83805857,12.26386309,23.77491535,25.10210081,27.09516305,31.87636566,1.398412916,1144.765331,650.119475,5.181168966,14.45322672,1595.04912,563.6143746,569.5004467,10.42363371,19.72753243,16.67337747,13.50639774,35.30107731,14.26358522,18.19837663,9.228692076,174.8014747,3.269834105,3.734910856,58.87685798,7.299544864,3.179226474,4.126658294,69.29027709,0.272177604,0.497176542,1.982836383,-0.04163913,0.531037511,0.476672521,0.398282414,0.850215147,2610.02707,7240.367662,0.697841161,1.274967783,5.381126509,0.004782792,0.008167141,0.459749158,0.246573574,0.114650049,0.080880119,0.169247422,0.138602787,2361.029576,2558.208804,0.008663416,0.029778288,7.76606291,1.757232028,1.642704483,23.18643947,592.1679328,21.5898212,16.9676487,42.49432479,16.30208389,90.45996511,35.33258148,1.241459581,2.335611007,71.91747053,0.276391654,0.491189769,1.652719226,-0.026814538,0.459847726,0.428357134,0.405062946,0.88617746,1174.661697,N/A,0.708828892,1.259696139,67.59047045,0.273715508,0.497938767,2.562702425,0.19633996,0.390212971,0.397337572,0.425939831,0.903834086,773.5415617,N/A,0.705363631,1.283185958,65.94910319,0.264339734,0.512747944,2.384488559,0.229904845,0.450063436,0.600871875,0.294274089,0.732612805,3429.381065,N/A,0.683442295,1.325694126,69.38735206,0.270671223,0.505462335,1.513704615,-0.043773747,0.495472763,0.44099454,0.557265194,0.915557021,1682.656471,8799.193077,0.700068735,1.307336528,71.87025177,0.272300574,0.488264163,1.78104389,-0.089218867,0.548411465,0.588745887,0.653737559,1.144784576,1365.545156,8633.966638,0.705225267,1.264544616,72.13101065,0.279578195,0.504918257,1.942191782,-0.239003137,0.584193651,0.399690107,0.164037159,0.892436256,7213.158193,N/A,0.691679702,1.249173629,59.93346923,0.266737233,0.496319627,1.574334725,-0.020620416,0.486527463,0.487871259,0.58160231,0.745067588,1558.283409,N/A,0.696520407,1.296019851,66.19695981,0.27763433,0.494972466,2.757959539,-0.619327352,0.477088389,0.375373335,0.177908677,0.706483471,1403.387067,4287.943271,0.685525382,1.222169421,67.47778907,0.269978054,0.488540216,1.49894815,0.065059834,0.79300928,0.512722652,0.450641183,0.681489892,983.2554933,N/A,0.704159023,1.274214687,80.4488941,0.270429539,0.491411875,2.160270923,0.13106212,0.625547964,0.534760848,0.272355188,0.893708317,6516.400583,N/A,0.697598279,1.267642874,422.0077074,308.0039329,76.0002752,174.0012464,100.0004704,168.0012384,170.001208,198.0016784,370.0057489,0,36150.22484,17756.6206,12.0000128,196.001824,50999.93135,14095.9554,440.0080482,288.0037633,82.0003536,180.0014144,82.000376,184.0014688,214.0020368,232.0022816,302.0038705,0,35881.47758,17866.7787,18.0000208,206.0018832,50869.47496,13923.7642,452.0088194,294.0037553,88.0003456,216.00208,82.0002928,154.0010128,200.0016704,192.0015968,350.0052401,0,35466.26774,18185.25588,4.0000032,208.0018464,51893.58045,13717.53523,450.0085714,330.0044465,78.0003152,180.0014304,104.0005024,196.0017632,162.0011888,194.0016336,358.0053585,2.0000016,34816.44235,17598.40023,8.0000064,194.0016752,49732.89139,13461.26254,374.0060241,280.0032224,84.0003808,184.001488,86.000328,192.0016384,158.0011056,228.0022048,378.0059409,2.0000016,35365.99327,17267.94709,10.0000112,190.001656,50148.50565,13655.46685,428.0080098,344.0051201,118.0006416,196.0017024,104.0004992,146.0009872,206.0017456,224.0020864,314.0040081,0,35690.9028,18020.98842,2.0000016,200.001744,51600.33279,14426.32793,368.0055873,268.0030528,72.0002976,162.0012336,94.0004336,174.0014416,152.0009792,154.0010448,314.0041361,0,32552.69773,16156.54278,8.0000064,208.0019296,46736.17226,12466.27725,388.0061921,374.0058609,100.0004928,204.0017632,76.0003168,160.0011648,214.0020272,196.0019232,344.0048833,4.0000032,34652.00185,17151.7868,10.0000112,212.0019776,50548.0946,14033.88639,434.0077105,306.0039569,126.00068,184.0014944,106.0005232,172.0012608,164.0011936,164.0012128,400.0065985,0,35903.53821,17540.32231,14.0000176,204.001856,50987.82666,13765.59421,428.0076641,294.0038897,100.0004672,184.0015776,74.0002512,140.0008704,164.0012224,188.0016224,324.0044097,0,33619.35594,16520.95074,2.0000016,162.001128,48193.00296,13032.81159,418.4074334,308.6041001,92.40042496,186.4015431,90.80039936,168.6012847,180.4014378,197.0017285,345.4050194,0.80000064,35009.89023,17406.55935,8.80000928,198.001752,50170.98131,13657.88816
66,Couisineau6687-213,-4.118665265,49.2001488,57.00018192,36.91423843,51.60015744,24.85764248,97.77488046,96.12169565,315.0043282,0.80000064,34371.90601,13123.91477,7.00000656,210.2019813,49280.49897,14991.82381,16.42172174,6.680028104,11.55666986,6.515915259,10.36236461,8.259610461,16.41151376,17.6520563,37.58645441,1.398412916,741.1133242,370.111982,2.538593486,27.97590072,1196.267904,365.7043359,398.7146486,13.57725183,20.2747947,17.65149584,20.08204069,33.22765008,16.78500007,18.36427893,11.9320438,174.8014747,2.156160103,2.820133996,36.26558725,13.30905663,2.427467109,2.439358551,72.51953253,0.304248698,0.381799537,1.979587302,-0.03997355,0.603159891,0.387741175,0.263282751,1.022841475,2658.934741,5451.698612,0.697546309,0.875393802,10.24974293,0.004812623,0.005522736,0.536604328,0.164648399,0.17642388,0.094585757,0.107431032,0.302236882,1761.564826,1892.4282,0.006988645,0.011687659,14.13376861,1.581805704,1.44650158,27.10687867,411.8933669,29.24993566,24.39404499,40.80443232,29.54875109,66.25077323,34.71263426,1.001889738,1.335131514,72.00249358,0.2942345,0.381586521,2.562722463,-0.293588783,0.576832542,0.259192383,0.127256721,0.705315128,1836.078275,3276.21677,0.687942293,0.892177859,91.2100664,0.307258853,0.387992375,1.240682614,-0.078857601,0.806008105,0.487466903,0.467133909,1.039826135,1915.423981,N/A,0.695994589,0.878870017,55.88751051,0.310888812,0.379242707,1.64673874,-0.118406416,0.542197026,0.555823061,0.125395658,1.071035004,1830.334949,6361.272316,0.712264467,0.868867242,65.65138867,0.309270785,0.37875291,1.35210022,-0.194158525,0.688583798,0.423938878,0.351880726,1.491894628,2538.544148,N/A,0.706417578,0.865124436,69.69665818,0.301855977,0.380559919,2.089118988,0.105237927,0.393193819,0.364015295,0.281283053,0.507690297,2555.567143,6717.606751,0.694996728,0.876205603,81.2480107,0.307890325,0.387552081,1.429712852,-0.102169122,0.862643993,0.441880472,0.306386813,1.212737922,1949.966752,N/A,0.697777155,0.878315966,77.85056356,0.30162633,0.378385585,2.030035555,-0.031785689,0.374377875,0.347245591,0.252163817,0.896214084,1510.312383,N/A,0.697167534,0.874585931,61.53978017,0.302741253,0.375894639,2.770371577,0.282915765,0.631684524,0.330015911,0.333480682,1.348019948,7323.303553,N/A,0.693199799,0.860702286,71.43953078,0.303160902,0.392055702,2.375486329,0.095482515,0.753309052,0.405422357,0.186954255,1.166801387,1471.667296,N/A,0.692673363,0.895783526,78.66932275,0.303559238,0.375972927,2.298903679,-0.064405569,0.402768175,0.2624109,0.200891871,0.788880218,3658.148934,N/A,0.697029584,0.863305149,54.000136,64.0002592,68.0002304,52.0001536,46.0001296,36.0000704,122.0006384,128.000768,322.0044593,4.0000032,34343.13539,13104.87756,8.0000064,204.0017952,49921.53519,14688.63795,60.0001728,48.0001504,66.0002128,56.000192,66.0001968,54.0001392,86.0003696,130.0007664,322.0044561,0,34710.18164,13467.28581,8.0000096,168.0013056,49871.33838,15323.41024,50.0001424,44.0001216,50.000152,66.0002096,56.0001888,26.0000368,96.0004768,140.0008448,296.0038209,2.0000016,33547.2629,12722.55481,8.0000064,262.0029264,47099.44755,14642.6913,54.0001424,50.0001136,54.000152,50.00012,58.0001744,44.0001312,82.0003664,156.0010976,280.0033728,0,34790.37831,13176.95701,6.000008,232.0024832,49249.02693,15231.2852,76.0002528,46.0001232,46.0001424,58.0001712,56.0001664,48.0001248,122.00068,114.0005936,392.0066017,2.0000016,35303.83411,13435.22425,6.0000048,220.0021568,50797.12272,15333.41512,66.0002192,54.0001456,74.0002448,56.0001504,60.0002048,44.0001248,90.0003728,150.0010416,330.0044209,0,35353.97453,13701.50641,8.0000064,192.0015808,50666.56926,15599.74649,66.000232,50.0001808,38.0001232,52.000128,50.000136,42.0000912,106.0005232,140.0008864,352.0052289,0,34908.82037,13208.99441,10.0000112,194.001688,50072.35515,15103.14074,86.0003856,44.0001184,56.0001728,44.0001056,32.0000832,44.0001088,92.0004032,156.001104,262.0030864,0,33536.99944,12606.37831,2.0000016,238.002456,48379.99013,14646.61882,64.0002624,40.0001024,68.0002496,50.000136,38.000104,30.0000656,94.0004048,146.0009584,292.0037441,0,33625.23148,13182.96374,10.000008,206.0019792,48544.13821,14716.68474,64.0001984,52.0001728,50.0001392,50.0001552,54.0001904,42.000104,128.0007136,140.0008672,302.0040913,0,33599.24195,12632.40534,4.0000032,186.0014416,48203.46617,14632.60744,64.0002144,49.2001488,57.00018192,53.40015216,51.60015744,41.00009968,101.8004949,140.0008928,315.0043282,0.80000064,34371.90601,13123.91477,7.00000656,210.2019813,49280.49897,14991.82381
67,SN4,1.292380201,0.80000096,0,0.731937651,0.40000032,0.13752182,0.594888655,1.544283026,0.40000032,0,36116.16891,68335.04066,13.80001872,326.0045268,52548.74172,37131.13857,2.489313183,1.39841373,0,1.586637085,0.843274717,1.074680939,0.963798275,2.400227235,0.843274717,0,743.1981206,1026.641782,7.685497648,29.16688067,994.1204588,456.8019414,192.6146177,174.8015065,N/A,216.7721639,210.8185107,781.4621265,162.0132217,155.4266411,210.8185107,N/A,2.057798883,1.502365071,55.6919364,8.946771679,1.8918064,1.230239521,114.7583384,0.706757414,1.892454852,0.493610224,0.407104774,0,-0.083769634,-19.39128819,-55.74457014,4579.351764,N/A,0.687310931,1.840412129,10.87020042,0.011699019,0.028674789,0.698070273,1.446839347,0,0.167539267,39.24329232,112.0711236,5127.593834,N/A,0.008001527,0.020514334,9.472253235,1.655308964,1.515216534,141.4213562,355.3972929,,200,202.3758914,201.0440181,111.9720453,N/A,1.16417867,1.114659784,103.3407035,0.693629352,1.889716417,0,N/A,N/A,N/A,N/A,N/A,3134.712337,N/A,0.685455348,1.867447249,104.7028501,0.708266234,1.877821283,N/A,N/A,N/A,N/A,N/A,N/A,3123.677249,N/A,0.691967703,1.834609105,113.2825862,0.704922912,1.837149932,N/A,0,0,0,-78.25,-223.8501252,18578.5814,N/A,0.70370511,1.833976132,114.3162562,0.719641365,1.906110147,N/A,-1.384525887,0,-0.335078534,-0.328097731,0,2095.822194,N/A,0.68164534,1.805470283,129.9496992,0.707703035,1.909884444,N/A,N/A,N/A,N/A,N/A,N/A,4678.244168,N/A,0.68490785,1.848366876,116.674635,0.700056793,1.910714892,N/A,N/A,N/A,N/A,N/A,N/A,1400.111603,N/A,0.678880798,1.85291774,104.5342845,0.725343337,1.902114143,N/A,N/A,N/A,N/A,N/A,N/A,6097.92018,N/A,0.692895305,1.817023595,112.3594901,0.685615837,1.882739783,N/A,N/A,N/A,N/A,N/A,N/A,1526.235009,N/A,0.678894745,1.864283284,111.8391891,0.70894013,1.866498693,0.987220447,1.012944984,0,0,1.012944984,0.87184466,3094.260095,N/A,0.693351608,1.82545721,136.5836902,0.713455148,1.941798784,N/A,2,0,0,0,0,2063.953404,N/A,0.681405506,1.854569816,0,0,0,2.0000016,2.0000016,0,0,0,0,0,37173.29938,70246.99411,12.0000128,364.0055361,54231.54034,37616.58817,4.0000032,0,0,0,0,0,0,2.0000016,0,0,36621.58621,68768.79402,12.0000128,358.0052209,52923.83739,37484.16697,0,0,0,0,0,2.0000016,0,6.000008,2.0000016,0,37093.00099,68145.40423,2.0000016,328.0044513,52711.00129,37157.19253,0,2.0000016,0,0,0,0,2.0000016,0,0,0,35733.05124,68111.13156,18.0000336,330.0044209,52421.76413,37724.86991,6.000008,2.0000016,0,2.0000016,0,0,0,6.000008,0,0,36220.50314,69176.97549,8.0000096,288.0037313,52883.7611,37425.99826,4.0000032,4.0000064,0,0,0,0,0,0,0,0,35301.81016,67451.69438,26.0000432,312.0040801,52000.01279,36402.96217,0,0,0,4.0000032,0,0,0,0,0,0,34950.81645,66480.44227,6.0000048,350.0052689,50441.69907,36587.55035,4.0000032,0,0,2.0000016,0,0,0,0,0,0,36270.60819,68288.11701,24.000032,326.0044081,53425.96692,36629.68905,2.0000016,0,0,0,2.0000016,2.0000016,2.0000016,2.0000016,2.0000016,0,36314.693,67781.32703,12.0000096,332.0048289,52375.58052,37131.15085,4.0000032,0,0,0,0,0,2.0000016,0,0,0,35482.32032,68899.52646,18.0000272,272.0033216,52072.25363,37151.21741,2.40000224,0.80000096,0,1.0000008,0.40000032,0.40000032,0.60000048,1.60000192,0.40000032,0,36116.16891,68335.04066,13.80001872,326.0045268,52548.74172,37131.13857
68,Couisineau6687-13,22.50250496,107.4005323,110.0005731,85.8130842,100.8004883,63.76261333,229.5952576,197.6647593,579.6139658,1.80000144,34425.20379,17510.28103,7.80000816,328.2045516,49490.56261,30516.08006,18.99213834,10.75182947,9.189434475,18.3766513,12.00750448,23.60547504,26.37570914,28.80122488,59.18089825,1.751191472,548.8739319,267.1687967,2.573371482,17.21673132,857.229213,684.5869133,84.40010735,10.01096478,8.353987815,21.41474283,11.91214911,37.02087133,11.48791548,14.5707434,10.21039895,97.28833731,1.594395592,1.52578246,32.99190756,5.245732039,1.732106422,2.243364521,93.21348891,0.616572588,0.508680553,2.307697127,0.097188689,0.485847852,0.38348926,0.281876751,0.875721364,4207.317294,6605.570678,0.695682222,0.573900179,5.400530706,0.005854156,0.005779498,0.391276394,0.077859979,0.07754205,0.120011288,0.111941262,0.191127765,1035.315756,2432.509071,0.01077448,0.005663837,5.793722314,0.949467452,1.136174356,16.95527498,80.11218216,15.96015093,31.29456288,39.71283961,21.82518007,24.60750363,36.8251161,1.548764604,0.986902822,90.16966011,0.625470721,0.501295499,2.972655758,0.163929663,0.500287281,0.488004691,0.240990771,1.022736246,3944.97483,4479.708569,0.708416282,0.56777381,96.35375952,0.615433575,0.508088985,2.844953746,0.008846359,0.449593095,0.334338188,0.321241812,0.866668339,5203.169512,4403.102321,0.683346461,0.564156432,98.8658899,0.609022907,0.512856408,1.655581553,0.172238863,0.639547942,0.650400072,0.500403308,1.292556092,5075.176724,8736.099517,0.681369609,0.573779353,93.5016907,0.607880103,0.504197272,2.427887955,0.169814839,0.442966024,0.315288473,0.240558563,0.923105351,3693.361851,N/A,0.69921119,0.579950509,93.85821297,0.61975047,0.517378486,2.163909619,0.222803317,0.423615658,0.225296346,0.435781298,0.674619924,2198.991289,8873.304622,0.690513451,0.576452655,89.73772566,0.614767625,0.514813843,2.145465876,0.069794508,0.415252125,0.405979507,0.273580809,0.63050309,3051.122847,N/A,0.685712779,0.574224172,89.15867123,0.61416859,0.505633294,2.095206408,0.070067169,0.486118839,0.444147756,0.234922373,0.786029361,4933.511034,N/A,0.709394775,0.584031198,93.84362168,0.616848844,0.513738413,2.522712834,0.059126973,0.437690201,0.323933214,0.121049205,0.738086289,3824.177659,N/A,0.689744893,0.574449398,83.78412922,0.617097147,0.500978213,2.153555579,0.014339707,0.455061311,0.339533939,0.194896181,0.889533425,4971.262226,4275.922658,0.706328304,0.573418777,102.8615281,0.625285893,0.507825115,2.095041939,0.02092549,0.608346041,0.307970418,0.255343186,0.933375528,5177.424968,8865.286382,0.702784471,0.570765483,182.0014448,104.0005056,116.00064,148.0010368,78.0003056,90.000392,238.0023632,304.0037984,480.0094178,4.0000032,35745.08175,17918.84861,8.0000096,350.0050513,50457.73603,31559.83651,160.0011808,114.0005904,110.0006064,120.0006816,86.0003536,116.0006144,252.0026624,292.0035808,574.0133843,4.0000032,34664.05274,17612.42338,6.0000048,324.0044001,50726.90752,31219.04205,162.0011504,96.0004736,108.0005824,142.0008816,102.0005264,116.0007392,176.001344,296.0037729,558.0128115,2.0000016,34068.43075,17472.21301,6.000008,308.0041153,49999.92707,30451.10095,196.0016736,110.0005232,114.0005744,118.0006288,106.0005168,98.0004432,264.0028864,310.0040145,520.0110338,0,33986.20208,17135.75038,8.0000064,316.0041089,48606.49049,29546.91845,188.001536,94.000456,110.0005328,90.0003728,120.0006688,144.000928,268.0030976,266.0031696,652.0178245,2.0000016,34301.04639,17746.62344,14.0000176,328.0045057,49674.69687,30785.91675,166.001192,108.0005216,98.0005136,132.0008096,110.0005552,100.000464,244.00264,236.0024736,626.0158484,0,34032.31046,17520.30453,10.0000112,340.0048577,49630.56184,30511.26264,146.001032,94.000408,110.0006,132.0007616,108.0005056,84.0003424,234.0023952,262.002936,604.0151812,0,34190.72557,17287.96921,6.000008,332.0047873,48197.03607,29601.10567,186.0015824,124.000656,106.0005072,120.0006176,96.0004576,70.0002224,250.0028688,264.0028864,612.0153476,0,34208.82309,17574.3865,8.0000064,326.0045297,49596.34126,30593.44575,172.0012768,122.0006992,98.000456,114.0006896,100.0004832,82.0003312,222.0021104,264.0029728,520.0113091,4.0000032,34140.61505,17103.70431,6.0000048,356.0053377,48335.33481,29827.59722,154.0011536,108.0004896,130.0007184,102.0004912,102.0005104,90.0003664,222.00228,290.003576,650.0174997,2.0000016,34914.75006,17730.58695,6.0000048,302.0038224,49680.59411,31064.57466,171.2013223,107.4005323,110.0005731,121.8006971,100.8004883,99.00048432,237.0024648,278.4033181,579.6139658,1.80000144,34425.20379,17510.28103,7.80000816,328.2045516,49490.56261,30516.08006
69,Couisineau6687-172,5.896652547,47.60012864,69.4002504,47.25042892,69.20025216,44.38269971,141.1286973,112.6734178,365.6056203,0.60000048,34797.0451,17685.33215,9.00000976,294.6037497,49930.33332,25781.81665,14.13226684,7.876861318,7.890970796,13.21301735,12.33613836,9.579408798,13.84053336,27.08557872,24.69081187,1.349898195,1028.542542,564.1646804,4.830466607,27.73031493,1692.257604,746.6733171,239.6659244,16.54798326,11.3702339,27.96380405,17.82672458,21.58365503,9.807029771,24.03901403,6.753400522,224.9828526,2.955832999,3.190014616,53.67179299,9.412750164,3.389237547,2.896123758,88.08125623,0.51645317,0.508219032,2.100736135,0.041145525,0.497884069,0.337778021,0.317249096,0.81336445,3571.580302,6522.033305,0.697078934,0.685934424,6.838989898,0.004567453,0.003586533,0.415046573,0.093841953,0.091813189,0.100725607,0.071841881,0.247519241,1713.791422,3010.786596,0.010308099,0.006557967,7.764410036,0.884388558,0.705706221,19.75719681,228.0732922,18.44067614,29.82005969,22.64525958,30.43152928,47.98412123,46.1633122,1.478756348,0.956063275,85.31490819,0.520844258,0.513752004,2.462568948,-0.105388258,0.45684012,0.181181161,0.348986537,0.876131776,1889.13844,N/A,0.693545285,0.684101389,86.5955545,0.511224881,0.512498919,2.448117228,0.025364808,0.461184063,0.394818115,0.383572803,0.65904498,6494.742793,N/A,0.685644985,0.687353701,84.33317807,0.514971915,0.504742347,1.922128232,0.057561194,0.520257017,0.270342577,0.402903964,1.281738953,1298.747342,4393.085686,0.690221562,0.676510778,89.29823276,0.515825126,0.504596745,2.225584306,0.162368032,0.462935822,0.421589781,0.232964883,0.914171102,3237.097541,N/A,0.693731127,0.678630123,100.77588,0.510643846,0.509931281,1.692814619,-0.070395863,0.575963577,0.230648131,0.366449562,0.665543982,6348.943486,8650.980924,0.682244976,0.681292954,90.57254132,0.515719842,0.509507992,2.281159452,0.200369277,0.477053937,0.278860739,0.203480658,0.469241527,4347.530096,N/A,0.694844403,0.686474996,86.77860919,0.515211096,0.505638508,2.576272004,0.067481923,0.445663073,0.325384093,0.356043514,0.609467271,2620.746571,N/A,0.705863895,0.692748991,97.5184343,0.526271117,0.504699578,2.154494014,-0.021853146,0.479118425,0.353773154,0.341100289,0.866929179,2974.34158,N/A,0.71433263,0.685052562,80.40370553,0.518629043,0.511404511,1.194824405,0.05128185,0.717378989,0.517332096,0.315466404,1.114585183,3256.391499,N/A,0.708622016,0.698750871,79.22151839,0.515190577,0.505418439,2.049398141,0.04466543,0.38244567,0.403850361,0.221522343,0.676790545,3248.123672,N/A,0.701738458,0.688427879,72.0002496,64.0002176,72.0002528,50.0001424,64.000208,76.0003232,162.0011536,186.001576,344.0048993,0,35217.56378,18093.09397,14.0000176,310.0041009,50779.04001,26447.9714,62.0001872,42.0000976,70.000232,74.0002928,62.000184,72.0002432,156.0010272,146.0009616,330.0043985,0,34842.52472,17856.75627,4.0000032,300.00376,50817.15098,25978.99195,68.0002592,44.0000992,64.0002528,48.0001152,64.000208,64.0002112,128.0007136,212.0019424,390.0063697,4.0000032,34814.50867,17572.3568,20.0000288,308.0043329,50439.61331,25974.98425,82.0003312,42.0001072,68.0002304,76.0002816,66.0002448,48.000144,152.0010144,190.0015472,400.0065953,0,34828.51697,17574.35631,8.0000096,290.0036272,50204.63348,25896.81141,68.0002336,56.0001408,78.0002864,50.000136,80.0003296,68.0002176,140.0008768,140.0009056,358.0054353,2.0000016,33930.0144,17301.97569,4.0000032,252.002704,49732.89008,25395.79426,92.0004512,44.000112,74.0003088,58.0001968,68.0002336,46.0001296,160.0012416,126.000792,382.0060145,0,35145.35364,17906.83855,6.0000048,288.0034176,50580.17804,26085.20145,62.0001712,38.00012,62.0002256,58.000152,54.0001424,62.0001904,144.0009216,138.000856,382.0060561,0,35905.51285,18155.20996,10.000008,302.0039953,50867.47332,26207.48668,58.0001712,44.000112,64.000192,62.0001808,62.0002032,60.0001952,138.0008592,164.0011296,346.0052689,0,32297.73971,16300.65559,8.0000064,244.0026016,45213.86586,23794.75168,78.000312,52.000144,84.0003488,78.0003088,98.0005136,54.0001648,122.0008336,184.0015424,384.0062593,0,35594.65225,18203.26574,8.0000064,324.0043809,50230.80208,26051.15283,76.0002624,50.000136,58.0001744,78.000296,74.0002544,50.00012,156.0010944,150.0010416,340.0049057,0,35394.06403,17888.81258,8.0000096,328.0045761,50437.68605,25985.02056,71.80026288,47.60012864,69.4002504,63.20021024,69.20025216,60.00019392,145.8009736,163.6012295,365.6056203,0.60000048,34797.0451,17685.33215,9.00000976,294.6037497,49930.33332,25781.81665
70,Couisineau6687-291,-18.10425313,360.2055388,114.4006422,99.70505197,125.6007158,69.21892635,252.9849579,220.167235,439.6081768,0.80000064,34416.25324,14938.75543,7.4000072,184.2014917,49560.99161,12347.527,30.93968277,28.6512818,10.98701732,15.91739142,14.3853198,27.6976151,32.16795822,20.14555148,48.55227838,1.032796385,1288.483142,668.0346668,3.272786485,15.98497724,2173.511392,459.799632,170.8973165,7.95414804,9.6039822,15.96447834,11.45321482,40.01451128,12.71536398,9.150113312,11.04444388,129.0994449,3.743821656,4.47182277,44.22680136,8.677984683,4.385528459,3.723819612,67.39152379,0.249215585,0.433989873,2.039365451,-0.069997526,0.45902826,0.398555998,0.270969332,0.884201048,2232.326489,7626.652112,0.694645513,1.20963914,5.181030237,0.002465884,0.007292852,0.335735168,0.118946198,0.073681244,0.075799048,0.09765721,0.14837418,1605.138693,112.0912963,0.008610229,0.020226715,7.687955319,0.98945804,1.680419853,16.46272705,169.929147,16.05157038,19.0184186,36.03994943,16.7805931,71.9042981,1.46973134,1.239514119,1.672128035,63.25343017,0.24757304,0.438268535,2.055205386,0.034994461,0.5201263,0.570638172,0.287497246,1.019234405,2087.379051,7552.559936,0.681294154,1.206067474,62.89790998,0.249093247,0.440113202,2.377761234,0.002040081,0.453549104,0.376870052,0.436192394,0.809716491,1232.808053,7567.581834,0.694847047,1.227698313,67.7103158,0.250499473,0.441969562,2.205055154,-0.105763524,0.574978867,0.40241297,0.28284403,0.830550457,1218.793658,N/A,0.704207685,1.242471123,62.71399211,0.246992269,0.426962948,2.578298832,0.004298386,0.327250472,0.323379509,0.318661994,0.620593021,1024.336816,N/A,0.704184144,1.217287242,75.18034946,0.246935666,0.431627538,1.347819576,0.028318029,0.553980987,0.438893004,0.173778838,1.169698969,3157.59254,N/A,0.682929412,1.193716345,66.75310982,0.246906032,0.436359654,1.995978116,-0.039025967,0.451728204,0.438138515,0.31727484,0.777126192,3104.041662,7593.613289,0.692114664,1.223181599,72.59943848,0.249690016,0.435380767,1.877570787,-0.072750943,0.446446179,0.294881092,0.070896382,0.968465749,1263.238514,N/A,0.69475796,1.211439123,74.23899863,0.248775911,0.421428124,2.195272403,-0.36955039,0.425155694,0.354321052,0.273231763,0.859431518,6236.117103,N/A,0.698062284,1.182522364,60.54945415,0.250829705,0.44222694,1.862720479,-0.052200869,0.400746143,0.393065382,0.320446771,0.869934395,1604.574607,7792.853388,0.68866874,1.214161896,68.01823927,0.254860492,0.425561463,1.897972546,-0.130334522,0.436320649,0.39296023,0.228869063,0.917259279,1394.382883,N/A,0.70538904,1.177845925,504.0103394,358.0052113,124.0007424,256.0028896,116.0006016,186.001496,244.0026112,304.0039361,438.0082898,2.0000016,34465.47208,15105.13196,6.0000048,198.0016624,50588.2399,12524.28433,474.0093234,342.0048273,110.0005232,206.001816,102.0004752,218.00196,248.0025216,256.0030176,428.0076097,2.0000016,34389.27919,15135.17578,10.000008,196.0015904,49491.86921,12328.09039,464.0091202,354.0051313,142.0010672,218.0024272,112.0005792,186.0015504,252.0026816,260.0029088,394.0065297,0,34262.95013,15143.18106,10.0000144,180.0014368,48654.60978,12187.95413,486.0097938,350.0051729,108.0005664,224.0022752,128.0007456,220.002064,336.0051201,270.0030224,468.0091138,0,35045.09626,14962.95762,12.0000096,196.0017408,49766.94881,12292.05163,482.0096434,344.0054625,112.0006688,204.0016928,150.0009456,148.0010112,208.0017984,300.0036704,456.0087266,0,34930.81906,15077.10342,4.0000064,168.0012192,51148.5059,12630.39037,500.0103298,368.0058081,110.0006224,230.0022352,122.0006544,198.0016688,250.0027824,260.0028864,508.0104354,2.0000016,34804.40635,15187.23873,4.0000032,186.0014704,50287.05236,12416.17658,538.0119763,402.0069393,114.000552,210.0021264,136.0008192,150.0010384,260.002992,298.0037713,364.0054593,0,35149.42291,15303.38272,10.0000112,174.001336,50592.32847,12632.39929,426.0074225,378.0064113,112.0005824,220.002144,120.0007232,196.0016576,270.0031056,298.0039633,514.0109234,0,34996.97065,14748.70767,2.0000016,168.0012448,50134.45283,12472.24418,540.0119363,400.0065921,106.0005456,238.0025456,142.000888,216.0019776,270.0032752,290.0034864,430.0082482,2.0000016,35243.71275,15585.71924,8.0000064,212.0020288,51176.58272,12836.60712,392.0065153,306.003832,106.000552,198.0018064,128.0007264,156.00104,248.0026496,278.0032368,396.0064321,0,30874.40298,13138.95609,8.0000064,164.0011872,43769.32617,11155.07199,480.60964,360.2055388,114.4006422,220.4021959,125.6007158,187.4015464,258.6029538,281.40339,439.6081768,0.80000064,34416.25324,14938.75543,7.4000072,184.2014917,49560.99161,12347.527
71,Couisineau6687-114,0.573764326,50.00013824,42.60010352,38.84621418,46.80011904,24.7951708,92.00102428,88.54726994,266.003066,0.80000064,34844.57471,13767.40046,7.00000624,213.4020005,50262.38462,14216.49872,23.99841282,9.933155005,10.87508895,11.91974777,10.50718775,8.121886794,17.18673118,17.19869305,23.85191101,1.398412916,522.4004533,373.8532744,4.136561707,22.86326536,894.2228869,278.5028279,4182.625463,19.86625508,25.52831579,30.68445155,22.45119877,32.75592195,18.68102156,19.4231771,8.966780487,174.8014747,1.49923039,2.715496477,59.09368599,10.71370714,1.779109554,1.95901138,67.23520112,0.282853325,0.395117801,2.103878726,0.034891258,0.480538795,0.427384096,0.292685612,0.995183077,2180.144337,5728.151224,0.693323505,0.968483619,6.528843795,0.003279515,0.009430911,0.859977782,0.310892062,0.163935586,0.125565919,0.144971525,0.300949871,939.6748696,1998.001023,0.007927314,0.021967635,9.710454771,1.159440245,2.386860682,40.87582478,891.0313933,34.11495351,29.3801103,49.53148312,30.24065405,43.10149809,34.88038191,1.143378774,2.268250589,62.095776,0.284490018,0.411910611,1.496033832,0.102882707,0.560621728,0.667531865,0.326144942,0.78291288,1020.154026,N/A,0.684849554,0.991587685,63.76804349,0.284291132,0.391784518,4.298051636,-0.283748249,0.365614445,0.325851713,0.097131555,0.915375436,3571.040483,N/A,0.70539035,0.972105657,65.50601907,0.283228692,0.395848342,1.86414317,-0.286832338,0.740797945,0.305466685,0.386381024,0.991184149,1454.245844,N/A,0.678358724,0.948093126,66.92420333,0.281781735,0.380786517,2.259703633,0.008153124,0.526828657,0.244933846,0.29075789,0.761689992,3547.013455,6692.58017,0.698123128,0.943410598,69.59773254,0.279560929,0.392787555,1.186102366,0.808400614,0.541990842,0.561225486,0.564587756,1.761427933,2366.341726,3430.884219,0.687948401,0.966578454,77.43483836,0.289544378,0.383659117,1.870153416,0.067611998,0.343745281,0.470326107,0.205900757,0.958096581,1781.014725,N/A,0.699863568,0.927350203,74.03160297,0.285263789,0.404749743,2.531600133,0.157036779,0.219448274,0.489220987,0.207461099,1.127940886,2393.70804,7060.989284,0.692999918,0.983270748,70.99569441,0.278417143,0.390912499,1.629698199,-0.004418166,0.701269722,0.417335735,0.452469705,1.070536304,1124.10692,N/A,0.697952599,0.979962626,67.86872509,0.279831898,0.396360813,2.091919299,-0.138551006,0.422872537,0.40352462,0.131587871,0.706906636,N/A,N/A,0.691953631,0.980100216,54.12937593,0.282123537,0.402378294,1.811381578,-0.081622883,0.382198516,0.388423915,0.264433522,0.87575997,2363.67381,N/A,0.695795173,0.992376877,76.0002688,48.0001472,52.0001248,78.000328,62.0001936,46.0001136,96.000432,108.0004928,254.0030064,0,34381.30642,14162.02493,14.0000144,230.002296,50202.71417,14282.17105,60.0002112,68.0002304,44.0001088,62.0002544,28.000048,34.0000816,124.0006496,150.0009264,286.0035536,0,35442.25234,13885.72574,4.0000032,224.002064,50244.87837,14284.17336,44.0001056,48.0001216,58.0001744,40.0000768,42.0000944,46.00012,82.0003056,118.0006288,290.0036144,0,34830.55114,13787.61591,10.000008,222.0020432,51345.32795,14542.47008,70.000264,50.0001264,50.0001232,40.0000896,42.000088,44.0001056,98.0004336,106.00052,242.0023792,2.0000016,35151.37862,13385.17105,4.0000032,212.0020032,50351.25925,14188.06517,98.0004176,32.000048,36.0000736,48.0002048,56.00016,48.0001472,70.0002384,156.0010752,280.0032384,4.0000032,34938.85607,13723.54785,6.000008,204.0018944,50787.02999,14198.06928,68.000224,44.000112,36.000064,64.0002272,56.0001632,36.000096,108.0004992,136.0008672,256.002912,0,34439.44097,13213.00551,8.0000064,184.001536,49208.79236,14248.1292,78.0003472,46.0001264,20.0000256,60.0001632,36.000064,34.0000784,94.0004144,134.000872,224.0021728,2.0000016,34890.67035,14121.98987,6.0000048,194.0017392,50347.29361,14362.25973,80.000304,58.0001552,48.000144,48.0001856,42.0000944,50.0001296,72.0002368,112.0005792,278.0033616,0,33815.76141,13219.0038,12.0000096,190.001576,48449.93978,13489.29383,68.0002112,60.0001792,46.0001104,64.0002144,52.0001344,34.0000624,112.0005664,112.0006144,252.0026944,0,35578.63642,14101.97725,0,212.0019392,51417.65982,14388.30133,56.0001472,46.000136,36.0000864,52.000128,52.0001504,40.0000928,98.0004688,124.0007456,298.0037264,0,34976.89334,14073.94266,6.0000048,262.0029136,50268.95086,14182.05421,69.80025008,50.00013824,42.60010352,55.6001872,46.80011904,41.20010272,95.40042448,125.6007322,266.003066,0.80000064,34844.57471,13767.40046,7.00000624,213.4020005,50262.38462,14216.49872
72,AK5660-185,10.43597573,56.60017232,65.2002304,50.23476571,64.20020976,35.62977363,124.630049,126.3207191,467.2091483,1.20000128,35008.01574,11094.13336,8.2000088,210.2019455,50576.46844,14566.10285,23.69420853,16.62803578,7.375685701,10.8140322,8.189477125,8.994018287,20.302622,21.83037797,32.4452937,1.398413628,560.2294999,153.1679531,4.467169683,17.875193,912.7394888,233.7445338,227.0435381,29.37806565,11.31236141,21.52698843,12.75615322,25.24298464,16.29031053,17.28170811,6.944490238,116.5343447,1.600289214,1.380621164,54.4776206,8.503819011,1.804672246,1.604715662,69.76719137,0.28803616,0.316938807,1.96606416,0.068096265,0.536799483,0.408250296,0.283102786,1.037787742,2549.205917,4961.888878,0.692230889,0.761720161,6.275964618,0.004037346,0.004345045,0.377840351,0.170953461,0.111323311,0.09269966,0.038507795,0.23884325,1946.292099,1261.073405,0.006649689,0.009839712,8.995581584,1.401680263,1.370941286,19.21810887,251.0467509,20.73834175,22.70657512,13.60205454,23.01465319,76.34895579,25.41518837,0.960617183,1.291775139,76.09577986,0.290096702,0.323792295,1.944731887,-0.177933589,0.685613792,0.370177255,0.237840613,1.440241917,1065.349771,N/A,0.680538231,0.759584766,70.83934476,0.287838776,0.312625043,1.999228257,0.39310656,0.419080437,0.472731391,0.285167153,0.959649351,920.9187926,5549.467438,0.693530288,0.753251314,68.85617527,0.280640591,0.315156097,2.109453617,0.050049252,0.379245021,0.383004324,0.345396405,0.737551604,2387.03409,5604.511571,0.696919582,0.782632528,60.09286239,0.288589881,0.313889187,1.916185576,3.62E-05,0.506521554,0.372798891,0.283489848,1.058119137,3545.512149,2708.671588,0.702396705,0.763972493,65.58274813,0.289625919,0.32122321,1.369896214,0.101434653,0.588040679,0.49249375,0.232568758,1.089852428,1442.832547,5510.430509,0.688700031,0.763835071,60.70446243,0.284346192,0.309602953,2.715551907,0.236747673,0.447160552,0.310959983,0.285850141,0.86384849,1836.327077,N/A,0.694002822,0.755646914,79.32841379,0.284671135,0.320159578,1.750701547,-0.079581833,0.553349584,0.5225102,0.312670399,1.116405686,1824.565797,N/A,0.682924766,0.768061379,70.72998301,0.287713288,0.318861462,2.120608968,-0.08004466,0.726993228,0.54244191,0.232729401,1.240814447,1457.04793,N/A,0.692287599,0.767235458,70.54977456,0.292449302,0.318711945,2.22300845,0.200733121,0.494825018,0.339226303,0.296858284,0.658592849,3598.070956,5436.363286,0.693203902,0.755455264,74.8923695,0.294389818,0.315366296,1.511275177,0.036415293,0.567164962,0.276158954,0.318456862,1.212801516,7414.400061,N/A,0.697804963,0.747526419,90.0004368,80.0002976,80.0003264,70.0002352,60.0001696,54.000168,122.0006288,226.0021424,416.0071841,0,34988.91977,11329.14264,14.0000176,196.0018752,51413.59909,14914.91555,108.000544,36.000064,62.0001872,82.0003408,74.0002576,54.0001392,154.0010352,208.001952,474.0094866,2.0000016,35502.41412,11098.94375,16.000016,208.0018592,51190.86324,14734.71542,96.0004096,64.0002656,56.0001728,78.0003952,70.0002352,72.000352,154.0010384,178.0013296,496.0102434,2.0000016,35566.60408,11209.03211,6.0000048,208.0019104,51034.01454,14322.216,72.0002464,52.0001344,66.0002864,66.0002128,68.0002208,54.0001488,136.000832,200.0017344,446.0085458,4.0000064,34517.60733,10834.70369,4.0000032,236.0024032,49142.60997,14182.05994,82.000328,52.0001312,58.0001936,66.0002448,72.0003168,40.0000704,104.0004704,166.0012208,420.0075809,2.0000016,34309.07072,11020.86983,10.000008,220.0020192,49817.14706,14428.33701,72.0002656,26.0000496,68.0002816,56.000144,56.0001408,52.0001568,158.0011152,196.0016576,464.0088898,0,35855.38293,11100.93243,8.0000096,242.0025424,51664.60686,14690.63425,88.0003712,70.0002352,62.0001936,82.0003632,64.0002016,58.000152,118.0006384,190.0016688,466.0089906,0,35017.02878,11211.03715,8.0000064,184.0013856,51275.08994,14596.53806,86.0003472,68.0002112,74.0002736,78.0002992,48.0001248,46.0001232,108.00048,194.0016112,486.0095666,0,35059.13813,11179.00804,10.0000176,206.001816,50642.44712,14570.50495,96.0004288,50.00012,66.000216,62.0002832,60.0001856,56.0001568,140.0008672,160.0011488,518.010901,2.0000016,34114.61486,10872.73527,4.0000032,204.0020032,49212.95848,14392.29534,98.0004176,68.0002144,60.0001728,52.0001664,70.0002448,56.0001504,112.000624,196.0016352,486.0100946,0,35149.37666,11084.92872,2.0000016,198.00164,50371.34806,14828.81199,88.80037952,56.60017232,65.2002304,69.20026848,64.20020976,54.20016176,130.600773,191.4016101,467.2091483,1.20000128,35008.01574,11094.13336,8.2000088,210.2019455,50576.46844,14566.10285
73,SN5,0.56928448,0.6000008,0,0.398953092,0,0.203141419,0.40000032,1.0000008,0,0,36371.69871,68844.595,13.4000168,324.4044753,53138.64649,37293.22149,1.514382235,1.349899091,0,1.185746012,0,1.040316035,0.843274717,1.414214694,0,0,543.8747831,1118.924294,4.325640556,23.62361581,658.4672909,547.1085672,266.015022,224.9828818,N/A,297.2143938,N/A,512.1141916,210.8185107,141.4213562,N/A,N/A,1.495324118,1.625289965,32.2808592,7.282148555,1.239149535,1.467045606,115.5367334,0.701846052,1.89285223,N/A,-0.692262944,0,0.332460733,-0.164048866,1.5,3152.7281,N/A,0.684482128,1.846091649,9.030509208,0.00940099,0.018265871,N/A,0.979007644,0,0.944043085,0.232000131,0.707106781,1334.728525,N/A,0.007433544,0.019953133,7.816136861,1.339466073,0.964991926,N/A,141.4213562,,283.9562665,141.4213562,47.14045208,42.33566874,N/A,1.086009893,1.080831113,114.1653618,0.709723736,1.898590981,N/A,N/A,N/A,N/A,N/A,N/A,4737.922635,N/A,0.687224503,1.838402997,117.8573834,0.696164597,1.906705603,N/A,N/A,N/A,N/A,N/A,N/A,3142.90344,N/A,0.682019563,1.867964168,104.9391467,0.697927887,1.919526585,N/A,-1.384525887,0,-0.335078534,-0.328097731,1,2608.523558,N/A,0.679028972,1.86754848,112.7514884,0.704589408,1.906464895,N/A,0,0,1,0,2,2079.665217,N/A,0.674989838,1.826374931,112.6238612,0.697240966,1.8688544,N/A,N/A,N/A,N/A,N/A,N/A,3671.582992,N/A,0.688937364,1.846597787,114.2404404,0.697129238,1.881631894,N/A,N/A,N/A,N/A,N/A,N/A,6092.896706,N/A,0.67861686,1.831664861,131.6371145,0.699011387,1.894951279,N/A,N/A,N/A,N/A,N/A,N/A,2689.186273,N/A,0.687726497,1.864359051,130.3466561,0.70125805,1.863611316,N/A,N/A,N/A,N/A,N/A,N/A,2071.086393,N/A,0.688428463,1.829516357,111.2415218,0.691009719,1.906678322,N/A,N/A,N/A,N/A,N/A,N/A,2322.197656,N/A,0.677877626,1.87044341,105.5643598,0.724405535,1.881507021,N/A,N/A,N/A,N/A,N/A,N/A,2111.316135,N/A,0.699971588,1.818044444,2.0000016,0,0,2.0000016,0,0,0,0,0,0,36701.83505,69681.773,8.0000096,332.0046113,53405.88832,37903.42656,0,0,0,2.0000016,0,2.0000016,0,0,0,0,36948.56109,70450.02845,12.0000096,320.0043169,54175.22177,37714.87145,0,2.0000016,0,0,0,0,2.0000016,2.0000016,0,0,35530.46567,68201.67342,14.0000112,348.0051073,52325.40456,36519.35902,0,0,0,2.0000016,0,0,2.0000016,4.0000032,0,0,35861.43277,68368.56266,18.000024,332.0046977,53128.84836,37434.02381,0,0,0,0,0,0,0,2.0000016,0,0,36278.62497,67799.46792,10.0000144,326.0044753,52658.81464,36715.88279,2.0000016,0,0,0,0,0,0,2.0000016,0,0,35586.64066,66960.95806,6.000008,320.0042721,52439.95948,36557.42898,2.0000016,0,0,0,0,2.0000016,0,0,0,0,37040.85258,70190.61097,14.0000176,286.0033456,53859.85957,37648.65515,6.0000048,4.0000064,0,0,0,0,0,0,0,0,36597.5706,68203.64672,18.000024,286.0035376,53161.03645,37279.60477,2.0000016,0,0,0,0,0,0,0,0,0,36449.10909,69496.72615,16.0000224,334.0049105,53769.45291,37155.21452,0,0,0,0,0,0,0,0,0,0,36721.89466,69092.50263,18.0000272,360.0054785,52461.97884,38003.74785,1.40000112,0.6000008,0,0.60000048,0,0.40000032,0.40000032,1.0000008,0,0,36371.69871,68844.595,13.4000168,324.4044753,53138.64649,37293.22149
74,BB A,0.27713829,2.40000224,0.20000016,0.795812688,0.40000032,1.41256647,1.387221877,0.660703404,1.0000008,0,29.20006304,60.80019616,0,0,0.80000064,8.20000944,4.042291339,1.577622898,0.632456038,3.076115528,0.843274717,1.849553519,1.898912555,0.98204287,1.054093397,0,9.852271575,9.57780945,0,0,1.398412916,3.583919751,1458.58277,65.73422607,316.227766,386.5376333,210.8185107,130.9356804,136.8860012,148.6359634,105.4092553,N/A,33.74058324,15.75292524,N/A,N/A,174.8014747,43.70628811,N/A,5.0000016,2.342130292,2.0000008,-13.41962526,0,-14.50613051,-25.98384646,-17.57117883,N/A,N/A,11.16668347,10.04085617,N/A,3.0000024,0.959423876,1.13E-06,89.93848667,0,47.4838903,69.41638819,34.23058026,N/A,N/A,2.565813503,8.703787809,N/A,60.0000288,40.96372773,5.65E-05,670.2011789,,327.3367096,267.1520873,194.8109492,N/A,N/A,22.97739979,86.68372159,N/A,8.0000048,1.642856204,N/A,138.4283013,0,52.43979058,-183.4027051,-67.35,N/A,N/A,14.0000304,2.875002875,N/A,N/A,1.700001624,N/A,3.662277987,0,0.673528864,-0.332344951,0.87184466,N/A,N/A,N/A,34.0000896,N/A,N/A,3.454553058,N/A,-156.5,0,-78.25,0,-67.35,N/A,N/A,N/A,7.600020928,N/A,2,1.619049466,N/A,N/A,N/A,N/A,N/A,N/A,N/A,N/A,10.5000152,8.500022,N/A,N/A,1.550001104,2.0000016,0.80773641,0,-0.167539133,0.835950466,0,N/A,N/A,N/A,7.7500111,N/A,N/A,2.46154311,N/A,N/A,N/A,N/A,N/A,N/A,N/A,N/A,N/A,8.000022,N/A,N/A,4.142861127,2,-0.692262944,0,-0.167539267,0.335951134,0,N/A,N/A,N/A,9.666679644,N/A,N/A,2.461542315,N/A,N/A,N/A,N/A,N/A,N/A,N/A,N/A,N/A,10.66669387,N/A,N/A,1.277778346,N/A,-78.25,0,-78.25,0,10.9,N/A,N/A,N/A,5.7500069,N/A,5,3.111116563,N/A,-1.393429591,0,2.178845401,0.676223184,-0.070096463,N/A,N/A,9.0000048,5.6000128,2.0000016,4.0000032,0,0,0,6.0000048,0,2.0000016,2.0000016,0,28.0000832,46.0001104,0,0,2.0000016,16.0000224,10.0000112,2.0000016,0,2.0000016,0,0,2.0000016,2.0000016,2.0000016,0,40.0000992,68.0002336,0,0,0,2.0000016,4.0000032,0,0,2.0000016,0,0,0,2.0000016,2.0000016,0,22.0000368,76.0002944,0,0,0,10.0000112,2.0000016,4.0000064,0,0,0,2.0000016,0,0,0,0,42.0000944,68.0002304,0,0,4.0000032,8.0000064,6.0000048,2.0000016,0,0,2.0000016,4.0000032,4.0000064,0,0,0,40.0001088,62.0002128,0,0,0,8.000016,6.000008,4.0000032,2.0000016,0,0,4.0000032,0,2.0000016,0,0,26.0000432,64.0002272,0,0,0,8.0000064,0,2.0000016,0,0,2.0000016,2.0000016,4.0000032,0,0,0,14.000024,58.0001552,0,0,0,6.000008,4.0000032,2.0000016,0,0,0,0,0,0,0,0,26.0000464,64.0002144,0,0,0,6.0000048,2.0000016,0,0,2.0000016,0,0,0,0,2.0000016,0,36.0000704,46.0001104,0,0,0,8.0000096,0,4.0000032,0,10.0000144,0,4.0000032,4.0000032,0,2.0000016,0,18.000024,56.0001728,0,0,2.0000016,10.000008,3.60000352,2.40000224,0.20000016,1.60000192,0.40000032,2.20000176,1.40000144,0.80000064,1.0000008,0,29.20006304,60.80019616,0,0,0.80000064,8.20000944
75,FCT_Zr_25-6,-40.40722278,1303.069471,287.8035676,239.1883198,271.4031458,215.0829546,591.6897044,509.7900304,1527.89475,1.0000008,34544.51414,132228.5507,20.40003264,2061.371664,49549.5089,274029.233,78.16413844,27.29987712,33.17974961,55.30819218,18.40457702,28.56595897,46.94548277,31.87004991,49.69339568,1.054093397,376.5997064,1478.585463,7.589488178,70.96194678,495.0927396,1518.151815,193.4410065,2.095043875,11.52860956,23.12328303,6.781268862,13.28136812,7.934138861,6.25160321,3.252409609,105.4092553,1.090186722,1.118204393,37.2033139,3.442462512,0.999187985,0.554010898,133.081194,5.530826264,3.827967828,2.195140634,-0.073623964,0.490098742,0.404250383,0.365484532,0.866130092,15182.38967,66016.03376,0.697205556,0.482551305,4.766517888,0.054374854,0.041861725,0.288569885,0.129719911,0.073938103,0.087566582,0.058074522,0.084528221,5434.15486,792.1451982,0.007849543,0.006346349,3.5816615,0.983123518,1.093575669,13.14584956,176.1925099,15.08636859,21.66147151,15.88973468,9.75929848,35.79248708,1.199928492,1.125857836,1.315165678,131.1465915,5.526073949,3.802907303,2.197381868,0.010806829,0.532051565,0.549459265,0.313595638,0.767151243,17050.46285,N/A,0.703627352,0.484218927,128.5682497,5.421755113,3.924407746,2.795818461,-0.075157462,0.363688463,0.297173767,0.328742228,0.738176844,16988.52203,N/A,0.686101474,0.49661814,139.0424974,5.559421088,3.825351799,1.77943907,-0.236484964,0.550659647,0.337651638,0.452885762,1.012550672,22966.98538,N/A,0.69688858,0.47951827,134.5424321,5.616239695,3.835437413,2.414690182,-0.173842954,0.508698584,0.417875927,0.335456407,0.878188444,22761.93861,65006.6419,0.696992281,0.475989348,128.5590458,5.518505004,3.806597087,1.954618654,-0.092912112,0.448962004,0.328974931,0.442269716,0.913771852,11453.43733,66376.73049,0.700137057,0.482945957,140.4831561,5.504610116,3.759403936,2.356244521,0.191523968,0.409460236,0.445054568,0.314607436,0.831892882,11485.38487,N/A,0.700997365,0.478750029,131.1502596,5.497258474,3.811222101,1.930235636,-0.092330103,0.551616025,0.405675784,0.296120736,0.970078326,8615.646095,N/A,0.684894621,0.474834052,131.2124299,5.59208197,3.834000276,2.089151007,-0.108308472,0.454026262,0.474597773,0.388742244,0.831760923,8595.120111,66712.37329,0.70754684,0.485102828,138.5415508,5.516128909,3.838208182,2.243956794,-0.212889245,0.608009162,0.491266425,0.427338527,0.836304073,12368.95783,65330.78195,0.690077217,0.480166447,127.5657269,5.556188317,3.84214244,2.189870145,0.05335487,0.473815468,0.294773754,0.355086623,0.881425662,19537.44158,66653.64117,0.704792775,0.487369052,1798.131109,1294.068924,318.0043761,762.0235831,272.003088,612.015514,618.015442,680.0187877,1590.101675,0,34736.23128,132098.6676,16.0000192,2080.174024,49367.36921,272807.733,1736.121794,1290.067916,242.0024464,630.0168757,238.00236,642.0171797,684.0195238,694.019919,1456.086322,0,34397.31598,134989.0933,16.0000192,2114.181995,50134.4441,271816.6787,1680.114693,1304.069393,292.0035488,616.015418,298.003768,668.0182661,550.0124051,752.0230567,1544.096083,0,34547.72714,132157.2102,12.0000128,1982.157425,49574.24779,275604.1186,1768.127856,1354.075299,312.0040513,710.0206518,254.0026736,650.0171157,634.0164372,764.0236935,1618.106329,2.0000016,33897.9297,130013.3878,12.0000096,2030.166079,48634.5841,273143.4818,1752.123986,1304.06906,258.0029744,626.0160916,294.0038961,682.019247,594.0149364,736.0220199,1514.093435,2.0000016,34874.60431,132753.5672,24.000032,2138.183749,49811.11048,274882.8624,1856.140139,1248.063232,274.003192,716.0214567,284.0033952,620.0161732,688.0196422,762.0236407,1474.089012,0,35103.25805,131967.3265,24.0000448,1962.155172,50076.16262,275649.7513,1778.127438,1320.071287,296.0037216,660.0180037,278.0033104,592.0143044,556.0124515,732.0216166,1518.093403,0,34349.17726,130912.3435,32.0000672,2102.178484,50152.49971,275701.254,1766.126955,1320.072007,258.0030352,712.0207078,272.0031968,654.0176469,588.0141859,688.0198534,1546.097413,2.0000016,34800.42872,133424.8533,32.0000736,2096.176988,49184.62884,275044.4762,1660.11098,1288.067344,352.0051169,716.0209702,258.0027664,670.0183573,598.0153076,692.0196774,1492.090329,2.0000016,34042.36098,130661.6684,22.0000304,1964.157661,49331.23442,272117.4483,1842.136969,1308.070244,276.0032128,610.0155188,266.0030032,636.0171109,602.0148276,726.0214934,1526.093505,2.0000016,34696.10798,133307.389,14.0000176,2144.185062,49228.80767,273524.526,1763.726192,1303.069471,287.8035676,675.8189277,271.4031458,642.6170915,611.2155159,722.6213758,1527.89475,1.0000008,34544.51414,132228.5507,20.40003264,2061.371664,49549.5089,274029.233
76,AK5660-199,2.705970648,146.4009536,76.80030144,50.14466661,70.60026096,52.56664855,156.146079,131.6812779,536.4119833,0.60000048,34408.46065,12857.03397,6.60000816,272.8031866,49644.97046,22460.24484,27.79273527,12.8859698,13.0708283,11.68471449,15.57928039,13.59868306,24.87571529,24.06587286,40.06607996,0.966092556,1190.078719,426.8250073,2.836276833,18.09152884,1587.045526,746.4335141,1027.089311,8.801834607,17.01924088,23.30200854,22.06688782,25.86941232,15.93105345,18.27585002,7.469273842,161.0152972,3.4586805,3.319778172,42.97383828,6.631714629,3.196790151,3.323354306,82.58641072,0.452423381,0.37369733,2.366675758,0.011766161,0.497466693,0.334021112,0.335984967,0.855359717,3977.34583,6507.720415,0.693080517,0.572491362,5.015282709,0.004789861,0.004217203,0.891549497,0.17901138,0.086073163,0.113966967,0.060542507,0.156995406,1541.341169,95.72929562,0.008898301,0.008715018,6.07276992,1.058712087,1.128507777,37.6709608,1521.408512,17.30229673,34.11968965,18.01940956,18.35431376,38.75300854,1.471011192,1.283876904,1.5222968,81.7023378,0.451572912,0.371881262,3.264449101,-0.021915971,0.449285187,0.192565363,0.290239236,0.781846776,5719.224433,6520.401948,0.692198212,0.57004204,84.68394601,0.452501077,0.380886951,1.867797455,0.042250555,0.471653293,0.266092611,0.285246927,0.946815621,2858.112758,N/A,0.691723962,0.582249733,75.9637798,0.457809447,0.373228259,1.806105127,-0.089156666,0.47458088,0.297268739,0.369348555,0.866543228,3696.945518,N/A,0.699663411,0.570399232,88.84054499,0.44165987,0.372124226,2.444096,-0.295521808,0.52604951,0.373115322,0.307805109,0.90795959,5597.009416,N/A,0.69653516,0.586871539,86.5231027,0.44938409,0.377624961,1.795865164,0.20187398,0.674062806,0.564660558,0.279362539,0.733354028,5624.058643,N/A,0.685397003,0.575950556,77.42526773,0.457426089,0.369478777,2.275608388,0.331006526,0.543521841,0.26052978,0.463500308,0.943114659,2961.551851,6596.476872,0.6893884,0.55684271,79.08896795,0.449995038,0.375153471,1.598449827,-0.096139778,0.554108055,0.462676932,0.381539171,1.067246044,1726.793523,N/A,0.682459305,0.568955112,90.45689907,0.452926318,0.376460345,1.633017198,0.052424678,0.367417674,0.383946945,0.295149552,0.893957353,3769.069544,6406.282423,0.681645076,0.566565311,83.22941993,0.456427894,0.366002321,2.544825603,-0.125865198,0.403869367,0.311345556,0.383086379,0.492130077,2247.217909,N/A,0.708126842,0.567835733,77.94984124,0.45453108,0.374132726,4.436543715,0.118705296,0.510118313,0.228009312,0.304571889,0.920629798,5573.4747,N/A,0.7036678,0.579201651,220.0021248,162.0011248,88.0003616,92.0003936,60.0001664,110.000632,202.0018,220.002352,480.0098146,2.0000016,35067.14556,13040.81433,4.0000064,280.003424,50660.55498,22876.93434,206.0019472,144.0009344,74.0003216,90.0003792,84.0003232,92.0003648,164.0011808,226.002136,556.0124867,0,34952.88838,13313.09909,8.0000096,270.0031184,50530.11072,22864.9295,172.0012704,134.0007664,72.000272,90.0004272,84.0003072,100.0004672,158.0010512,200.0017632,492.0098434,0,33899.95029,12652.41943,6.0000048,292.0035168,48451.79804,22181.69085,170.0013296,152.0010048,72.0002656,102.0004752,56.0001536,92.0003936,144.0009088,202.0018192,558.0130675,0,35307.86686,13138.91262,4.0000032,252.0026816,50690.71727,22388.05557,238.0023248,152.0009664,92.0004032,128.0007456,76.0003584,88.0003584,144.0009536,182.0015248,588.0141219,0,34311.10365,12956.72916,4.0000032,260.0028416,50060.18923,22496.25257,276.0032,158.0011248,94.0004176,98.0006032,76.0002912,132.000752,180.0013728,240.0025088,552.0124867,2.0000016,35706.96103,13192.9643,8.0000096,306.0040209,51795.12888,23692.44324,172.0013248,132.0008448,62.0002,96.000448,70.0002544,86.0003184,118.0006448,186.00156,478.0097106,0,31426.15664,11789.63175,12.000016,262.0030384,46048.39648,20721.54991,196.0016096,136.0008096,54.000168,102.0004624,90.0003728,88.0003232,154.0010704,208.002,550.0125011,2.0000016,34034.32866,12812.5751,6.0000144,250.002728,49929.69193,22614.47154,204.0018112,164.0011712,74.000264,112.0005632,72.000304,124.0006464,190.001528,164.0012064,530.0115859,0,34864.58921,12760.52057,10.0000112,270.0031344,49234.94936,22472.20426,200.0018656,130.0007888,86.0003408,82.0003376,38.0000784,94.0004368,176.0013312,236.0023776,580.0142148,0,34513.61623,12912.67332,4.0000032,286.0033616,49048.16767,22293.91663,205.4018808,146.4009536,76.80030144,99.20048352,70.60026096,100.6004693,163.0011842,206.4019248,536.4119833,0.60000048,34408.46065,12857.03397,6.60000816,272.8031866,49644.97046,22460.24484
77,AK5660-267,13.48735091,111.6006144,107.8005666,86.60574813,112.400623,63.58457817,212.1379425,197.6641302,756.2237078,1.80000144,34431.87626,30565.41195,7.60001024,401.0067904,49621.54272,43884.28034,45.20702784,22.70213285,8.350741375,21.17466941,19.22515836,16.47866759,29.75148032,17.83868893,53.2651778,1.751191472,1012.669209,1027.063192,3.238660771,38.73978055,1549.057141,1204.554928,335.1809273,20.34230096,7.746472622,24.44949656,17.1041386,25.91613889,14.02459172,9.024747639,7.043574176,97.28833731,2.94108053,3.360213804,42.6139001,9.660629565,3.12174321,2.744843754,110.2675333,0.884511552,0.88762345,1.92031604,0.050843991,0.516619484,0.415217423,0.301457093,0.951603216,7721.333012,11523.82085,0.694015772,0.696472434,10.09259995,0.009165511,0.00761188,0.327338737,0.197215137,0.076674777,0.116645545,0.079264908,0.176724621,5676.693196,4143.317843,0.012074506,0.012345453,9.152830075,1.036222923,0.857557346,17.04608668,387.8828789,14.84163487,28.09264215,26.29392706,18.57125094,73.51960067,35.9543757,1.739802885,1.772568858,118.5013718,0.885327037,0.881292534,2.028545754,0.215986603,0.451186909,0.350310952,0.361116316,0.794188543,3732.846745,7659.373956,0.687092588,0.683961455,119.1102211,0.887138037,0.889360593,1.782753811,0.232156398,0.512573899,0.382746975,0.376586122,0.946355758,4478.608058,7733.062389,0.68894036,0.690666369,98.79725011,0.87874852,0.884951373,1.518800082,-0.021359233,0.671076052,0.572698841,0.236043549,1.218774008,10867.88871,N/A,0.689481363,0.694348229,90.11148605,0.882627115,0.892851088,1.682506846,-0.180839378,0.473758103,0.294762411,0.212533254,0.779628051,21987.62389,15263.60993,0.686241838,0.694190969,118.7652954,0.861965458,0.883664676,1.969546123,-0.039007416,0.420191004,0.381325641,0.244989067,1.007077914,11104.71184,7833.304881,0.688081303,0.705403141,102.1759651,0.894035186,0.894447728,2.488998615,-0.137749884,0.56464735,0.61757778,0.286416503,1.243420035,5440.963892,15343.83335,0.704689029,0.705014199,115.7315371,0.884067395,0.900215774,1.663613667,0.081336306,0.562320539,0.435420027,0.264357976,0.960471532,5613.065285,N/A,0.68249528,0.694961742,110.2214589,0.892134644,0.893318868,1.821328025,0.427342905,0.427935463,0.513582739,0.289418864,0.73364915,5456.048299,N/A,0.723463565,0.724423895,110.9350619,0.888138533,0.876070846,1.783065346,-0.157280173,0.549834985,0.303128459,0.472532121,1.008436023,4082.469001,N/A,0.692954523,0.683538922,118.3256852,0.890933591,0.880061018,2.464002127,0.087853782,0.532670534,0.300620401,0.270577158,0.824031146,4449.104393,15309.74059,0.696717865,0.688215418,168.0013312,84.0003488,108.000528,112.0005824,118.0006992,114.0006704,250.0027632,306.0038769,832.028017,4.0000032,34764.30261,30637.52034,12.000016,378.0059249,50596.24161,44794.22066,192.0015904,104.0006016,106.000552,114.0006448,116.000608,112.0005696,216.0020768,296.0037729,720.0213543,4.0000032,34780.35181,30932.2743,10.0000112,376.0057729,50483.83552,44786.13074,160.001152,118.000664,106.000584,130.0007888,104.0006144,76.0002784,168.0011968,302.0039409,786.0255641,0,34108.56481,30184.42126,4.0000032,440.008093,49469.88656,43471.58961,138.0008208,130.0007792,110.0006576,112.0005856,138.0008592,92.0005024,242.0024112,288.0035296,768.0253801,2.0000016,34190.74546,30527.24429,2.0000016,488.009741,49823.17246,43975.28297,160.0011072,122.000664,96.0004576,128.0007456,116.0006432,96.0004544,238.0024528,334.0045073,746.0226423,4.0000032,35458.29706,31333.24459,4.0000064,374.0058769,51532.13277,44418.91844,174.001304,144.0009056,104.0004544,162.0011408,74.0002672,100.0004416,194.001576,336.0049089,768.024804,2.0000016,34309.09408,30687.69124,8.0000096,426.0078514,48686.85714,43527.76337,158.0011408,102.0005008,116.0006912,124.000656,124.000704,88.0003456,216.0020288,304.0040833,760.0237,0,34666.07773,31206.94999,8.0000064,388.0062369,50793.13915,44904.5582,200.0018496,68.0002368,106.0005392,150.0009744,136.0008512,94.0004016,258.0028176,294.0036304,806.0263289,0,35396.06421,31619.97201,8.0000096,396.0067233,48925.84217,43648.43877,132.000864,116.0007008,100.0004608,94.0004048,102.0005168,124.0006784,190.0015952,272.003168,636.0166564,0,31852.7845,27905.29586,10.0000112,368.0057057,45966.63046,40824.73573,198.0017456,128.0007424,126.0007408,114.0006608,96.0004672,106.0005232,246.0025136,298.0037649,740.0226311,2.0000016,34792.48036,30619.50567,10.0000272,376.0059777,49937.68939,44491.16495,168.0012906,111.6006144,107.8005666,124.0007184,112.400623,100.2004866,221.8021432,303.0039183,756.2237078,1.80000144,34431.87626,30565.41195,7.60001024,401.0067904,49621.54272,43884.28034
78,AK5660-121,-1.431224353,460.4087679,191.8016434,168.3314505,183.4014904,132.1443861,381.2295629,345.5209789,1140.653021,1.40000144,34522.99255,29651.23864,11.2000144,493.610174,50124.04216,55076.40526,27.83113547,25.0839423,21.28053574,26.42674944,16.84068259,36.03795784,38.14180039,43.7843085,65.68564608,2.118701942,1149.190531,930.3795694,4.237407174,15.0502535,1805.42945,1913.891304,1944.568328,5.448189533,11.09507477,15.69923467,9.182413158,27.27165255,10.00494298,12.67196818,5.758600105,151.3356974,3.328768587,3.137742678,37.83394398,3.049016065,3.601923094,3.474974983,111.6975598,1.098889688,0.858978472,2.092128282,0.000781978,0.507121064,0.446301355,0.349127169,0.912071499,5926.402998,10451.9999,0.688846141,0.538456164,5.750502988,0.010169168,0.009265727,0.268029632,0.075898198,0.069932275,0.091904306,0.103017772,0.133057663,3310.751716,5331.352818,0.007173636,0.006339182,5.148279872,0.925403899,1.078691448,12.81133832,9705.924616,13.79005535,20.59243272,29.50723433,14.58851231,55.86443779,51.00796852,1.041398826,1.177288408,121.6342513,1.097906549,0.859224288,1.966813276,0.040845144,0.466503851,0.436426917,0.277181181,0.78779711,4683.002149,N/A,0.680408051,0.532488966,114.2132014,1.114750391,0.849491316,2.198522838,-0.023714732,0.449852461,0.372704202,0.471364547,0.892190089,9365.66727,4960.898883,0.695088878,0.529689849,108.3160641,1.105877271,0.853650769,1.79004628,-0.02045381,0.558644895,0.472818788,0.267172795,0.965952185,3008.83711,N/A,0.698552252,0.539227709,108.7442388,1.100970502,0.862846171,2.675685143,-0.059883528,0.382963866,0.368880658,0.339086066,0.843170596,3520.666618,N/A,0.680361846,0.533209212,108.7230666,1.098836089,0.876411482,2.045006839,0.185526896,0.617067114,0.686593389,0.427906596,1.061226397,5414.516918,14780.46662,0.684515492,0.545956984,100.3733708,1.099876435,0.861429551,2.210590156,0.040792259,0.493492609,0.434621646,0.260821918,0.869680999,4182.305084,6808.018545,0.692799843,0.542604823,110.0169193,1.083418887,0.859488436,1.938357497,-0.051400924,0.456372926,0.427882719,0.307043038,0.844327966,13917.43329,N/A,0.686286007,0.544438438,114.8021436,1.099386188,0.841734711,1.990494482,-0.040920877,0.55936063,0.379494838,0.330693526,0.733561826,5556.529907,N/A,0.699653971,0.535683492,115.1591349,1.080987344,0.861481391,1.79362048,0.008716486,0.563400303,0.465105972,0.557020327,1.18539958,5573.807969,15258.61554,0.687017552,0.547511347,114.9932071,1.106887224,0.864026608,2.312145824,-0.071687134,0.523551981,0.41848442,0.252981692,0.937408242,4041.263662,N/A,0.683777515,0.533750823,658.0175669,464.0090178,178.0014544,322.0046161,194.001544,258.0028912,396.0063745,458.0086834,1130.052234,0,34826.52435,29923.79561,12.0000128,462.0087282,51184.76232,56196.08574,680.0188037,498.0101042,180.0013952,316.0042273,182.0014256,352.0051041,416.0072897,530.0115379,1242.062174,6.0000048,35039.10697,29765.41711,6.0000048,492.0100994,50409.53477,56194.04858,652.0174149,476.0093154,192.001616,322.0043985,192.0015744,248.0026496,358.0054577,488.0096674,1120.051225,0,34210.83905,29204.10907,18.000024,500.0102306,48973.91563,54159.14019,586.0139571,442.0078705,166.0012304,308.0040097,162.0013008,292.0035424,448.0082786,524.0119715,1138.05273,0,34810.45294,30036.06604,16.0000192,518.0111987,51164.6165,56330.73349,684.0193766,448.008285,212.0018656,386.0065297,168.0012512,294.0036784,358.0052593,522.0117875,1130.051409,2.0000016,33729.54087,29560.95689,10.000008,498.0103506,49275.05842,54145.2125,576.0138339,406.0067089,168.001216,284.0037249,154.001,222.0022928,354.0055633,444.0081026,1062.045674,4.0000064,31612.70437,27232.11775,12.0000224,500.010653,45630.35729,50187.75469,630.0159828,470.0092114,184.00144,330.0046929,208.0019808,278.0032432,418.0071761,502.0102578,1160.05447,0,35263.72846,30308.76682,4.0000032,506.0110579,51383.42922,55669.7777,610.0153428,452.0083906,216.0022784,298.0037488,194.0016656,276.0032896,402.0066865,456.0087938,1240.062301,0,35362.02846,29765.4468,10.0000112,484.009789,50542.16791,55565.3613,662.0179029,476.0094498,192.0015712,318.0043281,190.0015536,346.0049553,354.0052945,548.0124483,1034.043757,2.0000016,35424.16101,30517.2555,10.000008,484.0095778,51562.23576,55738.12428,622.0161524,472.009325,230.0023664,342.0051793,190.001608,266.002936,454.0086034,572.0133987,1150.054238,0,34950.839,30198.45486,14.0000304,492.0100546,51114.34381,56577.81413,636.0166334,460.4087679,191.8016434,322.6045455,183.4014904,283.2034583,395.8065984,504.4106649,1140.653021,1.40000144,34522.99255,29651.23864,11.2000144,493.610174,50124.04216,55076.40526
79,SN1,-0.230715717,0.60000048,0,1.398953999,0,0.003141364,0.584665,0.432843752,1.20000128,0,39010.2441,68750.93418,13.40001968,328.0045517,56744.89082,37033.05753,1.957058501,0.966092556,0,1.896591982,0,0.766788921,0.9653071,0.999129263,2.149937913,0,580.8399145,543.9821824,3.533968134,34.92310771,634.1571193,572.0700797,848.2553886,161.0152972,N/A,135.5721478,N/A,24409.42778,165.1043075,230.8290829,179.1613017,N/A,1.488942015,0.791236059,26.37285779,10.64714118,1.117558092,1.544755194,114.1651199,0.652617689,1.762695769,N/A,-5.777737326,0,-15.3805433,-5.349624145,4.508065574,2954.123269,N/A,0.687483271,1.856801623,13.43741094,0.006260549,0.027173301,N/A,11.37281859,0,35.14670922,11.59167996,5.842833415,849.0880924,N/A,0.008363759,0.027220797,11.77015445,0.959298077,1.541576344,N/A,196.838623,,228.5140943,216.6821377,129.6084389,28.74247332,N/A,1.216576333,1.466004616,112.9832778,0.658201609,1.767573284,N/A,0,0,-78.25,0,10.9,1886.843375,N/A,0.677655949,1.819817112,95.10880624,0.657900577,1.784067965,N/A,-1.384525887,0,0.664921466,-0.328097731,0,2649.500606,N/A,0.689709081,1.87032497,104.3505108,0.646257851,1.796181382,N/A,N/A,N/A,N/A,N/A,N/A,2308.787542,N/A,0.673735252,1.872550892,108.3519431,0.653047051,1.75883803,N/A,N/A,N/A,N/A,N/A,N/A,2646.917326,N/A,0.680692431,1.833294757,129.2593598,0.644417894,1.737588548,N/A,N/A,N/A,N/A,N/A,N/A,2310.536707,N/A,0.693620321,1.870256456,106.5515976,0.653320238,1.796358281,N/A,N/A,N/A,N/A,N/A,N/A,3036.758564,N/A,0.683098061,1.878234878,139.2253637,0.66115902,1.71959961,N/A,-26.08331942,0,0,-26.08331942,10.9,4768.512437,N/A,0.694295818,1.805784664,109.2533666,0.648013232,1.745340491,N/A,-1.42084132,0,0.682362029,-0.336703573,0.740327869,3627.256229,N/A,0.700408789,1.886461201,109.379783,0.645214164,1.73726558,N/A,N/A,N/A,N/A,N/A,N/A,3653.330066,N/A,0.691272456,1.861279419,127.18719,0.658645254,1.784144517,N/A,0,0,0,0,0,2652.789841,N/A,0.690344552,1.870011877,0,0,0,2.0000016,0,0,0,0,2.0000016,0,38852.32353,68674.32907,20.0000384,334.0046481,57333.40581,37736.93995,0,2.0000016,0,2.0000016,0,0,2.0000016,0,0,0,38886.43969,69376.05134,14.0000144,390.0064369,56380.93038,37093.04664,0,2.0000016,0,6.0000048,0,0,0,0,0,0,38511.27644,69173.23775,16.0000192,354.0054065,57160.84521,36940.645,2.0000016,0,0,0,0,0,0,0,0,0,38625.62382,67936.21613,14.0000208,342.0049201,56744.60607,37056.89762,0,0,0,0,0,0,0,2.0000016,0,0,39791.25103,69140.82208,16.0000192,286.0035184,57367.48163,36968.63168,2.0000016,0,0,4.0000032,0,0,0,0,0,0,38102.12051,68445.05972,12.0000192,342.0048305,55778.40532,36441.16107,2.0000016,0,0,0,0,2.0000016,0,0,6.000008,0,40060.134,68887.39079,8.000016,274.0030608,57698.94177,38148.17579,0,2.0000016,0,2.0000016,0,0,2.0000016,2.0000016,4.0000032,0,39205.4618,68426.87995,10.0000144,332.0045473,55975.11401,36272.61452,0,0,0,0,0,0,0,2.0000016,0,0,39141.25599,67998.75678,10.0000112,334.0045169,56622.03904,36533.34158,0,0,0,0,0,0,2.0000016,0,0,0,38926.55419,69450.59821,14.000024,292.003632,56387.13896,37139.12144,0.60000048,0.60000048,0,1.60000128,0,0.20000016,0.60000048,0.60000048,1.20000128,0,39010.2441,68750.93418,13.40001968,328.0045517,56744.89082,37033.05753
80,AK5660-96,7.530474075,80.80035328,117.8006741,89.32617896,109.800572,64.69000181,234.0871276,199.545846,948.0368059,1.0000008,35313.67527,17281.35533,8.4000112,338.6048319,51158.99811,29191.09257,32.4028078,19.93783874,19.28633271,14.05863793,19.74186446,17.7453438,22.32165915,18.49717417,27.63480018,1.699674531,695.0965349,214.6960654,3.098392874,22.09235741,707.9527337,496.3907454,430.2890824,24.67543511,16.37200539,15.7385417,17.97974646,27.43135462,9.535620081,9.269636295,2.914950138,169.9673171,1.968349456,1.24235664,36.88558027,6.524525147,1.383828378,1.700487038,86.49724272,0.570603306,0.489466952,2.218387159,0.034506664,0.507053615,0.386600881,0.281073344,0.858404068,4040.377167,5752.972819,0.69030326,0.592110329,5.079825116,0.006540626,0.007273793,0.566325297,0.13092063,0.094634866,0.0830445,0.091093992,0.108250444,1823.640934,2500.272297,0.011807606,0.009312781,5.872817394,1.146264958,1.486064124,25.52869524,379.4068034,18.66368045,21.4806804,32.40933164,12.61066292,45.13541332,43.46052687,1.710495532,1.572811812,86.93964248,0.567469268,0.479354706,1.922410498,0.056408951,0.496535455,0.267476249,0.159115355,0.7351535,2086.577015,N/A,0.686389948,0.579809816,88.16076444,0.565190697,0.493978779,3.245853327,0.045508552,0.482945691,0.30468531,0.24057135,0.863008053,7052.950022,N/A,0.696501889,0.608745252,80.55474863,0.566935491,0.488524023,2.310853183,-0.000616186,0.670325102,0.383962562,0.200073574,0.746664406,2932.234549,N/A,0.673355318,0.580225182,82.37062085,0.574513487,0.490424606,2.782959335,-0.164702809,0.373703133,0.337055593,0.20336925,0.770414095,3665.54551,N/A,0.69798662,0.595825548,86.41800517,0.569291772,0.493671306,1.734251797,0.057470507,0.415921072,0.535144971,0.461568472,1.033193434,3672.813252,8639.975541,0.678188659,0.588103144,89.51861155,0.578514427,0.49769398,1.944571868,-0.094344389,0.469142223,0.441321217,0.272926048,0.927982708,2936.244938,4325.994829,0.68502291,0.589322862,76.80623041,0.561226377,0.482728248,2.857988346,0.292414781,0.445323175,0.365468499,0.311134877,0.881765038,2934.039205,N/A,0.687494496,0.591335381,91.55793867,0.578935965,0.479427267,1.46896587,0.159374782,0.63212562,0.479122147,0.277476066,1.018389769,2966.514763,N/A,0.7117985,0.589453117,92.24501376,0.578749522,0.488481119,1.946590478,-0.07622163,0.585819916,0.422837862,0.389807109,0.839177903,7425.817035,N/A,0.702996421,0.593349048,90.40085124,0.565206053,0.500385486,1.96942689,0.069774077,0.498694763,0.328934403,0.294691338,0.768291773,4731.035385,4292.948086,0.683297843,0.604933938,114.0005616,72.000272,126.000712,92.0004512,132.0008128,64.0001984,266.0030352,320.0041953,958.0372063,0,35333.91558,16937.47871,14.000024,336.0046977,51477.90359,29212.12829,130.0007632,86.0004752,116.0006336,102.0004816,74.000248,86.000344,252.0027072,336.0047553,924.035163,0,34766.29729,17173.81309,4.0000032,320.0042881,49915.58217,28211.82266,130.000776,94.0004208,158.0011408,122.0006576,102.00052,78.000312,248.0026336,310.0039825,962.0373727,0,34826.50087,17013.58231,10.0000112,364.0055841,51720.83732,29322.37833,112.0005312,114.0006544,104.0005248,132.0007904,100.0004448,94.0004432,290.0036784,342.0049905,916.0341773,0,35626.71827,17472.21928,8.0000064,356.0054209,51042.1221,29324.38754,98.0004784,62.0001968,88.0005152,134.000824,122.000648,118.0007088,224.00208,354.0052881,972.0400466,2.0000016,35002.97606,17279.96491,8.0000096,340.0048545,51612.44677,29382.54127,112.0005824,96.0004192,104.0005376,130.000792,114.0005808,92.0004,234.0022896,340.0050049,964.0374383,4.0000032,34768.33932,17303.99316,10.0000176,328.0044289,50755.00225,29362.50106,140.000896,48.0001184,112.0005632,108.0006016,88.0003616,94.0003984,264.0029152,358.0055313,978.0395008,0,35941.63492,17350.04246,10.0000176,382.0060369,52279.16024,29340.44369,138.0008432,76.000288,130.0008112,124.0007008,140.000944,82.0003088,218.0021488,344.0049761,966.0385344,0,36473.17232,17486.23331,10.0000112,324.0044641,51240.86708,29665.18085,116.0006112,96.0004736,130.0007408,126.0006896,114.0005904,118.0005936,234.0023824,318.0041489,946.036131,0,36080.04344,17624.41998,4.0000032,322.0043089,51323.22491,29703.2919,104.0005056,64.0002144,110.0005616,94.00044,112.0005696,86.0004368,232.0022688,294.0035984,894.0324892,4.0000032,34317.15463,17171.80608,6.000008,314.0042353,50222.83469,28386.25016,119.4006549,80.80035328,117.8006741,116.4006429,109.800572,91.2004144,246.2026139,331.6046471,948.0368059,1.0000008,35313.67527,17281.35533,8.4000112,338.6048319,51158.99811,29191.09257
81,AK5660-40,18.38180252,133.2008102,76.00029056,68.96785913,78.40032672,59.09761076,169.0926249,139.0962991,540.6121281,1.0000008,34662.86288,22873.14854,8.20000976,500.4104879,50263.41133,54413.78143,23.04434956,11.28236066,14.11076986,13.3278569,11.57782713,18.12808106,19.28160478,26.00634009,32.22351963,1.054093397,569.5836923,379.8042098,3.047772158,28.61038222,980.277499,759.5347486,125.3650154,8.47018921,18.56673147,19.32473629,14.76757511,30.6748121,11.40298389,18.69664416,5.960561732,105.4092553,1.643210182,1.660480669,37.16790891,5.71738261,1.950280479,1.395849964,109.0602998,1.08275119,0.659920876,2.198590793,0.109691464,0.454597399,0.413974693,0.347431345,0.836914358,7679.470915,11295.21457,0.68972585,0.420376682,6.415325446,0.014518615,0.008395516,0.396235224,0.133120169,0.096757944,0.092656399,0.092615652,0.195430947,3376.445408,167.2996042,0.010202997,0.005850822,5.882365498,1.340900388,1.272200436,18.0222361,121.3587312,21.28431541,22.38214098,26.65725285,23.35136747,43.96716187,1.481154723,1.479282964,1.391804577,107.5315946,1.096421173,0.671131097,2.330971899,0.255061822,0.390004391,0.255697958,0.367169693,0.531661386,6828.396872,11470.52428,0.686079707,0.419956708,121.0367711,1.052026157,0.659097834,2.057370025,0.07739484,0.375589861,0.455346995,0.394078734,1.028579694,5470.958806,N/A,0.67053586,0.420092913,105.0303395,1.089983959,0.648323303,2.21468632,-0.017290165,0.401360924,0.500257838,0.355525183,0.857155262,5356.650098,11161.97221,0.700656725,0.416751163,107.8482541,1.096115778,0.652120856,2.910657159,-0.036586319,0.34356483,0.257223988,0.307047789,0.553105155,3990.468652,11459.50351,0.68956006,0.410245437,97.17654941,1.087974307,0.652583929,2.011189304,0.09951925,0.497218197,0.41293871,0.132677414,0.811400973,5344.824095,11279.17798,0.703649131,0.422059704,113.8110394,1.096857895,0.662640902,1.888661102,0.013935098,0.416821129,0.468076466,0.462079878,0.695726833,8953.297979,11104.89489,0.684355959,0.413437558,115.0186452,1.06640289,0.675180302,1.49789538,0.22185031,0.546220529,0.468608611,0.369389342,1.127188536,13457.44447,N/A,0.679645419,0.43030941,108.6116143,1.082651821,0.662274966,2.059386911,0.325304026,0.663233681,0.476529098,0.433784698,0.960931604,6869.822109,N/A,0.690249516,0.42223637,106.5577267,1.07629114,0.656330003,2.641378244,-0.042689026,0.414082749,0.35728176,0.375472265,0.947790101,13692.94537,N/A,0.692671712,0.422396144,107.9804633,1.082786778,0.65952557,2.373711583,0.200414802,0.497877702,0.487785506,0.277088453,0.855604035,6829.900698,N/A,0.699854414,0.426281416,224.002176,124.0007232,80.0002752,94.0004336,88.0004608,116.0006272,212.0021536,184.0014144,538.0119763,2.0000016,34182.69102,22941.06691,8.0000064,508.0108674,49823.20664,54627.21867,194.0016656,130.0007376,68.0002688,126.000696,88.0003424,114.0006128,188.0015008,262.002952,544.0123267,0,34870.58733,22983.12859,10.000008,452.0083554,52004.06039,54709.63183,180.0013952,132.0007456,64.0001888,124.000704,72.00024,100.0004608,166.0012176,208.001872,512.010957,2.0000016,34433.37943,22323.96228,10.0000272,510.0111731,49144.43577,53566.64668,190.0015504,142.0009328,62.0001776,94.000456,62.0002128,102.0004464,188.0014848,182.0014352,590.0145108,2.0000016,35145.36477,22919.02536,14.0000144,518.0113395,50967.80804,55866.61859,196.0016704,130.0007792,80.000304,110.0005616,80.0003104,64.0001952,168.0013632,208.0019648,556.0127811,2.0000016,34567.77439,22558.37401,10.0000112,550.0123347,49126.43658,53448.30082,188.001488,134.00076,74.0003184,128.0007104,94.0004272,126.0006736,184.0015392,194.0016464,506.0105714,2.0000016,33517.10932,22209.80755,6.000008,472.0092162,48976.13424,53719.8595,212.0019136,132.0008768,72.0002656,106.0004816,88.0003904,92.000384,138.000808,216.001968,484.0098818,0,34307.10055,23163.4785,4.0000032,468.0095202,50477.93985,53829.82095,210.0019184,112.0005728,112.0005472,118.0006544,82.0003344,110.000536,176.001568,240.0024832,558.0126963,0,35039.11479,23205.52854,8.0000064,506.010533,50762.96902,54958.62084,206.0018192,154.0009904,70.0002896,112.0005632,64.0003136,114.0006,176.0012672,236.0023232,544.0120931,0,35249.65747,23135.40779,4.0000032,514.0108274,50889.41392,54771.82529,228.002128,142.000984,78.0002704,124.0006528,66.0002352,90.000408,164.0011584,214.0020816,574.0134867,0,35315.8497,23291.70589,8.0000096,506.0107122,50461.70884,54639.27115,202.8017725,133.2008102,76.00029056,113.6005914,78.40032672,102.8004944,176.0014061,214.4020141,540.6121281,1.0000008,34662.86288,22873.14854,8.20000976,500.4104879,50263.41133,54413.78143
82,AK5660-264,95.50873559,427.8076256,683.8192094,543.6702813,653.2176674,399.4493649,1390.470977,1216.841511,4743.10502,0.20000016,34472.93268,39568.01271,9.40001264,655.2178235,49807.17066,79099.71368,63.83079894,34.03973962,32.2845501,46.32781264,37.11064485,39.81597061,50.52164687,84.21052083,149.2837303,0.632456038,398.7033967,651.7098302,3.405883923,38.28998803,831.1530864,1062.447236,66.83241962,7.956786552,4.721211347,8.521306798,5.681206541,9.967714086,3.633419735,6.920418153,3.147384038,316.227766,1.156569418,1.647062325,36.23275897,5.843856296,1.66874182,1.343174566,121.0967673,1.588240314,1.147779591,2.133345098,0.068474536,0.492254769,0.391031445,0.287451304,0.875242079,9737.180072,19418.16039,0.692238546,0.500237949,7.307927335,0.013305435,0.011339769,0.114187344,0.044832097,0.027605317,0.030587641,0.028644175,0.053585112,4452.274436,,0.01002408,0.005668001,6.034783174,0.837746981,0.987974473,5.352502224,65.47265597,5.607932806,7.822297036,9.964879162,6.122318979,45.72447468,,1.448067243,1.133060989,117.8968713,1.598622206,1.144193505,2.256534018,0.126989755,0.481508603,0.373552798,0.283150025,0.80137157,7757.814775,19418.16039,0.699431033,0.500608863,113.374733,1.578727941,1.157030031,2.123825626,0.041507182,0.459222109,0.39082329,0.253642647,0.773547576,7845.747253,N/A,0.68629371,0.502976106,118.71649,1.574263229,1.148064595,2.00492906,0.060829988,0.51505127,0.336369768,0.316503939,0.859934991,7882.980456,N/A,0.692894886,0.50530818,120.8235278,1.578498177,1.153225473,2.252102675,0.078559058,0.468928767,0.404772011,0.285155836,0.876925337,19936.41054,N/A,0.672687606,0.491454785,106.1145433,1.618933213,1.159918289,2.310055995,0.057869366,0.48149612,0.429291001,0.308514292,0.88353539,4921.20683,N/A,0.71053181,0.509075257,124.1068383,1.590146575,1.127156504,1.955628649,0.0457855,0.555348862,0.40408284,0.290933829,0.932166492,6536.449443,N/A,0.697165811,0.494177701,128.6398663,1.582728507,1.136093199,2.165481143,0.115806801,0.495998279,0.396214526,0.335460937,0.95010789,13164.46389,N/A,0.68784202,0.493737642,127.5104999,1.577940919,1.138192259,2.11993482,-0.028368311,0.473117106,0.345229758,0.264798147,0.891654119,13261.42237,N/A,0.69232125,0.499381617,125.1162194,1.589812321,1.151511356,2.067145949,0.105924428,0.502420889,0.411024188,0.242131936,0.898247403,7907.54335,N/A,0.696878645,0.504753714,128.6680832,1.592730056,1.162410701,2.077813049,0.079841591,0.489455683,0.418954274,0.294221449,0.884930024,8157.761815,N/A,0.68633869,0.500905621,716.0210278,388.0064129,678.0192054,656.0176997,624.0164805,526.0116563,1468.087391,1782.128286,4692.885278,2.0000016,33942.11876,38836.35185,10.0000112,658.0177557,48528.18529,77578.23464,694.0196374,460.0089538,632.0163044,692.0197862,648.0173541,500.0101474,1440.084194,1760.125664,4993.001885,0,34106.518,39462.26559,10.000008,692.0195814,49696.67873,78457.53529,708.0205158,452.0083714,696.019783,606.0150164,674.0189558,576.0137443,1410.080285,1802.130933,4594.847314,0,34696.14459,39833.41518,10.0000176,664.0184805,50074.18191,78829.9433,720.0209094,438.0079217,678.0184981,732.0220647,642.0169301,556.0128195,1506.09113,1924.149484,4710.891371,0,33984.1685,39191.40878,4.0000032,660.0180229,50519.98611,79745.70595,666.0185109,426.0073873,634.0163988,708.0205478,570.0135667,546.0123411,1374.077148,1788.128355,4484.812011,0,34557.8638,40084.29825,16.0000256,742.0230327,48636.61741,78739.43527,628.0164164,410.0069137,732.0218727,670.0181397,674.0184437,518.0108818,1378.077187,1882.143161,4690.884697,0,34389.2644,38762.08305,12.0000224,632.0162596,49327.23873,78437.53974,708.0203046,394.0063857,696.0197382,688.0192261,648.0178661,600.0150276,1464.087196,1996.160663,4758.908841,0,34327.11348,38998.80017,6.000008,614.0156308,49905.51968,78986.88863,638.0167765,490.0098034,674.0190582,656.0180677,672.0181733,538.0117395,1486.090679,1940.151321,4808.928407,0,34910.70577,39735.09507,6.0000048,624.0160452,50425.58749,79568.59787,682.0194038,386.0061265,700.0202886,702.0201302,674.0184725,464.0088418,1454.085748,1914.147216,4756.910832,0,34662.00207,39913.689,10.0000176,632.0169605,49738.93562,79075.57267,718.0211766,434.0079794,718.0209462,760.0236552,706.020431,574.0135635,1530.096414,1986.158939,4938.979563,0,35153.42739,40862.72016,10.000008,634.016466,51218.77566,81577.68342,687.8194679,427.8076256,683.8192094,687.0194334,653.2176674,539.8120763,1451.085737,1877.542402,4743.10502,0.20000016,34472.93268,39568.01271,9.40001264,655.2178235,49807.17066,79099.71368
83,Carter5282-201,14.66865964,76.8003056,63.60020992,53.66618379,50.40014944,35.40218933,132.1771808,112.2027333,361.8055372,0.80000064,34984.84139,18602.27356,11.00001456,323.0044268,50322.65262,30428.31869,25.51764137,12.55044778,13.59092043,13.99746945,11.50077925,13.50125391,10.20944899,17.08309708,37.8128968,1.398412916,1166.761169,588.2902587,3.681792848,22.2965662,1889.07487,1197.097348,173.9602799,16.34166385,21.36930121,26.08247589,22.81893879,38.13677675,7.724063206,15.22520582,10.45116586,174.8014747,3.33504776,3.162464291,33.47079977,6.902867068,3.753925463,3.934155416,94.45709915,0.60472008,0.53181731,2.759969125,0.114296316,0.480535568,0.410344635,0.271936081,0.858220763,3081.063924,7748.42771,0.69533471,0.611627774,4.703165233,0.011171659,0.008706864,0.699041821,0.198860346,0.098632958,0.119927887,0.117734139,0.174943519,1081.042032,2634.722704,0.006301362,0.012911485,4.979154849,1.847409885,1.637190716,25.32788555,173.9866626,20.52563121,29.22613746,43.29478399,20.38444266,35.08664731,34.00332045,0.906234297,2.111003664,93.10862836,0.591178583,0.520122845,3.332441767,-0.016094929,0.630169427,0.393875006,0.413802385,0.995808679,2221.334947,N/A,0.688655385,0.605883583,94.87941851,0.622382109,0.534604517,2.974718557,-0.010722143,0.504249888,0.269798423,0.231786518,0.834581192,3961.268553,N/A,0.693156424,0.595397184,93.43903445,0.591084406,0.53335984,4.103049625,-0.248347004,0.487442703,0.47101412,0.14068153,0.828184925,3027.460005,4709.548054,0.689588041,0.622243733,85.63528251,0.595266588,0.538800033,2.732149187,0.175738864,0.54169848,0.306453789,0.193315601,0.799491491,4966.913799,9393.053608,0.6964382,0.63037458,102.0220278,0.600869207,0.548326377,2.27666382,0.187984502,0.439239026,0.374417053,0.185315803,0.570983009,2533.575,N/A,0.686789119,0.626733048,96.1932373,0.612537441,0.533188822,1.636348938,0.369218712,0.341505966,0.598036419,0.512557669,1.010679554,1971.985019,N/A,0.696630649,0.606388525,94.44413363,0.5979672,0.522454839,2.601204078,0.097780975,0.635158231,0.399927644,0.204251397,1.208801971,1888.905698,9142.681469,0.69247099,0.605024523,101.0301121,0.604982486,0.536335711,3.30863913,-0.053414386,0.408022957,0.235620562,0.22504397,0.756816312,4580.079958,N/A,0.70296548,0.623200669,92.85648012,0.615297378,0.528957623,2.367640234,0.274518355,0.422361443,0.542993459,0.356606551,0.750181831,2584.538871,N/A,0.704890642,0.605978981,90.96263672,0.615635402,0.522022491,2.266835908,0.366300217,0.395507556,0.511309872,0.255999389,0.826678662,3074.57739,N/A,0.701762172,0.59505291,128.0007264,94.0005168,84.000352,84.0003232,40.000112,86.0004048,138.0009936,184.0015008,368.0058145,0,36226.45903,18842.20895,14.0000176,334.0047953,52604.62613,31098.72835,112.0005696,82.0003088,72.00024,66.0002032,48.000112,60.000176,148.0009728,176.0014208,408.0071521,0,35293.82869,18868.24022,8.0000064,334.0047217,50917.55263,31690.17377,92.000432,90.0004016,64.0002304,92.0003936,32.0000896,48.0001248,136.0009024,160.0011072,368.0055841,4.0000032,35319.88327,18838.20729,10.0000144,324.0042433,51218.81637,30274.64365,132.0007296,78.0002928,74.0002544,68.0002112,50.000136,52.000144,142.0008944,168.0011904,422.0072177,2.0000016,34866.59445,18786.12224,6.000008,348.0051873,50064.16138,29801.52253,116.0006176,64.0002176,64.0002048,76.000288,64.0002304,48.0001376,150.001,130.000728,336.0047937,0,34750.33921,19054.52759,12.000016,298.003688,50598.26697,30402.94053,138.0008848,70.0002352,38.0000912,90.0003536,68.0002368,80.0002944,116.000624,164.0011968,370.0058065,0,35883.44572,19132.65217,16.0000224,328.0043937,51510.00146,31551.80448,128.0007072,84.000352,76.0002656,76.0003136,46.0000976,52.0001568,124.000752,192.00168,340.0048993,2.0000016,34998.96296,18285.37757,16.0000256,320.0044129,50542.13598,30222.53953,112.0005728,86.000376,54.0001584,60.0002912,40.000096,58.0001712,136.00088,140.000992,286.003528,0,31931.26217,17125.8762,6.000008,272.0032256,45423.65606,27480.51639,118.0005744,58.000168,58.0001808,94.0004112,58.000184,68.000208,142.0009552,154.0011536,366.0054513,0,35530.51135,18794.13484,12.0000128,334.0046865,50405.70729,31014.49953,134.0008944,62.0001872,52.0001216,88.0003872,58.0002,54.000136,136.0009632,158.0010736,354.0051249,0,35047.12706,18295.38858,10.0000144,338.0049137,49941.60192,30745.81817,121.0006709,76.8003056,63.60020992,79.4003176,50.40014944,60.60019536,136.8008938,162.6012043,361.8055372,0.80000064,34984.84139,18602.27356,11.00001456,323.0044268,50322.65262,30428.31869
84,Carter5282-61,-11.20750755,87.40038128,50.60014192,33.11422501,52.40015968,31.32432871,106.2484387,87.50261407,293.6037175,0.40000032,34299.15465,8803.910015,5.80000592,173.4013647,49468.82636,9686.374943,23.784085,11.77764233,8.694859739,10.19558314,13.52536132,14.73283656,13.46666446,10.60046024,30.90992692,0.843274717,1351.73505,271.951019,3.047772252,13.72935712,1777.688435,499.4217426,212.2156501,13.47550453,17.18346908,30.78913409,25.81167958,47.03320762,12.67469398,12.11444978,10.52777097,210.8185107,3.941015642,3.088979993,52.54774381,7.917675357,3.593552881,5.155919996,56.10990444,0.195755811,0.256787524,2.154657458,-0.099665891,0.477677697,0.316071436,0.29739521,0.834345786,2256.739533,4472.098368,0.693419669,0.909952999,4.496542105,0.005630206,0.004411324,0.655082503,0.208607683,0.072189774,0.101490569,0.14441543,0.137854899,1391.787407,9.197525479,0.015382669,0.025650907,8.013811733,2.876137096,1.717888834,30.40309263,209.3069973,15.11265334,32.1100099,48.56010633,16.522514,61.67248751,0.205664651,2.218377919,2.818926631,60.95422588,0.202687867,0.251857817,2.811660681,-0.412904981,0.491152103,0.207313878,0.213579908,0.773776356,1295.286321,4478.602,0.69564716,0.864403863,53.59325496,0.197198247,0.252655815,1.803623717,-0.194693121,0.462032543,0.343597557,0.201294113,0.801793575,4769.833048,N/A,0.703210199,0.900972235,64.77871211,0.199969731,0.255507769,3.544563694,-0.295316416,0.470203867,0.306904603,0.28091891,0.62757866,1662.664252,N/A,0.717156929,0.916334518,53.50475576,0.200944216,0.257278021,1.41664735,0.02514641,0.542993161,0.324184774,0.203929941,0.704375499,995.1947442,4465.594735,0.700928366,0.897430473,57.68107245,0.193031952,0.26469329,2.251791624,-0.134939301,0.570974097,0.329829566,0.504912389,1.000986096,2451.462284,N/A,0.663621882,0.909985403,57.28074381,0.191510663,0.252917848,1.537840418,-0.295353183,0.345451439,0.194908114,0.221328714,0.802634392,2434.447605,N/A,0.678454287,0.89599814,56.29545619,0.190275597,0.264020341,2.52591869,-0.072660408,0.417890014,0.372174001,0.137146468,0.798045723,2139.23972,N/A,0.68916309,0.956260693,49.25109193,0.194567716,0.255380937,1.929260775,-0.014170911,0.462797731,0.504668736,0.213774863,1.007214549,1218.975065,N/A,0.698699331,0.91708169,51.71529884,0.185779434,0.256537847,1.660484001,0.151523977,0.579071129,0.400074319,0.498385518,1.044192979,4602.694033,N/A,0.682454891,0.942383688,56.04443251,0.201592688,0.257025551,2.064783634,0.246709026,0.434210887,0.177058812,0.498681277,0.782860027,997.5982553,N/A,0.704860553,0.898679283,98.0004816,106.0005136,58.0001808,60.0002048,42.0001104,60.000192,122.0006512,134.0007504,306.0038384,2.0000016,35564.55486,8957.211167,8.0000064,170.00132,51124.41608,10362.29886,98.0004528,86.0003504,50.0001392,66.0002384,60.0002016,50.0001232,112.0005824,128.0008,296.0037697,0,34018.53691,8594.981164,2.0000016,178.0013872,48376.05736,9539.673728,98.0004752,98.0004848,60.000176,72.0002976,36.0000864,68.0002816,132.0008288,128.0008256,344.0049633,0,35777.17895,9141.347188,6.0000048,154.0011088,49887.51767,9975.993492,144.0009504,102.0004752,60.000176,70.000248,78.0003248,56.0001696,114.0005904,116.0005984,274.0030928,2.0000016,34714.18424,8931.196615,10.0000176,186.0015024,49526.00852,9951.964958,98.0005488,80.0003072,54.0001424,58.0001712,42.0000976,74.0002448,98.0004272,132.000784,268.0030592,0,33711.42018,8923.186714,4.0000032,170.0012944,50799.13897,9805.85698,90.0003952,86.0003344,34.000072,48.0001408,64.0002336,50.0001616,102.0004624,118.000648,280.0032576,0,34497.56177,8725.049085,4.0000032,170.0012528,50847.28987,9737.798209,118.000616,90.0003856,38.0001008,64.000192,36.0000736,42.0000976,94.0003856,106.0005808,240.0026752,0,30992.64987,8182.689973,4.0000032,152.0010016,44971.43027,8556.965727,112.0005408,82.0003088,50.000152,82.000392,56.0001472,50.0001136,112.0006016,152.001024,310.0041361,0,35019.07768,8943.204856,8.0000064,198.0018704,50120.38244,9751.808322,110.0005968,70.00028,50.0001232,58.0001648,52.0001344,66.0002256,90.0003888,130.0007248,286.00356,0,33815.72973,8675.014496,2.0000016,178.0013968,49550.13169,9205.395429,132.0007712,74.0003728,52.0001568,46.0001168,58.0001872,84.0003456,124.0007104,140.0009408,332.0048225,0,34880.65232,8965.21889,10.0000112,178.001512,49485.89074,9975.993727,109.8005829,87.40038128,50.60014192,62.40021664,52.40015968,60.00019552,110.0005629,128.4007677,293.6037175,0.40000032,34299.15465,8803.910015,5.80000592,173.4013647,49468.82636,9686.374943
85,SN2,0.338568763,1.20000128,0.20000016,-0.00209435,0.40000032,-0.193717537,-0.005111825,0.744281746,0.40000032,0,36693.43397,69260.93502,11.80001488,323.6044737,53389.71368,37653.69299,2.765140172,1.398413628,0.632456038,0.995111885,0.843274717,0.702748861,0.016165011,0.974233282,1.264912076,0,512.7166475,1122.170925,5.769661422,27.4201257,914.0058395,590.388407,816.7144972,116.5343447,316.227766,47514.12175,210.8185107,362.7698711,316.227766,130.8957647,316.227766,N/A,1.397298078,1.620207589,48.89537412,8.473345682,1.711951191,1.567942903,117.1393411,0.705304251,1.887608173,-0.012779553,-39.125,0,0,0,-28.225,4038.120823,N/A,0.687368413,1.839552628,10.42641169,0.006735189,0.021320074,0.018073017,,,,,,2243.192689,N/A,0.009770449,0.024322191,8.900862512,0.954933878,1.129475629,141.4213562,,,,,,55.55041038,N/A,1.421428346,1.322179682,118.8729258,0.70224109,1.898924458,N/A,N/A,N/A,N/A,N/A,N/A,2717.129609,N/A,0.668505894,1.807701389,131.2515073,0.707224143,1.867766703,N/A,N/A,N/A,N/A,N/A,N/A,4692.293219,N/A,0.691312768,1.825745037,109.4044197,0.69789432,1.861260162,N/A,N/A,N/A,N/A,N/A,N/A,3026.894435,N/A,0.696236338,1.856838381,128.6780597,0.710024655,1.90668706,N/A,N/A,N/A,N/A,N/A,N/A,9393.604495,N/A,0.680724628,1.828005308,111.1425685,0.717620683,1.872858853,N/A,N/A,N/A,N/A,N/A,N/A,4723.62727,N/A,0.694193408,1.811717945,104.7484101,0.705723957,1.876617267,N/A,N/A,N/A,N/A,N/A,N/A,1895.97243,N/A,0.689744755,1.834126366,115.7497399,0.704977291,1.863130613,N/A,N/A,N/A,N/A,N/A,N/A,4716.860712,N/A,0.700966748,1.852531456,103.7782516,0.708355398,1.91406297,N/A,N/A,N/A,N/A,N/A,N/A,1688.77834,N/A,0.691872423,1.869523955,131.7048995,0.692815161,1.914139848,-0.025559105,-39.125,0,0,0,-28.225,2709.386343,N/A,0.680724312,1.880734726,116.0626283,0.706165816,1.900633794,0,N/A,N/A,N/A,N/A,N/A,4816.661379,N/A,0.679402853,1.828601714,2.0000016,2.0000016,0,0,0,2.0000016,0,0,0,0,36212.45265,68764.71201,14.0000176,320.0044257,54169.23463,38039.86235,0,2.0000016,0,2.0000016,0,0,0,0,0,0,36693.83901,68535.53069,8.0000096,286.0035024,53078.49171,37538.3908,2.0000016,0,0,0,0,0,0,0,0,0,36236.4899,67445.53507,12.000016,332.0047009,52046.24913,36322.78165,6.0000048,0,2.0000016,0,0,0,0,0,0,0,36023.89292,68686.29048,4.0000032,292.0035328,52919.92012,37574.44804,2.0000016,2.0000016,0,0,0,0,0,2.0000016,0,0,36555.39604,68463.0971,8.0000064,340.0051745,52658.80606,37789.04839,2.0000016,2.0000016,0,0,0,0,0,0,0,0,37060.91311,69549.14949,20.0000256,362.0054673,53731.3446,37919.49714,2.0000016,4.0000064,0,0,0,0,0,2.0000016,0,0,37520.26087,69905.14662,8.0000096,326.0044561,53526.44894,37734.93098,2.0000016,0,0,0,0,0,0,2.0000016,0,0,36288.64433,69458.75033,22.0000304,358.0054033,52449.90709,37153.17482,2.0000016,0,0,0,2.0000016,0,0,2.0000016,4.0000032,0,37269.50258,71339.04001,14.000024,288.0035136,54749.77452,37931.47382,0,0,0,2.0000016,2.0000016,0,0,0,0,0,37072.9483,70462.0984,8.0000064,332.0045601,54566.96003,38533.32186,2.0000016,1.20000128,0.20000016,0.40000032,0.40000032,0.20000016,0,0.80000064,0.40000032,0,36693.43397,69260.93502,11.80001488,323.6044737,53389.71368,37653.69299